2026/09/07 23:00:31.120, 0, 0 %, 1017 MiB
2026/09/07 23:00:31.122, 1, 0 %, 9 MiB
2026/09/07 23:00:31.625, 0, 0 %, 1017 MiB
2026/09/07 23:00:31.625, 1, 0 %, 9 MiB
2026/09/07 23:00:32.126, 0, 0 %, 1017 MiB
2026/09/07 23:00:32.178, 1, 0 %, 9 MiB
2026/09/07 23:00:32.678, 0, 0 %, 1017 MiB
2026/09/07 23:00:32.792, 1, 0 %, 9 MiB
2026/09/07 23:00:33.415, 0, 0 %, 1017 MiB
2026/09/07 23:00:33.659, 1, 0 %, 9 MiB
2026/09/07 23:00:34.281, 0, 0 %, 1017 MiB
2026/09/07 23:00:34.372, 1, 0 %, 9 MiB
2026/09/07 23:00:35.231, 0, 0 %, 1017 MiB
2026/09/07 23:00:35.456, 1, 0 %, 9 MiB
2026/09/07 23:00:36.196, 0, 0 %, 1017 MiB
2026/09/07 23:00:36.545, 1, 0 %, 9 MiB
2026/09/07 23:00:37.517, 0, 0 %, 1017 MiB
2026/09/07 23:00:37.627, 1, 0 %, 9 MiB
2026/09/07 23:00:38.134, 0, 0 %, 1017 MiB
2026/09/07 23:00:38.244, 1, 0 %, 9 MiB
2026/09/07 23:00:38.747, 0, 0 %, 1017 MiB
2026/09/07 23:00:38.763, 1, 0 %, 9 MiB
2026/09/07 23:00:39.380, 0, 0 %, 1017 MiB
2026/09/07 23:00:39.387, 1, 0 %, 9 MiB
2026/09/07 23:00:39.891, 0, 0 %, 1017 MiB
2026/09/07 23:00:39.947, 1, 0 %, 9 MiB
2026/09/07 23:00:40.687, 0, 0 %, 1017 MiB
2026/09/07 23:00:40.917, 1, 0 %, 9 MiB
2026/09/07 23:00:41.538, 0, 0 %, 1017 MiB
2026/09/07 23:00:42.113, 1, 0 %, 9 MiB
2026/09/07 23:00:42.854, 0, 0 %, 1017 MiB
2026/09/07 23:00:43.191, 1, 0 %, 9 MiB
2026/09/07 23:00:43.937, 0, 0 %, 1017 MiB
2026/09/07 23:00:44.152, 1, 0 %, 9 MiB
2026/09/07 23:00:44.890, 0, 0 %, 1017 MiB
2026/09/07 23:00:44.892, 1, 0 %, 9 MiB
2026/09/07 23:00:45.396, 0, 0 %, 1017 MiB
2026/09/07 23:00:45.499, 1, 0 %, 9 MiB
2026/09/07 23:00:46.002, 0, 0 %, 1017 MiB
2026/09/07 23:00:46.113, 1, 0 %, 9 MiB
2026/09/07 23:00:46.616, 0, 0 %, 1017 MiB
2026/09/07 23:00:46.624, 1, 0 %, 9 MiB
2026/09/07 23:00:47.124, 0, 0 %, 1086 MiB
2026/09/07 23:00:47.177, 1, 0 %, 9 MiB
2026/09/07 23:00:47.679, 0, 0 %, 1113 MiB
2026/09/07 23:00:47.752, 1, 0 %, 9 MiB
2026/09/07 23:00:48.254, 0, 0 %, 1122 MiB
2026/09/07 23:00:48.259, 1, 0 %, 9 MiB
2026/09/07 23:00:48.762, 0, 0 %, 1186 MiB
2026/09/07 23:00:48.765, 1, 0 %, 9 MiB
2026/09/07 23:00:49.272, 0, 0 %, 1320 MiB
2026/09/07 23:00:49.276, 1, 0 %, 9 MiB
2026/09/07 23:00:49.779, 0, 3 %, 1351 MiB
2026/09/07 23:00:49.782, 1, 0 %, 9 MiB
2026/09/07 23:00:50.284, 0, 3 %, 1360 MiB
2026/09/07 23:00:50.287, 1, 0 %, 9 MiB
2026/09/07 23:00:50.794, 0, 1 %, 1388 MiB
2026/09/07 23:00:50.803, 1, 0 %, 9 MiB
2026/09/07 23:00:51.305, 0, 1 %, 1373 MiB
2026/09/07 23:00:51.377, 1, 0 %, 9 MiB
2026/09/07 23:00:52.003, 0, 0 %, 1287 MiB
2026/09/07 23:00:52.005, 1, 0 %, 9 MiB
2026/09/07 23:00:52.506, 0, 0 %, 1203 MiB
2026/09/07 23:00:52.508, 1, 0 %, 33 MiB
2026/09/07 23:00:53.011, 0, 0 %, 1158 MiB
2026/09/07 23:00:53.018, 1, 0 %, 37 MiB
2026/09/07 23:00:53.522, 0, 0 %, 1210 MiB
2026/09/07 23:00:53.523, 1, 1 %, 82 MiB
2026/09/07 23:00:54.029, 0, 0 %, 1252 MiB
2026/09/07 23:00:54.034, 1, 1 %, 86 MiB
2026/09/07 23:00:54.540, 0, 0 %, 1345 MiB
2026/09/07 23:00:54.544, 1, 2 %, 172 MiB
2026/09/07 23:00:55.047, 0, 2 %, 1421 MiB
2026/09/07 23:00:55.049, 1, 2 %, 238 MiB
2026/09/07 23:00:55.551, 0, 2 %, 1564 MiB
2026/09/07 23:00:55.557, 1, 0 %, 412 MiB
2026/09/07 23:00:56.064, 0, 1 %, 1681 MiB
2026/09/07 23:00:56.066, 1, 6 %, 495 MiB
2026/09/07 23:00:56.706, 0, 1 %, 1865 MiB
2026/09/07 23:00:56.710, 1, 6 %, 577 MiB
2026/09/07 23:00:57.216, 0, 1 %, 1979 MiB
2026/09/07 23:00:57.220, 1, 3 %, 972 MiB
2026/09/07 23:00:57.724, 0, 1 %, 2181 MiB
2026/09/07 23:00:57.770, 1, 0 %, 1004 MiB
2026/09/07 23:00:58.311, 0, 4 %, 2457 MiB
2026/09/07 23:00:58.338, 1, 0 %, 1197 MiB
2026/09/07 23:00:58.874, 0, 2 %, 2527 MiB
2026/09/07 23:00:58.878, 1, 1 %, 1329 MiB
2026/09/07 23:00:59.388, 0, 2 %, 2606 MiB
2026/09/07 23:00:59.398, 1, 1 %, 1759 MiB
2026/09/07 23:00:59.908, 0, 9 %, 2894 MiB
2026/09/07 23:00:59.913, 1, 3 %, 2377 MiB
2026/09/07 23:01:00.416, 0, 9 %, 4077 MiB
2026/09/07 23:01:00.419, 1, 3 %, 3479 MiB
2026/09/07 23:01:00.945, 0, 9 %, 4254 MiB
2026/09/07 23:01:00.956, 1, 0 %, 3585 MiB
2026/09/07 23:01:01.461, 0, 8 %, 4507 MiB
2026/09/07 23:01:01.462, 1, 0 %, 3791 MiB
2026/09/07 23:01:01.968, 0, 17 %, 5747 MiB
2026/09/07 23:01:01.973, 1, 9 %, 3904 MiB
2026/09/07 23:01:02.479, 0, 17 %, 6018 MiB
2026/09/07 23:01:02.523, 1, 9 %, 4065 MiB
2026/09/07 23:01:03.034, 0, 8 %, 6349 MiB
2026/09/07 23:01:03.045, 1, 19 %, 4831 MiB
2026/09/07 23:01:03.557, 0, 8 %, 6635 MiB
2026/09/07 23:01:03.560, 1, 19 %, 5064 MiB
2026/09/07 23:01:04.067, 0, 8 %, 7755 MiB
2026/09/07 23:01:04.104, 1, 5 %, 5294 MiB
2026/09/07 23:01:04.613, 0, 3 %, 7927 MiB
2026/09/07 23:01:04.638, 1, 0 %, 5365 MiB
2026/09/07 23:01:05.146, 0, 3 %, 8303 MiB
2026/09/07 23:01:05.147, 1, 0 %, 5772 MiB
2026/09/07 23:01:05.655, 0, 9 %, 8945 MiB
2026/09/07 23:01:05.658, 1, 4 %, 6074 MiB
2026/09/07 23:01:06.175, 0, 9 %, 9472 MiB
2026/09/07 23:01:06.186, 1, 4 %, 6689 MiB
2026/09/07 23:01:06.711, 0, 3 %, 9545 MiB
2026/09/07 23:01:06.715, 1, 4 %, 7024 MiB
2026/09/07 23:01:07.228, 0, 3 %, 9629 MiB
2026/09/07 23:01:07.229, 1, 4 %, 7374 MiB
2026/09/07 23:01:07.741, 0, 17 %, 10589 MiB
2026/09/07 23:01:07.746, 1, 4 %, 7646 MiB
2026/09/07 23:01:08.268, 0, 17 %, 11504 MiB
2026/09/07 23:01:08.269, 1, 4 %, 8158 MiB
2026/09/07 23:01:08.771, 0, 17 %, 12934 MiB
2026/09/07 23:01:08.924, 1, 10 %, 9990 MiB
2026/09/07 23:01:09.435, 0, 8 %, 13071 MiB
2026/09/07 23:01:09.451, 1, 3 %, 10128 MiB
2026/09/07 23:01:09.962, 0, 8 %, 13553 MiB
2026/09/07 23:01:09.965, 1, 3 %, 12056 MiB
2026/09/07 23:01:10.467, 0, 8 %, 13553 MiB
2026/09/07 23:01:10.474, 1, 3 %, 12056 MiB
2026/09/07 23:01:10.981, 0, 23 %, 13553 MiB
2026/09/07 23:01:10.986, 1, 3 %, 12056 MiB
2026/09/07 23:01:11.492, 0, 23 %, 13553 MiB
2026/09/07 23:01:11.557, 1, 22 %, 12056 MiB
2026/09/07 23:01:12.066, 0, 22 %, 13553 MiB
2026/09/07 23:01:12.071, 1, 22 %, 12056 MiB
2026/09/07 23:01:12.582, 0, 22 %, 13553 MiB
2026/09/07 23:01:12.585, 1, 24 %, 12056 MiB
2026/09/07 23:01:13.101, 0, 22 %, 13553 MiB
2026/09/07 23:01:13.107, 1, 24 %, 12056 MiB
2026/09/07 23:01:13.616, 0, 21 %, 13335 MiB
2026/09/07 23:01:13.616, 1, 24 %, 12056 MiB
2026/09/07 23:01:14.121, 0, 21 %, 12716 MiB
2026/09/07 23:01:14.230, 1, 5 %, 12056 MiB
2026/09/07 23:01:14.873, 0, 0 %, 12018 MiB
2026/09/07 23:01:14.878, 1, 5 %, 12056 MiB
2026/09/07 23:01:15.384, 0, 20 %, 12018 MiB
2026/09/07 23:01:15.465, 1, 27 %, 12056 MiB
2026/09/07 23:01:15.978, 0, 20 %, 12018 MiB
2026/09/07 23:01:16.089, 1, 26 %, 12056 MiB
2026/09/07 23:01:16.601, 0, 18 %, 12018 MiB
2026/09/07 23:01:16.696, 1, 26 %, 12056 MiB
2026/09/07 23:01:17.204, 0, 18 %, 12018 MiB
2026/09/07 23:01:17.271, 1, 26 %, 12056 MiB
2026/09/07 23:01:17.783, 0, 20 %, 12018 MiB
2026/09/07 23:01:17.916, 1, 24 %, 12056 MiB
2026/09/07 23:01:18.429, 0, 20 %, 12018 MiB
2026/09/07 23:01:18.471, 1, 24 %, 12056 MiB
2026/09/07 23:01:18.974, 0, 17 %, 12018 MiB
2026/09/07 23:01:18.978, 1, 25 %, 12056 MiB
2026/09/07 23:01:19.481, 0, 1 %, 12018 MiB
2026/09/07 23:01:19.486, 1, 25 %, 12056 MiB
2026/09/07 23:01:19.993, 0, 1 %, 12018 MiB
2026/09/07 23:01:20.000, 1, 27 %, 12056 MiB
2026/09/07 23:01:20.511, 0, 18 %, 12018 MiB
2026/09/07 23:01:20.574, 1, 0 %, 12056 MiB
2026/09/07 23:01:21.078, 0, 18 %, 12018 MiB
2026/09/07 23:01:21.086, 1, 0 %, 12056 MiB
2026/09/07 23:01:21.600, 0, 2 %, 12018 MiB
2026/09/07 23:01:21.670, 1, 0 %, 12056 MiB
2026/09/07 23:01:22.179, 0, 2 %, 12028 MiB
2026/09/07 23:01:22.180, 1, 19 %, 12056 MiB
2026/09/07 23:01:22.689, 0, 2 %, 12034 MiB
2026/09/07 23:01:22.805, 1, 19 %, 12056 MiB
2026/09/07 23:01:23.313, 0, 0 %, 12043 MiB
2026/09/07 23:01:23.317, 1, 26 %, 12056 MiB
2026/09/07 23:01:23.825, 0, 17 %, 12050 MiB
2026/09/07 23:01:23.933, 1, 26 %, 12056 MiB
2026/09/07 23:01:24.583, 0, 17 %, 12050 MiB
2026/09/07 23:01:24.587, 1, 24 %, 12056 MiB
2026/09/07 23:01:25.088, 0, 20 %, 12041 MiB
2026/09/07 23:01:25.179, 1, 24 %, 12056 MiB
2026/09/07 23:01:25.824, 0, 8 %, 12034 MiB
2026/09/07 23:01:25.826, 1, 25 %, 12056 MiB
2026/09/07 23:01:26.334, 0, 24 %, 12025 MiB
2026/09/07 23:01:26.419, 1, 25 %, 12056 MiB
2026/09/07 23:01:27.064, 0, 24 %, 12019 MiB
2026/09/07 23:01:27.065, 1, 26 %, 12056 MiB
2026/09/07 23:01:27.573, 0, 21 %, 12018 MiB
2026/09/07 23:01:27.584, 1, 26 %, 12056 MiB
2026/09/07 23:01:28.093, 0, 13 %, 12018 MiB
2026/09/07 23:01:28.102, 1, 26 %, 12056 MiB
2026/09/07 23:01:28.611, 0, 13 %, 12018 MiB
2026/09/07 23:01:28.615, 1, 23 %, 11840 MiB
2026/09/07 23:01:29.127, 0, 21 %, 12018 MiB
2026/09/07 23:01:29.131, 1, 23 %, 11834 MiB
2026/09/07 23:01:29.637, 0, 21 %, 12011 MiB
2026/09/07 23:01:29.637, 1, 13 %, 11303 MiB
2026/09/07 23:01:30.141, 0, 3 %, 12018 MiB
2026/09/07 23:01:30.196, 1, 13 %, 11303 MiB
2026/09/07 23:01:30.703, 0, 3 %, 12028 MiB
2026/09/07 23:01:30.771, 1, 13 %, 11303 MiB
2026/09/07 23:01:31.418, 0, 18 %, 12034 MiB
2026/09/07 23:01:31.459, 1, 21 %, 11303 MiB
2026/09/07 23:01:31.966, 0, 18 %, 12041 MiB
2026/09/07 23:01:32.109, 1, 1 %, 11303 MiB
2026/09/07 23:01:32.754, 0, 21 %, 11832 MiB
2026/09/07 23:01:32.757, 1, 1 %, 11303 MiB
2026/09/07 23:01:33.266, 0, 21 %, 11843 MiB
2026/09/07 23:01:33.272, 1, 1 %, 11133 MiB
2026/09/07 23:01:33.776, 0, 21 %, 11300 MiB
2026/09/07 23:01:33.786, 1, 8 %, 10863 MiB
2026/09/07 23:01:34.297, 0, 16 %, 11315 MiB
2026/09/07 23:01:34.361, 1, 8 %, 10328 MiB
2026/09/07 23:01:34.870, 0, 16 %, 11237 MiB
2026/09/07 23:01:34.959, 1, 7 %, 9797 MiB
2026/09/07 23:01:35.603, 0, 28 %, 10967 MiB
2026/09/07 23:01:35.727, 1, 0 %, 9797 MiB
2026/09/07 23:01:36.375, 0, 28 %, 9904 MiB
2026/09/07 23:01:36.482, 1, 0 %, 9797 MiB
2026/09/07 23:01:36.998, 0, 3 %, 9904 MiB
2026/09/07 23:01:37.004, 1, 0 %, 9797 MiB
2026/09/07 23:01:37.506, 0, 14 %, 9735 MiB
2026/09/07 23:01:37.510, 1, 0 %, 9797 MiB
2026/09/07 23:01:38.016, 0, 14 %, 9789 MiB
2026/09/07 23:01:38.080, 1, 0 %, 9797 MiB
2026/09/07 23:01:38.593, 0, 1 %, 9853 MiB
2026/09/07 23:01:38.728, 1, 1 %, 9797 MiB
2026/09/07 23:01:39.375, 0, 1 %, 9390 MiB
2026/09/07 23:01:39.457, 1, 1 %, 9797 MiB
2026/09/07 23:01:39.967, 0, 0 %, 9463 MiB
2026/09/07 23:01:39.975, 1, 0 %, 9663 MiB
2026/09/07 23:01:40.485, 0, 0 %, 9493 MiB
2026/09/07 23:01:40.596, 1, 0 %, 9576 MiB
2026/09/07 23:01:41.238, 0, 1 %, 9547 MiB
2026/09/07 23:01:41.265, 1, 0 %, 9045 MiB
2026/09/07 23:01:41.774, 0, 1 %, 9553 MiB
2026/09/07 23:01:41.781, 1, 2 %, 9045 MiB
2026/09/07 23:01:42.287, 0, 0 %, 9958 MiB
2026/09/07 23:01:42.291, 1, 2 %, 9045 MiB
2026/09/07 23:01:42.796, 0, 0 %, 10366 MiB
2026/09/07 23:01:42.838, 1, 19 %, 9045 MiB
2026/09/07 23:01:43.348, 0, 0 %, 10436 MiB
2026/09/07 23:01:43.352, 1, 19 %, 9045 MiB
2026/09/07 23:01:43.855, 0, 6 %, 10366 MiB
2026/09/07 23:01:43.863, 1, 19 %, 9045 MiB
2026/09/07 23:01:44.369, 0, 6 %, 10019 MiB
2026/09/07 23:01:44.468, 1, 10 %, 9045 MiB
2026/09/07 23:01:44.975, 0, 7 %, 8920 MiB
2026/09/07 23:01:44.978, 1, 16 %, 9045 MiB
2026/09/07 23:01:45.483, 0, 7 %, 8927 MiB
2026/09/07 23:01:45.489, 1, 0 %, 9045 MiB
2026/09/07 23:01:45.994, 0, 19 %, 8951 MiB
2026/09/07 23:01:45.998, 1, 0 %, 9045 MiB
2026/09/07 23:01:46.510, 0, 19 %, 8951 MiB
2026/09/07 23:01:46.621, 1, 0 %, 9045 MiB
2026/09/07 23:01:47.129, 0, 0 %, 8965 MiB
2026/09/07 23:01:47.200, 1, 9 %, 9045 MiB
2026/09/07 23:01:47.706, 0, 0 %, 8956 MiB
2026/09/07 23:01:47.838, 1, 9 %, 9045 MiB
2026/09/07 23:01:48.492, 0, 0 %, 8934 MiB
2026/09/07 23:01:48.498, 1, 17 %, 9045 MiB
2026/09/07 23:01:49.005, 0, 5 %, 8934 MiB
2026/09/07 23:01:49.006, 1, 17 %, 9045 MiB
2026/09/07 23:01:49.510, 0, 18 %, 8934 MiB
2026/09/07 23:01:49.511, 1, 19 %, 9045 MiB
2026/09/07 23:01:50.014, 0, 18 %, 8753 MiB
2026/09/07 23:01:50.017, 1, 19 %, 9045 MiB
2026/09/07 23:01:50.538, 0, 11 %, 8166 MiB
2026/09/07 23:01:50.562, 1, 13 %, 9045 MiB
2026/09/07 23:01:51.069, 0, 11 %, 8166 MiB
2026/09/07 23:01:51.148, 1, 13 %, 9045 MiB
2026/09/07 23:01:51.655, 0, 15 %, 8162 MiB
2026/09/07 23:01:51.659, 1, 16 %, 9045 MiB
2026/09/07 23:01:52.165, 0, 15 %, 8166 MiB
2026/09/07 23:01:52.167, 1, 16 %, 9052 MiB
2026/09/07 23:01:52.674, 0, 0 %, 8175 MiB
2026/09/07 23:01:52.679, 1, 17 %, 8918 MiB
2026/09/07 23:01:53.185, 0, 0 %, 8180 MiB
2026/09/07 23:01:53.194, 1, 17 %, 8835 MiB
2026/09/07 23:01:53.705, 0, 8 %, 8191 MiB
2026/09/07 23:01:53.706, 1, 17 %, 8309 MiB
2026/09/07 23:01:54.211, 0, 8 %, 8211 MiB
2026/09/07 23:01:54.214, 1, 9 %, 8311 MiB
2026/09/07 23:01:54.719, 0, 8 %, 8230 MiB
2026/09/07 23:01:54.720, 1, 16 %, 8332 MiB
2026/09/07 23:01:55.226, 0, 0 %, 8241 MiB
2026/09/07 23:01:55.229, 1, 16 %, 8344 MiB
2026/09/07 23:01:55.735, 0, 0 %, 8250 MiB
2026/09/07 23:01:55.740, 1, 16 %, 8347 MiB
2026/09/07 23:01:56.247, 0, 6 %, 8256 MiB
2026/09/07 23:01:56.496, 1, 17 %, 8422 MiB
2026/09/07 23:01:57.004, 0, 6 %, 8259 MiB
2026/09/07 23:01:57.044, 1, 17 %, 8432 MiB
2026/09/07 23:01:57.691, 0, 8 %, 8291 MiB
2026/09/07 23:01:57.693, 1, 12 %, 8578 MiB
2026/09/07 23:01:58.199, 0, 8 %, 8390 MiB
2026/09/07 23:01:58.202, 1, 12 %, 8629 MiB
2026/09/07 23:01:58.710, 0, 8 %, 8399 MiB
2026/09/07 23:01:58.711, 1, 12 %, 8648 MiB
2026/09/07 23:01:59.227, 0, 16 %, 8504 MiB
2026/09/07 23:01:59.231, 1, 14 %, 8904 MiB
2026/09/07 23:01:59.753, 0, 16 %, 8609 MiB
2026/09/07 23:01:59.836, 1, 14 %, 9022 MiB
2026/09/07 23:02:00.345, 0, 24 %, 8682 MiB
2026/09/07 23:02:00.348, 1, 8 %, 8530 MiB
2026/09/07 23:02:00.860, 0, 24 %, 8759 MiB
2026/09/07 23:02:00.863, 1, 8 %, 8664 MiB
2026/09/07 23:02:01.370, 0, 24 %, 8844 MiB
2026/09/07 23:02:01.376, 1, 15 %, 8685 MiB
2026/09/07 23:02:01.910, 0, 12 %, 9345 MiB
2026/09/07 23:02:02.007, 1, 15 %, 8765 MiB
2026/09/07 23:02:02.549, 0, 12 %, 9513 MiB
2026/09/07 23:02:02.558, 1, 13 %, 8856 MiB
2026/09/07 23:02:03.064, 0, 17 %, 9616 MiB
2026/09/07 23:02:03.138, 1, 13 %, 9268 MiB
2026/09/07 23:02:03.792, 0, 17 %, 9637 MiB
2026/09/07 23:02:03.895, 1, 13 %, 9345 MiB
2026/09/07 23:02:04.408, 0, 7 %, 10086 MiB
2026/09/07 23:02:04.409, 1, 7 %, 9449 MiB
2026/09/07 23:02:04.917, 0, 7 %, 10573 MiB
2026/09/07 23:02:05.025, 1, 21 %, 9631 MiB
2026/09/07 23:02:05.532, 0, 16 %, 10765 MiB
2026/09/07 23:02:05.535, 1, 21 %, 9160 MiB
2026/09/07 23:02:06.043, 0, 16 %, 10799 MiB
2026/09/07 23:02:06.047, 1, 17 %, 9160 MiB
2026/09/07 23:02:06.558, 0, 16 %, 10797 MiB
2026/09/07 23:02:06.571, 1, 17 %, 9160 MiB
2026/09/07 23:02:07.080, 0, 16 %, 10803 MiB
2026/09/07 23:02:07.121, 1, 15 %, 9294 MiB
2026/09/07 23:02:07.771, 0, 14 %, 11307 MiB
2026/09/07 23:02:07.779, 1, 15 %, 9315 MiB
2026/09/07 23:02:08.283, 0, 14 %, 11340 MiB
2026/09/07 23:02:08.288, 1, 0 %, 9315 MiB
2026/09/07 23:02:08.794, 0, 0 %, 11377 MiB
2026/09/07 23:02:08.813, 1, 0 %, 9315 MiB
2026/09/07 23:02:09.334, 0, 0 %, 11487 MiB
2026/09/07 23:02:09.339, 1, 14 %, 9727 MiB
2026/09/07 23:02:09.839, 0, 0 %, 11487 MiB
2026/09/07 23:02:09.845, 1, 14 %, 9797 MiB
2026/09/07 23:02:10.348, 0, 14 %, 11643 MiB
2026/09/07 23:02:10.382, 1, 17 %, 9628 MiB
2026/09/07 23:02:10.890, 0, 15 %, 11810 MiB
2026/09/07 23:02:10.911, 1, 17 %, 9575 MiB
2026/09/07 23:02:11.419, 0, 15 %, 11794 MiB
2026/09/07 23:02:11.428, 1, 14 %, 9045 MiB
2026/09/07 23:02:11.974, 0, 21 %, 11800 MiB
2026/09/07 23:02:11.979, 1, 14 %, 9045 MiB
2026/09/07 23:02:12.489, 0, 21 %, 12645 MiB
2026/09/07 23:02:12.497, 1, 14 %, 9045 MiB
2026/09/07 23:02:13.000, 0, 0 %, 12659 MiB
2026/09/07 23:02:13.106, 1, 14 %, 9045 MiB
2026/09/07 23:02:13.753, 0, 0 %, 12792 MiB
2026/09/07 23:02:13.758, 1, 14 %, 9045 MiB
2026/09/07 23:02:14.262, 0, 19 %, 12812 MiB
2026/09/07 23:02:14.385, 1, 14 %, 9045 MiB
2026/09/07 23:02:14.902, 0, 19 %, 12849 MiB
2026/09/07 23:02:14.905, 1, 14 %, 9045 MiB
2026/09/07 23:02:15.414, 0, 37 %, 12887 MiB
2026/09/07 23:02:15.424, 1, 17 %, 9052 MiB
2026/09/07 23:02:15.931, 0, 24 %, 12958 MiB
2026/09/07 23:02:15.936, 1, 17 %, 9052 MiB
2026/09/07 23:02:16.584, 0, 24 %, 13038 MiB
2026/09/07 23:02:16.589, 1, 17 %, 9062 MiB
2026/09/07 23:02:17.097, 0, 0 %, 13038 MiB
2026/09/07 23:02:17.296, 1, 18 %, 9064 MiB
2026/09/07 23:02:17.805, 0, 0 %, 13218 MiB
2026/09/07 23:02:17.806, 1, 15 %, 9092 MiB
2026/09/07 23:02:18.313, 0, 0 %, 13296 MiB
2026/09/07 23:02:18.316, 1, 16 %, 8958 MiB
2026/09/07 23:02:18.963, 0, 1 %, 12737 MiB
2026/09/07 23:02:19.021, 1, 16 %, 8407 MiB
2026/09/07 23:02:19.529, 0, 1 %, 12737 MiB
2026/09/07 23:02:19.540, 1, 17 %, 8407 MiB
2026/09/07 23:02:20.048, 0, 1 %, 12747 MiB
2026/09/07 23:02:20.054, 1, 17 %, 8407 MiB
2026/09/07 23:02:20.562, 0, 1 %, 12747 MiB
2026/09/07 23:02:20.566, 1, 1 %, 8477 MiB
2026/09/07 23:02:21.066, 0, 3 %, 12753 MiB
2026/09/07 23:02:21.075, 1, 1 %, 8380 MiB
2026/09/07 23:02:21.582, 0, 3 %, 12753 MiB
2026/09/07 23:02:21.592, 1, 14 %, 8347 MiB
2026/09/07 23:02:22.374, 0, 13 %, 12737 MiB
2026/09/07 23:02:22.500, 1, 7 %, 7817 MiB
2026/09/07 23:02:23.015, 0, 13 %, 12737 MiB
2026/09/07 23:02:23.021, 1, 7 %, 7820 MiB
2026/09/07 23:02:23.530, 0, 13 %, 12749 MiB
2026/09/07 23:02:23.533, 1, 14 %, 8311 MiB
2026/09/07 23:02:24.040, 0, 5 %, 12753 MiB
2026/09/07 23:02:24.186, 1, 0 %, 8311 MiB
2026/09/07 23:02:24.688, 0, 5 %, 12753 MiB
2026/09/07 23:02:24.695, 1, 0 %, 8332 MiB
2026/09/07 23:02:25.200, 0, 20 %, 12740 MiB
2026/09/07 23:02:25.320, 1, 0 %, 8347 MiB
2026/09/07 23:02:25.974, 0, 20 %, 12737 MiB
2026/09/07 23:02:25.977, 1, 0 %, 8412 MiB
2026/09/07 23:02:26.485, 0, 22 %, 12667 MiB
2026/09/07 23:02:26.495, 1, 0 %, 8414 MiB
2026/09/07 23:02:27.003, 0, 8 %, 12536 MiB
2026/09/07 23:02:27.013, 1, 0 %, 8485 MiB
2026/09/07 23:02:27.519, 0, 8 %, 11979 MiB
2026/09/07 23:02:27.536, 1, 0 %, 8581 MiB
2026/09/07 23:02:28.044, 0, 17 %, 11980 MiB
2026/09/07 23:02:28.077, 1, 0 %, 8581 MiB
2026/09/07 23:02:28.582, 0, 17 %, 11995 MiB
2026/09/07 23:02:28.583, 1, 0 %, 8390 MiB
2026/09/07 23:02:29.089, 0, 0 %, 12002 MiB
2026/09/07 23:02:29.092, 1, 10 %, 8800 MiB
2026/09/07 23:02:29.595, 0, 0 %, 12002 MiB
2026/09/07 23:02:29.601, 1, 10 %, 8906 MiB
2026/09/07 23:02:30.109, 0, 2 %, 11778 MiB
2026/09/07 23:02:30.111, 1, 10 %, 8407 MiB
2026/09/07 23:02:30.619, 0, 2 %, 11778 MiB
2026/09/07 23:02:30.622, 1, 0 %, 8241 MiB
2026/09/07 23:02:31.127, 0, 24 %, 11784 MiB
2026/09/07 23:02:31.221, 1, 2 %, 8260 MiB
2026/09/07 23:02:31.730, 0, 24 %, 11224 MiB
2026/09/07 23:02:31.731, 1, 2 %, 7809 MiB
2026/09/07 23:02:32.231, 0, 22 %, 11205 MiB
2026/09/07 23:02:32.235, 1, 11 %, 7815 MiB
2026/09/07 23:02:32.744, 0, 12 %, 11203 MiB
2026/09/07 23:02:32.749, 1, 11 %, 7655 MiB
2026/09/07 23:02:33.251, 0, 12 %, 11203 MiB
2026/09/07 23:02:33.256, 1, 22 %, 8078 MiB
2026/09/07 23:02:33.759, 0, 12 %, 11203 MiB
2026/09/07 23:02:33.759, 1, 22 %, 8087 MiB
2026/09/07 23:02:34.261, 0, 20 %, 11178 MiB
2026/09/07 23:02:34.265, 1, 22 %, 7559 MiB
2026/09/07 23:02:34.771, 0, 20 %, 11171 MiB
2026/09/07 23:02:34.820, 1, 20 %, 7587 MiB
2026/09/07 23:02:35.322, 0, 20 %, 11196 MiB
2026/09/07 23:02:35.327, 1, 19 %, 7587 MiB
2026/09/07 23:02:35.827, 0, 14 %, 11198 MiB
2026/09/07 23:02:35.833, 1, 19 %, 7655 MiB
2026/09/07 23:02:36.336, 0, 14 %, 11219 MiB
2026/09/07 23:02:36.339, 1, 19 %, 7655 MiB
2026/09/07 23:02:36.843, 0, 1 %, 11219 MiB
2026/09/07 23:02:36.859, 1, 18 %, 7725 MiB
2026/09/07 23:02:37.361, 0, 1 %, 11226 MiB
2026/09/07 23:02:37.487, 1, 1 %, 7813 MiB
2026/09/07 23:02:37.996, 0, 13 %, 11219 MiB
2026/09/07 23:02:38.075, 1, 1 %, 7599 MiB
2026/09/07 23:02:38.719, 0, 13 %, 11210 MiB
2026/09/07 23:02:38.724, 1, 3 %, 7076 MiB
2026/09/07 23:02:39.370, 0, 11 %, 11007 MiB
2026/09/07 23:02:39.491, 1, 6 %, 7556 MiB
2026/09/07 23:02:39.991, 0, 11 %, 11007 MiB
2026/09/07 23:02:40.004, 1, 6 %, 7559 MiB
2026/09/07 23:02:40.514, 0, 1 %, 10301 MiB
2026/09/07 23:02:40.516, 1, 6 %, 7558 MiB
2026/09/07 23:02:41.021, 0, 1 %, 10052 MiB
2026/09/07 23:02:41.103, 1, 12 %, 7585 MiB
2026/09/07 23:02:41.615, 0, 1 %, 9537 MiB
2026/09/07 23:02:41.632, 1, 0 %, 7592 MiB
2026/09/07 23:02:42.224, 0, 11 %, 9019 MiB
2026/09/07 23:02:42.236, 1, 0 %, 7630 MiB
2026/09/07 23:02:42.744, 0, 11 %, 9019 MiB
2026/09/07 23:02:42.749, 1, 0 %, 7326 MiB
2026/09/07 23:02:43.256, 0, 14 %, 8987 MiB
2026/09/07 23:02:43.273, 1, 9 %, 6156 MiB
2026/09/07 23:02:43.919, 0, 19 %, 9057 MiB
2026/09/07 23:02:43.969, 1, 11 %, 6167 MiB
2026/09/07 23:02:44.607, 0, 19 %, 9130 MiB
2026/09/07 23:02:44.628, 1, 11 %, 6238 MiB
2026/09/07 23:02:45.282, 0, 1 %, 9147 MiB
2026/09/07 23:02:45.411, 1, 3 %, 6137 MiB
2026/09/07 23:02:45.918, 0, 13 %, 9147 MiB
2026/09/07 23:02:45.921, 1, 3 %, 5594 MiB
2026/09/07 23:02:46.434, 0, 13 %, 9152 MiB
2026/09/07 23:02:46.569, 1, 3 %, 5599 MiB
2026/09/07 23:02:47.211, 0, 0 %, 9650 MiB
2026/09/07 23:02:47.269, 1, 1 %, 5675 MiB
2026/09/07 23:02:47.914, 0, 0 %, 9654 MiB
2026/09/07 23:02:47.925, 1, 7 %, 6149 MiB
2026/09/07 23:02:48.434, 0, 16 %, 9673 MiB
2026/09/07 23:02:48.493, 1, 7 %, 6219 MiB
2026/09/07 23:02:49.138, 0, 18 %, 9690 MiB
2026/09/07 23:02:49.269, 1, 14 %, 6304 MiB
2026/09/07 23:02:49.778, 0, 15 %, 9488 MiB
2026/09/07 23:02:49.784, 1, 14 %, 6316 MiB
2026/09/07 23:02:50.288, 0, 15 %, 9546 MiB
2026/09/07 23:02:50.293, 1, 14 %, 6718 MiB
2026/09/07 23:02:50.816, 0, 15 %, 9015 MiB
2026/09/07 23:02:50.838, 1, 0 %, 6786 MiB
2026/09/07 23:02:51.344, 0, 16 %, 9015 MiB
2026/09/07 23:02:51.488, 1, 13 %, 6786 MiB
2026/09/07 23:02:51.999, 0, 16 %, 9006 MiB
2026/09/07 23:02:52.139, 1, 13 %, 6786 MiB
2026/09/07 23:02:52.648, 0, 1 %, 9083 MiB
2026/09/07 23:02:52.742, 1, 0 %, 6786 MiB
2026/09/07 23:02:53.243, 0, 11 %, 9169 MiB
2026/09/07 23:02:53.429, 1, 0 %, 6786 MiB
2026/09/07 23:02:53.937, 0, 11 %, 9170 MiB
2026/09/07 23:02:53.992, 1, 16 %, 6786 MiB
2026/09/07 23:02:54.498, 0, 2 %, 9170 MiB
2026/09/07 23:02:54.579, 1, 16 %, 6786 MiB
2026/09/07 23:02:55.087, 0, 2 %, 9641 MiB
2026/09/07 23:02:55.089, 1, 14 %, 6786 MiB
2026/09/07 23:02:55.594, 0, 1 %, 9576 MiB
2026/09/07 23:02:55.601, 1, 14 %, 6786 MiB
2026/09/07 23:02:56.108, 0, 1 %, 9437 MiB
2026/09/07 23:02:56.114, 1, 1 %, 6786 MiB
2026/09/07 23:02:56.619, 0, 16 %, 8885 MiB
2026/09/07 23:02:56.620, 1, 1 %, 6786 MiB
2026/09/07 23:02:57.126, 0, 16 %, 8903 MiB
2026/09/07 23:02:57.131, 1, 1 %, 6786 MiB
2026/09/07 23:02:57.641, 0, 3 %, 8923 MiB
2026/09/07 23:02:57.712, 1, 14 %, 6786 MiB
2026/09/07 23:02:58.217, 0, 3 %, 8701 MiB
2026/09/07 23:02:58.287, 1, 1 %, 6791 MiB
2026/09/07 23:02:58.798, 0, 1 %, 8721 MiB
2026/09/07 23:02:58.821, 1, 1 %, 6791 MiB
2026/09/07 23:02:59.328, 0, 1 %, 8180 MiB
2026/09/07 23:02:59.471, 1, 7 %, 6793 MiB
2026/09/07 23:02:59.982, 0, 6 %, 8206 MiB
2026/09/07 23:03:00.079, 1, 7 %, 6799 MiB
2026/09/07 23:03:00.586, 0, 6 %, 8220 MiB
2026/09/07 23:03:00.677, 1, 10 %, 6811 MiB
2026/09/07 23:03:01.183, 0, 13 %, 8248 MiB
2026/09/07 23:03:01.184, 1, 10 %, 6813 MiB
2026/09/07 23:03:01.689, 0, 13 %, 8257 MiB
2026/09/07 23:03:01.694, 1, 10 %, 6839 MiB
2026/09/07 23:03:02.201, 0, 13 %, 8291 MiB
2026/09/07 23:03:02.216, 1, 13 %, 6843 MiB
2026/09/07 23:03:02.723, 0, 23 %, 8327 MiB
2026/09/07 23:03:02.734, 1, 13 %, 6858 MiB
2026/09/07 23:03:03.242, 0, 23 %, 6773 MiB
2026/09/07 23:03:03.247, 1, 7 %, 6808 MiB
2026/09/07 23:03:03.750, 0, 12 %, 6855 MiB
2026/09/07 23:03:03.880, 1, 7 %, 6744 MiB
2026/09/07 23:03:04.388, 0, 12 %, 6912 MiB
2026/09/07 23:03:04.419, 1, 7 %, 6289 MiB
2026/09/07 23:03:05.063, 0, 0 %, 6947 MiB
2026/09/07 23:03:05.157, 1, 9 %, 6361 MiB
2026/09/07 23:03:05.662, 0, 2 %, 6949 MiB
2026/09/07 23:03:05.695, 1, 3 %, 6430 MiB
2026/09/07 23:03:06.205, 0, 2 %, 6951 MiB
2026/09/07 23:03:06.345, 1, 3 %, 6516 MiB
2026/09/07 23:03:06.855, 0, 2 %, 6974 MiB
2026/09/07 23:03:06.861, 1, 3 %, 6610 MiB
2026/09/07 23:03:07.368, 0, 7 %, 7399 MiB
2026/09/07 23:03:07.398, 1, 8 %, 6632 MiB
2026/09/07 23:03:07.910, 0, 7 %, 7542 MiB
2026/09/07 23:03:07.917, 1, 8 %, 6659 MiB
2026/09/07 23:03:08.425, 0, 1 %, 7542 MiB
2026/09/07 23:03:08.448, 1, 8 %, 6757 MiB
2026/09/07 23:03:08.955, 0, 1 %, 7566 MiB
2026/09/07 23:03:08.964, 1, 9 %, 7240 MiB
2026/09/07 23:03:09.474, 0, 14 %, 7653 MiB
2026/09/07 23:03:09.594, 1, 16 %, 7752 MiB
2026/09/07 23:03:10.101, 0, 14 %, 7736 MiB
2026/09/07 23:03:10.102, 1, 16 %, 7928 MiB
2026/09/07 23:03:10.609, 0, 11 %, 7723 MiB
2026/09/07 23:03:10.615, 1, 13 %, 7964 MiB
2026/09/07 23:03:11.120, 0, 11 %, 7733 MiB
2026/09/07 23:03:11.128, 1, 13 %, 8043 MiB
2026/09/07 23:03:11.637, 0, 11 %, 8240 MiB
2026/09/07 23:03:11.642, 1, 12 %, 8614 MiB
2026/09/07 23:03:12.150, 0, 13 %, 8244 MiB
2026/09/07 23:03:12.207, 1, 12 %, 8515 MiB
2026/09/07 23:03:12.860, 0, 13 %, 8250 MiB
2026/09/07 23:03:12.865, 1, 12 %, 8013 MiB
2026/09/07 23:03:13.374, 0, 12 %, 8294 MiB
2026/09/07 23:03:13.380, 1, 12 %, 8581 MiB
2026/09/07 23:03:13.888, 0, 0 %, 8331 MiB
2026/09/07 23:03:13.904, 1, 12 %, 8581 MiB
2026/09/07 23:03:14.420, 0, 0 %, 8373 MiB
2026/09/07 23:03:14.429, 1, 7 %, 8597 MiB
2026/09/07 23:03:14.935, 0, 0 %, 8413 MiB
2026/09/07 23:03:14.946, 1, 7 %, 8812 MiB
2026/09/07 23:03:15.455, 0, 4 %, 8525 MiB
2026/09/07 23:03:15.467, 1, 0 %, 8909 MiB
2026/09/07 23:03:15.978, 0, 4 %, 8580 MiB
2026/09/07 23:03:15.981, 1, 0 %, 8914 MiB
2026/09/07 23:03:16.483, 0, 9 %, 8616 MiB
2026/09/07 23:03:16.488, 1, 11 %, 8427 MiB
2026/09/07 23:03:16.994, 0, 1 %, 8603 MiB
2026/09/07 23:03:17.139, 1, 11 %, 8427 MiB
2026/09/07 23:03:17.649, 0, 1 %, 8754 MiB
2026/09/07 23:03:17.659, 1, 11 %, 8585 MiB
2026/09/07 23:03:18.165, 0, 1 %, 9245 MiB
2026/09/07 23:03:18.171, 1, 17 %, 8610 MiB
2026/09/07 23:03:18.683, 0, 10 %, 9251 MiB
2026/09/07 23:03:18.692, 1, 0 %, 8646 MiB
2026/09/07 23:03:19.200, 0, 10 %, 9679 MiB
2026/09/07 23:03:19.203, 1, 0 %, 8756 MiB
2026/09/07 23:03:19.709, 0, 17 %, 9762 MiB
2026/09/07 23:03:19.763, 1, 0 %, 9160 MiB
2026/09/07 23:03:20.405, 0, 17 %, 9795 MiB
2026/09/07 23:03:20.409, 1, 0 %, 9298 MiB
2026/09/07 23:03:20.916, 0, 17 %, 9884 MiB
2026/09/07 23:03:20.923, 1, 0 %, 9315 MiB
2026/09/07 23:03:21.423, 0, 17 %, 9965 MiB
2026/09/07 23:03:21.426, 1, 11 %, 9181 MiB
2026/09/07 23:03:21.933, 0, 14 %, 9999 MiB
2026/09/07 23:03:21.937, 1, 11 %, 8575 MiB
2026/09/07 23:03:22.448, 0, 14 %, 10036 MiB
2026/09/07 23:03:22.556, 1, 14 %, 8823 MiB
2026/09/07 23:03:23.066, 0, 0 %, 10238 MiB
2026/09/07 23:03:23.091, 1, 14 %, 8292 MiB
2026/09/07 23:03:23.593, 0, 4 %, 10333 MiB
2026/09/07 23:03:23.684, 1, 0 %, 8292 MiB
2026/09/07 23:03:24.190, 0, 4 %, 10410 MiB
2026/09/07 23:03:24.193, 1, 0 %, 8292 MiB
2026/09/07 23:03:24.702, 0, 4 %, 10415 MiB
2026/09/07 23:03:24.709, 1, 0 %, 8292 MiB
2026/09/07 23:03:25.215, 0, 12 %, 10430 MiB
2026/09/07 23:03:25.583, 1, 1 %, 8292 MiB
2026/09/07 23:03:26.092, 0, 0 %, 10908 MiB
2026/09/07 23:03:26.103, 1, 1 %, 8297 MiB
2026/09/07 23:03:26.611, 0, 0 %, 11519 MiB
2026/09/07 23:03:26.614, 1, 11 %, 8299 MiB
2026/09/07 23:03:27.120, 0, 1 %, 11545 MiB
2026/09/07 23:03:27.136, 1, 0 %, 8299 MiB
2026/09/07 23:03:27.645, 0, 1 %, 11545 MiB
2026/09/07 23:03:27.763, 1, 0 %, 8299 MiB
2026/09/07 23:03:28.272, 0, 18 %, 11568 MiB
2026/09/07 23:03:28.281, 1, 13 %, 8309 MiB
2026/09/07 23:03:28.785, 0, 18 %, 11610 MiB
2026/09/07 23:03:28.875, 1, 13 %, 8311 MiB
2026/09/07 23:03:29.384, 0, 2 %, 12154 MiB
2026/09/07 23:03:29.390, 1, 13 %, 8333 MiB
2026/09/07 23:03:29.897, 0, 21 %, 12222 MiB
2026/09/07 23:03:29.907, 1, 19 %, 8347 MiB
2026/09/07 23:03:30.551, 0, 21 %, 12356 MiB
2026/09/07 23:03:30.559, 1, 24 %, 8415 MiB
2026/09/07 23:03:31.066, 0, 18 %, 12461 MiB
2026/09/07 23:03:31.198, 1, 24 %, 8190 MiB
2026/09/07 23:03:31.847, 0, 18 %, 12523 MiB
2026/09/07 23:03:31.861, 1, 14 %, 7725 MiB
2026/09/07 23:03:32.368, 0, 12 %, 12618 MiB
2026/09/07 23:03:32.377, 1, 14 %, 7809 MiB
2026/09/07 23:03:32.885, 0, 12 %, 13023 MiB
2026/09/07 23:03:33.027, 1, 1 %, 7810 MiB
2026/09/07 23:03:33.548, 0, 27 %, 13041 MiB
2026/09/07 23:03:33.602, 1, 1 %, 7810 MiB
2026/09/07 23:03:34.108, 0, 17 %, 13532 MiB
2026/09/07 23:03:34.115, 1, 1 %, 8229 MiB
2026/09/07 23:03:34.623, 0, 17 %, 13536 MiB
2026/09/07 23:03:34.724, 1, 12 %, 8299 MiB
2026/09/07 23:03:35.231, 0, 17 %, 13537 MiB
2026/09/07 23:03:35.236, 1, 1 %, 8300 MiB
2026/09/07 23:03:35.741, 0, 24 %, 13521 MiB
2026/09/07 23:03:35.743, 1, 1 %, 8311 MiB
2026/09/07 23:03:36.252, 0, 24 %, 13521 MiB
2026/09/07 23:03:36.261, 1, 1 %, 8319 MiB
2026/09/07 23:03:36.765, 0, 25 %, 13521 MiB
2026/09/07 23:03:36.774, 1, 9 %, 8339 MiB
2026/09/07 23:03:37.280, 0, 25 %, 13494 MiB
2026/09/07 23:03:37.359, 1, 9 %, 8375 MiB
2026/09/07 23:03:38.002, 0, 23 %, 13489 MiB
2026/09/07 23:03:38.007, 1, 16 %, 8407 MiB
2026/09/07 23:03:38.515, 0, 23 %, 13489 MiB
2026/09/07 23:03:38.528, 1, 20 %, 8477 MiB
2026/09/07 23:03:39.171, 0, 24 %, 13489 MiB
2026/09/07 23:03:39.174, 1, 20 %, 8562 MiB
2026/09/07 23:03:39.681, 0, 24 %, 13498 MiB
2026/09/07 23:03:39.805, 1, 16 %, 8562 MiB
2026/09/07 23:03:40.453, 0, 3 %, 13307 MiB
2026/09/07 23:03:40.455, 1, 19 %, 9045 MiB
2026/09/07 23:03:40.961, 0, 21 %, 12584 MiB
2026/09/07 23:03:41.114, 1, 4 %, 9045 MiB
2026/09/07 23:03:41.766, 0, 21 %, 12554 MiB
2026/09/07 23:03:41.778, 1, 4 %, 9049 MiB
2026/09/07 23:03:42.370, 0, 10 %, 12013 MiB
2026/09/07 23:03:42.371, 1, 9 %, 9050 MiB
2026/09/07 23:03:42.879, 0, 10 %, 12018 MiB
2026/09/07 23:03:42.984, 1, 9 %, 9052 MiB
2026/09/07 23:03:43.494, 0, 7 %, 12018 MiB
2026/09/07 23:03:43.498, 1, 20 %, 9052 MiB
2026/09/07 23:03:44.154, 0, 7 %, 12005 MiB
2026/09/07 23:03:44.162, 1, 20 %, 9062 MiB
2026/09/07 23:03:44.676, 0, 22 %, 12003 MiB
2026/09/07 23:03:44.821, 1, 13 %, 9074 MiB
2026/09/07 23:03:45.327, 0, 22 %, 12002 MiB
2026/09/07 23:03:45.405, 1, 13 %, 9078 MiB
2026/09/07 23:03:45.913, 0, 19 %, 12002 MiB
2026/09/07 23:03:45.914, 1, 20 %, 9116 MiB
2026/09/07 23:03:46.424, 0, 0 %, 12002 MiB
2026/09/07 23:03:46.431, 1, 20 %, 9172 MiB
2026/09/07 23:03:46.934, 0, 0 %, 12002 MiB
2026/09/07 23:03:46.936, 1, 30 %, 9219 MiB
2026/09/07 23:03:47.440, 0, 0 %, 12002 MiB
2026/09/07 23:03:47.447, 1, 1 %, 9287 MiB
2026/09/07 23:03:47.951, 0, 20 %, 12002 MiB
2026/09/07 23:03:47.952, 1, 1 %, 9461 MiB
2026/09/07 23:03:48.454, 0, 20 %, 12002 MiB
2026/09/07 23:03:48.500, 1, 20 %, 9514 MiB
2026/09/07 23:03:49.007, 0, 12 %, 12027 MiB
2026/09/07 23:03:49.012, 1, 20 %, 9690 MiB
2026/09/07 23:03:49.519, 0, 12 %, 11832 MiB
2026/09/07 23:03:49.520, 1, 20 %, 10317 MiB
2026/09/07 23:03:50.031, 0, 12 %, 11825 MiB
2026/09/07 23:03:50.037, 1, 20 %, 10338 MiB
2026/09/07 23:03:50.544, 0, 18 %, 11066 MiB
2026/09/07 23:03:50.545, 1, 1 %, 10421 MiB
2026/09/07 23:03:51.049, 0, 18 %, 11065 MiB
2026/09/07 23:03:51.082, 1, 1 %, 10662 MiB
2026/09/07 23:03:51.725, 0, 18 %, 10516 MiB
2026/09/07 23:03:51.734, 1, 1 %, 11088 MiB
2026/09/07 23:03:52.242, 0, 16 %, 10491 MiB
2026/09/07 23:03:52.249, 1, 0 %, 10558 MiB
2026/09/07 23:03:52.755, 0, 16 %, 10484 MiB
2026/09/07 23:03:52.816, 1, 0 %, 10567 MiB
2026/09/07 23:03:53.327, 0, 14 %, 10270 MiB
2026/09/07 23:03:53.335, 1, 17 %, 10353 MiB
2026/09/07 23:03:53.982, 0, 14 %, 10266 MiB
2026/09/07 23:03:54.032, 1, 17 %, 10352 MiB
2026/09/07 23:03:54.543, 0, 10 %, 9700 MiB
2026/09/07 23:03:54.547, 1, 3 %, 9827 MiB
2026/09/07 23:03:55.053, 0, 10 %, 9687 MiB
2026/09/07 23:03:55.053, 1, 3 %, 9845 MiB
2026/09/07 23:03:55.562, 0, 0 %, 9685 MiB
2026/09/07 23:03:55.670, 1, 23 %, 9853 MiB
2026/09/07 23:03:56.318, 0, 10 %, 9515 MiB
2026/09/07 23:03:56.390, 1, 11 %, 9913 MiB
2026/09/07 23:03:57.040, 0, 10 %, 9483 MiB
2026/09/07 23:03:57.183, 1, 21 %, 9913 MiB
2026/09/07 23:03:57.695, 0, 6 %, 8917 MiB
2026/09/07 23:03:57.699, 1, 21 %, 9913 MiB
2026/09/07 23:03:58.200, 0, 0 %, 8917 MiB
2026/09/07 23:03:58.337, 1, 23 %, 9983 MiB
2026/09/07 23:03:58.978, 0, 0 %, 8917 MiB
2026/09/07 23:03:59.090, 1, 0 %, 9901 MiB
2026/09/07 23:03:59.738, 0, 5 %, 8926 MiB
2026/09/07 23:03:59.747, 1, 0 %, 9858 MiB
2026/09/07 23:04:00.255, 0, 5 %, 8917 MiB
2026/09/07 23:04:00.258, 1, 0 %, 9321 MiB
2026/09/07 23:04:00.764, 0, 5 %, 8926 MiB
2026/09/07 23:04:00.771, 1, 5 %, 9727 MiB
2026/09/07 23:04:01.279, 0, 2 %, 8767 MiB
2026/09/07 23:04:01.280, 1, 5 %, 9797 MiB
2026/09/07 23:04:01.789, 0, 2 %, 8725 MiB
2026/09/07 23:04:01.792, 1, 18 %, 9797 MiB
2026/09/07 23:04:02.298, 0, 12 %, 8209 MiB
2026/09/07 23:04:02.302, 1, 18 %, 9797 MiB
2026/09/07 23:04:02.809, 0, 12 %, 8086 MiB
2026/09/07 23:04:02.955, 1, 6 %, 9797 MiB
2026/09/07 23:04:03.459, 0, 12 %, 8016 MiB
2026/09/07 23:04:03.465, 1, 6 %, 9584 MiB
2026/09/07 23:04:03.969, 0, 3 %, 8000 MiB
2026/09/07 23:04:03.975, 1, 6 %, 9045 MiB
2026/09/07 23:04:04.485, 0, 3 %, 7475 MiB
2026/09/07 23:04:04.529, 1, 3 %, 9045 MiB
2026/09/07 23:04:05.034, 0, 15 %, 7500 MiB
2026/09/07 23:04:05.293, 1, 0 %, 9045 MiB
2026/09/07 23:04:05.801, 0, 15 %, 7548 MiB
2026/09/07 23:04:05.809, 1, 0 %, 9045 MiB
2026/09/07 23:04:06.318, 0, 0 %, 7577 MiB
2026/09/07 23:04:06.320, 1, 0 %, 9045 MiB
2026/09/07 23:04:06.820, 0, 0 %, 7566 MiB
2026/09/07 23:04:06.846, 1, 12 %, 9045 MiB
2026/09/07 23:04:07.352, 0, 13 %, 7669 MiB
2026/09/07 23:04:07.480, 1, 11 %, 9045 MiB
2026/09/07 23:04:07.985, 0, 13 %, 7795 MiB
2026/09/07 23:04:07.988, 1, 11 %, 9045 MiB
2026/09/07 23:04:08.492, 0, 13 %, 7802 MiB
2026/09/07 23:04:08.551, 1, 11 %, 9045 MiB
2026/09/07 23:04:09.190, 0, 1 %, 8280 MiB
2026/09/07 23:04:09.196, 1, 2 %, 8827 MiB
2026/09/07 23:04:09.698, 0, 11 %, 8216 MiB
2026/09/07 23:04:09.762, 1, 13 %, 8823 MiB
2026/09/07 23:04:10.265, 0, 11 %, 8179 MiB
2026/09/07 23:04:10.266, 1, 13 %, 8292 MiB
2026/09/07 23:04:10.814, 0, 13 %, 8107 MiB
2026/09/07 23:04:10.962, 1, 11 %, 8292 MiB
2026/09/07 23:04:11.606, 0, 5 %, 8173 MiB
2026/09/07 23:04:11.649, 1, 8 %, 8076 MiB
2026/09/07 23:04:12.154, 0, 5 %, 8208 MiB
2026/09/07 23:04:12.157, 1, 8 %, 7543 MiB
2026/09/07 23:04:12.666, 0, 5 %, 8222 MiB
2026/09/07 23:04:12.676, 1, 11 %, 7342 MiB
2026/09/07 23:04:13.184, 0, 0 %, 8226 MiB
2026/09/07 23:04:13.185, 1, 11 %, 7329 MiB
2026/09/07 23:04:13.688, 0, 0 %, 8222 MiB
2026/09/07 23:04:13.851, 1, 11 %, 6794 MiB
2026/09/07 23:04:14.357, 0, 0 %, 8242 MiB
2026/09/07 23:04:14.363, 1, 6 %, 6804 MiB
2026/09/07 23:04:14.869, 0, 0 %, 8260 MiB
2026/09/07 23:04:14.943, 1, 12 %, 6813 MiB
2026/09/07 23:04:15.582, 0, 0 %, 8349 MiB
2026/09/07 23:04:15.582, 1, 12 %, 6813 MiB
2026/09/07 23:04:16.082, 0, 27 %, 8344 MiB
2026/09/07 23:04:16.086, 1, 3 %, 6836 MiB
2026/09/07 23:04:16.592, 0, 27 %, 8293 MiB
2026/09/07 23:04:16.616, 1, 16 %, 6851 MiB
2026/09/07 23:04:17.122, 0, 27 %, 8203 MiB
2026/09/07 23:04:17.128, 1, 16 %, 6889 MiB
2026/09/07 23:04:17.655, 0, 11 %, 7753 MiB
2026/09/07 23:04:17.800, 1, 7 %, 6921 MiB
2026/09/07 23:04:18.447, 0, 11 %, 7857 MiB
2026/09/07 23:04:18.451, 1, 7 %, 6942 MiB
2026/09/07 23:04:18.952, 0, 9 %, 7950 MiB
2026/09/07 23:04:18.954, 1, 7 %, 7019 MiB
2026/09/07 23:04:19.460, 0, 8 %, 8053 MiB
2026/09/07 23:04:19.468, 1, 7 %, 7119 MiB
2026/09/07 23:04:19.973, 0, 8 %, 8115 MiB
2026/09/07 23:04:19.978, 1, 7 %, 7170 MiB
2026/09/07 23:04:20.484, 0, 13 %, 8617 MiB
2026/09/07 23:04:20.485, 1, 11 %, 7179 MiB
2026/09/07 23:04:20.991, 0, 13 %, 8631 MiB
2026/09/07 23:04:20.995, 1, 11 %, 7180 MiB
2026/09/07 23:04:21.502, 0, 12 %, 8791 MiB
2026/09/07 23:04:21.643, 1, 12 %, 7663 MiB
2026/09/07 23:04:22.150, 0, 14 %, 9365 MiB
2026/09/07 23:04:22.290, 1, 11 %, 7829 MiB
2026/09/07 23:04:22.797, 0, 6 %, 9384 MiB
2026/09/07 23:04:22.802, 1, 11 %, 7829 MiB
2026/09/07 23:04:23.319, 0, 6 %, 9386 MiB
2026/09/07 23:04:23.329, 1, 11 %, 7851 MiB
2026/09/07 23:04:23.831, 0, 14 %, 9928 MiB
2026/09/07 23:04:23.963, 1, 12 %, 7877 MiB
2026/09/07 23:04:24.473, 0, 14 %, 10032 MiB
2026/09/07 23:04:24.479, 1, 14 %, 8407 MiB
2026/09/07 23:04:24.996, 0, 14 %, 10039 MiB
2026/09/07 23:04:24.999, 1, 14 %, 8412 MiB
2026/09/07 23:04:25.503, 0, 14 %, 10526 MiB
2026/09/07 23:04:25.509, 1, 14 %, 8484 MiB
2026/09/07 23:04:26.018, 0, 14 %, 10543 MiB
2026/09/07 23:04:26.158, 1, 17 %, 8570 MiB
2026/09/07 23:04:26.664, 0, 12 %, 10604 MiB
2026/09/07 23:04:26.669, 1, 11 %, 8412 MiB
2026/09/07 23:04:27.177, 0, 17 %, 10602 MiB
2026/09/07 23:04:27.436, 1, 18 %, 8780 MiB
2026/09/07 23:04:27.944, 0, 17 %, 10706 MiB
2026/09/07 23:04:27.949, 1, 18 %, 8339 MiB
2026/09/07 23:04:28.452, 0, 16 %, 10730 MiB
2026/09/07 23:04:28.600, 1, 18 %, 8375 MiB
2026/09/07 23:04:29.106, 0, 16 %, 10676 MiB
2026/09/07 23:04:29.111, 1, 29 %, 8407 MiB
2026/09/07 23:04:29.616, 0, 16 %, 10571 MiB
2026/09/07 23:04:29.620, 1, 29 %, 8407 MiB
2026/09/07 23:04:30.120, 0, 20 %, 10461 MiB
2026/09/07 23:04:30.123, 1, 8 %, 8407 MiB
2026/09/07 23:04:30.630, 0, 20 %, 10468 MiB
2026/09/07 23:04:30.636, 1, 8 %, 8477 MiB
2026/09/07 23:04:31.146, 0, 20 %, 10472 MiB
2026/09/07 23:04:31.147, 1, 14 %, 8545 MiB
2026/09/07 23:04:31.656, 0, 16 %, 10483 MiB
2026/09/07 23:04:31.743, 1, 6 %, 8562 MiB
2026/09/07 23:04:32.248, 0, 16 %, 10274 MiB
2026/09/07 23:04:32.362, 1, 6 %, 8565 MiB
2026/09/07 23:04:32.866, 0, 0 %, 9736 MiB
2026/09/07 23:04:32.944, 1, 17 %, 8983 MiB
2026/09/07 23:04:33.450, 0, 1 %, 9738 MiB
2026/09/07 23:04:33.453, 1, 17 %, 9050 MiB
2026/09/07 23:04:33.953, 0, 1 %, 9732 MiB
2026/09/07 23:04:33.990, 1, 5 %, 9052 MiB
2026/09/07 23:04:34.635, 0, 0 %, 9758 MiB
2026/09/07 23:04:34.780, 1, 5 %, 9057 MiB
2026/09/07 23:04:35.282, 0, 0 %, 9776 MiB
2026/09/07 23:04:35.288, 1, 5 %, 9071 MiB
2026/09/07 23:04:35.798, 0, 1 %, 9812 MiB
2026/09/07 23:04:35.800, 1, 1 %, 9071 MiB
2026/09/07 23:04:36.308, 0, 1 %, 9855 MiB
2026/09/07 23:04:36.314, 1, 1 %, 9082 MiB
2026/09/07 23:04:36.814, 0, 1 %, 9866 MiB
2026/09/07 23:04:36.821, 1, 17 %, 9111 MiB
2026/09/07 23:04:37.331, 0, 17 %, 9943 MiB
2026/09/07 23:04:37.351, 1, 17 %, 9147 MiB
2026/09/07 23:04:37.857, 0, 17 %, 10041 MiB
2026/09/07 23:04:37.859, 1, 18 %, 9208 MiB
2026/09/07 23:04:38.367, 0, 15 %, 10046 MiB
2026/09/07 23:04:38.423, 1, 18 %, 9216 MiB
2026/09/07 23:04:39.068, 0, 15 %, 10505 MiB
2026/09/07 23:04:39.075, 1, 28 %, 9410 MiB
2026/09/07 23:04:39.582, 0, 14 %, 10603 MiB
2026/09/07 23:04:39.583, 1, 28 %, 9430 MiB
2026/09/07 23:04:40.092, 0, 0 %, 10639 MiB
2026/09/07 23:04:40.094, 1, 17 %, 9430 MiB
2026/09/07 23:04:40.617, 0, 0 %, 10672 MiB
2026/09/07 23:04:40.623, 1, 17 %, 9651 MiB
2026/09/07 23:04:41.129, 0, 17 %, 10684 MiB
2026/09/07 23:04:41.261, 1, 18 %, 10073 MiB
2026/09/07 23:04:41.906, 0, 20 %, 10895 MiB
2026/09/07 23:04:41.916, 1, 18 %, 9907 MiB
2026/09/07 23:04:42.426, 0, 20 %, 10887 MiB
2026/09/07 23:04:42.474, 1, 20 %, 9737 MiB
2026/09/07 23:04:42.981, 0, 20 %, 10887 MiB
2026/09/07 23:04:43.055, 1, 15 %, 9815 MiB
2026/09/07 23:04:43.587, 0, 5 %, 11231 MiB
2026/09/07 23:04:43.590, 1, 15 %, 9817 MiB
2026/09/07 23:04:44.096, 0, 16 %, 10752 MiB
2026/09/07 23:04:44.112, 1, 21 %, 9841 MiB
2026/09/07 23:04:44.625, 0, 16 %, 10753 MiB
2026/09/07 23:04:44.631, 1, 21 %, 9845 MiB
2026/09/07 23:04:45.134, 0, 16 %, 10765 MiB
2026/09/07 23:04:45.144, 1, 16 %, 9881 MiB
2026/09/07 23:04:45.654, 0, 18 %, 11161 MiB
2026/09/07 23:04:45.657, 1, 16 %, 9913 MiB
2026/09/07 23:04:46.160, 0, 18 %, 11229 MiB
2026/09/07 23:04:46.180, 1, 13 %, 9913 MiB
2026/09/07 23:04:46.688, 0, 18 %, 11235 MiB
2026/09/07 23:04:46.794, 1, 21 %, 9913 MiB
2026/09/07 23:04:47.447, 0, 17 %, 11244 MiB
2026/09/07 23:04:47.452, 1, 19 %, 10067 MiB
2026/09/07 23:04:47.963, 0, 17 %, 11244 MiB
2026/09/07 23:04:47.974, 1, 19 %, 10072 MiB
2026/09/07 23:04:48.484, 0, 22 %, 11251 MiB
2026/09/07 23:04:48.484, 1, 19 %, 10077 MiB
2026/09/07 23:04:48.991, 0, 22 %, 11251 MiB
2026/09/07 23:04:49.073, 1, 20 %, 10487 MiB
2026/09/07 23:04:49.580, 0, 22 %, 11255 MiB
2026/09/07 23:04:49.584, 1, 21 %, 10569 MiB
2026/09/07 23:04:50.091, 0, 22 %, 11266 MiB
2026/09/07 23:04:50.116, 1, 21 %, 10580 MiB
2026/09/07 23:04:50.758, 0, 19 %, 11287 MiB
2026/09/07 23:04:50.760, 1, 19 %, 10606 MiB
2026/09/07 23:04:51.266, 0, 19 %, 11289 MiB
2026/09/07 23:04:51.290, 1, 19 %, 10641 MiB
2026/09/07 23:04:51.936, 0, 23 %, 11329 MiB
2026/09/07 23:04:51.939, 1, 17 %, 10673 MiB
2026/09/07 23:04:52.448, 0, 23 %, 11274 MiB
2026/09/07 23:04:52.580, 1, 17 %, 10735 MiB
2026/09/07 23:04:53.222, 0, 34 %, 11205 MiB
2026/09/07 23:04:53.230, 1, 10 %, 10820 MiB
2026/09/07 23:04:53.730, 0, 34 %, 10656 MiB
2026/09/07 23:04:53.739, 1, 10 %, 10821 MiB
2026/09/07 23:04:54.247, 0, 24 %, 10678 MiB
2026/09/07 23:04:54.254, 1, 10 %, 10825 MiB
2026/09/07 23:04:54.762, 0, 24 %, 10818 MiB
2026/09/07 23:04:54.793, 1, 10 %, 11303 MiB
2026/09/07 23:04:55.441, 0, 9 %, 10672 MiB
2026/09/07 23:04:55.444, 1, 13 %, 11303 MiB
2026/09/07 23:04:55.947, 0, 9 %, 10120 MiB
2026/09/07 23:04:55.975, 1, 13 %, 11137 MiB
2026/09/07 23:04:56.495, 0, 20 %, 10129 MiB
2026/09/07 23:04:56.588, 1, 2 %, 11085 MiB
2026/09/07 23:04:57.094, 0, 4 %, 10655 MiB
2026/09/07 23:04:57.098, 1, 14 %, 10550 MiB
2026/09/07 23:04:57.606, 0, 4 %, 10720 MiB
2026/09/07 23:04:57.698, 1, 14 %, 10550 MiB
2026/09/07 23:04:58.347, 0, 13 %, 10737 MiB
2026/09/07 23:04:58.351, 1, 17 %, 10332 MiB
2026/09/07 23:04:58.858, 0, 13 %, 10747 MiB
2026/09/07 23:04:58.950, 1, 17 %, 10328 MiB
2026/09/07 23:04:59.455, 0, 1 %, 11133 MiB
2026/09/07 23:04:59.530, 1, 17 %, 9797 MiB
2026/09/07 23:05:00.033, 0, 1 %, 11203 MiB
2026/09/07 23:05:00.039, 1, 19 %, 9797 MiB
2026/09/07 23:05:00.542, 0, 1 %, 11203 MiB
2026/09/07 23:05:00.599, 1, 19 %, 9797 MiB
2026/09/07 23:05:01.112, 0, 1 %, 11211 MiB
2026/09/07 23:05:01.112, 1, 8 %, 9627 MiB
2026/09/07 23:05:01.620, 0, 1 %, 11219 MiB
2026/09/07 23:05:01.623, 1, 8 %, 9575 MiB
2026/09/07 23:05:02.130, 0, 0 %, 11227 MiB
2026/09/07 23:05:02.203, 1, 0 %, 9505 MiB
2026/09/07 23:05:02.855, 0, 0 %, 11198 MiB
2026/09/07 23:05:02.862, 1, 0 %, 8292 MiB
2026/09/07 23:05:03.404, 0, 16 %, 11207 MiB
2026/09/07 23:05:03.511, 1, 16 %, 8222 MiB
2026/09/07 23:05:04.020, 0, 4 %, 11207 MiB
2026/09/07 23:05:04.098, 1, 1 %, 8090 MiB
2026/09/07 23:05:04.606, 0, 4 %, 10990 MiB
2026/09/07 23:05:04.608, 1, 1 %, 7539 MiB
2026/09/07 23:05:05.116, 0, 1 %, 11005 MiB
2026/09/07 23:05:05.228, 1, 1 %, 7539 MiB
2026/09/07 23:05:05.740, 0, 1 %, 10457 MiB
2026/09/07 23:05:05.742, 1, 0 %, 7539 MiB
2026/09/07 23:05:06.248, 0, 1 %, 10472 MiB
2026/09/07 23:05:06.254, 1, 0 %, 7539 MiB
2026/09/07 23:05:06.758, 0, 2 %, 10470 MiB
2026/09/07 23:05:06.882, 1, 0 %, 7539 MiB
2026/09/07 23:05:07.529, 0, 2 %, 10547 MiB
2026/09/07 23:05:07.531, 1, 0 %, 7539 MiB
2026/09/07 23:05:08.038, 0, 0 %, 10534 MiB
2026/09/07 23:05:08.041, 1, 16 %, 7539 MiB
2026/09/07 23:05:08.547, 0, 0 %, 10608 MiB
2026/09/07 23:05:08.555, 1, 16 %, 7539 MiB
2026/09/07 23:05:09.062, 0, 0 %, 10688 MiB
2026/09/07 23:05:09.071, 1, 19 %, 7539 MiB
2026/09/07 23:05:09.573, 0, 1 %, 10688 MiB
2026/09/07 23:05:09.580, 1, 19 %, 7539 MiB
2026/09/07 23:05:10.084, 0, 1 %, 10693 MiB
2026/09/07 23:05:10.143, 1, 0 %, 7539 MiB
2026/09/07 23:05:10.649, 0, 19 %, 11171 MiB
2026/09/07 23:05:10.714, 1, 0 %, 7539 MiB
2026/09/07 23:05:11.214, 0, 19 %, 11176 MiB
2026/09/07 23:05:11.293, 1, 4 %, 7539 MiB
2026/09/07 23:05:11.799, 0, 0 %, 11187 MiB
2026/09/07 23:05:11.942, 1, 4 %, 7539 MiB
2026/09/07 23:05:12.583, 0, 0 %, 10998 MiB
2026/09/07 23:05:12.584, 1, 21 %, 7539 MiB
2026/09/07 23:05:13.093, 0, 19 %, 10998 MiB
2026/09/07 23:05:13.197, 1, 21 %, 7539 MiB
2026/09/07 23:05:13.704, 0, 19 %, 10288 MiB
2026/09/07 23:05:13.708, 1, 21 %, 7539 MiB
2026/09/07 23:05:14.208, 0, 23 %, 10246 MiB
2026/09/07 23:05:14.330, 1, 16 %, 7539 MiB
2026/09/07 23:05:14.841, 0, 3 %, 10266 MiB
2026/09/07 23:05:14.847, 1, 16 %, 7539 MiB
2026/09/07 23:05:15.359, 0, 17 %, 9740 MiB
2026/09/07 23:05:15.361, 1, 19 %, 7539 MiB
2026/09/07 23:05:15.865, 0, 17 %, 9754 MiB
2026/09/07 23:05:15.891, 1, 19 %, 7539 MiB
2026/09/07 23:05:16.398, 0, 17 %, 9788 MiB
2026/09/07 23:05:16.401, 1, 19 %, 7539 MiB
2026/09/07 23:05:16.907, 0, 1 %, 9824 MiB
2026/09/07 23:05:16.909, 1, 19 %, 7539 MiB
2026/09/07 23:05:17.418, 0, 1 %, 9852 MiB
2026/09/07 23:05:17.445, 1, 16 %, 7544 MiB
2026/09/07 23:05:18.096, 0, 0 %, 9958 MiB
2026/09/07 23:05:18.104, 1, 16 %, 7544 MiB
2026/09/07 23:05:18.606, 0, 0 %, 10080 MiB
2026/09/07 23:05:18.681, 1, 19 %, 7547 MiB
2026/09/07 23:05:19.328, 0, 0 %, 9917 MiB
2026/09/07 23:05:19.338, 1, 19 %, 7547 MiB
2026/09/07 23:05:19.855, 0, 0 %, 9454 MiB
2026/09/07 23:05:19.873, 1, 1 %, 7558 MiB
2026/09/07 23:05:20.378, 0, 1 %, 9470 MiB
2026/09/07 23:05:20.405, 1, 11 %, 7558 MiB
2026/09/07 23:05:20.910, 0, 1 %, 9938 MiB
2026/09/07 23:05:20.922, 1, 11 %, 7581 MiB
2026/09/07 23:05:21.435, 0, 22 %, 10374 MiB
2026/09/07 23:05:21.437, 1, 9 %, 7372 MiB
2026/09/07 23:05:21.945, 0, 22 %, 10435 MiB
2026/09/07 23:05:21.952, 1, 9 %, 6873 MiB
2026/09/07 23:05:22.459, 0, 8 %, 10445 MiB
2026/09/07 23:05:22.461, 1, 21 %, 6921 MiB
2026/09/07 23:05:22.964, 0, 8 %, 10449 MiB
2026/09/07 23:05:23.223, 1, 21 %, 6931 MiB
2026/09/07 23:05:23.729, 0, 18 %, 10458 MiB
2026/09/07 23:05:23.735, 1, 12 %, 6882 MiB
2026/09/07 23:05:24.237, 0, 18 %, 10449 MiB
2026/09/07 23:05:24.240, 1, 12 %, 6914 MiB
2026/09/07 23:05:24.746, 0, 1 %, 10370 MiB
2026/09/07 23:05:24.785, 1, 12 %, 6387 MiB
2026/09/07 23:05:25.292, 0, 18 %, 10239 MiB
2026/09/07 23:05:25.377, 1, 19 %, 6832 MiB
2026/09/07 23:05:26.023, 0, 18 %, 9721 MiB
2026/09/07 23:05:26.209, 1, 9 %, 6902 MiB
2026/09/07 23:05:26.716, 0, 0 %, 9708 MiB
2026/09/07 23:05:26.721, 1, 9 %, 7036 MiB
2026/09/07 23:05:27.223, 0, 0 %, 9719 MiB
2026/09/07 23:05:27.227, 1, 9 %, 7056 MiB
2026/09/07 23:05:27.731, 0, 14 %, 9786 MiB
2026/09/07 23:05:27.739, 1, 9 %, 7062 MiB
2026/09/07 23:05:28.387, 0, 14 %, 9786 MiB
2026/09/07 23:05:28.389, 1, 4 %, 6626 MiB
2026/09/07 23:05:28.899, 0, 23 %, 9840 MiB
2026/09/07 23:05:28.949, 1, 4 %, 6355 MiB
2026/09/07 23:05:29.493, 0, 23 %, 9922 MiB
2026/09/07 23:05:29.511, 1, 4 %, 6357 MiB
2026/09/07 23:05:30.020, 0, 16 %, 9899 MiB
2026/09/07 23:05:30.021, 1, 6 %, 5300 MiB
2026/09/07 23:05:30.528, 0, 16 %, 9909 MiB
2026/09/07 23:05:30.578, 1, 12 %, 5320 MiB
2026/09/07 23:05:31.226, 0, 16 %, 9983 MiB
2026/09/07 23:05:31.281, 1, 12 %, 5328 MiB
2026/09/07 23:05:31.788, 0, 1 %, 10397 MiB
2026/09/07 23:05:31.792, 1, 13 %, 5396 MiB
2026/09/07 23:05:32.299, 0, 1 %, 10403 MiB
2026/09/07 23:05:32.445, 1, 13 %, 5396 MiB
2026/09/07 23:05:33.089, 0, 2 %, 10419 MiB
2026/09/07 23:05:33.094, 1, 0 %, 5396 MiB
2026/09/07 23:05:33.601, 0, 20 %, 10437 MiB
2026/09/07 23:05:33.603, 1, 0 %, 5534 MiB
2026/09/07 23:05:34.108, 0, 20 %, 10441 MiB
2026/09/07 23:05:34.110, 1, 1 %, 5555 MiB
2026/09/07 23:05:34.617, 0, 20 %, 10479 MiB
2026/09/07 23:05:34.620, 1, 1 %, 5569 MiB
2026/09/07 23:05:35.125, 0, 0 %, 10517 MiB
2026/09/07 23:05:35.129, 1, 12 %, 6041 MiB
2026/09/07 23:05:35.632, 0, 0 %, 10540 MiB
2026/09/07 23:05:35.777, 1, 12 %, 6053 MiB
2026/09/07 23:05:36.425, 0, 3 %, 10524 MiB
2026/09/07 23:05:36.430, 1, 12 %, 6063 MiB
2026/09/07 23:05:36.930, 0, 3 %, 10690 MiB
2026/09/07 23:05:37.076, 1, 5 %, 6081 MiB
2026/09/07 23:05:37.582, 0, 5 %, 10525 MiB
2026/09/07 23:05:37.665, 1, 9 %, 6149 MiB
2026/09/07 23:05:38.309, 0, 5 %, 9960 MiB
2026/09/07 23:05:38.312, 1, 9 %, 6149 MiB
2026/09/07 23:05:38.824, 0, 22 %, 10457 MiB
2026/09/07 23:05:38.825, 1, 11 %, 6283 MiB
2026/09/07 23:05:39.333, 0, 22 %, 10482 MiB
2026/09/07 23:05:39.339, 1, 11 %, 6303 MiB
2026/09/07 23:05:39.841, 0, 0 %, 10486 MiB
2026/09/07 23:05:39.843, 1, 11 %, 6304 MiB
2026/09/07 23:05:40.364, 0, 0 %, 10485 MiB
2026/09/07 23:05:40.459, 1, 10 %, 6311 MiB
2026/09/07 23:05:40.969, 0, 0 %, 10547 MiB
2026/09/07 23:05:40.988, 1, 10 %, 6389 MiB
2026/09/07 23:05:41.499, 0, 0 %, 10553 MiB
2026/09/07 23:05:41.501, 1, 10 %, 6794 MiB
2026/09/07 23:05:42.007, 0, 19 %, 10549 MiB
2026/09/07 23:05:42.129, 1, 6 %, 6804 MiB
2026/09/07 23:05:42.637, 0, 19 %, 10687 MiB
2026/09/07 23:05:42.754, 1, 6 %, 6806 MiB
2026/09/07 23:05:43.260, 0, 19 %, 10713 MiB
2026/09/07 23:05:43.349, 1, 12 %, 6806 MiB
2026/09/07 23:05:43.856, 0, 5 %, 10720 MiB
2026/09/07 23:05:43.861, 1, 12 %, 6849 MiB
2026/09/07 23:05:44.366, 0, 5 %, 10723 MiB
2026/09/07 23:05:44.370, 1, 12 %, 6807 MiB
2026/09/07 23:05:44.880, 0, 0 %, 10799 MiB
2026/09/07 23:05:44.885, 1, 14 %, 6712 MiB
2026/09/07 23:05:45.394, 0, 0 %, 11187 MiB
2026/09/07 23:05:45.397, 1, 14 %, 6173 MiB
2026/09/07 23:05:45.901, 0, 18 %, 11187 MiB
2026/09/07 23:05:45.903, 1, 14 %, 6176 MiB
2026/09/07 23:05:46.409, 0, 18 %, 11196 MiB
2026/09/07 23:05:46.545, 1, 11 %, 6334 MiB
2026/09/07 23:05:47.183, 0, 20 %, 11212 MiB
2026/09/07 23:05:47.291, 1, 15 %, 6389 MiB
2026/09/07 23:05:47.932, 0, 20 %, 11228 MiB
2026/09/07 23:05:48.183, 1, 26 %, 6469 MiB
2026/09/07 23:05:48.691, 0, 14 %, 11239 MiB
2026/09/07 23:05:48.695, 1, 26 %, 7017 MiB
2026/09/07 23:05:49.203, 0, 18 %, 11239 MiB
2026/09/07 23:05:49.204, 1, 13 %, 7087 MiB
2026/09/07 23:05:49.706, 0, 18 %, 11241 MiB
2026/09/07 23:05:49.708, 1, 13 %, 7246 MiB
2026/09/07 23:05:50.209, 0, 14 %, 11255 MiB
2026/09/07 23:05:50.263, 1, 15 %, 7317 MiB
2026/09/07 23:05:50.776, 0, 14 %, 11257 MiB
2026/09/07 23:05:50.781, 1, 15 %, 7335 MiB
2026/09/07 23:05:51.289, 0, 15 %, 11243 MiB
2026/09/07 23:05:51.297, 1, 9 %, 7767 MiB
2026/09/07 23:05:51.804, 0, 12 %, 11266 MiB
2026/09/07 23:05:51.806, 1, 9 %, 8241 MiB
2026/09/07 23:05:52.306, 0, 12 %, 11285 MiB
2026/09/07 23:05:52.311, 1, 16 %, 8331 MiB
2026/09/07 23:05:52.816, 0, 12 %, 11321 MiB
2026/09/07 23:05:52.821, 1, 16 %, 8339 MiB
2026/09/07 23:05:53.330, 0, 14 %, 11355 MiB
2026/09/07 23:05:53.333, 1, 18 %, 8412 MiB
2026/09/07 23:05:53.834, 0, 14 %, 11353 MiB
2026/09/07 23:05:53.891, 1, 19 %, 8414 MiB
2026/09/07 23:05:54.540, 0, 20 %, 11503 MiB
2026/09/07 23:05:54.542, 1, 19 %, 8553 MiB
2026/09/07 23:05:55.050, 0, 20 %, 11513 MiB
2026/09/07 23:05:55.055, 1, 15 %, 8581 MiB
2026/09/07 23:05:55.578, 0, 20 %, 11520 MiB
2026/09/07 23:05:55.581, 1, 0 %, 8581 MiB
2026/09/07 23:05:56.093, 0, 20 %, 11935 MiB
2026/09/07 23:05:56.098, 1, 0 %, 8416 MiB
2026/09/07 23:05:56.603, 0, 20 %, 11986 MiB
2026/09/07 23:05:56.628, 1, 2 %, 8339 MiB
2026/09/07 23:05:57.274, 0, 16 %, 11990 MiB
2026/09/07 23:05:57.282, 1, 2 %, 8407 MiB
2026/09/07 23:05:57.790, 0, 16 %, 12001 MiB
2026/09/07 23:05:57.795, 1, 14 %, 8407 MiB
2026/09/07 23:05:58.308, 0, 0 %, 12006 MiB
2026/09/07 23:05:58.311, 1, 14 %, 8407 MiB
2026/09/07 23:05:58.818, 0, 0 %, 12028 MiB
2026/09/07 23:05:58.823, 1, 13 %, 8545 MiB
2026/09/07 23:05:59.328, 0, 0 %, 12028 MiB
2026/09/07 23:05:59.333, 1, 13 %, 8562 MiB
2026/09/07 23:05:59.840, 0, 20 %, 12035 MiB
2026/09/07 23:05:59.903, 1, 14 %, 8392 MiB
2026/09/07 23:06:00.411, 0, 20 %, 11880 MiB
2026/09/07 23:06:00.412, 1, 14 %, 7812 MiB
2026/09/07 23:06:00.918, 0, 21 %, 11861 MiB
2026/09/07 23:06:00.926, 1, 19 %, 8299 MiB
2026/09/07 23:06:01.438, 0, 21 %, 11343 MiB
2026/09/07 23:06:01.452, 1, 1 %, 8299 MiB
2026/09/07 23:06:01.962, 0, 21 %, 11396 MiB
2026/09/07 23:06:01.969, 1, 1 %, 8299 MiB
2026/09/07 23:06:02.480, 0, 0 %, 11470 MiB
2026/09/07 23:06:02.483, 1, 13 %, 8311 MiB
2026/09/07 23:06:02.991, 0, 0 %, 11541 MiB
2026/09/07 23:06:03.133, 1, 13 %, 8311 MiB
2026/09/07 23:06:03.783, 0, 15 %, 11605 MiB
2026/09/07 23:06:03.790, 1, 8 %, 8311 MiB
2026/09/07 23:06:04.293, 0, 15 %, 11755 MiB
2026/09/07 23:06:04.299, 1, 8 %, 8347 MiB
2026/09/07 23:06:04.805, 0, 15 %, 11756 MiB
2026/09/07 23:06:04.927, 1, 17 %, 8379 MiB
2026/09/07 23:06:05.572, 0, 19 %, 11794 MiB
2026/09/07 23:06:05.576, 1, 15 %, 8420 MiB
2026/09/07 23:06:06.085, 0, 19 %, 12283 MiB
2026/09/07 23:06:06.193, 1, 15 %, 8422 MiB
2026/09/07 23:06:06.838, 0, 21 %, 12753 MiB
2026/09/07 23:06:06.844, 1, 18 %, 8568 MiB
2026/09/07 23:06:07.351, 0, 21 %, 12583 MiB
2026/09/07 23:06:07.463, 1, 18 %, 8581 MiB
2026/09/07 23:06:07.972, 0, 1 %, 12535 MiB
2026/09/07 23:06:07.972, 1, 13 %, 8618 MiB
2026/09/07 23:06:08.479, 0, 10 %, 11995 MiB
2026/09/07 23:06:08.571, 1, 12 %, 9092 MiB
2026/09/07 23:06:09.215, 0, 10 %, 11986 MiB
2026/09/07 23:06:09.217, 1, 12 %, 9160 MiB
2026/09/07 23:06:09.727, 0, 1 %, 11986 MiB
2026/09/07 23:06:09.729, 1, 12 %, 9160 MiB
2026/09/07 23:06:10.237, 0, 1 %, 11986 MiB
2026/09/07 23:06:10.238, 1, 3 %, 9230 MiB
2026/09/07 23:06:10.742, 0, 1 %, 11784 MiB
2026/09/07 23:06:10.766, 1, 17 %, 9314 MiB
2026/09/07 23:06:11.419, 0, 1 %, 11235 MiB
2026/09/07 23:06:11.421, 1, 9 %, 9315 MiB
2026/09/07 23:06:11.927, 0, 1 %, 11235 MiB
2026/09/07 23:06:11.934, 1, 9 %, 9315 MiB
2026/09/07 23:06:12.446, 0, 1 %, 11219 MiB
2026/09/07 23:06:12.652, 1, 9 %, 9729 MiB
2026/09/07 23:06:13.159, 0, 1 %, 11219 MiB
2026/09/07 23:06:13.232, 1, 4 %, 9797 MiB
2026/09/07 23:06:13.741, 0, 0 %, 11219 MiB
2026/09/07 23:06:13.841, 1, 1 %, 9797 MiB
2026/09/07 23:06:14.350, 0, 0 %, 11219 MiB
2026/09/07 23:06:14.395, 1, 1 %, 9797 MiB
2026/09/07 23:06:15.039, 0, 20 %, 11219 MiB
2026/09/07 23:06:15.042, 1, 6 %, 9797 MiB
2026/09/07 23:06:15.553, 0, 20 %, 11219 MiB
2026/09/07 23:06:15.622, 1, 21 %, 9802 MiB
2026/09/07 23:06:16.129, 0, 8 %, 11235 MiB
2026/09/07 23:06:16.132, 1, 21 %, 9804 MiB
2026/09/07 23:06:16.637, 0, 8 %, 11244 MiB
2026/09/07 23:06:16.661, 1, 0 %, 9805 MiB
2026/09/07 23:06:17.168, 0, 20 %, 11251 MiB
2026/09/07 23:06:17.172, 1, 0 %, 9594 MiB
2026/09/07 23:06:17.680, 0, 20 %, 11259 MiB
2026/09/07 23:06:17.720, 1, 20 %, 9617 MiB
2026/09/07 23:06:18.231, 0, 0 %, 11251 MiB
2026/09/07 23:06:18.236, 1, 20 %, 9097 MiB
2026/09/07 23:06:18.743, 0, 15 %, 11247 MiB
2026/09/07 23:06:18.851, 1, 7 %, 9135 MiB
2026/09/07 23:06:19.358, 0, 15 %, 11081 MiB
2026/09/07 23:06:19.362, 1, 7 %, 9167 MiB
2026/09/07 23:06:19.868, 0, 15 %, 10969 MiB
2026/09/07 23:06:19.873, 1, 7 %, 9179 MiB
2026/09/07 23:06:20.381, 0, 17 %, 10320 MiB
2026/09/07 23:06:20.390, 1, 3 %, 9179 MiB
2026/09/07 23:06:20.891, 0, 17 %, 10284 MiB
2026/09/07 23:06:20.891, 1, 3 %, 9249 MiB
2026/09/07 23:06:21.399, 0, 15 %, 9738 MiB
2026/09/07 23:06:21.404, 1, 14 %, 9362 MiB
2026/09/07 23:06:21.910, 0, 15 %, 9734 MiB
2026/09/07 23:06:21.918, 1, 14 %, 9362 MiB
2026/09/07 23:06:22.419, 0, 15 %, 9731 MiB
2026/09/07 23:06:22.426, 1, 13 %, 9430 MiB
2026/09/07 23:06:22.926, 0, 0 %, 9750 MiB
2026/09/07 23:06:23.006, 1, 13 %, 9913 MiB
2026/09/07 23:06:23.652, 0, 30 %, 9818 MiB
2026/09/07 23:06:23.725, 1, 13 %, 9983 MiB
2026/09/07 23:06:24.236, 0, 30 %, 9834 MiB
2026/09/07 23:06:24.242, 1, 7 %, 10067 MiB
2026/09/07 23:06:24.749, 0, 7 %, 9968 MiB
2026/09/07 23:06:24.767, 1, 9 %, 10068 MiB
2026/09/07 23:06:25.274, 0, 7 %, 9999 MiB
2026/09/07 23:06:25.280, 1, 9 %, 10310 MiB
2026/09/07 23:06:25.787, 0, 7 %, 9994 MiB
2026/09/07 23:06:25.828, 1, 10 %, 9797 MiB
2026/09/07 23:06:26.334, 0, 4 %, 10417 MiB
2026/09/07 23:06:26.334, 1, 10 %, 9797 MiB
2026/09/07 23:06:26.839, 0, 15 %, 10435 MiB
2026/09/07 23:06:26.844, 1, 15 %, 9373 MiB
2026/09/07 23:06:27.347, 0, 15 %, 10335 MiB
2026/09/07 23:06:27.348, 1, 15 %, 9358 MiB
2026/09/07 23:06:27.988, 0, 2 %, 10226 MiB
2026/09/07 23:06:28.034, 1, 15 %, 8292 MiB
2026/09/07 23:06:28.575, 0, 2 %, 9739 MiB
2026/09/07 23:06:28.592, 1, 15 %, 8082 MiB
2026/09/07 23:06:29.098, 0, 0 %, 9809 MiB
2026/09/07 23:06:29.229, 1, 1 %, 8074 MiB
2026/09/07 23:06:29.737, 0, 0 %, 9793 MiB
2026/09/07 23:06:29.740, 1, 1 %, 7373 MiB
2026/09/07 23:06:30.245, 0, 9 %, 9781 MiB
2026/09/07 23:06:30.333, 1, 1 %, 6786 MiB
2026/09/07 23:06:30.840, 0, 9 %, 9862 MiB
2026/09/07 23:06:30.860, 1, 16 %, 6568 MiB
2026/09/07 23:06:31.505, 0, 0 %, 9910 MiB
2026/09/07 23:06:31.508, 1, 3 %, 6033 MiB
2026/09/07 23:06:32.015, 0, 0 %, 9918 MiB
2026/09/07 23:06:32.092, 1, 3 %, 6033 MiB
2026/09/07 23:06:32.732, 0, 8 %, 9948 MiB
2026/09/07 23:06:32.733, 1, 3 %, 6033 MiB
2026/09/07 23:06:33.238, 0, 8 %, 9947 MiB
2026/09/07 23:06:33.239, 1, 5 %, 6033 MiB
2026/09/07 23:06:33.748, 0, 8 %, 9955 MiB
2026/09/07 23:06:33.775, 1, 5 %, 6033 MiB
2026/09/07 23:06:34.420, 0, 0 %, 10420 MiB
2026/09/07 23:06:34.519, 1, 8 %, 6033 MiB
2026/09/07 23:06:35.023, 0, 0 %, 10499 MiB
2026/09/07 23:06:35.024, 1, 8 %, 6033 MiB
2026/09/07 23:06:35.526, 0, 1 %, 10514 MiB
2026/09/07 23:06:35.531, 1, 8 %, 6033 MiB
2026/09/07 23:06:36.034, 0, 1 %, 10672 MiB
2026/09/07 23:06:36.041, 1, 1 %, 6033 MiB
2026/09/07 23:06:36.545, 0, 0 %, 10681 MiB
2026/09/07 23:06:36.547, 1, 12 %, 6038 MiB
2026/09/07 23:06:37.048, 0, 0 %, 10708 MiB
2026/09/07 23:06:37.187, 1, 12 %, 5871 MiB
2026/09/07 23:06:37.688, 0, 20 %, 10977 MiB
2026/09/07 23:06:37.743, 1, 13 %, 5819 MiB
2026/09/07 23:06:38.248, 0, 20 %, 10421 MiB
2026/09/07 23:06:38.258, 1, 11 %, 5298 MiB
2026/09/07 23:06:38.768, 0, 6 %, 10250 MiB
2026/09/07 23:06:38.777, 1, 11 %, 5300 MiB
2026/09/07 23:06:39.287, 0, 6 %, 9264 MiB
2026/09/07 23:06:39.344, 1, 0 %, 5300 MiB
2026/09/07 23:06:39.989, 0, 0 %, 9226 MiB
2026/09/07 23:06:39.994, 1, 0 %, 5322 MiB
2026/09/07 23:06:40.500, 0, 0 %, 8618 MiB
2026/09/07 23:06:40.541, 1, 0 %, 5320 MiB
2026/09/07 23:06:41.089, 0, 14 %, 8118 MiB
2026/09/07 23:06:41.125, 1, 12 %, 5328 MiB
2026/09/07 23:06:41.770, 0, 14 %, 8122 MiB
2026/09/07 23:06:41.898, 1, 9 %, 5364 MiB
2026/09/07 23:06:42.405, 0, 8 %, 8123 MiB
2026/09/07 23:06:42.414, 1, 9 %, 5396 MiB
2026/09/07 23:06:42.920, 0, 8 %, 8113 MiB
2026/09/07 23:06:42.961, 1, 12 %, 5396 MiB
2026/09/07 23:06:43.606, 0, 8 %, 8117 MiB
2026/09/07 23:06:43.610, 1, 6 %, 5466 MiB
2026/09/07 23:06:44.117, 0, 8 %, 8127 MiB
2026/09/07 23:06:44.227, 1, 6 %, 5551 MiB
2026/09/07 23:06:44.881, 0, 0 %, 8152 MiB
2026/09/07 23:06:45.103, 1, 6 %, 5553 MiB
2026/09/07 23:06:45.609, 0, 16 %, 8231 MiB
2026/09/07 23:06:45.612, 1, 5 %, 6033 MiB
2026/09/07 23:06:46.117, 0, 16 %, 8236 MiB
2026/09/07 23:06:46.295, 1, 1 %, 6038 MiB
2026/09/07 23:06:46.801, 0, 14 %, 8340 MiB
2026/09/07 23:06:46.805, 1, 1 %, 6040 MiB
2026/09/07 23:06:47.314, 0, 14 %, 8417 MiB
2026/09/07 23:06:47.317, 1, 1 %, 6045 MiB
2026/09/07 23:06:47.818, 0, 13 %, 8435 MiB
2026/09/07 23:06:47.821, 1, 13 %, 6060 MiB
2026/09/07 23:06:48.325, 0, 13 %, 8468 MiB
2026/09/07 23:06:48.329, 1, 13 %, 6060 MiB
2026/09/07 23:06:48.833, 0, 12 %, 8965 MiB
2026/09/07 23:06:48.837, 1, 13 %, 6105 MiB
2026/09/07 23:06:49.343, 0, 12 %, 8985 MiB
2026/09/07 23:06:49.369, 1, 14 %, 6107 MiB
2026/09/07 23:06:49.876, 0, 18 %, 8956 MiB
2026/09/07 23:06:49.876, 1, 14 %, 6217 MiB
2026/09/07 23:06:50.383, 0, 18 %, 8984 MiB
2026/09/07 23:06:50.445, 1, 14 %, 6330 MiB
2026/09/07 23:06:51.095, 0, 13 %, 9031 MiB
2026/09/07 23:06:51.097, 1, 15 %, 6477 MiB
2026/09/07 23:06:51.602, 0, 13 %, 9067 MiB
2026/09/07 23:06:51.720, 1, 15 %, 6492 MiB
2026/09/07 23:06:52.229, 0, 5 %, 9067 MiB
2026/09/07 23:06:52.251, 1, 15 %, 6601 MiB
2026/09/07 23:06:52.758, 0, 15 %, 9137 MiB
2026/09/07 23:06:52.765, 1, 28 %, 7231 MiB
2026/09/07 23:06:53.271, 0, 15 %, 9205 MiB
2026/09/07 23:06:53.275, 1, 28 %, 7239 MiB
2026/09/07 23:06:53.784, 0, 15 %, 9222 MiB
2026/09/07 23:06:53.787, 1, 13 %, 7333 MiB
2026/09/07 23:06:54.295, 0, 2 %, 9230 MiB
2026/09/07 23:06:54.298, 1, 13 %, 7972 MiB
2026/09/07 23:06:54.804, 0, 18 %, 9666 MiB
2026/09/07 23:06:54.806, 1, 10 %, 8040 MiB
2026/09/07 23:06:55.317, 0, 18 %, 9738 MiB
2026/09/07 23:06:55.317, 1, 10 %, 8114 MiB
2026/09/07 23:06:55.822, 0, 18 %, 9764 MiB
2026/09/07 23:06:55.828, 1, 19 %, 8747 MiB
2026/09/07 23:06:56.337, 0, 10 %, 9786 MiB
2026/09/07 23:06:56.340, 1, 14 %, 8820 MiB
2026/09/07 23:06:56.854, 0, 10 %, 9823 MiB
2026/09/07 23:06:56.860, 1, 14 %, 8837 MiB
2026/09/07 23:06:57.369, 0, 9 %, 9422 MiB
2026/09/07 23:06:57.372, 1, 16 %, 9322 MiB
2026/09/07 23:06:57.882, 0, 9 %, 9425 MiB
2026/09/07 23:06:57.883, 1, 16 %, 9326 MiB
2026/09/07 23:06:58.386, 0, 0 %, 8889 MiB
2026/09/07 23:06:58.460, 1, 16 %, 9399 MiB
2026/09/07 23:06:58.970, 0, 0 %, 8487 MiB
2026/09/07 23:06:58.971, 1, 0 %, 9816 MiB
2026/09/07 23:06:59.476, 0, 0 %, 8540 MiB
2026/09/07 23:06:59.550, 1, 19 %, 9817 MiB
2026/09/07 23:07:00.056, 0, 2 %, 8569 MiB
2026/09/07 23:07:00.060, 1, 19 %, 9845 MiB
2026/09/07 23:07:00.573, 0, 2 %, 8871 MiB
2026/09/07 23:07:00.637, 1, 18 %, 9853 MiB
2026/09/07 23:07:01.291, 0, 23 %, 8388 MiB
2026/09/07 23:07:01.329, 1, 18 %, 9913 MiB
2026/09/07 23:07:01.836, 0, 23 %, 8420 MiB
2026/09/07 23:07:01.840, 1, 18 %, 9913 MiB
2026/09/07 23:07:02.354, 0, 23 %, 8517 MiB
2026/09/07 23:07:02.355, 1, 11 %, 9913 MiB
2026/09/07 23:07:02.863, 0, 1 %, 8606 MiB
2026/09/07 23:07:02.869, 1, 19 %, 10051 MiB
2026/09/07 23:07:03.379, 0, 6 %, 8606 MiB
2026/09/07 23:07:03.383, 1, 19 %, 9901 MiB
2026/09/07 23:07:03.888, 0, 6 %, 8685 MiB
2026/09/07 23:07:04.011, 1, 18 %, 9850 MiB
2026/09/07 23:07:04.516, 0, 13 %, 9193 MiB
2026/09/07 23:07:04.519, 1, 11 %, 9325 MiB
2026/09/07 23:07:05.026, 0, 13 %, 9268 MiB
2026/09/07 23:07:05.166, 1, 11 %, 9797 MiB
2026/09/07 23:07:05.671, 0, 3 %, 9306 MiB
2026/09/07 23:07:05.672, 1, 11 %, 9797 MiB
2026/09/07 23:07:06.174, 0, 3 %, 9748 MiB
2026/09/07 23:07:06.178, 1, 0 %, 9797 MiB
2026/09/07 23:07:06.683, 0, 2 %, 9818 MiB
2026/09/07 23:07:06.695, 1, 0 %, 9797 MiB
2026/09/07 23:07:07.203, 0, 2 %, 9818 MiB
2026/09/07 23:07:07.204, 1, 0 %, 9797 MiB
2026/09/07 23:07:07.714, 0, 2 %, 9897 MiB
2026/09/07 23:07:07.715, 1, 1 %, 9797 MiB
2026/09/07 23:07:08.220, 0, 18 %, 9976 MiB
2026/09/07 23:07:08.338, 1, 17 %, 9797 MiB
2026/09/07 23:07:08.845, 0, 4 %, 9981 MiB
2026/09/07 23:07:08.848, 1, 17 %, 9797 MiB
2026/09/07 23:07:09.350, 0, 4 %, 10467 MiB
2026/09/07 23:07:09.413, 1, 0 %, 9797 MiB
2026/09/07 23:07:10.064, 0, 17 %, 10467 MiB
2026/09/07 23:07:10.069, 1, 0 %, 9804 MiB
2026/09/07 23:07:10.578, 0, 17 %, 10467 MiB
2026/09/07 23:07:10.584, 1, 18 %, 9805 MiB
2026/09/07 23:07:11.092, 0, 15 %, 10483 MiB
2026/09/07 23:07:11.104, 1, 18 %, 9816 MiB
2026/09/07 23:07:11.612, 0, 15 %, 10468 MiB
2026/09/07 23:07:11.644, 1, 2 %, 9839 MiB
2026/09/07 23:07:12.153, 0, 18 %, 10493 MiB
2026/09/07 23:07:12.156, 1, 2 %, 9845 MiB
2026/09/07 23:07:12.660, 0, 18 %, 10499 MiB
2026/09/07 23:07:12.689, 1, 18 %, 9881 MiB
2026/09/07 23:07:13.194, 0, 10 %, 10486 MiB
2026/09/07 23:07:13.194, 1, 18 %, 9913 MiB
2026/09/07 23:07:13.694, 0, 10 %, 10484 MiB
2026/09/07 23:07:13.713, 1, 0 %, 9983 MiB
2026/09/07 23:07:14.220, 0, 17 %, 10490 MiB
2026/09/07 23:07:14.222, 1, 0 %, 10067 MiB
2026/09/07 23:07:14.728, 0, 17 %, 10479 MiB
2026/09/07 23:07:14.859, 1, 0 %, 10068 MiB
2026/09/07 23:07:15.364, 0, 1 %, 10505 MiB
2026/09/07 23:07:15.365, 1, 1 %, 10340 MiB
2026/09/07 23:07:15.871, 0, 1 %, 10534 MiB
2026/09/07 23:07:15.874, 1, 17 %, 10328 MiB
2026/09/07 23:07:16.380, 0, 3 %, 10518 MiB
2026/09/07 23:07:16.384, 1, 17 %, 9585 MiB
2026/09/07 23:07:16.890, 0, 3 %, 10595 MiB
2026/09/07 23:07:16.900, 1, 17 %, 9582 MiB
2026/09/07 23:07:17.407, 0, 2 %, 10601 MiB
2026/09/07 23:07:17.464, 1, 7 %, 9583 MiB
2026/09/07 23:07:17.973, 0, 2 %, 10655 MiB
2026/09/07 23:07:17.974, 1, 23 %, 8846 MiB
2026/09/07 23:07:18.484, 0, 2 %, 10559 MiB
2026/09/07 23:07:18.487, 1, 23 %, 8842 MiB
2026/09/07 23:07:18.993, 0, 5 %, 10513 MiB
2026/09/07 23:07:18.996, 1, 15 %, 8321 MiB
2026/09/07 23:07:19.507, 0, 5 %, 9973 MiB
2026/09/07 23:07:19.546, 1, 15 %, 8327 MiB
2026/09/07 23:07:20.055, 0, 1 %, 9976 MiB
2026/09/07 23:07:20.130, 1, 3 %, 8339 MiB
2026/09/07 23:07:20.638, 0, 1 %, 10058 MiB
2026/09/07 23:07:20.689, 1, 3 %, 8407 MiB
2026/09/07 23:07:21.195, 0, 0 %, 10473 MiB
2026/09/07 23:07:21.196, 1, 3 %, 8412 MiB
2026/09/07 23:07:21.699, 0, 0 %, 10484 MiB
2026/09/07 23:07:21.700, 1, 3 %, 8414 MiB
2026/09/07 23:07:22.200, 0, 1 %, 10502 MiB
2026/09/07 23:07:22.235, 1, 3 %, 8485 MiB
2026/09/07 23:07:22.739, 0, 1 %, 10537 MiB
2026/09/07 23:07:22.742, 1, 0 %, 8579 MiB
2026/09/07 23:07:23.260, 0, 1 %, 10403 MiB
2026/09/07 23:07:23.273, 1, 0 %, 8592 MiB
2026/09/07 23:07:23.787, 0, 0 %, 10352 MiB
2026/09/07 23:07:23.825, 1, 0 %, 8614 MiB
2026/09/07 23:07:24.330, 0, 0 %, 10361 MiB
2026/09/07 23:07:24.337, 1, 0 %, 9092 MiB
2026/09/07 23:07:24.848, 0, 0 %, 9751 MiB
2026/09/07 23:07:24.852, 1, 0 %, 9160 MiB
2026/09/07 23:07:25.359, 0, 1 %, 9759 MiB
2026/09/07 23:07:25.467, 1, 1 %, 9160 MiB
2026/09/07 23:07:26.107, 0, 16 %, 8805 MiB
2026/09/07 23:07:26.111, 1, 1 %, 9230 MiB
2026/09/07 23:07:26.616, 0, 16 %, 9264 MiB
2026/09/07 23:07:26.616, 1, 15 %, 9298 MiB
2026/09/07 23:07:27.116, 0, 16 %, 8706 MiB
2026/09/07 23:07:27.179, 1, 15 %, 9314 MiB
2026/09/07 23:07:27.684, 0, 4 %, 7948 MiB
2026/09/07 23:07:27.688, 1, 5 %, 9325 MiB
2026/09/07 23:07:28.193, 0, 4 %, 7398 MiB
2026/09/07 23:07:28.195, 1, 5 %, 9727 MiB
2026/09/07 23:07:28.696, 0, 4 %, 7392 MiB
2026/09/07 23:07:28.721, 1, 5 %, 9797 MiB
2026/09/07 23:07:29.228, 0, 11 %, 7398 MiB
2026/09/07 23:07:29.344, 1, 14 %, 9627 MiB
2026/09/07 23:07:29.849, 0, 1 %, 7385 MiB
2026/09/07 23:07:29.851, 1, 14 %, 9575 MiB
2026/09/07 23:07:30.354, 0, 1 %, 7376 MiB
2026/09/07 23:07:30.436, 1, 12 %, 9044 MiB
2026/09/07 23:07:30.939, 0, 1 %, 7382 MiB
2026/09/07 23:07:30.971, 1, 12 %, 9044 MiB
2026/09/07 23:07:31.472, 0, 1 %, 7175 MiB
2026/09/07 23:07:31.475, 1, 12 %, 9051 MiB
2026/09/07 23:07:31.980, 0, 1 %, 7162 MiB
2026/09/07 23:07:31.983, 1, 18 %, 9062 MiB
2026/09/07 23:07:32.487, 0, 0 %, 6631 MiB
2026/09/07 23:07:32.542, 1, 18 %, 9064 MiB
2026/09/07 23:07:33.042, 0, 0 %, 6631 MiB
2026/09/07 23:07:33.076, 1, 17 %, 8655 MiB
2026/09/07 23:07:33.716, 0, 0 %, 6631 MiB
2026/09/07 23:07:33.726, 1, 17 %, 8694 MiB
2026/09/07 23:07:34.237, 0, 2 %, 6391 MiB
2026/09/07 23:07:34.303, 1, 5 %, 7674 MiB
2026/09/07 23:07:34.946, 0, 7 %, 5852 MiB
2026/09/07 23:07:35.049, 1, 5 %, 7674 MiB
2026/09/07 23:07:35.552, 0, 7 %, 5868 MiB
2026/09/07 23:07:35.569, 1, 0 %, 7764 MiB
2026/09/07 23:07:36.075, 0, 1 %, 5713 MiB
2026/09/07 23:07:36.078, 1, 0 %, 7844 MiB
2026/09/07 23:07:36.580, 0, 1 %, 5672 MiB
2026/09/07 23:07:36.709, 1, 1 %, 7892 MiB
2026/09/07 23:07:37.353, 0, 6 %, 5125 MiB
2026/09/07 23:07:37.491, 1, 1 %, 7925 MiB
2026/09/07 23:07:38.007, 0, 6 %, 5157 MiB
2026/09/07 23:07:38.011, 1, 1 %, 7733 MiB
2026/09/07 23:07:38.518, 0, 4 %, 5182 MiB
2026/09/07 23:07:38.525, 1, 14 %, 7437 MiB
2026/09/07 23:07:39.110, 0, 4 %, 5201 MiB
2026/09/07 23:07:39.111, 1, 14 %, 7502 MiB
2026/09/07 23:07:39.616, 0, 5 %, 5234 MiB
2026/09/07 23:07:39.743, 1, 11 %, 7063 MiB
2026/09/07 23:07:40.387, 0, 0 %, 5281 MiB
2026/09/07 23:07:40.392, 1, 3 %, 7065 MiB
2026/09/07 23:07:40.902, 0, 0 %, 5386 MiB
2026/09/07 23:07:40.971, 1, 3 %, 7558 MiB
2026/09/07 23:07:41.477, 0, 0 %, 5467 MiB
2026/09/07 23:07:41.478, 1, 8 %, 7558 MiB
2026/09/07 23:07:41.984, 0, 0 %, 5477 MiB
2026/09/07 23:07:41.985, 1, 8 %, 7582 MiB
2026/09/07 23:07:42.488, 0, 0 %, 5642 MiB
2026/09/07 23:07:42.577, 1, 11 %, 7586 MiB
2026/09/07 23:07:43.086, 0, 0 %, 6126 MiB
2026/09/07 23:07:43.086, 1, 11 %, 7654 MiB
2026/09/07 23:07:43.589, 0, 1 %, 6144 MiB
2026/09/07 23:07:43.750, 1, 11 %, 7654 MiB
2026/09/07 23:07:44.255, 0, 0 %, 6154 MiB
2026/09/07 23:07:44.279, 1, 5 %, 7654 MiB
2026/09/07 23:07:44.920, 0, 6 %, 6618 MiB
2026/09/07 23:07:44.940, 1, 5 %, 7724 MiB
2026/09/07 23:07:45.584, 0, 6 %, 6616 MiB
2026/09/07 23:07:45.612, 1, 1 %, 7792 MiB
2026/09/07 23:07:46.254, 0, 0 %, 6606 MiB
2026/09/07 23:07:46.256, 1, 1 %, 7809 MiB
2026/09/07 23:07:46.763, 0, 0 %, 6590 MiB
2026/09/07 23:07:46.922, 1, 15 %, 7056 MiB
2026/09/07 23:07:47.429, 0, 1 %, 6585 MiB
2026/09/07 23:07:47.433, 1, 1 %, 6889 MiB
2026/09/07 23:07:47.938, 0, 1 %, 6594 MiB
2026/09/07 23:07:48.012, 1, 1 %, 6917 MiB
2026/09/07 23:07:48.518, 0, 6 %, 6596 MiB
2026/09/07 23:07:48.542, 1, 0 %, 6786 MiB
2026/09/07 23:07:49.047, 0, 6 %, 6596 MiB
2026/09/07 23:07:49.049, 1, 1 %, 6786 MiB
2026/09/07 23:07:49.550, 0, 6 %, 6614 MiB
2026/09/07 23:07:49.551, 1, 1 %, 6786 MiB
2026/09/07 23:07:50.057, 0, 6 %, 6642 MiB
2026/09/07 23:07:50.060, 1, 1 %, 6786 MiB
2026/09/07 23:07:50.567, 0, 2 %, 6671 MiB
2026/09/07 23:07:50.570, 1, 1 %, 6786 MiB
2026/09/07 23:07:51.071, 0, 2 %, 6701 MiB
2026/09/07 23:07:51.195, 1, 8 %, 6786 MiB
2026/09/07 23:07:51.702, 0, 4 %, 6806 MiB
2026/09/07 23:07:51.753, 1, 8 %, 6786 MiB
2026/09/07 23:07:52.260, 0, 4 %, 6812 MiB
2026/09/07 23:07:52.264, 1, 8 %, 6786 MiB
2026/09/07 23:07:52.769, 0, 4 %, 6828 MiB
2026/09/07 23:07:52.773, 1, 0 %, 6786 MiB
2026/09/07 23:07:53.274, 0, 1 %, 6908 MiB
2026/09/07 23:07:53.308, 1, 0 %, 6791 MiB
2026/09/07 23:07:53.818, 0, 1 %, 6822 MiB
2026/09/07 23:07:53.822, 1, 1 %, 6793 MiB
2026/09/07 23:07:54.325, 0, 4 %, 6823 MiB
2026/09/07 23:07:54.331, 1, 1 %, 6794 MiB
2026/09/07 23:07:54.848, 0, 4 %, 5528 MiB
2026/09/07 23:07:54.849, 1, 1 %, 6804 MiB
2026/09/07 23:07:55.355, 0, 0 %, 6030 MiB
2026/09/07 23:07:55.369, 1, 10 %, 6805 MiB
2026/09/07 23:07:56.020, 0, 0 %, 6190 MiB
2026/09/07 23:07:56.281, 1, 10 %, 6816 MiB
2026/09/07 23:07:56.782, 0, 5 %, 6237 MiB
2026/09/07 23:07:56.786, 1, 13 %, 6834 MiB
2026/09/07 23:07:57.293, 0, 2 %, 6273 MiB
2026/09/07 23:07:57.323, 1, 0 %, 6866 MiB
2026/09/07 23:07:57.968, 0, 2 %, 6350 MiB
2026/09/07 23:07:57.968, 1, 0 %, 6907 MiB
2026/09/07 23:07:58.473, 0, 2 %, 6815 MiB
2026/09/07 23:07:58.585, 1, 0 %, 6909 MiB
2026/09/07 23:07:59.089, 0, 0 %, 7033 MiB
2026/09/07 23:07:59.091, 1, 5 %, 7055 MiB
2026/09/07 23:07:59.596, 0, 10 %, 7066 MiB
2026/09/07 23:07:59.742, 1, 5 %, 7108 MiB
2026/09/07 23:08:00.247, 0, 10 %, 7157 MiB
2026/09/07 23:08:00.250, 1, 10 %, 6919 MiB
2026/09/07 23:08:00.757, 0, 6 %, 7703 MiB
2026/09/07 23:08:00.769, 1, 10 %, 6895 MiB
2026/09/07 23:08:01.276, 0, 6 %, 7704 MiB
2026/09/07 23:08:01.281, 1, 10 %, 6938 MiB
2026/09/07 23:08:01.790, 0, 7 %, 7707 MiB
2026/09/07 23:08:01.802, 1, 13 %, 6940 MiB
2026/09/07 23:08:02.305, 0, 7 %, 8190 MiB
2026/09/07 23:08:02.313, 1, 13 %, 7049 MiB
2026/09/07 23:08:02.825, 0, 8 %, 8221 MiB
2026/09/07 23:08:02.829, 1, 5 %, 7135 MiB
2026/09/07 23:08:03.337, 0, 8 %, 8237 MiB
2026/09/07 23:08:03.341, 1, 5 %, 7223 MiB
2026/09/07 23:08:03.844, 0, 10 %, 8276 MiB
2026/09/07 23:08:03.848, 1, 5 %, 7287 MiB
2026/09/07 23:08:04.349, 0, 10 %, 8299 MiB
2026/09/07 23:08:04.351, 1, 0 %, 7288 MiB
2026/09/07 23:08:04.862, 0, 10 %, 8306 MiB
2026/09/07 23:08:04.868, 1, 0 %, 7366 MiB
2026/09/07 23:08:05.374, 0, 6 %, 8400 MiB
2026/09/07 23:08:05.475, 1, 16 %, 8047 MiB
2026/09/07 23:08:06.117, 0, 6 %, 8512 MiB
2026/09/07 23:08:06.125, 1, 7 %, 7872 MiB
2026/09/07 23:08:06.628, 0, 6 %, 8613 MiB
2026/09/07 23:08:06.631, 1, 12 %, 7367 MiB
2026/09/07 23:08:07.140, 0, 6 %, 8638 MiB
2026/09/07 23:08:07.144, 1, 12 %, 8188 MiB
2026/09/07 23:08:07.653, 0, 6 %, 9229 MiB
2026/09/07 23:08:07.796, 1, 12 %, 8372 MiB
2026/09/07 23:08:08.298, 0, 0 %, 9374 MiB
2026/09/07 23:08:08.309, 1, 0 %, 8174 MiB
2026/09/07 23:08:08.824, 0, 0 %, 9287 MiB
2026/09/07 23:08:08.864, 1, 22 %, 8271 MiB
2026/09/07 23:08:09.372, 0, 2 %, 9779 MiB
2026/09/07 23:08:09.379, 1, 22 %, 7576 MiB
2026/09/07 23:08:09.886, 0, 2 %, 9069 MiB
2026/09/07 23:08:09.892, 1, 5 %, 7567 MiB
2026/09/07 23:08:10.405, 0, 2 %, 9046 MiB
2026/09/07 23:08:10.481, 1, 0 %, 7106 MiB
2026/09/07 23:08:10.988, 0, 4 %, 9071 MiB
2026/09/07 23:08:10.992, 1, 0 %, 7245 MiB
2026/09/07 23:08:11.546, 0, 11 %, 8931 MiB
2026/09/07 23:08:11.591, 1, 0 %, 7374 MiB
2026/09/07 23:08:12.240, 0, 11 %, 9035 MiB
2026/09/07 23:08:12.248, 1, 0 %, 7382 MiB
2026/09/07 23:08:12.756, 0, 1 %, 9067 MiB
2026/09/07 23:08:12.771, 1, 0 %, 7415 MiB
2026/09/07 23:08:13.416, 0, 1 %, 9071 MiB
2026/09/07 23:08:13.466, 1, 4 %, 7455 MiB
2026/09/07 23:08:13.972, 0, 0 %, 9073 MiB
2026/09/07 23:08:13.976, 1, 4 %, 7929 MiB
2026/09/07 23:08:14.764, 0, 0 %, 9138 MiB
2026/09/07 23:08:14.856, 1, 4 %, 8407 MiB
2026/09/07 23:08:15.372, 0, 0 %, 9231 MiB
2026/09/07 23:08:15.373, 1, 2 %, 8477 MiB
2026/09/07 23:08:15.891, 0, 9 %, 9243 MiB
2026/09/07 23:08:16.029, 1, 2 %, 8562 MiB
2026/09/07 23:08:16.535, 0, 10 %, 9789 MiB
2026/09/07 23:08:16.536, 1, 11 %, 8572 MiB
2026/09/07 23:08:17.040, 0, 10 %, 9831 MiB
2026/09/07 23:08:17.043, 1, 11 %, 9044 MiB
2026/09/07 23:08:17.545, 0, 10 %, 9916 MiB
2026/09/07 23:08:17.608, 1, 12 %, 9044 MiB
2026/09/07 23:08:18.250, 0, 0 %, 10120 MiB
2026/09/07 23:08:18.250, 1, 9 %, 9051 MiB
2026/09/07 23:08:18.756, 0, 0 %, 10220 MiB
2026/09/07 23:08:18.877, 1, 0 %, 9052 MiB
2026/09/07 23:08:19.388, 0, 14 %, 10297 MiB
2026/09/07 23:08:19.396, 1, 0 %, 8840 MiB
2026/09/07 23:08:19.899, 0, 14 %, 10769 MiB
2026/09/07 23:08:19.914, 1, 0 %, 8311 MiB
2026/09/07 23:08:20.424, 0, 12 %, 11187 MiB
2026/09/07 23:08:20.428, 1, 2 %, 8333 MiB
2026/09/07 23:08:20.933, 0, 12 %, 11243 MiB
2026/09/07 23:08:21.119, 1, 12 %, 8347 MiB
2026/09/07 23:08:21.626, 0, 12 %, 11268 MiB
2026/09/07 23:08:21.628, 1, 12 %, 8407 MiB
2026/09/07 23:08:22.133, 0, 2 %, 11123 MiB
2026/09/07 23:08:22.136, 1, 12 %, 8407 MiB
2026/09/07 23:08:22.642, 0, 2 %, 11104 MiB
2026/09/07 23:08:22.642, 1, 10 %, 8561 MiB
2026/09/07 23:08:23.142, 0, 2 %, 11105 MiB
2026/09/07 23:08:23.147, 1, 10 %, 8562 MiB
2026/09/07 23:08:23.656, 0, 12 %, 10719 MiB
2026/09/07 23:08:23.662, 1, 10 %, 8974 MiB
2026/09/07 23:08:24.169, 0, 12 %, 10738 MiB
2026/09/07 23:08:24.173, 1, 10 %, 9044 MiB
2026/09/07 23:08:24.678, 0, 19 %, 11234 MiB
2026/09/07 23:08:24.682, 1, 7 %, 9051 MiB
2026/09/07 23:08:25.184, 0, 19 %, 11244 MiB
2026/09/07 23:08:25.186, 1, 7 %, 9053 MiB
2026/09/07 23:08:25.691, 0, 18 %, 11043 MiB
2026/09/07 23:08:25.810, 1, 18 %, 9081 MiB
2026/09/07 23:08:26.318, 0, 11 %, 11052 MiB
2026/09/07 23:08:26.325, 1, 18 %, 8889 MiB
2026/09/07 23:08:26.825, 0, 11 %, 10298 MiB
2026/09/07 23:08:27.045, 1, 12 %, 8928 MiB
2026/09/07 23:08:27.554, 0, 7 %, 10187 MiB
2026/09/07 23:08:27.556, 1, 12 %, 8455 MiB
2026/09/07 23:08:28.064, 0, 7 %, 9608 MiB
2026/09/07 23:08:28.080, 1, 5 %, 8491 MiB
2026/09/07 23:08:28.582, 0, 7 %, 9101 MiB
2026/09/07 23:08:28.679, 1, 14 %, 8657 MiB
2026/09/07 23:08:29.190, 0, 5 %, 9133 MiB
2026/09/07 23:08:29.194, 1, 14 %, 8661 MiB
2026/09/07 23:08:29.695, 0, 5 %, 9169 MiB
2026/09/07 23:08:29.697, 1, 7 %, 8677 MiB
2026/09/07 23:08:30.200, 0, 5 %, 9239 MiB
2026/09/07 23:08:30.212, 1, 7 %, 8678 MiB
2026/09/07 23:08:30.716, 0, 9 %, 9238 MiB
2026/09/07 23:08:30.716, 1, 7 %, 8748 MiB
2026/09/07 23:08:31.222, 0, 9 %, 9303 MiB
2026/09/07 23:08:31.292, 1, 0 %, 8814 MiB
2026/09/07 23:08:31.935, 0, 1 %, 9389 MiB
2026/09/07 23:08:31.940, 1, 0 %, 9244 MiB
2026/09/07 23:08:32.446, 0, 1 %, 9454 MiB
2026/09/07 23:08:32.470, 1, 17 %, 9314 MiB
2026/09/07 23:08:32.976, 0, 5 %, 9470 MiB
2026/09/07 23:08:32.978, 1, 17 %, 9315 MiB
2026/09/07 23:08:33.483, 0, 8 %, 9549 MiB
2026/09/07 23:08:33.491, 1, 0 %, 9315 MiB
2026/09/07 23:08:34.001, 0, 8 %, 9953 MiB
2026/09/07 23:08:34.005, 1, 0 %, 9727 MiB
2026/09/07 23:08:34.512, 0, 8 %, 10365 MiB
2026/09/07 23:08:34.513, 1, 9 %, 9797 MiB
2026/09/07 23:08:35.165, 0, 0 %, 10435 MiB
2026/09/07 23:08:35.289, 1, 3 %, 9797 MiB
2026/09/07 23:08:35.797, 0, 0 %, 10435 MiB
2026/09/07 23:08:35.800, 1, 19 %, 9797 MiB
2026/09/07 23:08:36.305, 0, 0 %, 10258 MiB
2026/09/07 23:08:36.315, 1, 19 %, 9797 MiB
2026/09/07 23:08:36.821, 0, 0 %, 10265 MiB
2026/09/07 23:08:36.825, 1, 19 %, 9797 MiB
2026/09/07 23:08:37.329, 0, 20 %, 9727 MiB
2026/09/07 23:08:37.332, 1, 7 %, 9797 MiB
2026/09/07 23:08:37.834, 0, 20 %, 9718 MiB
2026/09/07 23:08:37.835, 1, 14 %, 9797 MiB
2026/09/07 23:08:38.339, 0, 20 %, 9707 MiB
2026/09/07 23:08:38.342, 1, 14 %, 9797 MiB
2026/09/07 23:08:38.844, 0, 17 %, 9684 MiB
2026/09/07 23:08:38.846, 1, 17 %, 9797 MiB
2026/09/07 23:08:39.491, 0, 1 %, 9693 MiB
2026/09/07 23:08:39.494, 1, 17 %, 9797 MiB
2026/09/07 23:08:39.997, 0, 1 %, 9693 MiB
2026/09/07 23:08:40.088, 1, 0 %, 9797 MiB
2026/09/07 23:08:40.599, 0, 1 %, 9700 MiB
2026/09/07 23:08:40.602, 1, 0 %, 9797 MiB
2026/09/07 23:08:41.105, 0, 0 %, 9708 MiB
2026/09/07 23:08:41.111, 1, 17 %, 9797 MiB
2026/09/07 23:08:41.616, 0, 0 %, 9725 MiB
2026/09/07 23:08:41.623, 1, 19 %, 9797 MiB
2026/09/07 23:08:42.129, 0, 0 %, 9714 MiB
2026/09/07 23:08:42.130, 1, 19 %, 9797 MiB
2026/09/07 23:08:42.636, 0, 14 %, 9716 MiB
2026/09/07 23:08:42.774, 1, 0 %, 9809 MiB
2026/09/07 23:08:43.426, 0, 12 %, 9745 MiB
2026/09/07 23:08:43.427, 1, 0 %, 9822 MiB
2026/09/07 23:08:43.935, 0, 12 %, 9748 MiB
2026/09/07 23:08:43.942, 1, 13 %, 9764 MiB
2026/09/07 23:08:44.447, 0, 15 %, 9783 MiB
2026/09/07 23:08:44.451, 1, 13 %, 9662 MiB
2026/09/07 23:08:44.960, 0, 15 %, 9776 MiB
2026/09/07 23:08:45.082, 1, 1 %, 9139 MiB
2026/09/07 23:08:45.590, 0, 7 %, 9829 MiB
2026/09/07 23:08:45.595, 1, 1 %, 9275 MiB
2026/09/07 23:08:46.101, 0, 7 %, 9841 MiB
2026/09/07 23:08:46.157, 1, 1 %, 9275 MiB
2026/09/07 23:08:46.664, 0, 26 %, 9705 MiB
2026/09/07 23:08:46.672, 1, 7 %, 9483 MiB
2026/09/07 23:08:47.179, 0, 1 %, 9741 MiB
2026/09/07 23:08:47.183, 1, 7 %, 9564 MiB
2026/09/07 23:08:47.691, 0, 1 %, 9236 MiB
2026/09/07 23:08:47.822, 1, 0 %, 9584 MiB
2026/09/07 23:08:48.342, 0, 1 %, 9372 MiB
2026/09/07 23:08:48.346, 1, 0 %, 9597 MiB
2026/09/07 23:08:48.853, 0, 7 %, 9389 MiB
2026/09/07 23:08:48.857, 1, 0 %, 10007 MiB
2026/09/07 23:08:49.363, 0, 7 %, 9479 MiB
2026/09/07 23:08:49.421, 1, 0 %, 10488 MiB
2026/09/07 23:08:49.921, 0, 14 %, 9981 MiB
2026/09/07 23:08:49.927, 1, 0 %, 10347 MiB
2026/09/07 23:08:50.438, 0, 14 %, 10130 MiB
2026/09/07 23:08:50.489, 1, 0 %, 10357 MiB
2026/09/07 23:08:51.138, 0, 0 %, 10601 MiB
2026/09/07 23:08:51.143, 1, 0 %, 9643 MiB
2026/09/07 23:08:51.643, 0, 15 %, 10735 MiB
2026/09/07 23:08:51.913, 1, 0 %, 9588 MiB
2026/09/07 23:08:52.423, 0, 15 %, 10725 MiB
2026/09/07 23:08:52.426, 1, 0 %, 8994 MiB
2026/09/07 23:08:52.931, 0, 9 %, 10724 MiB
2026/09/07 23:08:52.943, 1, 0 %, 8407 MiB
2026/09/07 23:08:53.451, 0, 9 %, 10727 MiB
2026/09/07 23:08:53.462, 1, 16 %, 8407 MiB
2026/09/07 23:08:53.967, 0, 9 %, 10733 MiB
2026/09/07 23:08:54.020, 1, 16 %, 8477 MiB
2026/09/07 23:08:54.660, 0, 1 %, 11222 MiB
2026/09/07 23:08:54.738, 1, 0 %, 8541 MiB
2026/09/07 23:08:55.245, 0, 1 %, 11238 MiB
2026/09/07 23:08:55.272, 1, 0 %, 8562 MiB
2026/09/07 23:08:55.779, 0, 20 %, 11240 MiB
2026/09/07 23:08:55.877, 1, 10 %, 8562 MiB
2026/09/07 23:08:56.383, 0, 20 %, 11268 MiB
2026/09/07 23:08:56.384, 1, 10 %, 8566 MiB
2026/09/07 23:08:56.885, 0, 20 %, 11268 MiB
2026/09/07 23:08:56.956, 1, 17 %, 9044 MiB
2026/09/07 23:08:57.460, 0, 0 %, 11323 MiB
2026/09/07 23:08:57.461, 1, 16 %, 8822 MiB
2026/09/07 23:08:57.966, 0, 0 %, 11305 MiB
2026/09/07 23:08:57.996, 1, 16 %, 8292 MiB
2026/09/07 23:08:58.545, 0, 2 %, 11447 MiB
2026/09/07 23:08:58.647, 1, 15 %, 8292 MiB
2026/09/07 23:08:59.154, 0, 2 %, 11471 MiB
2026/09/07 23:08:59.246, 1, 7 %, 8090 MiB
2026/09/07 23:08:59.897, 0, 2 %, 11402 MiB
2026/09/07 23:08:59.898, 1, 7 %, 8078 MiB
2026/09/07 23:09:00.406, 0, 8 %, 11288 MiB
2026/09/07 23:09:00.426, 1, 9 %, 7539 MiB
2026/09/07 23:09:00.935, 0, 8 %, 11729 MiB
2026/09/07 23:09:01.036, 1, 13 %, 7539 MiB
2026/09/07 23:09:01.539, 0, 2 %, 11182 MiB
2026/09/07 23:09:01.563, 1, 13 %, 7539 MiB
2026/09/07 23:09:02.065, 0, 2 %, 11195 MiB
2026/09/07 23:09:02.066, 1, 14 %, 7369 MiB
2026/09/07 23:09:02.572, 0, 15 %, 11202 MiB
2026/09/07 23:09:02.599, 1, 14 %, 7317 MiB
2026/09/07 23:09:03.239, 0, 15 %, 11202 MiB
2026/09/07 23:09:03.380, 1, 14 %, 7317 MiB
2026/09/07 23:09:03.893, 0, 8 %, 11187 MiB
2026/09/07 23:09:03.894, 1, 7 %, 6786 MiB
2026/09/07 23:09:04.400, 0, 8 %, 11186 MiB
2026/09/07 23:09:04.401, 1, 7 %, 6786 MiB
2026/09/07 23:09:04.907, 0, 8 %, 11173 MiB
2026/09/07 23:09:04.910, 1, 7 %, 6584 MiB
2026/09/07 23:09:05.413, 0, 22 %, 10936 MiB
2026/09/07 23:09:05.418, 1, 17 %, 6038 MiB
2026/09/07 23:09:05.926, 0, 0 %, 10930 MiB
2026/09/07 23:09:05.928, 1, 0 %, 6040 MiB
2026/09/07 23:09:06.440, 0, 0 %, 10381 MiB
2026/09/07 23:09:06.445, 1, 0 %, 6040 MiB
2026/09/07 23:09:06.950, 0, 17 %, 10387 MiB
2026/09/07 23:09:06.959, 1, 12 %, 6041 MiB
2026/09/07 23:09:07.467, 0, 17 %, 10396 MiB
2026/09/07 23:09:07.669, 1, 12 %, 6051 MiB
2026/09/07 23:09:08.177, 0, 2 %, 10398 MiB
2026/09/07 23:09:08.210, 1, 12 %, 6053 MiB
2026/09/07 23:09:08.857, 0, 2 %, 10403 MiB
2026/09/07 23:09:08.858, 1, 6 %, 6074 MiB
2026/09/07 23:09:09.363, 0, 0 %, 10422 MiB
2026/09/07 23:09:09.403, 1, 6 %, 6081 MiB
2026/09/07 23:09:09.911, 0, 0 %, 10430 MiB
2026/09/07 23:09:09.912, 1, 0 %, 6117 MiB
2026/09/07 23:09:10.420, 0, 20 %, 10442 MiB
2026/09/07 23:09:10.425, 1, 0 %, 6149 MiB
2026/09/07 23:09:10.932, 0, 20 %, 10317 MiB
2026/09/07 23:09:10.936, 1, 0 %, 6154 MiB
2026/09/07 23:09:11.441, 0, 15 %, 10229 MiB
2026/09/07 23:09:11.445, 1, 11 %, 6310 MiB
2026/09/07 23:09:11.947, 0, 15 %, 10233 MiB
2026/09/07 23:09:11.952, 1, 11 %, 6311 MiB
2026/09/07 23:09:12.456, 0, 7 %, 9686 MiB
2026/09/07 23:09:12.462, 1, 11 %, 6333 MiB
2026/09/07 23:09:12.966, 0, 7 %, 9690 MiB
2026/09/07 23:09:13.189, 1, 11 %, 6820 MiB
2026/09/07 23:09:13.835, 0, 0 %, 9706 MiB
2026/09/07 23:09:13.838, 1, 10 %, 6841 MiB
2026/09/07 23:09:14.342, 0, 0 %, 9505 MiB
2026/09/07 23:09:14.421, 1, 10 %, 6841 MiB
2026/09/07 23:09:14.930, 0, 0 %, 9537 MiB
2026/09/07 23:09:14.936, 1, 10 %, 6744 MiB
2026/09/07 23:09:15.444, 0, 0 %, 8995 MiB
2026/09/07 23:09:15.444, 1, 16 %, 6699 MiB
2026/09/07 23:09:15.946, 0, 19 %, 9014 MiB
2026/09/07 23:09:15.998, 1, 11 %, 6242 MiB
2026/09/07 23:09:16.507, 0, 19 %, 9051 MiB
2026/09/07 23:09:16.547, 1, 11 %, 6331 MiB
2026/09/07 23:09:17.191, 0, 4 %, 9050 MiB
2026/09/07 23:09:17.198, 1, 9 %, 6358 MiB
2026/09/07 23:09:17.704, 0, 4 %, 9120 MiB
2026/09/07 23:09:17.710, 1, 9 %, 6400 MiB
2026/09/07 23:09:18.220, 0, 0 %, 9185 MiB
2026/09/07 23:09:18.225, 1, 9 %, 6454 MiB
2026/09/07 23:09:18.734, 0, 0 %, 9201 MiB
2026/09/07 23:09:18.744, 1, 15 %, 6759 MiB
2026/09/07 23:09:19.248, 0, 0 %, 9206 MiB
2026/09/07 23:09:19.250, 1, 15 %, 6731 MiB
2026/09/07 23:09:19.756, 0, 13 %, 9684 MiB
2026/09/07 23:09:19.758, 1, 14 %, 6354 MiB
2026/09/07 23:09:20.263, 0, 0 %, 9708 MiB
2026/09/07 23:09:20.310, 1, 14 %, 6416 MiB
2026/09/07 23:09:20.817, 0, 0 %, 9728 MiB
2026/09/07 23:09:20.819, 1, 14 %, 6475 MiB
2026/09/07 23:09:21.327, 0, 0 %, 9729 MiB
2026/09/07 23:09:21.586, 1, 0 %, 6911 MiB
2026/09/07 23:09:22.095, 0, 0 %, 9742 MiB
2026/09/07 23:09:22.098, 1, 0 %, 7017 MiB
2026/09/07 23:09:22.602, 0, 0 %, 9788 MiB
2026/09/07 23:09:22.686, 1, 0 %, 7156 MiB
2026/09/07 23:09:23.325, 0, 0 %, 9833 MiB
2026/09/07 23:09:23.328, 1, 10 %, 7176 MiB
2026/09/07 23:09:23.828, 0, 0 %, 9868 MiB
2026/09/07 23:09:23.913, 1, 10 %, 7249 MiB
2026/09/07 23:09:24.424, 0, 13 %, 9766 MiB
2026/09/07 23:09:24.427, 1, 12 %, 7413 MiB
2026/09/07 23:09:24.932, 0, 13 %, 9884 MiB
2026/09/07 23:09:25.041, 1, 12 %, 7670 MiB
2026/09/07 23:09:25.677, 0, 19 %, 9358 MiB
2026/09/07 23:09:25.684, 1, 5 %, 8119 MiB
2026/09/07 23:09:26.191, 0, 19 %, 9412 MiB
2026/09/07 23:09:26.197, 1, 5 %, 7603 MiB
2026/09/07 23:09:26.709, 0, 1 %, 9559 MiB
2026/09/07 23:09:26.710, 1, 7 %, 7642 MiB
2026/09/07 23:09:27.219, 0, 1 %, 9988 MiB
2026/09/07 23:09:27.221, 1, 7 %, 7674 MiB
2026/09/07 23:09:27.724, 0, 1 %, 9977 MiB
2026/09/07 23:09:27.728, 1, 15 %, 7695 MiB
2026/09/07 23:09:28.232, 0, 2 %, 9976 MiB
2026/09/07 23:09:28.312, 1, 15 %, 7710 MiB
2026/09/07 23:09:28.821, 0, 2 %, 10030 MiB
2026/09/07 23:09:28.837, 1, 15 %, 7808 MiB
2026/09/07 23:09:29.340, 0, 1 %, 10522 MiB
2026/09/07 23:09:29.451, 1, 6 %, 7912 MiB
2026/09/07 23:09:29.955, 0, 1 %, 10601 MiB
2026/09/07 23:09:29.961, 1, 6 %, 7925 MiB
2026/09/07 23:09:30.607, 0, 1 %, 10601 MiB
2026/09/07 23:09:30.615, 1, 18 %, 8561 MiB
2026/09/07 23:09:31.120, 0, 1 %, 10740 MiB
2026/09/07 23:09:31.154, 1, 18 %, 8562 MiB
2026/09/07 23:09:31.661, 0, 19 %, 10741 MiB
2026/09/07 23:09:31.674, 1, 11 %, 8566 MiB
2026/09/07 23:09:32.188, 0, 19 %, 10756 MiB
2026/09/07 23:09:32.201, 1, 15 %, 9044 MiB
2026/09/07 23:09:32.845, 0, 24 %, 11053 MiB
2026/09/07 23:09:32.848, 1, 15 %, 9044 MiB
2026/09/07 23:09:33.353, 0, 24 %, 11095 MiB
2026/09/07 23:09:33.360, 1, 15 %, 9044 MiB
2026/09/07 23:09:33.867, 0, 11 %, 10601 MiB
2026/09/07 23:09:33.868, 1, 0 %, 9044 MiB
2026/09/07 23:09:34.372, 0, 11 %, 10678 MiB
2026/09/07 23:09:34.419, 1, 15 %, 9044 MiB
2026/09/07 23:09:34.949, 0, 11 %, 10773 MiB
2026/09/07 23:09:34.993, 1, 10 %, 9044 MiB
2026/09/07 23:09:35.501, 0, 1 %, 10795 MiB
2026/09/07 23:09:35.505, 1, 10 %, 8827 MiB
2026/09/07 23:09:36.288, 0, 3 %, 10811 MiB
2026/09/07 23:09:36.417, 1, 10 %, 8291 MiB
2026/09/07 23:09:36.924, 0, 4 %, 11119 MiB
2026/09/07 23:09:37.189, 1, 2 %, 8291 MiB
2026/09/07 23:09:37.697, 0, 17 %, 10351 MiB
2026/09/07 23:09:37.699, 1, 2 %, 8303 MiB
2026/09/07 23:09:38.205, 0, 17 %, 10480 MiB
2026/09/07 23:09:38.215, 1, 16 %, 8306 MiB
2026/09/07 23:09:38.859, 0, 0 %, 9952 MiB
2026/09/07 23:09:38.925, 1, 0 %, 8307 MiB
2026/09/07 23:09:39.431, 0, 0 %, 9955 MiB
2026/09/07 23:09:39.432, 1, 0 %, 8330 MiB
2026/09/07 23:09:39.938, 0, 0 %, 9961 MiB
2026/09/07 23:09:40.091, 1, 10 %, 8330 MiB
2026/09/07 23:09:40.596, 0, 1 %, 10435 MiB
2026/09/07 23:09:40.600, 1, 11 %, 8355 MiB
2026/09/07 23:09:41.103, 0, 18 %, 10242 MiB
2026/09/07 23:09:41.257, 1, 16 %, 7943 MiB
2026/09/07 23:09:41.763, 0, 18 %, 9679 MiB
2026/09/07 23:09:41.795, 1, 16 %, 7484 MiB
2026/09/07 23:09:42.302, 0, 0 %, 9676 MiB
2026/09/07 23:09:42.307, 1, 5 %, 6985 MiB
2026/09/07 23:09:42.809, 0, 0 %, 9688 MiB
2026/09/07 23:09:42.874, 1, 0 %, 7017 MiB
2026/09/07 23:09:43.516, 0, 0 %, 9688 MiB
2026/09/07 23:09:43.557, 1, 0 %, 7017 MiB
2026/09/07 23:09:44.204, 0, 0 %, 9690 MiB
2026/09/07 23:09:44.257, 1, 12 %, 7162 MiB
2026/09/07 23:09:44.764, 0, 10 %, 9695 MiB
2026/09/07 23:09:44.900, 1, 7 %, 7333 MiB
2026/09/07 23:09:45.553, 0, 10 %, 9695 MiB
2026/09/07 23:09:45.598, 1, 7 %, 7333 MiB
2026/09/07 23:09:46.108, 0, 1 %, 9704 MiB
2026/09/07 23:09:46.119, 1, 7 %, 7334 MiB
2026/09/07 23:09:46.766, 0, 1 %, 9715 MiB
2026/09/07 23:09:46.897, 1, 5 %, 7347 MiB
2026/09/07 23:09:47.412, 0, 5 %, 9713 MiB
2026/09/07 23:09:47.415, 1, 5 %, 7771 MiB
2026/09/07 23:09:47.921, 0, 5 %, 9744 MiB
2026/09/07 23:09:47.995, 1, 16 %, 8335 MiB
2026/09/07 23:09:48.500, 0, 13 %, 9818 MiB
2026/09/07 23:09:48.508, 1, 8 %, 8339 MiB
2026/09/07 23:09:49.154, 0, 13 %, 9802 MiB
2026/09/07 23:09:49.158, 1, 8 %, 8407 MiB
2026/09/07 23:09:49.663, 0, 1 %, 9891 MiB
2026/09/07 23:09:49.675, 1, 15 %, 8407 MiB
2026/09/07 23:09:50.177, 0, 1 %, 9980 MiB
2026/09/07 23:09:50.178, 1, 15 %, 8545 MiB
2026/09/07 23:09:50.688, 0, 10 %, 9970 MiB
2026/09/07 23:09:50.735, 1, 9 %, 8562 MiB
2026/09/07 23:09:51.238, 0, 10 %, 10307 MiB
2026/09/07 23:09:51.242, 1, 13 %, 8566 MiB
2026/09/07 23:09:51.746, 0, 1 %, 10265 MiB
2026/09/07 23:09:51.747, 1, 13 %, 8974 MiB
2026/09/07 23:09:52.251, 0, 1 %, 9703 MiB
2026/09/07 23:09:52.257, 1, 13 %, 9044 MiB
2026/09/07 23:09:52.764, 0, 17 %, 9720 MiB
2026/09/07 23:09:52.873, 1, 11 %, 9044 MiB
2026/09/07 23:09:53.380, 0, 17 %, 9707 MiB
2026/09/07 23:09:53.382, 1, 0 %, 9044 MiB
2026/09/07 23:09:54.026, 0, 0 %, 9724 MiB
2026/09/07 23:09:54.169, 1, 0 %, 9044 MiB
2026/09/07 23:09:54.676, 0, 0 %, 9738 MiB
2026/09/07 23:09:54.699, 1, 12 %, 9044 MiB
2026/09/07 23:09:55.207, 0, 0 %, 9772 MiB
2026/09/07 23:09:55.359, 1, 14 %, 9044 MiB
2026/09/07 23:09:56.004, 0, 2 %, 9887 MiB
2026/09/07 23:09:56.012, 1, 14 %, 9044 MiB
2026/09/07 23:09:56.519, 0, 18 %, 9906 MiB
2026/09/07 23:09:56.605, 1, 14 %, 8830 MiB
2026/09/07 23:09:57.111, 0, 18 %, 10106 MiB
2026/09/07 23:09:57.130, 1, 0 %, 8291 MiB
2026/09/07 23:09:57.675, 0, 5 %, 10140 MiB
2026/09/07 23:09:57.770, 1, 12 %, 8291 MiB
2026/09/07 23:09:58.277, 0, 9 %, 10232 MiB
2026/09/07 23:09:58.290, 1, 12 %, 8296 MiB
2026/09/07 23:09:58.801, 0, 9 %, 10322 MiB
2026/09/07 23:09:58.804, 1, 1 %, 8299 MiB
2026/09/07 23:09:59.310, 0, 1 %, 10881 MiB
2026/09/07 23:09:59.449, 1, 1 %, 8299 MiB
2026/09/07 23:09:59.955, 0, 13 %, 10911 MiB
2026/09/07 23:09:59.966, 1, 1 %, 8314 MiB
2026/09/07 23:10:00.477, 0, 13 %, 11002 MiB
2026/09/07 23:10:00.480, 1, 1 %, 8318 MiB
2026/09/07 23:10:00.987, 0, 24 %, 11476 MiB
2026/09/07 23:10:01.055, 1, 1 %, 8318 MiB
2026/09/07 23:10:01.564, 0, 24 %, 11585 MiB
2026/09/07 23:10:01.569, 1, 1 %, 8366 MiB
2026/09/07 23:10:02.076, 0, 20 %, 11622 MiB
2026/09/07 23:10:02.209, 1, 16 %, 8180 MiB
2026/09/07 23:10:02.722, 0, 26 %, 12050 MiB
2026/09/07 23:10:02.722, 1, 9 %, 7709 MiB
2026/09/07 23:10:03.230, 0, 26 %, 12107 MiB
2026/09/07 23:10:03.342, 1, 16 %, 7710 MiB
2026/09/07 23:10:03.849, 0, 26 %, 12238 MiB
2026/09/07 23:10:03.854, 1, 16 %, 7859 MiB
2026/09/07 23:10:04.361, 0, 0 %, 12244 MiB
2026/09/07 23:10:04.372, 1, 15 %, 7927 MiB
2026/09/07 23:10:04.876, 0, 0 %, 12255 MiB
2026/09/07 23:10:04.908, 1, 15 %, 7966 MiB
2026/09/07 23:10:05.416, 0, 13 %, 12264 MiB
2026/09/07 23:10:05.417, 1, 10 %, 8107 MiB
2026/09/07 23:10:05.919, 0, 13 %, 12277 MiB
2026/09/07 23:10:05.937, 1, 10 %, 8175 MiB
2026/09/07 23:10:06.447, 0, 4 %, 12753 MiB
2026/09/07 23:10:06.504, 1, 19 %, 8677 MiB
2026/09/07 23:10:07.009, 0, 4 %, 12753 MiB
2026/09/07 23:10:07.012, 1, 19 %, 9160 MiB
2026/09/07 23:10:07.533, 0, 18 %, 12753 MiB
2026/09/07 23:10:07.540, 1, 19 %, 9294 MiB
2026/09/07 23:10:08.046, 0, 18 %, 12769 MiB
2026/09/07 23:10:08.052, 1, 10 %, 9314 MiB
2026/09/07 23:10:08.553, 0, 7 %, 12769 MiB
2026/09/07 23:10:08.644, 1, 15 %, 9315 MiB
2026/09/07 23:10:09.148, 0, 7 %, 12753 MiB
2026/09/07 23:10:09.149, 1, 15 %, 9410 MiB
2026/09/07 23:10:09.649, 0, 2 %, 12742 MiB
2026/09/07 23:10:09.762, 1, 13 %, 8822 MiB
2026/09/07 23:10:10.410, 0, 2 %, 12750 MiB
2026/09/07 23:10:10.415, 1, 13 %, 8291 MiB
2026/09/07 23:10:10.916, 0, 0 %, 12759 MiB
2026/09/07 23:10:11.064, 1, 0 %, 8291 MiB
2026/09/07 23:10:11.567, 0, 0 %, 12759 MiB
2026/09/07 23:10:11.571, 1, 0 %, 8291 MiB
2026/09/07 23:10:12.078, 0, 0 %, 12787 MiB
2026/09/07 23:10:12.083, 1, 0 %, 8291 MiB
2026/09/07 23:10:12.590, 0, 0 %, 12787 MiB
2026/09/07 23:10:12.591, 1, 0 %, 8291 MiB
2026/09/07 23:10:13.099, 0, 0 %, 12823 MiB
2026/09/07 23:10:13.101, 1, 9 %, 8291 MiB
2026/09/07 23:10:13.608, 0, 0 %, 12864 MiB
2026/09/07 23:10:13.610, 1, 9 %, 8291 MiB
2026/09/07 23:10:14.116, 0, 0 %, 12856 MiB
2026/09/07 23:10:14.262, 1, 9 %, 8291 MiB
2026/09/07 23:10:14.794, 0, 0 %, 13006 MiB
2026/09/07 23:10:14.795, 1, 13 %, 8291 MiB
2026/09/07 23:10:15.303, 0, 0 %, 12873 MiB
2026/09/07 23:10:15.313, 1, 15 %, 8296 MiB
2026/09/07 23:10:15.965, 0, 0 %, 13270 MiB
2026/09/07 23:10:15.971, 1, 15 %, 8299 MiB
2026/09/07 23:10:16.477, 0, 13 %, 12721 MiB
2026/09/07 23:10:16.597, 1, 1 %, 8309 MiB
2026/09/07 23:10:17.105, 0, 18 %, 12731 MiB
2026/09/07 23:10:17.233, 1, 1 %, 8332 MiB
2026/09/07 23:10:17.880, 0, 18 %, 12536 MiB
2026/09/07 23:10:17.946, 1, 15 %, 8347 MiB
2026/09/07 23:10:18.453, 0, 12 %, 11997 MiB
2026/09/07 23:10:18.454, 1, 15 %, 8407 MiB
2026/09/07 23:10:18.958, 0, 12 %, 11832 MiB
2026/09/07 23:10:18.962, 1, 19 %, 8407 MiB
2026/09/07 23:10:19.467, 0, 12 %, 11784 MiB
2026/09/07 23:10:19.497, 1, 19 %, 8407 MiB
2026/09/07 23:10:20.004, 0, 9 %, 11784 MiB
2026/09/07 23:10:20.013, 1, 8 %, 8477 MiB
2026/09/07 23:10:20.524, 0, 18 %, 11235 MiB
2026/09/07 23:10:20.535, 1, 8 %, 8566 MiB
2026/09/07 23:10:21.046, 0, 18 %, 11221 MiB
2026/09/07 23:10:21.141, 1, 12 %, 8569 MiB
2026/09/07 23:10:21.648, 0, 14 %, 11210 MiB
2026/09/07 23:10:21.653, 1, 12 %, 8570 MiB
2026/09/07 23:10:22.161, 0, 14 %, 11203 MiB
2026/09/07 23:10:22.289, 1, 14 %, 9064 MiB
2026/09/07 23:10:22.796, 0, 17 %, 11203 MiB
2026/09/07 23:10:22.799, 1, 14 %, 9100 MiB
2026/09/07 23:10:23.304, 0, 17 %, 11212 MiB
2026/09/07 23:10:23.305, 1, 10 %, 9160 MiB
2026/09/07 23:10:23.811, 0, 17 %, 11219 MiB
2026/09/07 23:10:23.924, 1, 10 %, 9160 MiB
2026/09/07 23:10:24.568, 0, 1 %, 11251 MiB
2026/09/07 23:10:24.569, 1, 18 %, 9306 MiB
2026/09/07 23:10:25.073, 0, 12 %, 11251 MiB
2026/09/07 23:10:25.075, 1, 18 %, 9314 MiB
2026/09/07 23:10:25.577, 0, 14 %, 11033 MiB
2026/09/07 23:10:25.585, 1, 16 %, 9731 MiB
2026/09/07 23:10:26.091, 0, 14 %, 11032 MiB
2026/09/07 23:10:26.117, 1, 16 %, 9809 MiB
2026/09/07 23:10:26.625, 0, 18 %, 10266 MiB
2026/09/07 23:10:26.627, 1, 19 %, 9822 MiB
2026/09/07 23:10:27.135, 0, 18 %, 10089 MiB
2026/09/07 23:10:27.176, 1, 19 %, 9836 MiB
2026/09/07 23:10:27.678, 0, 13 %, 9498 MiB
2026/09/07 23:10:27.707, 1, 7 %, 9872 MiB
2026/09/07 23:10:28.350, 0, 13 %, 8933 MiB
2026/09/07 23:10:28.486, 1, 18 %, 9892 MiB
2026/09/07 23:10:28.991, 0, 13 %, 8933 MiB
2026/09/07 23:10:29.116, 1, 18 %, 9894 MiB
2026/09/07 23:10:29.623, 0, 0 %, 8942 MiB
2026/09/07 23:10:29.625, 1, 18 %, 9811 MiB
2026/09/07 23:10:30.130, 0, 0 %, 8723 MiB
2026/09/07 23:10:30.196, 1, 23 %, 9275 MiB
2026/09/07 23:10:30.844, 0, 0 %, 8715 MiB
2026/09/07 23:10:30.859, 1, 9 %, 9415 MiB
2026/09/07 23:10:31.367, 0, 0 %, 8166 MiB
2026/09/07 23:10:31.440, 1, 9 %, 9543 MiB
2026/09/07 23:10:31.947, 0, 0 %, 8170 MiB
2026/09/07 23:10:32.061, 1, 9 %, 9585 MiB
2026/09/07 23:10:32.570, 0, 0 %, 8172 MiB
2026/09/07 23:10:32.611, 1, 10 %, 9415 MiB
2026/09/07 23:10:33.118, 0, 0 %, 8172 MiB
2026/09/07 23:10:33.128, 1, 10 %, 9384 MiB
2026/09/07 23:10:33.640, 0, 7 %, 8185 MiB
2026/09/07 23:10:33.740, 1, 24 %, 9797 MiB
2026/09/07 23:10:34.388, 0, 1 %, 8188 MiB
2026/09/07 23:10:34.389, 1, 2 %, 9595 MiB
2026/09/07 23:10:34.893, 0, 1 %, 8014 MiB
2026/09/07 23:10:35.029, 1, 2 %, 9044 MiB
2026/09/07 23:10:35.534, 0, 26 %, 8081 MiB
2026/09/07 23:10:35.539, 1, 2 %, 9044 MiB
2026/09/07 23:10:36.044, 0, 26 %, 7532 MiB
2026/09/07 23:10:36.064, 1, 8 %, 9044 MiB
2026/09/07 23:10:36.571, 0, 14 %, 7543 MiB
2026/09/07 23:10:36.574, 1, 8 %, 9044 MiB
2026/09/07 23:10:37.075, 0, 14 %, 7688 MiB
2026/09/07 23:10:37.089, 1, 11 %, 9044 MiB
2026/09/07 23:10:37.595, 0, 14 %, 7688 MiB
2026/09/07 23:10:37.601, 1, 11 %, 9044 MiB
2026/09/07 23:10:38.110, 0, 1 %, 7704 MiB
2026/09/07 23:10:38.209, 1, 11 %, 9044 MiB
2026/09/07 23:10:38.716, 0, 1 %, 7727 MiB
2026/09/07 23:10:38.718, 1, 8 %, 9044 MiB
2026/09/07 23:10:39.232, 0, 2 %, 7767 MiB
2026/09/07 23:10:39.236, 1, 8 %, 9044 MiB
2026/09/07 23:10:39.742, 0, 2 %, 8284 MiB
2026/09/07 23:10:39.843, 1, 8 %, 9044 MiB
2026/09/07 23:10:40.354, 0, 2 %, 8280 MiB
2026/09/07 23:10:40.410, 1, 3 %, 8910 MiB
2026/09/07 23:10:41.051, 0, 0 %, 8354 MiB
2026/09/07 23:10:41.159, 1, 3 %, 8823 MiB
2026/09/07 23:10:41.803, 0, 0 %, 8402 MiB
2026/09/07 23:10:41.826, 1, 7 %, 8292 MiB
2026/09/07 23:10:42.331, 0, 0 %, 8418 MiB
2026/09/07 23:10:42.334, 1, 7 %, 8292 MiB
2026/09/07 23:10:42.835, 0, 11 %, 8419 MiB
2026/09/07 23:10:42.977, 1, 1 %, 8292 MiB
2026/09/07 23:10:43.489, 0, 11 %, 8408 MiB
2026/09/07 23:10:43.568, 1, 1 %, 8292 MiB
2026/09/07 23:10:44.213, 0, 15 %, 8912 MiB
2026/09/07 23:10:44.317, 1, 0 %, 8292 MiB
2026/09/07 23:10:44.961, 0, 15 %, 8694 MiB
2026/09/07 23:10:45.008, 1, 0 %, 8292 MiB
2026/09/07 23:10:45.515, 0, 10 %, 8175 MiB
2026/09/07 23:10:45.519, 1, 16 %, 8292 MiB
2026/09/07 23:10:46.025, 0, 10 %, 8186 MiB
2026/09/07 23:10:46.137, 1, 10 %, 8292 MiB
2026/09/07 23:10:46.644, 0, 1 %, 8179 MiB
2026/09/07 23:10:46.687, 1, 10 %, 8292 MiB
2026/09/07 23:10:47.192, 0, 1 %, 8208 MiB
2026/09/07 23:10:47.198, 1, 10 %, 8292 MiB
2026/09/07 23:10:47.704, 0, 12 %, 8206 MiB
2026/09/07 23:10:47.849, 1, 0 %, 8292 MiB
2026/09/07 23:10:48.357, 0, 12 %, 8231 MiB
2026/09/07 23:10:48.362, 1, 0 %, 8292 MiB
2026/09/07 23:10:48.865, 0, 4 %, 8263 MiB
2026/09/07 23:10:48.903, 1, 0 %, 8292 MiB
2026/09/07 23:10:49.407, 0, 4 %, 8373 MiB
2026/09/07 23:10:49.410, 1, 0 %, 8292 MiB
2026/09/07 23:10:49.916, 0, 14 %, 8409 MiB
2026/09/07 23:10:49.923, 1, 12 %, 8292 MiB
2026/09/07 23:10:50.424, 0, 14 %, 8369 MiB
2026/09/07 23:10:50.426, 1, 12 %, 8292 MiB
2026/09/07 23:10:50.933, 0, 0 %, 8378 MiB
2026/09/07 23:10:50.964, 1, 1 %, 8292 MiB
2026/09/07 23:10:51.469, 0, 0 %, 7984 MiB
2026/09/07 23:10:51.471, 1, 1 %, 8292 MiB
2026/09/07 23:10:51.972, 0, 0 %, 8447 MiB
2026/09/07 23:10:52.111, 1, 1 %, 8292 MiB
2026/09/07 23:10:52.754, 0, 0 %, 8532 MiB
2026/09/07 23:10:52.756, 1, 1 %, 8292 MiB
2026/09/07 23:10:53.262, 0, 0 %, 8816 MiB
2026/09/07 23:10:53.265, 1, 1 %, 8299 MiB
2026/09/07 23:10:53.770, 0, 15 %, 8947 MiB
2026/09/07 23:10:53.914, 1, 0 %, 8299 MiB
2026/09/07 23:10:54.421, 0, 15 %, 8450 MiB
2026/09/07 23:10:54.424, 1, 0 %, 8309 MiB
2026/09/07 23:10:54.929, 0, 1 %, 8526 MiB
2026/09/07 23:10:54.935, 1, 0 %, 8316 MiB
2026/09/07 23:10:55.469, 0, 1 %, 8691 MiB
2026/09/07 23:10:55.576, 1, 3 %, 8328 MiB
2026/09/07 23:10:56.086, 0, 5 %, 8789 MiB
2026/09/07 23:10:56.113, 1, 4 %, 8223 MiB
2026/09/07 23:10:56.622, 0, 5 %, 8787 MiB
2026/09/07 23:10:56.626, 1, 4 %, 8181 MiB
2026/09/07 23:10:57.148, 0, 2 %, 8884 MiB
2026/09/07 23:10:57.149, 1, 10 %, 8139 MiB
2026/09/07 23:10:57.658, 0, 13 %, 9373 MiB
2026/09/07 23:10:57.662, 1, 10 %, 7477 MiB
2026/09/07 23:10:58.167, 0, 13 %, 9793 MiB
2026/09/07 23:10:58.221, 1, 1 %, 7024 MiB
2026/09/07 23:10:58.751, 0, 13 %, 9858 MiB
2026/09/07 23:10:58.756, 1, 1 %, 7189 MiB
2026/09/07 23:10:59.261, 0, 13 %, 9878 MiB
2026/09/07 23:10:59.285, 1, 1 %, 7196 MiB
2026/09/07 23:10:59.788, 0, 13 %, 10086 MiB
2026/09/07 23:10:59.789, 1, 0 %, 7769 MiB
2026/09/07 23:11:00.291, 0, 2 %, 10103 MiB
2026/09/07 23:11:00.346, 1, 21 %, 7874 MiB
2026/09/07 23:11:00.996, 0, 2 %, 10257 MiB
2026/09/07 23:11:00.999, 1, 21 %, 7945 MiB
2026/09/07 23:11:01.505, 0, 2 %, 10752 MiB
2026/09/07 23:11:01.512, 1, 17 %, 8451 MiB
2026/09/07 23:11:02.156, 0, 3 %, 10759 MiB
2026/09/07 23:11:02.157, 1, 11 %, 8371 MiB
2026/09/07 23:11:02.663, 0, 16 %, 11223 MiB
2026/09/07 23:11:02.809, 1, 11 %, 7925 MiB
2026/09/07 23:11:03.315, 0, 16 %, 11225 MiB
2026/09/07 23:11:03.318, 1, 13 %, 7719 MiB
2026/09/07 23:11:03.824, 0, 20 %, 11230 MiB
2026/09/07 23:11:03.922, 1, 13 %, 8319 MiB
2026/09/07 23:11:04.566, 0, 15 %, 11212 MiB
2026/09/07 23:11:04.571, 1, 14 %, 7809 MiB
2026/09/07 23:11:05.079, 0, 15 %, 11225 MiB
2026/09/07 23:11:05.210, 1, 14 %, 7812 MiB
2026/09/07 23:11:05.719, 0, 22 %, 10818 MiB
2026/09/07 23:11:05.724, 1, 14 %, 8292 MiB
2026/09/07 23:11:06.230, 0, 22 %, 10842 MiB
2026/09/07 23:11:06.240, 1, 0 %, 8292 MiB
2026/09/07 23:11:06.751, 0, 9 %, 9786 MiB
2026/09/07 23:11:06.758, 1, 0 %, 8292 MiB
2026/09/07 23:11:07.263, 0, 9 %, 9786 MiB
2026/09/07 23:11:07.274, 1, 0 %, 8292 MiB
2026/09/07 23:11:07.774, 0, 19 %, 9937 MiB
2026/09/07 23:11:07.778, 1, 1 %, 8299 MiB
2026/09/07 23:11:08.283, 0, 19 %, 9946 MiB
2026/09/07 23:11:08.293, 1, 1 %, 8300 MiB
2026/09/07 23:11:08.799, 0, 12 %, 10436 MiB
2026/09/07 23:11:08.803, 1, 18 %, 8311 MiB
2026/09/07 23:11:09.307, 0, 12 %, 10436 MiB
2026/09/07 23:11:09.309, 1, 18 %, 8347 MiB
2026/09/07 23:11:09.810, 0, 0 %, 10372 MiB
2026/09/07 23:11:09.922, 1, 18 %, 8379 MiB
2026/09/07 23:11:10.572, 0, 0 %, 10234 MiB
2026/09/07 23:11:10.574, 1, 1 %, 8415 MiB
2026/09/07 23:11:11.078, 0, 20 %, 9690 MiB
2026/09/07 23:11:11.223, 1, 12 %, 8477 MiB
2026/09/07 23:11:11.730, 0, 20 %, 9501 MiB
2026/09/07 23:11:11.737, 1, 12 %, 8340 MiB
2026/09/07 23:11:12.243, 0, 13 %, 9521 MiB
2026/09/07 23:11:12.312, 1, 2 %, 7810 MiB
2026/09/07 23:11:12.819, 0, 13 %, 9003 MiB
2026/09/07 23:11:12.822, 1, 2 %, 8292 MiB
2026/09/07 23:11:13.324, 0, 0 %, 9073 MiB
2026/09/07 23:11:13.325, 1, 17 %, 8292 MiB
2026/09/07 23:11:13.829, 0, 0 %, 9154 MiB
2026/09/07 23:11:13.911, 1, 8 %, 8292 MiB
2026/09/07 23:11:14.417, 0, 24 %, 9570 MiB
2026/09/07 23:11:14.439, 1, 8 %, 8292 MiB
2026/09/07 23:11:15.081, 0, 24 %, 9636 MiB
2026/09/07 23:11:15.180, 1, 8 %, 8292 MiB
2026/09/07 23:11:15.687, 0, 24 %, 9636 MiB
2026/09/07 23:11:15.829, 1, 20 %, 8039 MiB
2026/09/07 23:11:16.335, 0, 11 %, 9620 MiB
2026/09/07 23:11:16.443, 1, 0 %, 8038 MiB
2026/09/07 23:11:16.951, 0, 11 %, 9620 MiB
2026/09/07 23:11:16.992, 1, 0 %, 7310 MiB
2026/09/07 23:11:17.630, 0, 0 %, 9604 MiB
2026/09/07 23:11:17.720, 1, 0 %, 6786 MiB
2026/09/07 23:11:18.364, 0, 0 %, 9604 MiB
2026/09/07 23:11:18.390, 1, 17 %, 6786 MiB
2026/09/07 23:11:19.032, 0, 27 %, 9604 MiB
2026/09/07 23:11:19.105, 1, 1 %, 6786 MiB
2026/09/07 23:11:19.609, 0, 27 %, 9604 MiB
2026/09/07 23:11:19.690, 1, 1 %, 6786 MiB
2026/09/07 23:11:20.194, 0, 0 %, 9604 MiB
2026/09/07 23:11:20.282, 1, 2 %, 6559 MiB
2026/09/07 23:11:20.787, 0, 14 %, 9588 MiB
2026/09/07 23:11:20.812, 1, 2 %, 6033 MiB
2026/09/07 23:11:21.454, 0, 14 %, 9588 MiB
2026/09/07 23:11:21.553, 1, 2 %, 6033 MiB
2026/09/07 23:11:22.057, 0, 4 %, 9588 MiB
2026/09/07 23:11:22.127, 1, 15 %, 6033 MiB
2026/09/07 23:11:22.631, 0, 0 %, 9588 MiB
2026/09/07 23:11:22.687, 1, 15 %, 6033 MiB
2026/09/07 23:11:23.192, 0, 0 %, 9588 MiB
2026/09/07 23:11:23.235, 1, 15 %, 6033 MiB
2026/09/07 23:11:23.739, 0, 0 %, 9365 MiB
2026/09/07 23:11:23.857, 1, 0 %, 6033 MiB
2026/09/07 23:11:24.361, 0, 0 %, 9320 MiB
2026/09/07 23:11:24.440, 1, 0 %, 6033 MiB
2026/09/07 23:11:24.948, 0, 0 %, 8821 MiB
2026/09/07 23:11:24.949, 1, 17 %, 5800 MiB
2026/09/07 23:11:25.597, 0, 14 %, 8805 MiB
2026/09/07 23:11:25.682, 1, 17 %, 5780 MiB
2026/09/07 23:11:26.190, 0, 14 %, 8805 MiB
2026/09/07 23:11:26.244, 1, 17 %, 5052 MiB
2026/09/07 23:11:26.884, 0, 0 %, 8789 MiB
2026/09/07 23:11:26.930, 1, 15 %, 4528 MiB
2026/09/07 23:11:27.573, 0, 28 %, 8789 MiB
2026/09/07 23:11:27.666, 1, 17 %, 4528 MiB
2026/09/07 23:11:28.170, 0, 28 %, 8789 MiB
2026/09/07 23:11:28.222, 1, 17 %, 4528 MiB
2026/09/07 23:11:28.728, 0, 28 %, 8655 MiB
2026/09/07 23:11:28.842, 1, 20 %, 4528 MiB
2026/09/07 23:11:29.347, 0, 23 %, 8524 MiB
2026/09/07 23:11:29.367, 1, 8 %, 4528 MiB
2026/09/07 23:11:30.016, 0, 25 %, 8022 MiB
2026/09/07 23:11:30.149, 1, 8 %, 4528 MiB
2026/09/07 23:11:30.654, 0, 25 %, 8022 MiB
2026/09/07 23:11:30.670, 1, 19 %, 4528 MiB
2026/09/07 23:11:31.175, 0, 16 %, 8022 MiB
2026/09/07 23:11:31.180, 1, 19 %, 4528 MiB
2026/09/07 23:11:31.682, 0, 16 %, 8022 MiB
2026/09/07 23:11:31.682, 1, 0 %, 4528 MiB
2026/09/07 23:11:32.182, 0, 16 %, 8022 MiB
2026/09/07 23:11:32.183, 1, 0 %, 4528 MiB
2026/09/07 23:11:32.683, 0, 4 %, 8022 MiB
2026/09/07 23:11:32.683, 1, 0 %, 4528 MiB
2026/09/07 23:11:33.183, 0, 4 %, 8022 MiB
2026/09/07 23:11:33.183, 1, 4 %, 4528 MiB
2026/09/07 23:11:33.684, 0, 1 %, 8022 MiB
2026/09/07 23:11:33.685, 1, 4 %, 4528 MiB
2026/09/07 23:11:34.187, 0, 1 %, 8022 MiB
2026/09/07 23:11:34.187, 1, 21 %, 4528 MiB
2026/09/07 23:11:34.687, 0, 1 %, 7856 MiB
2026/09/07 23:11:34.688, 1, 20 %, 4528 MiB
2026/09/07 23:11:35.189, 0, 0 %, 7754 MiB
2026/09/07 23:11:35.195, 1, 20 %, 4528 MiB
2026/09/07 23:11:35.698, 0, 0 %, 7754 MiB
2026/09/07 23:11:35.698, 1, 17 %, 4528 MiB
2026/09/07 23:11:36.198, 0, 0 %, 7254 MiB
2026/09/07 23:11:36.198, 1, 17 %, 4528 MiB
2026/09/07 23:11:36.698, 0, 0 %, 7254 MiB
2026/09/07 23:11:36.698, 1, 17 %, 4528 MiB
2026/09/07 23:11:37.199, 0, 0 %, 7254 MiB
2026/09/07 23:11:37.199, 1, 15 %, 4528 MiB
2026/09/07 23:11:37.700, 0, 0 %, 7002 MiB
2026/09/07 23:11:37.702, 1, 15 %, 4528 MiB
2026/09/07 23:11:38.203, 0, 0 %, 6718 MiB
2026/09/07 23:11:38.206, 1, 7 %, 4528 MiB
2026/09/07 23:11:38.706, 0, 17 %, 6219 MiB
2026/09/07 23:11:38.707, 1, 7 %, 4528 MiB
2026/09/07 23:11:39.208, 0, 17 %, 5720 MiB
2026/09/07 23:11:39.208, 1, 2 %, 4528 MiB
2026/09/07 23:11:39.708, 0, 1 %, 5720 MiB
2026/09/07 23:11:39.709, 1, 2 %, 4528 MiB
2026/09/07 23:11:40.209, 0, 1 %, 5720 MiB
2026/09/07 23:11:40.341, 1, 8 %, 4528 MiB
2026/09/07 23:11:40.982, 0, 0 %, 5720 MiB
2026/09/07 23:11:40.982, 1, 8 %, 4528 MiB
2026/09/07 23:11:41.482, 0, 0 %, 5720 MiB
2026/09/07 23:11:41.483, 1, 4 %, 4528 MiB
2026/09/07 23:11:41.983, 0, 0 %, 5452 MiB
2026/09/07 23:11:41.983, 1, 4 %, 4528 MiB
2026/09/07 23:11:42.483, 0, 0 %, 5452 MiB
2026/09/07 23:11:42.628, 1, 10 %, 4528 MiB
2026/09/07 23:11:43.266, 0, 0 %, 4936 MiB
2026/09/07 23:11:43.271, 1, 10 %, 4274 MiB
2026/09/07 23:11:43.772, 0, 0 %, 4920 MiB
2026/09/07 23:11:43.789, 1, 6 %, 3521 MiB
2026/09/07 23:11:44.290, 0, 2 %, 4920 MiB
2026/09/07 23:11:44.291, 1, 6 %, 3022 MiB
2026/09/07 23:11:44.791, 0, 4 %, 4920 MiB
2026/09/07 23:11:44.793, 1, 6 %, 3022 MiB
2026/09/07 23:11:45.294, 0, 0 %, 4920 MiB
2026/09/07 23:11:45.392, 1, 10 %, 3022 MiB
2026/09/07 23:11:46.027, 0, 0 %, 4920 MiB
2026/09/07 23:11:46.027, 1, 3 %, 3022 MiB
2026/09/07 23:11:46.527, 0, 0 %, 4920 MiB
2026/09/07 23:11:46.528, 1, 3 %, 3022 MiB
2026/09/07 23:11:47.028, 0, 10 %, 4920 MiB
2026/09/07 23:11:47.030, 1, 3 %, 3022 MiB
2026/09/07 23:11:47.531, 0, 2 %, 4904 MiB
2026/09/07 23:11:47.636, 1, 7 %, 2769 MiB
2026/09/07 23:11:48.272, 0, 2 %, 4904 MiB
2026/09/07 23:11:48.294, 1, 8 %, 2269 MiB
2026/09/07 23:11:48.795, 0, 0 %, 4904 MiB
2026/09/07 23:11:48.795, 1, 8 %, 2269 MiB
2026/09/07 23:11:49.295, 0, 0 %, 4904 MiB
2026/09/07 23:11:49.437, 1, 9 %, 2269 MiB
2026/09/07 23:11:50.070, 0, 0 %, 4904 MiB
2026/09/07 23:11:50.071, 1, 9 %, 2269 MiB
2026/09/07 23:11:50.571, 0, 9 %, 4904 MiB
2026/09/07 23:11:50.571, 1, 3 %, 2269 MiB
2026/09/07 23:11:51.071, 0, 9 %, 4904 MiB
2026/09/07 23:11:51.072, 1, 3 %, 2269 MiB
2026/09/07 23:11:51.574, 0, 0 %, 4669 MiB
2026/09/07 23:11:51.682, 1, 9 %, 2269 MiB
2026/09/07 23:11:52.323, 0, 0 %, 4435 MiB
2026/09/07 23:11:52.323, 1, 9 %, 2269 MiB
2026/09/07 23:11:52.823, 0, 0 %, 3869 MiB
2026/09/07 23:11:52.823, 1, 7 %, 2269 MiB
2026/09/07 23:11:53.323, 0, 0 %, 3370 MiB
2026/09/07 23:11:53.324, 1, 7 %, 2269 MiB
2026/09/07 23:11:53.824, 0, 0 %, 3370 MiB
2026/09/07 23:11:53.945, 1, 9 %, 2269 MiB
2026/09/07 23:11:54.586, 0, 0 %, 3370 MiB
2026/09/07 23:11:54.586, 1, 9 %, 2269 MiB
2026/09/07 23:11:55.086, 0, 0 %, 3370 MiB
2026/09/07 23:11:55.086, 1, 2 %, 2269 MiB
2026/09/07 23:11:55.587, 0, 0 %, 3370 MiB
2026/09/07 23:11:55.706, 1, 2 %, 2269 MiB
2026/09/07 23:11:56.346, 0, 0 %, 3370 MiB
2026/09/07 23:11:56.346, 1, 8 %, 2269 MiB
2026/09/07 23:11:56.846, 0, 0 %, 3102 MiB
2026/09/07 23:11:56.847, 1, 8 %, 2269 MiB
2026/09/07 23:11:57.347, 0, 0 %, 2602 MiB
2026/09/07 23:11:57.347, 1, 0 %, 2052 MiB
2026/09/07 23:11:57.847, 0, 0 %, 2586 MiB
2026/09/07 23:11:57.922, 1, 0 %, 2016 MiB
2026/09/07 23:11:58.563, 0, 0 %, 2586 MiB
2026/09/07 23:11:58.563, 1, 0 %, 1517 MiB
2026/09/07 23:11:59.063, 0, 0 %, 2586 MiB
2026/09/07 23:11:59.063, 1, 0 %, 1517 MiB
2026/09/07 23:11:59.564, 0, 1 %, 2586 MiB
2026/09/07 23:11:59.663, 1, 0 %, 1517 MiB
2026/09/07 23:12:00.303, 0, 1 %, 2586 MiB
2026/09/07 23:12:00.303, 1, 4 %, 1517 MiB
2026/09/07 23:12:00.803, 0, 1 %, 2586 MiB
2026/09/07 23:12:00.803, 1, 6 %, 1517 MiB
2026/09/07 23:12:01.303, 0, 0 %, 2586 MiB
2026/09/07 23:12:01.402, 1, 6 %, 1517 MiB
2026/09/07 23:12:02.038, 0, 0 %, 2586 MiB
2026/09/07 23:12:02.038, 1, 6 %, 1517 MiB
2026/09/07 23:12:02.539, 0, 0 %, 2586 MiB
2026/09/07 23:12:02.539, 1, 0 %, 1517 MiB
2026/09/07 23:12:03.040, 0, 0 %, 2586 MiB
2026/09/07 23:12:03.128, 1, 0 %, 1517 MiB
2026/09/07 23:12:03.766, 0, 1 %, 2586 MiB
2026/09/07 23:12:03.766, 1, 0 %, 1517 MiB
2026/09/07 23:12:04.266, 0, 1 %, 2586 MiB
2026/09/07 23:12:04.266, 1, 1 %, 1517 MiB
2026/09/07 23:12:04.766, 0, 1 %, 2318 MiB
2026/09/07 23:12:05.002, 1, 5 %, 1517 MiB
2026/09/07 23:12:05.503, 0, 0 %, 1819 MiB
2026/09/07 23:12:05.505, 1, 5 %, 1517 MiB
2026/09/07 23:12:06.006, 0, 0 %, 1819 MiB
2026/09/07 23:12:06.006, 1, 5 %, 1517 MiB
2026/09/07 23:12:06.506, 0, 0 %, 1601 MiB
2026/09/07 23:12:06.604, 1, 0 %, 1517 MiB
2026/09/07 23:12:07.240, 0, 0 %, 1051 MiB
2026/09/07 23:12:07.240, 1, 0 %, 1517 MiB
2026/09/07 23:12:07.740, 0, 0 %, 1051 MiB
2026/09/07 23:12:07.740, 1, 3 %, 1517 MiB
2026/09/07 23:12:08.241, 0, 0 %, 1051 MiB
2026/09/07 23:12:08.308, 1, 7 %, 1517 MiB
2026/09/07 23:12:08.944, 0, 0 %, 1051 MiB
2026/09/07 23:12:08.945, 1, 7 %, 1517 MiB
2026/09/07 23:12:09.445, 0, 0 %, 1051 MiB
2026/09/07 23:12:09.536, 1, 7 %, 1517 MiB
2026/09/07 23:12:10.179, 0, 0 %, 1051 MiB
2026/09/07 23:12:10.179, 1, 0 %, 1517 MiB
2026/09/07 23:12:10.680, 0, 0 %, 1051 MiB
2026/09/07 23:12:10.759, 1, 0 %, 1517 MiB
2026/09/07 23:12:11.400, 0, 0 %, 1051 MiB
2026/09/07 23:12:11.400, 1, 0 %, 1517 MiB
2026/09/07 23:12:11.900, 0, 0 %, 1051 MiB
2026/09/07 23:12:11.990, 1, 3 %, 1517 MiB
2026/09/07 23:12:12.624, 0, 0 %, 1051 MiB
2026/09/07 23:12:12.624, 1, 7 %, 1517 MiB
2026/09/07 23:12:13.124, 0, 0 %, 1051 MiB
2026/09/07 23:12:13.232, 1, 7 %, 1517 MiB
2026/09/07 23:12:13.868, 0, 0 %, 1051 MiB
2026/09/07 23:12:13.868, 1, 7 %, 1517 MiB
2026/09/07 23:12:14.368, 0, 0 %, 1051 MiB
2026/09/07 23:12:14.369, 1, 1 %, 1517 MiB
2026/09/07 23:12:14.869, 0, 0 %, 1051 MiB
2026/09/07 23:12:14.932, 1, 1 %, 1517 MiB
2026/09/07 23:12:15.573, 0, 0 %, 1051 MiB
2026/09/07 23:12:15.573, 1, 1 %, 1517 MiB
2026/09/07 23:12:16.073, 0, 0 %, 1051 MiB
2026/09/07 23:12:16.162, 1, 0 %, 1517 MiB
2026/09/07 23:12:16.803, 0, 0 %, 1051 MiB
2026/09/07 23:12:16.803, 1, 0 %, 1517 MiB
2026/09/07 23:12:17.303, 0, 0 %, 1051 MiB
2026/09/07 23:12:17.376, 1, 0 %, 1517 MiB
2026/09/07 23:12:18.012, 0, 0 %, 1051 MiB
2026/09/07 23:12:18.013, 1, 1 %, 1517 MiB
2026/09/07 23:12:18.513, 0, 0 %, 1051 MiB
2026/09/07 23:12:18.622, 1, 8 %, 1517 MiB
2026/09/07 23:12:19.256, 0, 0 %, 1051 MiB
2026/09/07 23:12:19.257, 1, 8 %, 1517 MiB
2026/09/07 23:12:19.757, 0, 0 %, 1051 MiB
2026/09/07 23:12:19.757, 1, 8 %, 1517 MiB
2026/09/07 23:12:20.258, 0, 0 %, 1051 MiB
2026/09/07 23:12:20.334, 1, 1 %, 1517 MiB
2026/09/07 23:12:20.971, 0, 0 %, 1051 MiB
2026/09/07 23:12:20.971, 1, 1 %, 1517 MiB
2026/09/07 23:12:21.471, 0, 0 %, 1051 MiB
2026/09/07 23:12:21.563, 1, 0 %, 1517 MiB
2026/09/07 23:12:22.200, 0, 0 %, 1051 MiB
2026/09/07 23:12:22.200, 1, 0 %, 1517 MiB
2026/09/07 23:12:22.700, 0, 0 %, 1051 MiB
2026/09/07 23:12:22.780, 1, 0 %, 1517 MiB
2026/09/07 23:12:23.413, 0, 0 %, 1051 MiB
2026/09/07 23:12:23.414, 1, 0 %, 1517 MiB
2026/09/07 23:12:23.914, 0, 0 %, 1051 MiB
2026/09/07 23:12:24.023, 1, 7 %, 1517 MiB
2026/09/07 23:12:24.657, 0, 0 %, 1051 MiB
2026/09/07 23:12:24.657, 1, 7 %, 1517 MiB
2026/09/07 23:12:25.157, 0, 0 %, 1051 MiB
2026/09/07 23:12:25.158, 1, 7 %, 1517 MiB
2026/09/07 23:12:25.658, 0, 0 %, 1051 MiB
2026/09/07 23:12:25.734, 1, 0 %, 1517 MiB
2026/09/07 23:12:26.372, 0, 0 %, 1051 MiB
2026/09/07 23:12:26.372, 1, 0 %, 1517 MiB
2026/09/07 23:12:26.872, 0, 0 %, 1051 MiB
2026/09/07 23:12:26.946, 1, 0 %, 1517 MiB
2026/09/07 23:12:27.582, 0, 0 %, 1051 MiB
2026/09/07 23:12:27.582, 1, 0 %, 1517 MiB
2026/09/07 23:12:28.082, 0, 0 %, 1051 MiB
2026/09/07 23:12:28.164, 1, 8 %, 1517 MiB
2026/09/07 23:12:28.797, 0, 0 %, 1051 MiB
2026/09/07 23:12:28.798, 1, 8 %, 1517 MiB
2026/09/07 23:12:29.298, 0, 0 %, 1051 MiB
2026/09/07 23:12:29.371, 1, 8 %, 1517 MiB
2026/09/07 23:12:30.009, 0, 0 %, 1051 MiB
2026/09/07 23:12:30.009, 1, 0 %, 1517 MiB
2026/09/07 23:12:30.509, 0, 0 %, 1051 MiB
2026/09/07 23:12:30.597, 1, 0 %, 1517 MiB
2026/09/07 23:12:31.232, 0, 0 %, 1051 MiB
2026/09/07 23:12:31.233, 1, 0 %, 1517 MiB
2026/09/07 23:12:31.733, 0, 0 %, 1051 MiB
2026/09/07 23:12:31.733, 1, 3 %, 1517 MiB
2026/09/07 23:12:32.233, 0, 0 %, 1051 MiB
2026/09/07 23:12:32.320, 1, 3 %, 1517 MiB
2026/09/07 23:12:32.956, 0, 0 %, 1051 MiB
2026/09/07 23:12:32.956, 1, 3 %, 1517 MiB
2026/09/07 23:12:33.456, 0, 0 %, 1051 MiB
2026/09/07 23:12:33.546, 1, 0 %, 1517 MiB
2026/09/07 23:12:34.183, 0, 0 %, 1051 MiB
2026/09/07 23:12:34.184, 1, 0 %, 1517 MiB
2026/09/07 23:12:34.684, 0, 0 %, 1051 MiB
2026/09/07 23:12:34.752, 1, 0 %, 1517 MiB
2026/09/07 23:12:35.388, 0, 0 %, 1051 MiB
2026/09/07 23:12:35.389, 1, 0 %, 1517 MiB
2026/09/07 23:12:35.889, 0, 0 %, 1051 MiB
2026/09/07 23:12:35.957, 1, 3 %, 1517 MiB
2026/09/07 23:12:36.591, 0, 0 %, 1051 MiB
2026/09/07 23:12:36.591, 1, 3 %, 1517 MiB
2026/09/07 23:12:37.091, 0, 0 %, 1051 MiB
2026/09/07 23:12:37.155, 1, 3 %, 1517 MiB
2026/09/07 23:12:37.789, 0, 0 %, 1051 MiB
2026/09/07 23:12:37.789, 1, 0 %, 1517 MiB
2026/09/07 23:12:38.289, 0, 0 %, 1051 MiB
2026/09/07 23:12:38.355, 1, 0 %, 1517 MiB
2026/09/07 23:12:38.990, 0, 0 %, 1051 MiB
2026/09/07 23:12:38.990, 1, 0 %, 1517 MiB
2026/09/07 23:12:39.491, 0, 0 %, 1051 MiB
2026/09/07 23:12:39.552, 1, 1 %, 1517 MiB
2026/09/07 23:12:40.187, 0, 0 %, 1051 MiB
2026/09/07 23:12:40.188, 1, 3 %, 1517 MiB
2026/09/07 23:12:40.688, 0, 0 %, 1051 MiB
2026/09/07 23:12:40.752, 1, 3 %, 1517 MiB
2026/09/07 23:12:41.386, 0, 0 %, 1051 MiB
2026/09/07 23:12:41.387, 1, 3 %, 1517 MiB
2026/09/07 23:12:41.887, 0, 0 %, 1051 MiB
2026/09/07 23:12:41.952, 1, 0 %, 1517 MiB
2026/09/07 23:12:42.588, 0, 0 %, 1051 MiB
2026/09/07 23:12:42.589, 1, 0 %, 1517 MiB
2026/09/07 23:12:43.089, 0, 0 %, 1051 MiB
2026/09/07 23:12:43.157, 1, 0 %, 1517 MiB
2026/09/07 23:12:43.792, 0, 0 %, 1051 MiB
2026/09/07 23:12:43.792, 1, 1 %, 1517 MiB
2026/09/07 23:12:44.292, 0, 0 %, 1051 MiB
2026/09/07 23:12:44.359, 1, 3 %, 1517 MiB
2026/09/07 23:12:44.993, 0, 0 %, 1051 MiB
2026/09/07 23:12:44.993, 1, 3 %, 1517 MiB
2026/09/07 23:12:45.493, 0, 0 %, 1051 MiB
2026/09/07 23:12:45.557, 1, 0 %, 1517 MiB
2026/09/07 23:12:46.190, 0, 0 %, 1051 MiB
2026/09/07 23:12:46.190, 1, 0 %, 1517 MiB
2026/09/07 23:12:46.690, 0, 0 %, 1051 MiB
2026/09/07 23:12:46.757, 1, 0 %, 1517 MiB
2026/09/07 23:12:47.391, 0, 0 %, 1051 MiB
2026/09/07 23:12:47.392, 1, 1 %, 1517 MiB
2026/09/07 23:12:47.892, 0, 0 %, 1051 MiB
2026/09/07 23:12:47.961, 1, 3 %, 1517 MiB
2026/09/07 23:12:48.595, 0, 0 %, 1035 MiB
2026/09/07 23:12:48.597, 1, 3 %, 1263 MiB
2026/09/07 23:12:49.098, 0, 0 %, 1035 MiB
2026/09/07 23:12:49.209, 1, 3 %, 1263 MiB
2026/09/07 23:12:49.845, 0, 0 %, 1017 MiB
2026/09/07 23:12:49.845, 1, 4 %, 510 MiB
2026/09/07 23:12:50.363, 0, 0 %, 1017 MiB
2026/09/07 23:12:50.492, 1, 4 %, 9 MiB
