2026/09/08 12:29:54.990, 0, 0 %, 1017 MiB
2026/09/08 12:29:54.992, 1, 0 %, 9 MiB
2026/09/08 12:29:55.494, 0, 0 %, 1017 MiB
2026/09/08 12:29:55.494, 1, 0 %, 9 MiB
2026/09/08 12:29:55.994, 0, 0 %, 1017 MiB
2026/09/08 12:29:56.005, 1, 0 %, 9 MiB
2026/09/08 12:29:56.628, 0, 0 %, 1017 MiB
2026/09/08 12:29:56.628, 1, 0 %, 9 MiB
2026/09/08 12:29:57.128, 0, 0 %, 1017 MiB
2026/09/08 12:29:57.263, 1, 0 %, 9 MiB
2026/09/08 12:29:57.907, 0, 0 %, 1017 MiB
2026/09/08 12:29:57.907, 1, 0 %, 9 MiB
2026/09/08 12:29:58.411, 0, 0 %, 1017 MiB
2026/09/08 12:29:58.473, 1, 0 %, 9 MiB
2026/09/08 12:29:59.087, 0, 0 %, 1017 MiB
2026/09/08 12:29:59.087, 1, 0 %, 9 MiB
2026/09/08 12:29:59.588, 0, 0 %, 1017 MiB
2026/09/08 12:29:59.639, 1, 0 %, 9 MiB
2026/09/08 12:30:00.139, 0, 0 %, 1017 MiB
2026/09/08 12:30:00.139, 1, 0 %, 9 MiB
2026/09/08 12:30:00.659, 0, 0 %, 1017 MiB
2026/09/08 12:30:00.660, 1, 0 %, 9 MiB
2026/09/08 12:30:01.160, 0, 0 %, 1017 MiB
2026/09/08 12:30:01.269, 1, 0 %, 9 MiB
2026/09/08 12:30:01.889, 0, 0 %, 1017 MiB
2026/09/08 12:30:01.959, 1, 0 %, 9 MiB
2026/09/08 12:30:02.466, 0, 0 %, 1017 MiB
2026/09/08 12:30:02.618, 1, 0 %, 9 MiB
2026/09/08 12:30:03.120, 0, 0 %, 1017 MiB
2026/09/08 12:30:03.159, 1, 0 %, 9 MiB
2026/09/08 12:30:03.660, 0, 0 %, 1017 MiB
2026/09/08 12:30:03.776, 1, 0 %, 9 MiB
2026/09/08 12:30:04.395, 0, 0 %, 1017 MiB
2026/09/08 12:30:04.409, 1, 0 %, 9 MiB
2026/09/08 12:30:04.911, 0, 0 %, 1017 MiB
2026/09/08 12:30:04.913, 1, 0 %, 9 MiB
2026/09/08 12:30:05.413, 0, 0 %, 1017 MiB
2026/09/08 12:30:05.420, 1, 0 %, 9 MiB
2026/09/08 12:30:05.921, 0, 0 %, 1017 MiB
2026/09/08 12:30:05.964, 1, 0 %, 9 MiB
2026/09/08 12:30:06.466, 0, 0 %, 1017 MiB
2026/09/08 12:30:06.581, 1, 0 %, 9 MiB
2026/09/08 12:30:07.201, 0, 0 %, 1017 MiB
2026/09/08 12:30:07.202, 1, 0 %, 9 MiB
2026/09/08 12:30:07.703, 0, 0 %, 1017 MiB
2026/09/08 12:30:07.751, 1, 0 %, 9 MiB
2026/09/08 12:30:08.254, 0, 0 %, 1017 MiB
2026/09/08 12:30:08.261, 1, 0 %, 9 MiB
2026/09/08 12:30:08.761, 0, 0 %, 1017 MiB
2026/09/08 12:30:08.878, 1, 0 %, 9 MiB
2026/09/08 12:30:09.608, 0, 0 %, 1025 MiB
2026/09/08 12:30:09.683, 1, 0 %, 9 MiB
2026/09/08 12:30:10.184, 0, 0 %, 1035 MiB
2026/09/08 12:30:10.228, 1, 0 %, 9 MiB
2026/09/08 12:30:10.728, 0, 1 %, 1066 MiB
2026/09/08 12:30:10.729, 1, 0 %, 9 MiB
2026/09/08 12:30:11.229, 0, 1 %, 1085 MiB
2026/09/08 12:30:11.269, 1, 0 %, 9 MiB
2026/09/08 12:30:11.770, 0, 1 %, 1106 MiB
2026/09/08 12:30:11.771, 1, 0 %, 9 MiB
2026/09/08 12:30:12.271, 0, 0 %, 1113 MiB
2026/09/08 12:30:12.424, 1, 0 %, 9 MiB
2026/09/08 12:30:12.926, 0, 0 %, 1120 MiB
2026/09/08 12:30:12.983, 1, 0 %, 9 MiB
2026/09/08 12:30:13.488, 0, 0 %, 1111 MiB
2026/09/08 12:30:13.582, 1, 0 %, 9 MiB
2026/09/08 12:30:14.204, 0, 0 %, 1103 MiB
2026/09/08 12:30:14.239, 1, 0 %, 9 MiB
2026/09/08 12:30:14.858, 0, 0 %, 1106 MiB
2026/09/08 12:30:14.915, 1, 0 %, 9 MiB
2026/09/08 12:30:15.536, 0, 0 %, 1126 MiB
2026/09/08 12:30:15.548, 1, 0 %, 9 MiB
2026/09/08 12:30:16.170, 0, 0 %, 1149 MiB
2026/09/08 12:30:16.284, 1, 0 %, 9 MiB
2026/09/08 12:30:16.902, 0, 0 %, 1145 MiB
2026/09/08 12:30:16.921, 1, 0 %, 9 MiB
2026/09/08 12:30:17.423, 0, 0 %, 1123 MiB
2026/09/08 12:30:17.469, 1, 0 %, 9 MiB
2026/09/08 12:30:17.970, 0, 0 %, 1120 MiB
2026/09/08 12:30:18.155, 1, 0 %, 9 MiB
2026/09/08 12:30:18.658, 0, 0 %, 1168 MiB
2026/09/08 12:30:18.663, 1, 0 %, 9 MiB
2026/09/08 12:30:19.166, 0, 0 %, 1185 MiB
2026/09/08 12:30:19.199, 1, 0 %, 9 MiB
2026/09/08 12:30:19.816, 0, 1 %, 1164 MiB
2026/09/08 12:30:20.000, 1, 0 %, 9 MiB
2026/09/08 12:30:20.501, 0, 1 %, 1206 MiB
2026/09/08 12:30:20.503, 1, 0 %, 9 MiB
2026/09/08 12:30:21.007, 0, 1 %, 1231 MiB
2026/09/08 12:30:21.012, 1, 0 %, 19 MiB
2026/09/08 12:30:21.512, 0, 1 %, 1266 MiB
2026/09/08 12:30:21.576, 1, 0 %, 35 MiB
2026/09/08 12:30:22.222, 0, 0 %, 1304 MiB
2026/09/08 12:30:22.315, 1, 1 %, 54 MiB
2026/09/08 12:30:22.820, 0, 0 %, 1409 MiB
2026/09/08 12:30:22.828, 1, 1 %, 84 MiB
2026/09/08 12:30:23.330, 0, 0 %, 1444 MiB
2026/09/08 12:30:23.334, 1, 1 %, 134 MiB
2026/09/08 12:30:23.839, 0, 0 %, 1515 MiB
2026/09/08 12:30:23.878, 1, 0 %, 162 MiB
2026/09/08 12:30:24.383, 0, 0 %, 1601 MiB
2026/09/08 12:30:24.459, 1, 0 %, 200 MiB
2026/09/08 12:30:24.964, 0, 0 %, 1690 MiB
2026/09/08 12:30:24.978, 1, 0 %, 420 MiB
2026/09/08 12:30:25.483, 0, 0 %, 1805 MiB
2026/09/08 12:30:25.485, 1, 2 %, 468 MiB
2026/09/08 12:30:26.007, 0, 0 %, 1899 MiB
2026/09/08 12:30:26.014, 1, 2 %, 500 MiB
2026/09/08 12:30:26.520, 0, 3 %, 2028 MiB
2026/09/08 12:30:26.526, 1, 1 %, 734 MiB
2026/09/08 12:30:27.054, 0, 1 %, 2144 MiB
2026/09/08 12:30:27.056, 1, 1 %, 1076 MiB
2026/09/08 12:30:27.588, 0, 1 %, 3095 MiB
2026/09/08 12:30:27.592, 1, 14 %, 1260 MiB
2026/09/08 12:30:28.098, 0, 1 %, 3413 MiB
2026/09/08 12:30:28.100, 1, 14 %, 2184 MiB
2026/09/08 12:30:28.606, 0, 2 %, 3716 MiB
2026/09/08 12:30:28.609, 1, 16 %, 2853 MiB
2026/09/08 12:30:29.109, 0, 4 %, 3883 MiB
2026/09/08 12:30:29.119, 1, 16 %, 3450 MiB
2026/09/08 12:30:29.629, 0, 10 %, 4020 MiB
2026/09/08 12:30:29.633, 1, 18 %, 3663 MiB
2026/09/08 12:30:30.138, 0, 10 %, 4688 MiB
2026/09/08 12:30:30.141, 1, 18 %, 3680 MiB
2026/09/08 12:30:30.649, 0, 10 %, 5321 MiB
2026/09/08 12:30:30.672, 1, 18 %, 4245 MiB
2026/09/08 12:30:31.177, 0, 2 %, 5951 MiB
2026/09/08 12:30:31.185, 1, 6 %, 4628 MiB
2026/09/08 12:30:31.698, 0, 2 %, 6127 MiB
2026/09/08 12:30:31.705, 1, 6 %, 4731 MiB
2026/09/08 12:30:32.217, 0, 8 %, 6554 MiB
2026/09/08 12:30:32.218, 1, 6 %, 4756 MiB
2026/09/08 12:30:32.735, 0, 9 %, 7102 MiB
2026/09/08 12:30:32.738, 1, 6 %, 4866 MiB
2026/09/08 12:30:33.265, 0, 9 %, 7463 MiB
2026/09/08 12:30:33.266, 1, 9 %, 6341 MiB
2026/09/08 12:30:33.785, 0, 9 %, 7535 MiB
2026/09/08 12:30:33.787, 1, 9 %, 6466 MiB
2026/09/08 12:30:34.298, 0, 8 %, 7622 MiB
2026/09/08 12:30:34.311, 1, 9 %, 6512 MiB
2026/09/08 12:30:34.814, 0, 8 %, 8540 MiB
2026/09/08 12:30:34.826, 1, 9 %, 7026 MiB
2026/09/08 12:30:35.339, 0, 8 %, 8874 MiB
2026/09/08 12:30:35.349, 1, 9 %, 7273 MiB
2026/09/08 12:30:35.856, 0, 11 %, 8922 MiB
2026/09/08 12:30:35.859, 1, 13 %, 7294 MiB
2026/09/08 12:30:36.367, 0, 12 %, 9448 MiB
2026/09/08 12:30:36.376, 1, 13 %, 7295 MiB
2026/09/08 12:30:36.888, 0, 12 %, 9595 MiB
2026/09/08 12:30:36.894, 1, 13 %, 7980 MiB
2026/09/08 12:30:37.402, 0, 9 %, 10108 MiB
2026/09/08 12:30:37.406, 1, 13 %, 8105 MiB
2026/09/08 12:30:37.909, 0, 9 %, 10432 MiB
2026/09/08 12:30:37.913, 1, 13 %, 8106 MiB
2026/09/08 12:30:38.423, 0, 16 %, 10478 MiB
2026/09/08 12:30:38.434, 1, 13 %, 8564 MiB
2026/09/08 12:30:38.943, 0, 16 %, 10627 MiB
2026/09/08 12:30:38.946, 1, 12 %, 9126 MiB
2026/09/08 12:30:39.457, 0, 13 %, 10728 MiB
2026/09/08 12:30:39.461, 1, 12 %, 9195 MiB
2026/09/08 12:30:39.967, 0, 13 %, 11685 MiB
2026/09/08 12:30:39.979, 1, 16 %, 9219 MiB
2026/09/08 12:30:40.500, 0, 16 %, 11826 MiB
2026/09/08 12:30:40.504, 1, 16 %, 9235 MiB
2026/09/08 12:30:41.011, 0, 16 %, 12323 MiB
2026/09/08 12:30:41.018, 1, 16 %, 9455 MiB
2026/09/08 12:30:41.529, 0, 18 %, 12326 MiB
2026/09/08 12:30:41.541, 1, 16 %, 9491 MiB
2026/09/08 12:30:42.051, 0, 18 %, 12742 MiB
2026/09/08 12:30:42.058, 1, 13 %, 9561 MiB
2026/09/08 12:30:42.574, 0, 18 %, 12823 MiB
2026/09/08 12:30:42.576, 1, 13 %, 10100 MiB
2026/09/08 12:30:43.082, 0, 19 %, 12833 MiB
2026/09/08 12:30:43.090, 1, 17 %, 10202 MiB
2026/09/08 12:30:43.598, 0, 19 %, 12851 MiB
2026/09/08 12:30:43.611, 1, 17 %, 10337 MiB
2026/09/08 12:30:44.131, 0, 18 %, 12887 MiB
2026/09/08 12:30:44.133, 1, 24 %, 10798 MiB
2026/09/08 12:30:44.642, 0, 18 %, 12919 MiB
2026/09/08 12:30:44.651, 1, 24 %, 10908 MiB
2026/09/08 12:30:45.160, 0, 22 %, 12919 MiB
2026/09/08 12:30:45.170, 1, 23 %, 11426 MiB
2026/09/08 12:30:45.681, 0, 22 %, 13054 MiB
2026/09/08 12:30:45.681, 1, 23 %, 11426 MiB
2026/09/08 12:30:46.184, 0, 23 %, 13070 MiB
2026/09/08 12:30:46.185, 1, 23 %, 11552 MiB
2026/09/08 12:30:46.694, 0, 23 %, 13071 MiB
2026/09/08 12:30:46.697, 1, 22 %, 11573 MiB
2026/09/08 12:30:47.206, 0, 33 %, 13483 MiB
2026/09/08 12:30:47.213, 1, 21 %, 11573 MiB
2026/09/08 12:30:47.721, 0, 33 %, 13553 MiB
2026/09/08 12:30:47.726, 1, 21 %, 11586 MiB
2026/09/08 12:30:48.236, 0, 24 %, 13553 MiB
2026/09/08 12:30:48.236, 1, 21 %, 12056 MiB
2026/09/08 12:30:48.742, 0, 24 %, 13553 MiB
2026/09/08 12:30:48.744, 1, 20 %, 12056 MiB
2026/09/08 12:30:49.252, 0, 26 %, 13553 MiB
2026/09/08 12:30:49.254, 1, 21 %, 12056 MiB
2026/09/08 12:30:49.761, 0, 24 %, 13553 MiB
2026/09/08 12:30:49.762, 1, 21 %, 12056 MiB
2026/09/08 12:30:50.271, 0, 26 %, 13553 MiB
2026/09/08 12:30:50.274, 1, 21 %, 12056 MiB
2026/09/08 12:30:50.783, 0, 26 %, 13553 MiB
2026/09/08 12:30:50.790, 1, 23 %, 12056 MiB
2026/09/08 12:30:51.298, 0, 27 %, 13553 MiB
2026/09/08 12:30:51.303, 1, 23 %, 12056 MiB
2026/09/08 12:30:51.806, 0, 20 %, 13553 MiB
2026/09/08 12:30:51.812, 1, 21 %, 12056 MiB
2026/09/08 12:30:52.320, 0, 20 %, 13553 MiB
2026/09/08 12:30:52.329, 1, 21 %, 11839 MiB
2026/09/08 12:30:52.835, 0, 20 %, 13553 MiB
2026/09/08 12:30:52.841, 1, 19 %, 11612 MiB
2026/09/08 12:30:53.350, 0, 24 %, 13537 MiB
2026/09/08 12:30:53.353, 1, 19 %, 10879 MiB
2026/09/08 12:30:53.856, 0, 4 %, 13521 MiB
2026/09/08 12:30:53.860, 1, 25 %, 10328 MiB
2026/09/08 12:30:54.366, 0, 4 %, 13289 MiB
2026/09/08 12:30:54.370, 1, 21 %, 9797 MiB
2026/09/08 12:30:54.878, 0, 4 %, 13287 MiB
2026/09/08 12:30:54.880, 1, 21 %, 9797 MiB
2026/09/08 12:30:55.387, 0, 17 %, 12738 MiB
2026/09/08 12:30:55.390, 1, 21 %, 9797 MiB
2026/09/08 12:30:55.901, 0, 17 %, 12738 MiB
2026/09/08 12:30:55.903, 1, 23 %, 9797 MiB
2026/09/08 12:30:56.405, 0, 18 %, 12738 MiB
2026/09/08 12:30:56.407, 1, 24 %, 9797 MiB
2026/09/08 12:30:56.914, 0, 18 %, 12520 MiB
2026/09/08 12:30:57.059, 1, 24 %, 9797 MiB
2026/09/08 12:30:57.567, 0, 18 %, 12519 MiB
2026/09/08 12:30:57.570, 1, 5 %, 9797 MiB
2026/09/08 12:30:58.081, 0, 20 %, 11970 MiB
2026/09/08 12:30:58.213, 1, 18 %, 9797 MiB
2026/09/08 12:30:58.723, 0, 20 %, 11970 MiB
2026/09/08 12:30:58.801, 1, 18 %, 9797 MiB
2026/09/08 12:30:59.448, 0, 17 %, 11752 MiB
2026/09/08 12:30:59.599, 1, 17 %, 9575 MiB
2026/09/08 12:31:00.245, 0, 5 %, 11602 MiB
2026/09/08 12:31:00.262, 1, 10 %, 9045 MiB
2026/09/08 12:31:00.772, 0, 5 %, 10947 MiB
2026/09/08 12:31:00.869, 1, 10 %, 9045 MiB
2026/09/08 12:31:01.379, 0, 8 %, 10202 MiB
2026/09/08 12:31:01.517, 1, 5 %, 9045 MiB
2026/09/08 12:31:02.024, 0, 7 %, 9653 MiB
2026/09/08 12:31:02.056, 1, 5 %, 9045 MiB
2026/09/08 12:31:02.695, 0, 7 %, 9435 MiB
2026/09/08 12:31:02.700, 1, 25 %, 9045 MiB
2026/09/08 12:31:03.206, 0, 0 %, 9434 MiB
2026/09/08 12:31:03.209, 1, 25 %, 9045 MiB
2026/09/08 12:31:03.724, 0, 0 %, 8897 MiB
2026/09/08 12:31:03.730, 1, 25 %, 9045 MiB
2026/09/08 12:31:04.233, 0, 21 %, 8917 MiB
2026/09/08 12:31:04.235, 1, 18 %, 9045 MiB
2026/09/08 12:31:04.739, 0, 21 %, 8926 MiB
2026/09/08 12:31:04.742, 1, 18 %, 9045 MiB
2026/09/08 12:31:05.244, 0, 19 %, 8927 MiB
2026/09/08 12:31:05.269, 1, 21 %, 9045 MiB
2026/09/08 12:31:05.769, 0, 19 %, 8933 MiB
2026/09/08 12:31:05.779, 1, 21 %, 9045 MiB
2026/09/08 12:31:06.286, 0, 13 %, 8927 MiB
2026/09/08 12:31:06.422, 1, 21 %, 9045 MiB
2026/09/08 12:31:07.073, 0, 0 %, 8920 MiB
2026/09/08 12:31:07.190, 1, 3 %, 9045 MiB
2026/09/08 12:31:07.695, 0, 0 %, 8918 MiB
2026/09/08 12:31:07.820, 1, 14 %, 9045 MiB
2026/09/08 12:31:08.327, 0, 7 %, 8917 MiB
2026/09/08 12:31:08.358, 1, 14 %, 8843 MiB
2026/09/08 12:31:08.867, 0, 7 %, 8917 MiB
2026/09/08 12:31:08.873, 1, 14 %, 8831 MiB
2026/09/08 12:31:09.380, 0, 0 %, 8901 MiB
2026/09/08 12:31:09.444, 1, 4 %, 8292 MiB
2026/09/08 12:31:09.950, 0, 0 %, 8895 MiB
2026/09/08 12:31:09.994, 1, 4 %, 8292 MiB
2026/09/08 12:31:10.501, 0, 0 %, 8892 MiB
2026/09/08 12:31:10.504, 1, 4 %, 8292 MiB
2026/09/08 12:31:11.012, 0, 14 %, 8895 MiB
2026/09/08 12:31:11.013, 1, 22 %, 8292 MiB
2026/09/08 12:31:11.520, 0, 14 %, 8942 MiB
2026/09/08 12:31:11.526, 1, 22 %, 8292 MiB
2026/09/08 12:31:12.031, 0, 18 %, 8933 MiB
2026/09/08 12:31:12.032, 1, 22 %, 8292 MiB
2026/09/08 12:31:12.539, 0, 18 %, 8952 MiB
2026/09/08 12:31:12.542, 1, 19 %, 8304 MiB
2026/09/08 12:31:13.049, 0, 15 %, 8965 MiB
2026/09/08 12:31:13.051, 1, 19 %, 8307 MiB
2026/09/08 12:31:13.559, 0, 15 %, 8956 MiB
2026/09/08 12:31:13.600, 1, 19 %, 8317 MiB
2026/09/08 12:31:14.104, 0, 15 %, 8966 MiB
2026/09/08 12:31:14.107, 1, 7 %, 8331 MiB
2026/09/08 12:31:14.613, 0, 15 %, 8975 MiB
2026/09/08 12:31:14.714, 1, 1 %, 8358 MiB
2026/09/08 12:31:15.218, 0, 0 %, 8990 MiB
2026/09/08 12:31:15.220, 1, 1 %, 8394 MiB
2026/09/08 12:31:15.724, 0, 0 %, 8990 MiB
2026/09/08 12:31:15.727, 1, 16 %, 8508 MiB
2026/09/08 12:31:16.235, 0, 13 %, 8979 MiB
2026/09/08 12:31:16.242, 1, 16 %, 8542 MiB
2026/09/08 12:31:16.746, 0, 13 %, 8991 MiB
2026/09/08 12:31:16.755, 1, 17 %, 8770 MiB
2026/09/08 12:31:17.262, 0, 15 %, 8998 MiB
2026/09/08 12:31:17.266, 1, 17 %, 8880 MiB
2026/09/08 12:31:17.775, 0, 15 %, 9036 MiB
2026/09/08 12:31:17.777, 1, 16 %, 8951 MiB
2026/09/08 12:31:18.284, 0, 15 %, 9121 MiB
2026/09/08 12:31:18.290, 1, 18 %, 9509 MiB
2026/09/08 12:31:18.794, 0, 29 %, 9137 MiB
2026/09/08 12:31:18.800, 1, 16 %, 10047 MiB
2026/09/08 12:31:19.307, 0, 15 %, 9242 MiB
2026/09/08 12:31:19.313, 1, 16 %, 10073 MiB
2026/09/08 12:31:19.836, 0, 27 %, 9406 MiB
2026/09/08 12:31:19.839, 1, 16 %, 10077 MiB
2026/09/08 12:31:20.344, 0, 27 %, 9429 MiB
2026/09/08 12:31:20.352, 1, 11 %, 10558 MiB
2026/09/08 12:31:20.862, 0, 12 %, 9529 MiB
2026/09/08 12:31:20.870, 1, 11 %, 10570 MiB
2026/09/08 12:31:21.379, 0, 12 %, 10119 MiB
2026/09/08 12:31:21.382, 1, 22 %, 10570 MiB
2026/09/08 12:31:21.882, 0, 17 %, 10122 MiB
2026/09/08 12:31:21.885, 1, 17 %, 10594 MiB
2026/09/08 12:31:22.394, 0, 17 %, 10606 MiB
2026/09/08 12:31:22.399, 1, 17 %, 10606 MiB
2026/09/08 12:31:22.905, 0, 15 %, 10683 MiB
2026/09/08 12:31:22.912, 1, 17 %, 10666 MiB
2026/09/08 12:31:23.420, 0, 15 %, 10858 MiB
2026/09/08 12:31:23.423, 1, 21 %, 10666 MiB
2026/09/08 12:31:23.929, 0, 16 %, 10893 MiB
2026/09/08 12:31:23.933, 1, 21 %, 10800 MiB
2026/09/08 12:31:24.442, 0, 16 %, 10991 MiB
2026/09/08 12:31:24.442, 1, 11 %, 10820 MiB
2026/09/08 12:31:24.951, 0, 12 %, 11449 MiB
2026/09/08 12:31:24.958, 1, 15 %, 10821 MiB
2026/09/08 12:31:25.468, 0, 12 %, 11639 MiB
2026/09/08 12:31:25.471, 1, 15 %, 11303 MiB
2026/09/08 12:31:25.980, 0, 14 %, 11866 MiB
2026/09/08 12:31:25.992, 1, 20 %, 11303 MiB
2026/09/08 12:31:26.499, 0, 14 %, 11942 MiB
2026/09/08 12:31:26.502, 1, 20 %, 11303 MiB
2026/09/08 12:31:27.010, 0, 14 %, 12367 MiB
2026/09/08 12:31:27.011, 1, 23 %, 11303 MiB
2026/09/08 12:31:27.520, 0, 12 %, 12590 MiB
2026/09/08 12:31:27.527, 1, 23 %, 11303 MiB
2026/09/08 12:31:28.035, 0, 18 %, 13070 MiB
2026/09/08 12:31:28.036, 1, 22 %, 11308 MiB
2026/09/08 12:31:28.543, 0, 18 %, 13083 MiB
2026/09/08 12:31:28.544, 1, 24 %, 11310 MiB
2026/09/08 12:31:29.045, 0, 18 %, 13553 MiB
2026/09/08 12:31:29.053, 1, 24 %, 11320 MiB
2026/09/08 12:31:29.560, 0, 22 %, 13553 MiB
2026/09/08 12:31:29.562, 1, 24 %, 11322 MiB
2026/09/08 12:31:30.072, 0, 21 %, 13553 MiB
2026/09/08 12:31:30.075, 1, 22 %, 11351 MiB
2026/09/08 12:31:30.582, 0, 21 %, 13553 MiB
2026/09/08 12:31:30.587, 1, 23 %, 11359 MiB
2026/09/08 12:31:31.094, 0, 17 %, 13343 MiB
2026/09/08 12:31:31.100, 1, 23 %, 11209 MiB
2026/09/08 12:31:31.611, 0, 17 %, 13335 MiB
2026/09/08 12:31:31.616, 1, 23 %, 11196 MiB
2026/09/08 12:31:32.125, 0, 17 %, 12770 MiB
2026/09/08 12:31:32.149, 1, 20 %, 10736 MiB
2026/09/08 12:31:32.660, 0, 5 %, 12770 MiB
2026/09/08 12:31:32.668, 1, 20 %, 10820 MiB
2026/09/08 12:31:33.179, 0, 18 %, 12770 MiB
2026/09/08 12:31:33.197, 1, 19 %, 10821 MiB
2026/09/08 12:31:33.712, 0, 24 %, 12770 MiB
2026/09/08 12:31:33.721, 1, 19 %, 11233 MiB
2026/09/08 12:31:34.229, 0, 24 %, 12770 MiB
2026/09/08 12:31:34.237, 1, 22 %, 11303 MiB
2026/09/08 12:31:34.744, 0, 24 %, 12770 MiB
2026/09/08 12:31:34.748, 1, 22 %, 11303 MiB
2026/09/08 12:31:35.256, 0, 22 %, 12770 MiB
2026/09/08 12:31:35.257, 1, 22 %, 11303 MiB
2026/09/08 12:31:35.766, 0, 22 %, 12770 MiB
2026/09/08 12:31:35.771, 1, 22 %, 11303 MiB
2026/09/08 12:31:36.279, 0, 23 %, 12770 MiB
2026/09/08 12:31:36.283, 1, 22 %, 11303 MiB
2026/09/08 12:31:36.791, 0, 23 %, 12770 MiB
2026/09/08 12:31:36.801, 1, 22 %, 11303 MiB
2026/09/08 12:31:37.308, 0, 23 %, 12770 MiB
2026/09/08 12:31:37.317, 1, 19 %, 11303 MiB
2026/09/08 12:31:37.819, 0, 24 %, 12770 MiB
2026/09/08 12:31:37.825, 1, 19 %, 11303 MiB
2026/09/08 12:31:38.326, 0, 24 %, 12770 MiB
2026/09/08 12:31:38.332, 1, 19 %, 11303 MiB
2026/09/08 12:31:38.834, 0, 9 %, 12770 MiB
2026/09/08 12:31:38.834, 1, 2 %, 11233 MiB
2026/09/08 12:31:39.341, 0, 24 %, 12770 MiB
2026/09/08 12:31:39.433, 1, 2 %, 10867 MiB
2026/09/08 12:31:40.081, 0, 24 %, 12754 MiB
2026/09/08 12:31:40.124, 1, 16 %, 10328 MiB
2026/09/08 12:31:40.773, 0, 1 %, 12738 MiB
2026/09/08 12:31:40.777, 1, 18 %, 9596 MiB
2026/09/08 12:31:41.277, 0, 1 %, 12522 MiB
2026/09/08 12:31:41.286, 1, 16 %, 9575 MiB
2026/09/08 12:31:41.798, 0, 26 %, 12499 MiB
2026/09/08 12:31:41.805, 1, 16 %, 9045 MiB
2026/09/08 12:31:42.312, 0, 26 %, 11954 MiB
2026/09/08 12:31:42.322, 1, 16 %, 8843 MiB
2026/09/08 12:31:42.834, 0, 28 %, 11954 MiB
2026/09/08 12:31:42.836, 1, 21 %, 8822 MiB
2026/09/08 12:31:43.344, 0, 28 %, 11938 MiB
2026/09/08 12:31:43.348, 1, 21 %, 8292 MiB
2026/09/08 12:31:43.856, 0, 28 %, 11948 MiB
2026/09/08 12:31:43.862, 1, 16 %, 8292 MiB
2026/09/08 12:31:44.368, 0, 28 %, 11963 MiB
2026/09/08 12:31:44.375, 1, 16 %, 8292 MiB
2026/09/08 12:31:44.882, 0, 27 %, 11970 MiB
2026/09/08 12:31:44.884, 1, 15 %, 8292 MiB
2026/09/08 12:31:45.392, 0, 27 %, 11970 MiB
2026/09/08 12:31:45.394, 1, 15 %, 8292 MiB
2026/09/08 12:31:45.895, 0, 28 %, 11954 MiB
2026/09/08 12:31:45.896, 1, 15 %, 8292 MiB
2026/09/08 12:31:46.396, 0, 28 %, 11938 MiB
2026/09/08 12:31:46.397, 1, 15 %, 8292 MiB
2026/09/08 12:31:46.901, 0, 28 %, 11938 MiB
2026/09/08 12:31:46.902, 1, 18 %, 8292 MiB
2026/09/08 12:31:47.403, 0, 25 %, 11947 MiB
2026/09/08 12:31:47.405, 1, 18 %, 8292 MiB
2026/09/08 12:31:47.911, 0, 25 %, 11954 MiB
2026/09/08 12:31:47.912, 1, 15 %, 8292 MiB
2026/09/08 12:31:48.414, 0, 21 %, 11970 MiB
2026/09/08 12:31:48.418, 1, 15 %, 8300 MiB
2026/09/08 12:31:48.918, 0, 21 %, 11757 MiB
2026/09/08 12:31:48.921, 1, 15 %, 8098 MiB
2026/09/08 12:31:49.430, 0, 20 %, 11752 MiB
2026/09/08 12:31:49.438, 1, 15 %, 8109 MiB
2026/09/08 12:31:49.945, 0, 20 %, 11207 MiB
2026/09/08 12:31:49.948, 1, 14 %, 7587 MiB
2026/09/08 12:31:50.450, 0, 0 %, 11209 MiB
2026/09/08 12:31:50.453, 1, 14 %, 7655 MiB
2026/09/08 12:31:50.955, 0, 0 %, 11014 MiB
2026/09/08 12:31:50.957, 1, 15 %, 7433 MiB
2026/09/08 12:31:51.457, 0, 14 %, 10506 MiB
2026/09/08 12:31:51.461, 1, 15 %, 7569 MiB
2026/09/08 12:31:51.972, 0, 14 %, 10522 MiB
2026/09/08 12:31:51.975, 1, 15 %, 7067 MiB
2026/09/08 12:31:52.478, 0, 14 %, 10213 MiB
2026/09/08 12:31:52.479, 1, 18 %, 7539 MiB
2026/09/08 12:31:52.986, 0, 14 %, 10207 MiB
2026/09/08 12:31:52.988, 1, 18 %, 7539 MiB
2026/09/08 12:31:53.497, 0, 14 %, 9621 MiB
2026/09/08 12:31:53.498, 1, 15 %, 7539 MiB
2026/09/08 12:31:53.999, 0, 14 %, 9636 MiB
2026/09/08 12:31:54.084, 1, 2 %, 7539 MiB
2026/09/08 12:31:54.729, 0, 14 %, 9637 MiB
2026/09/08 12:31:54.801, 1, 20 %, 7317 MiB
2026/09/08 12:31:55.446, 0, 4 %, 9621 MiB
2026/09/08 12:31:55.468, 1, 20 %, 6786 MiB
2026/09/08 12:31:55.971, 0, 4 %, 9621 MiB
2026/09/08 12:31:56.015, 1, 20 %, 6786 MiB
2026/09/08 12:31:56.518, 0, 7 %, 9616 MiB
2026/09/08 12:31:56.600, 1, 6 %, 6786 MiB
2026/09/08 12:31:57.242, 0, 15 %, 9391 MiB
2026/09/08 12:31:57.257, 1, 6 %, 6786 MiB
2026/09/08 12:31:57.762, 0, 15 %, 9167 MiB
2026/09/08 12:31:57.765, 1, 6 %, 6786 MiB
2026/09/08 12:31:58.307, 0, 0 %, 8070 MiB
2026/09/08 12:31:58.376, 1, 11 %, 6786 MiB
2026/09/08 12:31:58.885, 0, 0 %, 8070 MiB
2026/09/08 12:31:58.886, 1, 9 %, 6786 MiB
2026/09/08 12:31:59.390, 0, 16 %, 8086 MiB
2026/09/08 12:31:59.391, 1, 9 %, 6786 MiB
2026/09/08 12:31:59.895, 0, 16 %, 8105 MiB
2026/09/08 12:31:59.896, 1, 9 %, 6786 MiB
2026/09/08 12:32:00.400, 0, 15 %, 7879 MiB
2026/09/08 12:32:00.408, 1, 9 %, 6793 MiB
2026/09/08 12:32:00.909, 0, 15 %, 7837 MiB
2026/09/08 12:32:00.910, 1, 14 %, 6806 MiB
2026/09/08 12:32:01.411, 0, 13 %, 7126 MiB
2026/09/08 12:32:01.416, 1, 14 %, 6834 MiB
2026/09/08 12:32:01.916, 0, 15 %, 7099 MiB
2026/09/08 12:32:01.918, 1, 10 %, 6870 MiB
2026/09/08 12:32:02.425, 0, 15 %, 6615 MiB
2026/09/08 12:32:02.428, 1, 10 %, 6909 MiB
2026/09/08 12:32:02.933, 0, 14 %, 6600 MiB
2026/09/08 12:32:03.063, 1, 15 %, 6991 MiB
2026/09/08 12:32:03.565, 0, 6 %, 6606 MiB
2026/09/08 12:32:03.566, 1, 12 %, 7086 MiB
2026/09/08 12:32:04.215, 0, 6 %, 6606 MiB
2026/09/08 12:32:04.223, 1, 12 %, 7113 MiB
2026/09/08 12:32:04.728, 0, 9 %, 6621 MiB
2026/09/08 12:32:04.852, 1, 0 %, 7421 MiB
2026/09/08 12:32:05.354, 0, 17 %, 6656 MiB
2026/09/08 12:32:05.357, 1, 0 %, 7415 MiB
2026/09/08 12:32:05.857, 0, 17 %, 6699 MiB
2026/09/08 12:32:05.859, 1, 12 %, 7040 MiB
2026/09/08 12:32:06.365, 0, 11 %, 6739 MiB
2026/09/08 12:32:06.382, 1, 12 %, 7057 MiB
2026/09/08 12:32:06.886, 0, 11 %, 6847 MiB
2026/09/08 12:32:07.023, 1, 12 %, 7474 MiB
2026/09/08 12:32:07.669, 0, 11 %, 6784 MiB
2026/09/08 12:32:07.785, 1, 12 %, 7547 MiB
2026/09/08 12:32:08.427, 0, 11 %, 6797 MiB
2026/09/08 12:32:08.467, 1, 0 %, 7559 MiB
2026/09/08 12:32:08.971, 0, 0 %, 6861 MiB
2026/09/08 12:32:09.078, 1, 0 %, 7564 MiB
2026/09/08 12:32:09.584, 0, 9 %, 6884 MiB
2026/09/08 12:32:09.585, 1, 11 %, 7594 MiB
2026/09/08 12:32:10.090, 0, 9 %, 6894 MiB
2026/09/08 12:32:10.221, 1, 3 %, 7634 MiB
2026/09/08 12:32:10.866, 0, 1 %, 6896 MiB
2026/09/08 12:32:10.870, 1, 3 %, 7461 MiB
2026/09/08 12:32:11.375, 0, 1 %, 7383 MiB
2026/09/08 12:32:11.407, 1, 14 %, 7250 MiB
2026/09/08 12:32:12.051, 0, 0 %, 7367 MiB
2026/09/08 12:32:12.053, 1, 7 %, 6705 MiB
2026/09/08 12:32:12.561, 0, 0 %, 7351 MiB
2026/09/08 12:32:12.563, 1, 7 %, 6169 MiB
2026/09/08 12:32:13.068, 0, 3 %, 7346 MiB
2026/09/08 12:32:13.182, 1, 16 %, 6327 MiB
2026/09/08 12:32:13.687, 0, 3 %, 7351 MiB
2026/09/08 12:32:13.825, 1, 1 %, 6352 MiB
2026/09/08 12:32:14.330, 0, 3 %, 7335 MiB
2026/09/08 12:32:14.334, 1, 1 %, 6902 MiB
2026/09/08 12:32:14.840, 0, 0 %, 7353 MiB
2026/09/08 12:32:14.844, 1, 1 %, 6902 MiB
2026/09/08 12:32:15.353, 0, 0 %, 7353 MiB
2026/09/08 12:32:15.357, 1, 11 %, 7057 MiB
2026/09/08 12:32:15.861, 0, 15 %, 7360 MiB
2026/09/08 12:32:15.865, 1, 21 %, 7069 MiB
2026/09/08 12:32:16.374, 0, 15 %, 7376 MiB
2026/09/08 12:32:16.376, 1, 21 %, 7539 MiB
2026/09/08 12:32:16.881, 0, 15 %, 7369 MiB
2026/09/08 12:32:16.946, 1, 21 %, 7337 MiB
2026/09/08 12:32:17.453, 0, 2 %, 7385 MiB
2026/09/08 12:32:17.459, 1, 21 %, 7317 MiB
2026/09/08 12:32:17.965, 0, 6 %, 7382 MiB
2026/09/08 12:32:18.002, 1, 11 %, 6786 MiB
2026/09/08 12:32:18.506, 0, 6 %, 7380 MiB
2026/09/08 12:32:18.510, 1, 11 %, 6786 MiB
2026/09/08 12:32:19.020, 0, 6 %, 7387 MiB
2026/09/08 12:32:19.025, 1, 11 %, 6786 MiB
2026/09/08 12:32:19.527, 0, 13 %, 7405 MiB
2026/09/08 12:32:19.529, 1, 11 %, 6794 MiB
2026/09/08 12:32:20.029, 0, 13 %, 7435 MiB
2026/09/08 12:32:20.032, 1, 19 %, 6804 MiB
2026/09/08 12:32:20.540, 0, 13 %, 7491 MiB
2026/09/08 12:32:20.542, 1, 19 %, 6826 MiB
2026/09/08 12:32:21.047, 0, 13 %, 7532 MiB
2026/09/08 12:32:21.053, 1, 12 %, 6834 MiB
2026/09/08 12:32:21.556, 0, 13 %, 7613 MiB
2026/09/08 12:32:21.708, 1, 12 %, 6871 MiB
2026/09/08 12:32:22.352, 0, 0 %, 7622 MiB
2026/09/08 12:32:22.369, 1, 4 %, 6877 MiB
2026/09/08 12:32:22.875, 0, 0 %, 7753 MiB
2026/09/08 12:32:22.878, 1, 4 %, 6910 MiB
2026/09/08 12:32:23.382, 0, 1 %, 7790 MiB
2026/09/08 12:32:23.527, 1, 8 %, 6919 MiB
2026/09/08 12:32:24.043, 0, 1 %, 7861 MiB
2026/09/08 12:32:24.046, 1, 8 %, 7055 MiB
2026/09/08 12:32:24.552, 0, 3 %, 8368 MiB
2026/09/08 12:32:24.783, 1, 15 %, 7096 MiB
2026/09/08 12:32:25.288, 0, 3 %, 8293 MiB
2026/09/08 12:32:25.289, 1, 15 %, 7120 MiB
2026/09/08 12:32:25.797, 0, 12 %, 7819 MiB
2026/09/08 12:32:25.827, 1, 12 %, 7662 MiB
2026/09/08 12:32:26.334, 0, 12 %, 8274 MiB
2026/09/08 12:32:26.337, 1, 12 %, 7663 MiB
2026/09/08 12:32:26.846, 0, 18 %, 8452 MiB
2026/09/08 12:32:26.848, 1, 12 %, 7812 MiB
2026/09/08 12:32:27.357, 0, 18 %, 8583 MiB
2026/09/08 12:32:27.359, 1, 18 %, 7851 MiB
2026/09/08 12:32:27.874, 0, 7 %, 8654 MiB
2026/09/08 12:32:27.875, 1, 18 %, 7862 MiB
2026/09/08 12:32:28.668, 0, 18 %, 9223 MiB
2026/09/08 12:32:28.674, 1, 15 %, 8407 MiB
2026/09/08 12:32:29.179, 0, 18 %, 9371 MiB
2026/09/08 12:32:29.260, 1, 15 %, 8407 MiB
2026/09/08 12:32:29.768, 0, 12 %, 9386 MiB
2026/09/08 12:32:29.780, 1, 13 %, 8542 MiB
2026/09/08 12:32:30.292, 0, 12 %, 9488 MiB
2026/09/08 12:32:30.298, 1, 13 %, 8562 MiB
2026/09/08 12:32:30.806, 0, 12 %, 10036 MiB
2026/09/08 12:32:30.808, 1, 13 %, 8572 MiB
2026/09/08 12:32:31.315, 0, 11 %, 9913 MiB
2026/09/08 12:32:31.329, 1, 22 %, 9052 MiB
2026/09/08 12:32:31.836, 0, 15 %, 10383 MiB
2026/09/08 12:32:31.840, 1, 22 %, 9064 MiB
2026/09/08 12:32:32.348, 0, 15 %, 9955 MiB
2026/09/08 12:32:32.354, 1, 19 %, 9064 MiB
2026/09/08 12:32:32.860, 0, 11 %, 9976 MiB
2026/09/08 12:32:32.869, 1, 18 %, 9092 MiB
2026/09/08 12:32:33.376, 0, 11 %, 9992 MiB
2026/09/08 12:32:33.383, 1, 18 %, 9128 MiB
2026/09/08 12:32:33.890, 0, 12 %, 10501 MiB
2026/09/08 12:32:33.890, 1, 18 %, 9160 MiB
2026/09/08 12:32:34.396, 0, 12 %, 10311 MiB
2026/09/08 12:32:34.397, 1, 20 %, 9230 MiB
2026/09/08 12:32:34.905, 0, 18 %, 10331 MiB
2026/09/08 12:32:34.909, 1, 20 %, 9320 MiB
2026/09/08 12:32:35.413, 0, 18 %, 9850 MiB
2026/09/08 12:32:35.416, 1, 20 %, 9322 MiB
2026/09/08 12:32:35.919, 0, 15 %, 9860 MiB
2026/09/08 12:32:35.920, 1, 19 %, 9820 MiB
2026/09/08 12:32:36.423, 0, 15 %, 9916 MiB
2026/09/08 12:32:36.566, 1, 19 %, 9824 MiB
2026/09/08 12:32:37.071, 0, 17 %, 10001 MiB
2026/09/08 12:32:37.072, 1, 19 %, 9847 MiB
2026/09/08 12:32:37.578, 0, 17 %, 10001 MiB
2026/09/08 12:32:37.667, 1, 19 %, 9872 MiB
2026/09/08 12:32:38.183, 0, 9 %, 9800 MiB
2026/09/08 12:32:38.186, 1, 15 %, 9940 MiB
2026/09/08 12:32:38.693, 0, 9 %, 9727 MiB
2026/09/08 12:32:38.696, 1, 15 %, 9960 MiB
2026/09/08 12:32:39.203, 0, 13 %, 9738 MiB
2026/09/08 12:32:39.208, 1, 26 %, 10138 MiB
2026/09/08 12:32:39.713, 0, 13 %, 9767 MiB
2026/09/08 12:32:39.714, 1, 26 %, 10184 MiB
2026/09/08 12:32:40.233, 0, 13 %, 9812 MiB
2026/09/08 12:32:40.244, 1, 26 %, 10336 MiB
2026/09/08 12:32:40.755, 0, 31 %, 9850 MiB
2026/09/08 12:32:40.758, 1, 17 %, 10820 MiB
2026/09/08 12:32:41.262, 0, 31 %, 9920 MiB
2026/09/08 12:32:41.263, 1, 16 %, 10821 MiB
2026/09/08 12:32:41.786, 0, 14 %, 9840 MiB
2026/09/08 12:32:41.802, 1, 22 %, 11240 MiB
2026/09/08 12:32:42.312, 0, 14 %, 9800 MiB
2026/09/08 12:32:42.330, 1, 22 %, 11092 MiB
2026/09/08 12:32:42.982, 0, 1 %, 9646 MiB
2026/09/08 12:32:42.987, 1, 7 %, 10558 MiB
2026/09/08 12:32:43.494, 0, 10 %, 9716 MiB
2026/09/08 12:32:43.605, 1, 7 %, 10570 MiB
2026/09/08 12:32:44.110, 0, 10 %, 9716 MiB
2026/09/08 12:32:44.113, 1, 7 %, 10598 MiB
2026/09/08 12:32:44.618, 0, 19 %, 9701 MiB
2026/09/08 12:32:44.621, 1, 26 %, 10634 MiB
2026/09/08 12:32:45.127, 0, 19 %, 9700 MiB
2026/09/08 12:32:45.129, 1, 26 %, 10666 MiB
2026/09/08 12:32:45.632, 0, 21 %, 9700 MiB
2026/09/08 12:32:45.638, 1, 23 %, 10800 MiB
2026/09/08 12:32:46.143, 0, 21 %, 9700 MiB
2026/09/08 12:32:46.288, 1, 23 %, 10750 MiB
2026/09/08 12:32:46.793, 0, 13 %, 9700 MiB
2026/09/08 12:32:46.799, 1, 23 %, 10607 MiB
2026/09/08 12:32:47.302, 0, 13 %, 9684 MiB
2026/09/08 12:32:47.303, 1, 21 %, 10550 MiB
2026/09/08 12:32:47.948, 0, 1 %, 9694 MiB
2026/09/08 12:32:47.953, 1, 24 %, 10328 MiB
2026/09/08 12:32:48.456, 0, 14 %, 9710 MiB
2026/09/08 12:32:48.481, 1, 24 %, 10321 MiB
2026/09/08 12:32:48.994, 0, 6 %, 9498 MiB
2026/09/08 12:32:49.002, 1, 24 %, 9797 MiB
2026/09/08 12:32:49.504, 0, 6 %, 9483 MiB
2026/09/08 12:32:49.506, 1, 2 %, 9727 MiB
2026/09/08 12:32:50.008, 0, 6 %, 8933 MiB
2026/09/08 12:32:50.147, 1, 2 %, 9581 MiB
2026/09/08 12:32:50.655, 0, 13 %, 8706 MiB
2026/09/08 12:32:50.723, 1, 2 %, 9045 MiB
2026/09/08 12:32:51.368, 0, 13 %, 8154 MiB
2026/09/08 12:32:51.370, 1, 4 %, 9045 MiB
2026/09/08 12:32:51.872, 0, 0 %, 8161 MiB
2026/09/08 12:32:52.047, 1, 4 %, 9045 MiB
2026/09/08 12:32:52.552, 0, 0 %, 8164 MiB
2026/09/08 12:32:52.555, 1, 4 %, 9045 MiB
2026/09/08 12:32:53.064, 0, 0 %, 8175 MiB
2026/09/08 12:32:53.070, 1, 3 %, 9045 MiB
2026/09/08 12:32:53.576, 0, 17 %, 8200 MiB
2026/09/08 12:32:53.691, 1, 3 %, 9045 MiB
2026/09/08 12:32:54.345, 0, 13 %, 8277 MiB
2026/09/08 12:32:54.348, 1, 3 %, 9045 MiB
2026/09/08 12:32:54.855, 0, 16 %, 8354 MiB
2026/09/08 12:32:54.858, 1, 24 %, 9045 MiB
2026/09/08 12:32:55.361, 0, 16 %, 8444 MiB
2026/09/08 12:32:55.365, 1, 24 %, 9045 MiB
2026/09/08 12:32:55.876, 0, 12 %, 8872 MiB
2026/09/08 12:32:55.882, 1, 24 %, 9045 MiB
2026/09/08 12:32:56.386, 0, 12 %, 8774 MiB
2026/09/08 12:32:56.388, 1, 25 %, 9045 MiB
2026/09/08 12:32:56.892, 0, 12 %, 8706 MiB
2026/09/08 12:32:56.894, 1, 25 %, 9045 MiB
2026/09/08 12:32:57.398, 0, 14 %, 8714 MiB
2026/09/08 12:32:57.404, 1, 16 %, 9045 MiB
2026/09/08 12:32:57.907, 0, 13 %, 8194 MiB
2026/09/08 12:32:57.911, 1, 16 %, 9045 MiB
2026/09/08 12:32:58.415, 0, 13 %, 8208 MiB
2026/09/08 12:32:58.420, 1, 6 %, 9045 MiB
2026/09/08 12:32:58.923, 0, 18 %, 8220 MiB
2026/09/08 12:32:59.001, 1, 6 %, 9045 MiB
2026/09/08 12:32:59.650, 0, 18 %, 8305 MiB
2026/09/08 12:32:59.651, 1, 16 %, 9045 MiB
2026/09/08 12:33:00.157, 0, 16 %, 8466 MiB
2026/09/08 12:33:00.162, 1, 16 %, 9045 MiB
2026/09/08 12:33:00.668, 0, 16 %, 8515 MiB
2026/09/08 12:33:00.675, 1, 15 %, 9052 MiB
2026/09/08 12:33:01.178, 0, 11 %, 9087 MiB
2026/09/08 12:33:01.181, 1, 12 %, 9062 MiB
2026/09/08 12:33:01.686, 0, 15 %, 9164 MiB
2026/09/08 12:33:01.686, 1, 12 %, 9086 MiB
2026/09/08 12:33:02.210, 0, 5 %, 9254 MiB
2026/09/08 12:33:02.217, 1, 13 %, 9092 MiB
2026/09/08 12:33:02.721, 0, 15 %, 9295 MiB
2026/09/08 12:33:02.726, 1, 14 %, 9128 MiB
2026/09/08 12:33:03.245, 0, 15 %, 9340 MiB
2026/09/08 12:33:03.250, 1, 14 %, 9160 MiB
2026/09/08 12:33:03.765, 0, 12 %, 9795 MiB
2026/09/08 12:33:03.811, 1, 9 %, 9160 MiB
2026/09/08 12:33:04.322, 0, 12 %, 9971 MiB
2026/09/08 12:33:04.325, 1, 13 %, 9301 MiB
2026/09/08 12:33:04.848, 0, 0 %, 9900 MiB
2026/09/08 12:33:04.891, 1, 13 %, 9322 MiB
2026/09/08 12:33:05.678, 0, 16 %, 9352 MiB
2026/09/08 12:33:05.682, 1, 2 %, 8952 MiB
2026/09/08 12:33:06.188, 0, 16 %, 9352 MiB
2026/09/08 12:33:06.195, 1, 2 %, 8907 MiB
2026/09/08 12:33:06.706, 0, 8 %, 9390 MiB
2026/09/08 12:33:06.769, 1, 5 %, 8322 MiB
2026/09/08 12:33:07.274, 0, 8 %, 9937 MiB
2026/09/08 12:33:07.416, 1, 5 %, 8118 MiB
2026/09/08 12:33:08.058, 0, 1 %, 9933 MiB
2026/09/08 12:33:08.065, 1, 11 %, 7655 MiB
2026/09/08 12:33:08.573, 0, 16 %, 10420 MiB
2026/09/08 12:33:08.705, 1, 11 %, 7655 MiB
2026/09/08 12:33:09.207, 0, 16 %, 10420 MiB
2026/09/08 12:33:09.211, 1, 17 %, 7799 MiB
2026/09/08 12:33:09.717, 0, 23 %, 10436 MiB
2026/09/08 12:33:09.724, 1, 17 %, 7810 MiB
2026/09/08 12:33:10.227, 0, 23 %, 10440 MiB
2026/09/08 12:33:10.230, 1, 14 %, 8222 MiB
2026/09/08 12:33:10.738, 0, 23 %, 10451 MiB
2026/09/08 12:33:10.741, 1, 14 %, 8090 MiB
2026/09/08 12:33:11.249, 0, 23 %, 10268 MiB
2026/09/08 12:33:11.263, 1, 14 %, 7848 MiB
2026/09/08 12:33:11.772, 0, 23 %, 10208 MiB
2026/09/08 12:33:11.780, 1, 14 %, 7310 MiB
2026/09/08 12:33:12.284, 0, 10 %, 10187 MiB
2026/09/08 12:33:12.288, 1, 14 %, 6786 MiB
2026/09/08 12:33:12.936, 0, 10 %, 9649 MiB
2026/09/08 12:33:12.936, 1, 14 %, 6786 MiB
2026/09/08 12:33:13.441, 0, 0 %, 9652 MiB
2026/09/08 12:33:13.444, 1, 1 %, 6786 MiB
2026/09/08 12:33:13.949, 0, 0 %, 9677 MiB
2026/09/08 12:33:13.955, 1, 1 %, 6786 MiB
2026/09/08 12:33:14.465, 0, 0 %, 9702 MiB
2026/09/08 12:33:14.565, 1, 9 %, 6786 MiB
2026/09/08 12:33:15.071, 0, 4 %, 9738 MiB
2026/09/08 12:33:15.076, 1, 9 %, 6786 MiB
2026/09/08 12:33:15.580, 0, 4 %, 9780 MiB
2026/09/08 12:33:15.660, 1, 9 %, 6786 MiB
2026/09/08 12:33:16.166, 0, 0 %, 9841 MiB
2026/09/08 12:33:16.167, 1, 9 %, 6793 MiB
2026/09/08 12:33:16.669, 0, 19 %, 9930 MiB
2026/09/08 12:33:16.673, 1, 15 %, 6806 MiB
2026/09/08 12:33:17.179, 0, 28 %, 10022 MiB
2026/09/08 12:33:17.181, 1, 15 %, 6610 MiB
2026/09/08 12:33:17.686, 0, 28 %, 10451 MiB
2026/09/08 12:33:17.689, 1, 15 %, 6610 MiB
2026/09/08 12:33:18.197, 0, 17 %, 10458 MiB
2026/09/08 12:33:18.216, 1, 15 %, 6156 MiB
2026/09/08 12:33:18.719, 0, 24 %, 10488 MiB
2026/09/08 12:33:18.722, 1, 15 %, 6168 MiB
2026/09/08 12:33:19.225, 0, 23 %, 10570 MiB
2026/09/08 12:33:19.226, 1, 10 %, 6323 MiB
2026/09/08 12:33:19.754, 0, 23 %, 10563 MiB
2026/09/08 12:33:19.757, 1, 9 %, 6360 MiB
2026/09/08 12:33:20.263, 0, 23 %, 10470 MiB
2026/09/08 12:33:20.274, 1, 11 %, 6370 MiB
2026/09/08 12:33:20.783, 0, 17 %, 10509 MiB
2026/09/08 12:33:20.794, 1, 11 %, 6902 MiB
2026/09/08 12:33:21.304, 0, 17 %, 9947 MiB
2026/09/08 12:33:21.435, 1, 11 %, 6902 MiB
2026/09/08 12:33:21.940, 0, 17 %, 10375 MiB
2026/09/08 12:33:21.944, 1, 11 %, 7036 MiB
2026/09/08 12:33:22.449, 0, 19 %, 10445 MiB
2026/09/08 12:33:22.455, 1, 13 %, 6839 MiB
2026/09/08 12:33:22.961, 0, 19 %, 10454 MiB
2026/09/08 12:33:22.962, 1, 13 %, 7310 MiB
2026/09/08 12:33:23.465, 0, 13 %, 10522 MiB
2026/09/08 12:33:23.467, 1, 13 %, 6786 MiB
2026/09/08 12:33:23.974, 0, 13 %, 10601 MiB
2026/09/08 12:33:23.990, 1, 17 %, 6786 MiB
2026/09/08 12:33:24.496, 0, 19 %, 10624 MiB
2026/09/08 12:33:24.499, 1, 17 %, 6786 MiB
2026/09/08 12:33:25.004, 0, 20 %, 10477 MiB
2026/09/08 12:33:25.045, 1, 0 %, 6786 MiB
2026/09/08 12:33:25.692, 0, 20 %, 9963 MiB
2026/09/08 12:33:25.695, 1, 0 %, 6791 MiB
2026/09/08 12:33:26.195, 0, 20 %, 10451 MiB
2026/09/08 12:33:26.211, 1, 0 %, 6793 MiB
2026/09/08 12:33:26.849, 0, 0 %, 10486 MiB
2026/09/08 12:33:26.878, 1, 0 %, 6660 MiB
2026/09/08 12:33:27.520, 0, 0 %, 10486 MiB
2026/09/08 12:33:27.527, 1, 15 %, 6584 MiB
2026/09/08 12:33:28.033, 0, 0 %, 10538 MiB
2026/09/08 12:33:28.146, 1, 15 %, 6058 MiB
2026/09/08 12:33:28.653, 0, 22 %, 10538 MiB
2026/09/08 12:33:28.659, 1, 15 %, 6089 MiB
2026/09/08 12:33:29.166, 0, 22 %, 10656 MiB
2026/09/08 12:33:29.307, 1, 14 %, 6136 MiB
2026/09/08 12:33:29.950, 0, 4 %, 10672 MiB
2026/09/08 12:33:29.952, 1, 15 %, 6190 MiB
2026/09/08 12:33:30.462, 0, 21 %, 10675 MiB
2026/09/08 12:33:30.570, 1, 15 %, 6204 MiB
2026/09/08 12:33:31.072, 0, 19 %, 11164 MiB
2026/09/08 12:33:31.079, 1, 13 %, 6419 MiB
2026/09/08 12:33:31.585, 0, 19 %, 11171 MiB
2026/09/08 12:33:31.589, 1, 13 %, 6419 MiB
2026/09/08 12:33:32.093, 0, 2 %, 11171 MiB
2026/09/08 12:33:32.097, 1, 13 %, 6419 MiB
2026/09/08 12:33:32.604, 0, 2 %, 11171 MiB
2026/09/08 12:33:32.626, 1, 0 %, 6636 MiB
2026/09/08 12:33:33.133, 0, 1 %, 11171 MiB
2026/09/08 12:33:33.252, 1, 0 %, 7056 MiB
2026/09/08 12:33:33.758, 0, 1 %, 11180 MiB
2026/09/08 12:33:33.763, 1, 10 %, 7057 MiB
2026/09/08 12:33:34.273, 0, 3 %, 11189 MiB
2026/09/08 12:33:34.279, 1, 10 %, 7057 MiB
2026/09/08 12:33:34.785, 0, 3 %, 11202 MiB
2026/09/08 12:33:34.846, 1, 1 %, 7063 MiB
2026/09/08 12:33:35.484, 0, 2 %, 11187 MiB
2026/09/08 12:33:35.538, 1, 1 %, 7471 MiB
2026/09/08 12:33:36.042, 0, 2 %, 11196 MiB
2026/09/08 12:33:36.046, 1, 12 %, 7539 MiB
2026/09/08 12:33:36.552, 0, 2 %, 11203 MiB
2026/09/08 12:33:36.553, 1, 15 %, 7546 MiB
2026/09/08 12:33:37.053, 0, 23 %, 11196 MiB
2026/09/08 12:33:37.055, 1, 15 %, 7556 MiB
2026/09/08 12:33:37.559, 0, 23 %, 10985 MiB
2026/09/08 12:33:37.560, 1, 12 %, 7357 MiB
2026/09/08 12:33:38.066, 0, 25 %, 10989 MiB
2026/09/08 12:33:38.069, 1, 12 %, 7364 MiB
2026/09/08 12:33:38.575, 0, 25 %, 10436 MiB
2026/09/08 12:33:38.579, 1, 12 %, 6870 MiB
2026/09/08 12:33:39.084, 0, 23 %, 10436 MiB
2026/09/08 12:33:39.089, 1, 12 %, 6902 MiB
2026/09/08 12:33:39.596, 0, 23 %, 10445 MiB
2026/09/08 12:33:39.598, 1, 14 %, 6807 MiB
2026/09/08 12:33:40.106, 0, 19 %, 10447 MiB
2026/09/08 12:33:40.108, 1, 14 %, 6841 MiB
2026/09/08 12:33:40.613, 0, 19 %, 10436 MiB
2026/09/08 12:33:40.621, 1, 14 %, 6312 MiB
2026/09/08 12:33:41.127, 0, 20 %, 10449 MiB
2026/09/08 12:33:41.132, 1, 9 %, 6806 MiB
2026/09/08 12:33:41.637, 0, 20 %, 10447 MiB
2026/09/08 12:33:41.639, 1, 12 %, 6834 MiB
2026/09/08 12:33:42.146, 0, 20 %, 10453 MiB
2026/09/08 12:33:42.148, 1, 13 %, 6736 MiB
2026/09/08 12:33:42.655, 0, 20 %, 10488 MiB
2026/09/08 12:33:42.662, 1, 13 %, 6680 MiB
2026/09/08 12:33:43.169, 0, 18 %, 10508 MiB
2026/09/08 12:33:43.172, 1, 13 %, 6743 MiB
2026/09/08 12:33:43.680, 0, 18 %, 10575 MiB
2026/09/08 12:33:43.681, 1, 14 %, 6308 MiB
2026/09/08 12:33:44.187, 0, 20 %, 10597 MiB
2026/09/08 12:33:44.195, 1, 12 %, 6311 MiB
2026/09/08 12:33:44.702, 0, 20 %, 10683 MiB
2026/09/08 12:33:44.846, 1, 12 %, 6731 MiB
2026/09/08 12:33:45.352, 0, 12 %, 10838 MiB
2026/09/08 12:33:45.352, 1, 12 %, 6813 MiB
2026/09/08 12:33:45.859, 0, 12 %, 10848 MiB
2026/09/08 12:33:45.970, 1, 0 %, 6814 MiB
2026/09/08 12:33:46.478, 0, 15 %, 11337 MiB
2026/09/08 12:33:46.481, 1, 0 %, 6866 MiB
2026/09/08 12:33:46.995, 0, 15 %, 11270 MiB
2026/09/08 12:33:47.004, 1, 0 %, 6932 MiB
2026/09/08 12:33:47.515, 0, 16 %, 11344 MiB
2026/09/08 12:33:47.519, 1, 13 %, 7012 MiB
2026/09/08 12:33:48.027, 0, 16 %, 11214 MiB
2026/09/08 12:33:48.031, 1, 13 %, 7127 MiB
2026/09/08 12:33:48.544, 0, 13 %, 11225 MiB
2026/09/08 12:33:48.547, 1, 13 %, 7289 MiB
2026/09/08 12:33:49.052, 0, 7 %, 11225 MiB
2026/09/08 12:33:49.054, 1, 13 %, 7394 MiB
2026/09/08 12:33:49.560, 0, 7 %, 11253 MiB
2026/09/08 12:33:49.562, 1, 8 %, 7855 MiB
2026/09/08 12:33:50.069, 0, 7 %, 11289 MiB
2026/09/08 12:33:50.083, 1, 8 %, 7927 MiB
2026/09/08 12:33:50.588, 0, 26 %, 11330 MiB
2026/09/08 12:33:50.592, 1, 25 %, 8562 MiB
2026/09/08 12:33:51.101, 0, 26 %, 11471 MiB
2026/09/08 12:33:51.106, 1, 25 %, 8563 MiB
2026/09/08 12:33:51.614, 0, 26 %, 11488 MiB
2026/09/08 12:33:51.617, 1, 25 %, 9045 MiB
2026/09/08 12:33:52.121, 0, 15 %, 11970 MiB
2026/09/08 12:33:52.122, 1, 17 %, 9044 MiB
2026/09/08 12:33:52.625, 0, 15 %, 11955 MiB
2026/09/08 12:33:52.628, 1, 17 %, 9044 MiB
2026/09/08 12:33:53.129, 0, 17 %, 11736 MiB
2026/09/08 12:33:53.132, 1, 25 %, 9044 MiB
2026/09/08 12:33:53.637, 0, 17 %, 11738 MiB
2026/09/08 12:33:53.640, 1, 25 %, 9044 MiB
2026/09/08 12:33:54.147, 0, 17 %, 11033 MiB
2026/09/08 12:33:54.151, 1, 20 %, 9044 MiB
2026/09/08 12:33:54.656, 0, 22 %, 10767 MiB
2026/09/08 12:33:54.656, 1, 20 %, 9044 MiB
2026/09/08 12:33:55.162, 0, 22 %, 10766 MiB
2026/09/08 12:33:55.165, 1, 20 %, 9044 MiB
2026/09/08 12:33:55.667, 0, 15 %, 9678 MiB
2026/09/08 12:33:55.671, 1, 6 %, 8843 MiB
2026/09/08 12:33:56.174, 0, 0 %, 9684 MiB
2026/09/08 12:33:56.177, 1, 7 %, 8827 MiB
2026/09/08 12:33:56.684, 0, 0 %, 9668 MiB
2026/09/08 12:33:56.689, 1, 7 %, 8292 MiB
2026/09/08 12:33:57.194, 0, 13 %, 9653 MiB
2026/09/08 12:33:57.318, 1, 19 %, 8292 MiB
2026/09/08 12:33:57.826, 0, 13 %, 9451 MiB
2026/09/08 12:33:57.831, 1, 19 %, 8292 MiB
2026/09/08 12:33:58.335, 0, 0 %, 9441 MiB
2026/09/08 12:33:58.353, 1, 0 %, 8292 MiB
2026/09/08 12:33:58.996, 0, 0 %, 8907 MiB
2026/09/08 12:33:58.999, 1, 0 %, 8292 MiB
2026/09/08 12:33:59.506, 0, 0 %, 8935 MiB
2026/09/08 12:33:59.508, 1, 24 %, 8292 MiB
2026/09/08 12:34:00.014, 0, 17 %, 9003 MiB
2026/09/08 12:34:00.017, 1, 24 %, 8292 MiB
2026/09/08 12:34:00.521, 0, 16 %, 9035 MiB
2026/09/08 12:34:00.522, 1, 20 %, 8292 MiB
2026/09/08 12:34:01.026, 0, 16 %, 9190 MiB
2026/09/08 12:34:01.027, 1, 17 %, 8292 MiB
2026/09/08 12:34:01.533, 0, 12 %, 9219 MiB
2026/09/08 12:34:01.536, 1, 17 %, 8292 MiB
2026/09/08 12:34:02.044, 0, 12 %, 9699 MiB
2026/09/08 12:34:02.270, 1, 17 %, 8292 MiB
2026/09/08 12:34:02.771, 0, 12 %, 9516 MiB
2026/09/08 12:34:02.772, 1, 13 %, 8292 MiB
2026/09/08 12:34:03.280, 0, 23 %, 9552 MiB
2026/09/08 12:34:03.281, 1, 13 %, 8292 MiB
2026/09/08 12:34:03.796, 0, 18 %, 9020 MiB
2026/09/08 12:34:03.931, 1, 13 %, 8292 MiB
2026/09/08 12:34:04.435, 0, 18 %, 9153 MiB
2026/09/08 12:34:04.437, 1, 12 %, 8292 MiB
2026/09/08 12:34:05.083, 0, 0 %, 9170 MiB
2026/09/08 12:34:05.090, 1, 12 %, 8292 MiB
2026/09/08 12:34:05.600, 0, 21 %, 9657 MiB
2026/09/08 12:34:05.606, 1, 12 %, 8292 MiB
2026/09/08 12:34:06.111, 0, 18 %, 9659 MiB
2026/09/08 12:34:06.114, 1, 12 %, 8292 MiB
2026/09/08 12:34:06.618, 0, 18 %, 9675 MiB
2026/09/08 12:34:06.624, 1, 0 %, 8292 MiB
2026/09/08 12:34:07.268, 0, 2 %, 9318 MiB
2026/09/08 12:34:07.300, 1, 0 %, 8292 MiB
2026/09/08 12:34:07.804, 0, 2 %, 8722 MiB
2026/09/08 12:34:07.808, 1, 0 %, 8292 MiB
2026/09/08 12:34:08.452, 0, 2 %, 8201 MiB
2026/09/08 12:34:08.453, 1, 0 %, 7880 MiB
2026/09/08 12:34:08.960, 0, 19 %, 8257 MiB
2026/09/08 12:34:08.964, 1, 0 %, 7841 MiB
2026/09/08 12:34:09.469, 0, 11 %, 8268 MiB
2026/09/08 12:34:09.476, 1, 12 %, 6803 MiB
2026/09/08 12:34:09.981, 0, 11 %, 8252 MiB
2026/09/08 12:34:09.984, 1, 12 %, 6833 MiB
2026/09/08 12:34:10.490, 0, 11 %, 8386 MiB
2026/09/08 12:34:10.496, 1, 8 %, 6834 MiB
2026/09/08 12:34:11.001, 0, 18 %, 8403 MiB
2026/09/08 12:34:11.005, 1, 8 %, 6853 MiB
2026/09/08 12:34:11.515, 0, 3 %, 8403 MiB
2026/09/08 12:34:11.599, 1, 8 %, 6889 MiB
2026/09/08 12:34:12.244, 0, 3 %, 8878 MiB
2026/09/08 12:34:12.252, 1, 15 %, 6731 MiB
2026/09/08 12:34:12.753, 0, 3 %, 8869 MiB
2026/09/08 12:34:12.767, 1, 15 %, 6232 MiB
2026/09/08 12:34:13.268, 0, 3 %, 8878 MiB
2026/09/08 12:34:13.272, 1, 19 %, 6419 MiB
2026/09/08 12:34:13.778, 0, 17 %, 8894 MiB
2026/09/08 12:34:13.785, 1, 15 %, 6336 MiB
2026/09/08 12:34:14.291, 0, 17 %, 8886 MiB
2026/09/08 12:34:14.294, 1, 15 %, 6830 MiB
2026/09/08 12:34:14.795, 0, 16 %, 8878 MiB
2026/09/08 12:34:14.801, 1, 11 %, 6786 MiB
2026/09/08 12:34:15.309, 0, 16 %, 8869 MiB
2026/09/08 12:34:15.313, 1, 15 %, 6793 MiB
2026/09/08 12:34:15.818, 0, 20 %, 8885 MiB
2026/09/08 12:34:15.820, 1, 15 %, 6810 MiB
2026/09/08 12:34:16.324, 0, 20 %, 8885 MiB
2026/09/08 12:34:16.446, 1, 16 %, 6823 MiB
2026/09/08 12:34:16.953, 0, 13 %, 8910 MiB
2026/09/08 12:34:16.958, 1, 15 %, 6851 MiB
2026/09/08 12:34:17.464, 0, 2 %, 8917 MiB
2026/09/08 12:34:17.466, 1, 15 %, 6889 MiB
2026/09/08 12:34:17.990, 0, 2 %, 8910 MiB
2026/09/08 12:34:17.991, 1, 28 %, 6949 MiB
2026/09/08 12:34:18.498, 0, 17 %, 8917 MiB
2026/09/08 12:34:18.499, 1, 15 %, 7130 MiB
2026/09/08 12:34:19.005, 0, 17 %, 8904 MiB
2026/09/08 12:34:19.008, 1, 15 %, 7179 MiB
2026/09/08 12:34:19.509, 0, 15 %, 8905 MiB
2026/09/08 12:34:19.513, 1, 16 %, 7196 MiB
2026/09/08 12:34:20.018, 0, 15 %, 8908 MiB
2026/09/08 12:34:20.019, 1, 16 %, 7674 MiB
2026/09/08 12:34:20.523, 0, 18 %, 8908 MiB
2026/09/08 12:34:20.528, 1, 16 %, 7852 MiB
2026/09/08 12:34:21.033, 0, 18 %, 8923 MiB
2026/09/08 12:34:21.037, 1, 10 %, 7859 MiB
2026/09/08 12:34:21.539, 0, 18 %, 8932 MiB
2026/09/08 12:34:21.543, 1, 10 %, 7971 MiB
2026/09/08 12:34:22.049, 0, 1 %, 8960 MiB
2026/09/08 12:34:22.054, 1, 1 %, 8407 MiB
2026/09/08 12:34:22.556, 0, 1 %, 8812 MiB
2026/09/08 12:34:22.623, 1, 1 %, 8407 MiB
2026/09/08 12:34:23.263, 0, 6 %, 8846 MiB
2026/09/08 12:34:23.267, 1, 1 %, 8562 MiB
2026/09/08 12:34:23.785, 0, 6 %, 8801 MiB
2026/09/08 12:34:23.827, 1, 0 %, 8562 MiB
2026/09/08 12:34:24.371, 0, 10 %, 8381 MiB
2026/09/08 12:34:24.372, 1, 0 %, 8572 MiB
2026/09/08 12:34:24.875, 0, 10 %, 8465 MiB
2026/09/08 12:34:24.883, 1, 0 %, 8978 MiB
2026/09/08 12:34:25.387, 0, 10 %, 8494 MiB
2026/09/08 12:34:25.391, 1, 15 %, 9044 MiB
2026/09/08 12:34:25.893, 0, 10 %, 8520 MiB
2026/09/08 12:34:25.927, 1, 16 %, 8835 MiB
2026/09/08 12:34:26.434, 0, 10 %, 9089 MiB
2026/09/08 12:34:26.438, 1, 16 %, 8822 MiB
2026/09/08 12:34:26.948, 0, 5 %, 9073 MiB
2026/09/08 12:34:26.952, 1, 16 %, 8292 MiB
2026/09/08 12:34:27.453, 0, 5 %, 9085 MiB
2026/09/08 12:34:27.454, 1, 2 %, 8292 MiB
2026/09/08 12:34:27.960, 0, 2 %, 9235 MiB
2026/09/08 12:34:28.099, 1, 13 %, 8292 MiB
2026/09/08 12:34:28.604, 0, 2 %, 9320 MiB
2026/09/08 12:34:28.607, 1, 11 %, 8292 MiB
2026/09/08 12:34:29.111, 0, 2 %, 9882 MiB
2026/09/08 12:34:29.112, 1, 11 %, 8292 MiB
2026/09/08 12:34:29.616, 0, 13 %, 9953 MiB
2026/09/08 12:34:29.621, 1, 17 %, 8074 MiB
2026/09/08 12:34:30.123, 0, 13 %, 9966 MiB
2026/09/08 12:34:30.171, 1, 17 %, 8072 MiB
2026/09/08 12:34:30.676, 0, 0 %, 10435 MiB
2026/09/08 12:34:30.677, 1, 13 %, 7556 MiB
2026/09/08 12:34:31.181, 0, 0 %, 10435 MiB
2026/09/08 12:34:31.183, 1, 13 %, 7558 MiB
2026/09/08 12:34:31.687, 0, 14 %, 10451 MiB
2026/09/08 12:34:31.689, 1, 19 %, 7586 MiB
2026/09/08 12:34:32.192, 0, 14 %, 10488 MiB
2026/09/08 12:34:32.192, 1, 19 %, 7654 MiB
2026/09/08 12:34:32.692, 0, 16 %, 10512 MiB
2026/09/08 12:34:32.695, 1, 19 %, 7654 MiB
2026/09/08 12:34:33.201, 0, 10 %, 10532 MiB
2026/09/08 12:34:33.202, 1, 19 %, 7814 MiB
2026/09/08 12:34:33.702, 0, 10 %, 10184 MiB
2026/09/08 12:34:33.704, 1, 19 %, 7823 MiB
2026/09/08 12:34:34.209, 0, 10 %, 9974 MiB
2026/09/08 12:34:34.215, 1, 22 %, 8309 MiB
2026/09/08 12:34:34.722, 0, 12 %, 8978 MiB
2026/09/08 12:34:34.812, 1, 22 %, 8311 MiB
2026/09/08 12:34:35.320, 0, 15 %, 8562 MiB
2026/09/08 12:34:35.324, 1, 7 %, 8346 MiB
2026/09/08 12:34:35.829, 0, 14 %, 8641 MiB
2026/09/08 12:34:35.840, 1, 7 %, 8388 MiB
2026/09/08 12:34:36.345, 0, 14 %, 9213 MiB
2026/09/08 12:34:36.347, 1, 15 %, 8204 MiB
2026/09/08 12:34:36.849, 0, 15 %, 9013 MiB
2026/09/08 12:34:36.851, 1, 13 %, 8296 MiB
2026/09/08 12:34:37.361, 0, 11 %, 9469 MiB
2026/09/08 12:34:37.365, 1, 13 %, 7892 MiB
2026/09/08 12:34:37.870, 0, 11 %, 8922 MiB
2026/09/08 12:34:37.979, 1, 14 %, 7925 MiB
2026/09/08 12:34:38.486, 0, 11 %, 8932 MiB
2026/09/08 12:34:38.486, 1, 14 %, 8407 MiB
2026/09/08 12:34:38.994, 0, 11 %, 8943 MiB
2026/09/08 12:34:39.034, 1, 0 %, 8477 MiB
2026/09/08 12:34:39.544, 0, 8 %, 8981 MiB
2026/09/08 12:34:39.553, 1, 0 %, 8562 MiB
2026/09/08 12:34:40.056, 0, 8 %, 9017 MiB
2026/09/08 12:34:40.306, 1, 17 %, 9044 MiB
2026/09/08 12:34:40.813, 0, 0 %, 9162 MiB
2026/09/08 12:34:40.815, 1, 0 %, 9044 MiB
2026/09/08 12:34:41.320, 0, 0 %, 8999 MiB
2026/09/08 12:34:41.454, 1, 0 %, 8828 MiB
2026/09/08 12:34:41.957, 0, 0 %, 9021 MiB
2026/09/08 12:34:41.968, 1, 0 %, 8822 MiB
2026/09/08 12:34:42.473, 0, 0 %, 8654 MiB
2026/09/08 12:34:42.474, 1, 10 %, 8292 MiB
2026/09/08 12:34:42.977, 0, 2 %, 8687 MiB
2026/09/08 12:34:42.981, 1, 10 %, 8292 MiB
2026/09/08 12:34:43.483, 0, 8 %, 8704 MiB
2026/09/08 12:34:43.485, 1, 15 %, 8299 MiB
2026/09/08 12:34:43.987, 0, 8 %, 9602 MiB
2026/09/08 12:34:43.996, 1, 15 %, 8309 MiB
2026/09/08 12:34:44.500, 0, 8 %, 9668 MiB
2026/09/08 12:34:44.574, 1, 13 %, 8339 MiB
2026/09/08 12:34:45.082, 0, 0 %, 9662 MiB
2026/09/08 12:34:45.306, 1, 13 %, 8339 MiB
2026/09/08 12:34:45.806, 0, 0 %, 9684 MiB
2026/09/08 12:34:45.810, 1, 13 %, 8407 MiB
2026/09/08 12:34:46.315, 0, 17 %, 9655 MiB
2026/09/08 12:34:46.319, 1, 14 %, 8428 MiB
2026/09/08 12:34:46.819, 0, 17 %, 9652 MiB
2026/09/08 12:34:46.914, 1, 14 %, 8342 MiB
2026/09/08 12:34:47.421, 0, 7 %, 9661 MiB
2026/09/08 12:34:47.527, 1, 11 %, 8292 MiB
2026/09/08 12:34:48.172, 0, 12 %, 9687 MiB
2026/09/08 12:34:48.174, 1, 11 %, 8299 MiB
2026/09/08 12:34:48.680, 0, 12 %, 9704 MiB
2026/09/08 12:34:48.684, 1, 12 %, 8311 MiB
2026/09/08 12:34:49.189, 0, 14 %, 9744 MiB
2026/09/08 12:34:49.190, 1, 12 %, 8347 MiB
2026/09/08 12:34:49.694, 0, 14 %, 9562 MiB
2026/09/08 12:34:49.695, 1, 11 %, 8407 MiB
2026/09/08 12:34:50.197, 0, 12 %, 9469 MiB
2026/09/08 12:34:50.200, 1, 11 %, 8255 MiB
2026/09/08 12:34:50.704, 0, 9 %, 8953 MiB
2026/09/08 12:34:50.710, 1, 11 %, 8322 MiB
2026/09/08 12:34:51.215, 0, 9 %, 8601 MiB
2026/09/08 12:34:51.292, 1, 11 %, 7816 MiB
2026/09/08 12:34:51.796, 0, 9 %, 8727 MiB
2026/09/08 12:34:51.895, 1, 5 %, 8074 MiB
2026/09/08 12:34:52.395, 0, 1 %, 8734 MiB
2026/09/08 12:34:52.462, 1, 5 %, 7539 MiB
2026/09/08 12:34:52.975, 0, 16 %, 9718 MiB
2026/09/08 12:34:53.067, 1, 11 %, 7539 MiB
2026/09/08 12:34:53.572, 0, 16 %, 9754 MiB
2026/09/08 12:34:53.576, 1, 2 %, 7539 MiB
2026/09/08 12:34:54.076, 0, 5 %, 9786 MiB
2026/09/08 12:34:54.078, 1, 2 %, 7342 MiB
2026/09/08 12:34:54.580, 0, 5 %, 9786 MiB
2026/09/08 12:34:54.593, 1, 0 %, 7324 MiB
2026/09/08 12:34:55.102, 0, 0 %, 9827 MiB
2026/09/08 12:34:55.226, 1, 0 %, 6794 MiB
2026/09/08 12:34:55.733, 0, 0 %, 9905 MiB
2026/09/08 12:34:55.741, 1, 14 %, 6805 MiB
2026/09/08 12:34:56.384, 0, 0 %, 9918 MiB
2026/09/08 12:34:56.486, 1, 13 %, 6842 MiB
2026/09/08 12:34:56.987, 0, 0 %, 10333 MiB
2026/09/08 12:34:56.993, 1, 13 %, 6902 MiB
2026/09/08 12:34:57.500, 0, 4 %, 9993 MiB
2026/09/08 12:34:57.504, 1, 4 %, 6902 MiB
2026/09/08 12:34:58.005, 0, 4 %, 9971 MiB
2026/09/08 12:34:58.019, 1, 4 %, 7036 MiB
2026/09/08 12:34:58.656, 0, 19 %, 8678 MiB
2026/09/08 12:34:58.657, 1, 1 %, 7056 MiB
2026/09/08 12:34:59.161, 0, 19 %, 8674 MiB
2026/09/08 12:34:59.253, 1, 1 %, 7062 MiB
2026/09/08 12:34:59.762, 0, 0 %, 8134 MiB
2026/09/08 12:34:59.768, 1, 6 %, 7547 MiB
2026/09/08 12:35:00.276, 0, 0 %, 8134 MiB
2026/09/08 12:35:00.277, 1, 6 %, 7558 MiB
2026/09/08 12:35:00.781, 0, 0 %, 8130 MiB
2026/09/08 12:35:00.873, 1, 0 %, 7578 MiB
2026/09/08 12:35:01.377, 0, 10 %, 7900 MiB
2026/09/08 12:35:01.477, 1, 0 %, 7586 MiB
2026/09/08 12:35:02.117, 0, 10 %, 7157 MiB
2026/09/08 12:35:02.253, 1, 29 %, 7654 MiB
2026/09/08 12:35:02.899, 0, 8 %, 7077 MiB
2026/09/08 12:35:02.900, 1, 11 %, 7724 MiB
2026/09/08 12:35:03.407, 0, 9 %, 6432 MiB
2026/09/08 12:35:03.494, 1, 11 %, 7788 MiB
2026/09/08 12:35:04.141, 0, 9 %, 5832 MiB
2026/09/08 12:35:04.144, 1, 13 %, 7816 MiB
2026/09/08 12:35:04.647, 0, 9 %, 5841 MiB
2026/09/08 12:35:04.650, 1, 14 %, 7823 MiB
2026/09/08 12:35:05.153, 0, 6 %, 5864 MiB
2026/09/08 12:35:05.157, 1, 14 %, 8321 MiB
2026/09/08 12:35:05.659, 0, 6 %, 5891 MiB
2026/09/08 12:35:05.661, 1, 14 %, 8339 MiB
2026/09/08 12:35:06.161, 0, 6 %, 5913 MiB
2026/09/08 12:35:06.165, 1, 21 %, 8407 MiB
2026/09/08 12:35:06.668, 0, 8 %, 5741 MiB
2026/09/08 12:35:06.672, 1, 20 %, 8477 MiB
2026/09/08 12:35:07.174, 0, 8 %, 5798 MiB
2026/09/08 12:35:07.176, 1, 20 %, 8546 MiB
2026/09/08 12:35:07.682, 0, 11 %, 5326 MiB
2026/09/08 12:35:07.687, 1, 13 %, 8569 MiB
2026/09/08 12:35:08.203, 0, 11 %, 5365 MiB
2026/09/08 12:35:08.208, 1, 3 %, 8570 MiB
2026/09/08 12:35:08.721, 0, 7 %, 5525 MiB
2026/09/08 12:35:08.725, 1, 3 %, 9071 MiB
2026/09/08 12:35:09.226, 0, 7 %, 5650 MiB
2026/09/08 12:35:09.226, 1, 3 %, 9111 MiB
2026/09/08 12:35:09.730, 0, 12 %, 5969 MiB
2026/09/08 12:35:09.746, 1, 12 %, 9206 MiB
2026/09/08 12:35:10.251, 0, 12 %, 6438 MiB
2026/09/08 12:35:10.251, 1, 24 %, 9214 MiB
2026/09/08 12:35:10.808, 0, 9 %, 5900 MiB
2026/09/08 12:35:10.940, 1, 17 %, 9063 MiB
2026/09/08 12:35:11.468, 0, 9 %, 5884 MiB
2026/09/08 12:35:11.538, 1, 17 %, 8697 MiB
2026/09/08 12:35:12.042, 0, 9 %, 5917 MiB
2026/09/08 12:35:12.044, 1, 14 %, 9272 MiB
2026/09/08 12:35:12.548, 0, 9 %, 5941 MiB
2026/09/08 12:35:12.552, 1, 14 %, 9210 MiB
2026/09/08 12:35:13.058, 0, 9 %, 6014 MiB
2026/09/08 12:35:13.064, 1, 17 %, 9743 MiB
2026/09/08 12:35:13.572, 0, 7 %, 6139 MiB
2026/09/08 12:35:13.577, 1, 16 %, 9315 MiB
2026/09/08 12:35:14.081, 0, 7 %, 6177 MiB
2026/09/08 12:35:14.083, 1, 16 %, 9125 MiB
2026/09/08 12:35:14.590, 0, 13 %, 6256 MiB
2026/09/08 12:35:14.616, 1, 12 %, 9575 MiB
2026/09/08 12:35:15.122, 0, 13 %, 6703 MiB
2026/09/08 12:35:15.247, 1, 12 %, 9044 MiB
2026/09/08 12:35:15.752, 0, 1 %, 6735 MiB
2026/09/08 12:35:15.754, 1, 0 %, 9044 MiB
2026/09/08 12:35:16.258, 0, 1 %, 6815 MiB
2026/09/08 12:35:16.315, 1, 0 %, 8822 MiB
2026/09/08 12:35:16.821, 0, 1 %, 6847 MiB
2026/09/08 12:35:16.825, 1, 0 %, 8822 MiB
2026/09/08 12:35:17.329, 0, 0 %, 6851 MiB
2026/09/08 12:35:17.458, 1, 0 %, 8822 MiB
2026/09/08 12:35:17.966, 0, 0 %, 7001 MiB
2026/09/08 12:35:17.969, 1, 0 %, 8122 MiB
2026/09/08 12:35:18.479, 0, 0 %, 7001 MiB
2026/09/08 12:35:18.590, 1, 0 %, 8122 MiB
2026/09/08 12:35:19.098, 0, 0 %, 7001 MiB
2026/09/08 12:35:19.225, 1, 6 %, 8090 MiB
2026/09/08 12:35:19.734, 0, 3 %, 6838 MiB
2026/09/08 12:35:19.750, 1, 6 %, 7546 MiB
2026/09/08 12:35:20.254, 0, 0 %, 6353 MiB
2026/09/08 12:35:20.323, 1, 3 %, 7547 MiB
2026/09/08 12:35:20.830, 0, 0 %, 6445 MiB
2026/09/08 12:35:20.942, 1, 3 %, 7556 MiB
2026/09/08 12:35:21.446, 0, 0 %, 6852 MiB
2026/09/08 12:35:21.466, 1, 15 %, 7558 MiB
2026/09/08 12:35:22.110, 0, 0 %, 6866 MiB
2026/09/08 12:35:22.124, 1, 15 %, 7579 MiB
2026/09/08 12:35:22.625, 0, 0 %, 7376 MiB
2026/09/08 12:35:22.626, 1, 15 %, 7586 MiB
2026/09/08 12:35:23.129, 0, 8 %, 7430 MiB
2026/09/08 12:35:23.130, 1, 15 %, 7654 MiB
2026/09/08 12:35:23.631, 0, 6 %, 7422 MiB
2026/09/08 12:35:23.637, 1, 1 %, 7437 MiB
2026/09/08 12:35:24.140, 0, 6 %, 7409 MiB
2026/09/08 12:35:24.268, 1, 16 %, 7580 MiB
2026/09/08 12:35:24.775, 0, 6 %, 7197 MiB
2026/09/08 12:35:24.776, 1, 16 %, 7056 MiB
2026/09/08 12:35:25.277, 0, 4 %, 6613 MiB
2026/09/08 12:35:25.292, 1, 16 %, 7057 MiB
2026/09/08 12:35:25.796, 0, 1 %, 6634 MiB
2026/09/08 12:35:25.874, 1, 4 %, 7539 MiB
2026/09/08 12:35:26.381, 0, 1 %, 6658 MiB
2026/09/08 12:35:26.501, 1, 4 %, 7539 MiB
2026/09/08 12:35:27.006, 0, 1 %, 6749 MiB
2026/09/08 12:35:27.009, 1, 8 %, 7539 MiB
2026/09/08 12:35:27.510, 0, 1 %, 6907 MiB
2026/09/08 12:35:27.515, 1, 13 %, 7544 MiB
2026/09/08 12:35:28.019, 0, 7 %, 6939 MiB
2026/09/08 12:35:28.020, 1, 13 %, 7324 MiB
2026/09/08 12:35:28.524, 0, 9 %, 7443 MiB
2026/09/08 12:35:28.527, 1, 12 %, 7325 MiB
2026/09/08 12:35:29.034, 0, 9 %, 7477 MiB
2026/09/08 12:35:29.036, 1, 12 %, 6854 MiB
2026/09/08 12:35:29.538, 0, 8 %, 7532 MiB
2026/09/08 12:35:29.551, 1, 16 %, 6919 MiB
2026/09/08 12:35:30.056, 0, 11 %, 7608 MiB
2026/09/08 12:35:30.059, 1, 16 %, 7005 MiB
2026/09/08 12:35:30.561, 0, 11 %, 7610 MiB
2026/09/08 12:35:30.567, 1, 21 %, 7239 MiB
2026/09/08 12:35:31.070, 0, 7 %, 7630 MiB
2026/09/08 12:35:31.071, 1, 21 %, 7299 MiB
2026/09/08 12:35:31.571, 0, 7 %, 7088 MiB
2026/09/08 12:35:31.639, 1, 21 %, 7302 MiB
2026/09/08 12:35:32.146, 0, 10 %, 7671 MiB
2026/09/08 12:35:32.147, 1, 11 %, 8007 MiB
2026/09/08 12:35:32.653, 0, 1 %, 7758 MiB
2026/09/08 12:35:32.698, 1, 8 %, 8115 MiB
2026/09/08 12:35:33.199, 0, 1 %, 7822 MiB
2026/09/08 12:35:33.202, 1, 12 %, 8149 MiB
2026/09/08 12:35:33.713, 0, 1 %, 8376 MiB
2026/09/08 12:35:33.715, 1, 12 %, 9148 MiB
2026/09/08 12:35:34.218, 0, 10 %, 8472 MiB
2026/09/08 12:35:34.220, 1, 12 %, 9275 MiB
2026/09/08 12:35:34.721, 0, 10 %, 8509 MiB
2026/09/08 12:35:34.729, 1, 13 %, 9275 MiB
2026/09/08 12:35:35.236, 0, 10 %, 8813 MiB
2026/09/08 12:35:35.502, 1, 16 %, 9271 MiB
2026/09/08 12:35:36.006, 0, 6 %, 8828 MiB
2026/09/08 12:35:36.007, 1, 16 %, 8832 MiB
2026/09/08 12:35:36.514, 0, 6 %, 8082 MiB
2026/09/08 12:35:36.517, 1, 16 %, 9245 MiB
2026/09/08 12:35:37.022, 0, 10 %, 8140 MiB
2026/09/08 12:35:37.029, 1, 4 %, 9727 MiB
2026/09/08 12:35:37.529, 0, 10 %, 8225 MiB
2026/09/08 12:35:37.667, 1, 4 %, 9804 MiB
2026/09/08 12:35:38.174, 0, 10 %, 7696 MiB
2026/09/08 12:35:38.175, 1, 4 %, 9817 MiB
2026/09/08 12:35:38.676, 0, 9 %, 8165 MiB
2026/09/08 12:35:38.677, 1, 19 %, 9845 MiB
2026/09/08 12:35:39.181, 0, 9 %, 8166 MiB
2026/09/08 12:35:39.181, 1, 19 %, 9881 MiB
2026/09/08 12:35:39.683, 0, 0 %, 8166 MiB
2026/09/08 12:35:39.683, 1, 19 %, 9913 MiB
2026/09/08 12:35:40.187, 0, 0 %, 8166 MiB
2026/09/08 12:35:40.188, 1, 18 %, 10051 MiB
2026/09/08 12:35:40.697, 0, 9 %, 7947 MiB
2026/09/08 12:35:40.698, 1, 18 %, 10151 MiB
2026/09/08 12:35:41.198, 0, 9 %, 7945 MiB
2026/09/08 12:35:41.199, 1, 12 %, 10368 MiB
2026/09/08 12:35:41.701, 0, 9 %, 7437 MiB
2026/09/08 12:35:41.702, 1, 12 %, 10356 MiB
2026/09/08 12:35:42.203, 0, 9 %, 7430 MiB
2026/09/08 12:35:42.206, 1, 13 %, 9881 MiB
2026/09/08 12:35:42.711, 0, 13 %, 7464 MiB
2026/09/08 12:35:42.729, 1, 13 %, 9983 MiB
2026/09/08 12:35:43.238, 0, 13 %, 7548 MiB
2026/09/08 12:35:43.239, 1, 17 %, 10068 MiB
2026/09/08 12:35:43.740, 0, 13 %, 7683 MiB
2026/09/08 12:35:43.741, 1, 17 %, 10563 MiB
2026/09/08 12:35:44.243, 0, 13 %, 8175 MiB
2026/09/08 12:35:44.245, 1, 17 %, 10597 MiB
2026/09/08 12:35:44.746, 0, 18 %, 8201 MiB
2026/09/08 12:35:44.748, 1, 17 %, 10633 MiB
2026/09/08 12:35:45.254, 0, 18 %, 8232 MiB
2026/09/08 12:35:45.257, 1, 12 %, 10736 MiB
2026/09/08 12:35:45.760, 0, 9 %, 8300 MiB
2026/09/08 12:35:45.760, 1, 12 %, 11235 MiB
2026/09/08 12:35:46.261, 0, 16 %, 8232 MiB
2026/09/08 12:35:46.265, 1, 10 %, 11303 MiB
2026/09/08 12:35:46.769, 0, 16 %, 8665 MiB
2026/09/08 12:35:46.771, 1, 10 %, 11303 MiB
2026/09/08 12:35:47.272, 0, 16 %, 8166 MiB
2026/09/08 12:35:47.387, 1, 10 %, 11303 MiB
2026/09/08 12:35:47.893, 0, 1 %, 8166 MiB
2026/09/08 12:35:47.896, 1, 14 %, 11081 MiB
2026/09/08 12:35:48.402, 0, 1 %, 8150 MiB
2026/09/08 12:35:48.404, 1, 9 %, 10480 MiB
2026/09/08 12:35:48.907, 0, 1 %, 8150 MiB
2026/09/08 12:35:49.019, 1, 9 %, 10296 MiB
2026/09/08 12:35:49.522, 0, 1 %, 8134 MiB
2026/09/08 12:35:49.619, 1, 9 %, 10296 MiB
2026/09/08 12:35:50.127, 0, 1 %, 8134 MiB
2026/09/08 12:35:50.129, 1, 0 %, 9797 MiB
2026/09/08 12:35:50.630, 0, 13 %, 8134 MiB
2026/09/08 12:35:50.631, 1, 0 %, 9797 MiB
2026/09/08 12:35:51.133, 0, 13 %, 8134 MiB
2026/09/08 12:35:51.133, 1, 17 %, 9797 MiB
2026/09/08 12:35:51.633, 0, 12 %, 8134 MiB
2026/09/08 12:35:51.635, 1, 17 %, 9797 MiB
2026/09/08 12:35:52.138, 0, 12 %, 7893 MiB
2026/09/08 12:35:52.138, 1, 17 %, 9797 MiB
2026/09/08 12:35:52.639, 0, 12 %, 7891 MiB
2026/09/08 12:35:52.640, 1, 17 %, 9815 MiB
2026/09/08 12:35:53.142, 0, 13 %, 7398 MiB
2026/09/08 12:35:53.144, 1, 22 %, 9845 MiB
2026/09/08 12:35:53.645, 0, 14 %, 7398 MiB
2026/09/08 12:35:53.651, 1, 22 %, 9881 MiB
2026/09/08 12:35:54.154, 0, 14 %, 7398 MiB
2026/09/08 12:35:54.155, 1, 22 %, 9913 MiB
2026/09/08 12:35:54.659, 0, 14 %, 7398 MiB
2026/09/08 12:35:54.678, 1, 14 %, 9913 MiB
2026/09/08 12:35:55.184, 0, 2 %, 7382 MiB
2026/09/08 12:35:55.187, 1, 17 %, 10067 MiB
2026/09/08 12:35:55.702, 0, 2 %, 7398 MiB
2026/09/08 12:35:55.702, 1, 17 %, 10555 MiB
2026/09/08 12:35:56.205, 0, 0 %, 7407 MiB
2026/09/08 12:35:56.208, 1, 17 %, 10563 MiB
2026/09/08 12:35:56.709, 0, 1 %, 7414 MiB
2026/09/08 12:35:56.783, 1, 0 %, 10590 MiB
2026/09/08 12:35:57.288, 0, 1 %, 7419 MiB
2026/09/08 12:35:57.298, 1, 0 %, 10605 MiB
2026/09/08 12:35:57.805, 0, 1 %, 7434 MiB
2026/09/08 12:35:57.840, 1, 0 %, 10633 MiB
2026/09/08 12:35:58.342, 0, 5 %, 7480 MiB
2026/09/08 12:35:58.348, 1, 0 %, 10518 MiB
2026/09/08 12:35:58.851, 0, 5 %, 7532 MiB
2026/09/08 12:35:58.857, 1, 9 %, 10343 MiB
2026/09/08 12:35:59.366, 0, 9 %, 7570 MiB
2026/09/08 12:35:59.371, 1, 17 %, 10296 MiB
2026/09/08 12:35:59.871, 0, 9 %, 7661 MiB
2026/09/08 12:35:59.874, 1, 17 %, 9575 MiB
2026/09/08 12:36:00.384, 0, 8 %, 8152 MiB
2026/09/08 12:36:00.385, 1, 13 %, 9548 MiB
2026/09/08 12:36:00.891, 0, 8 %, 8150 MiB
2026/09/08 12:36:00.892, 1, 13 %, 8883 MiB
2026/09/08 12:36:01.392, 0, 5 %, 8134 MiB
2026/09/08 12:36:01.509, 1, 14 %, 8705 MiB
2026/09/08 12:36:02.015, 0, 13 %, 8129 MiB
2026/09/08 12:36:02.018, 1, 14 %, 8098 MiB
2026/09/08 12:36:02.521, 0, 10 %, 7900 MiB
2026/09/08 12:36:02.522, 1, 14 %, 7586 MiB
2026/09/08 12:36:03.023, 0, 10 %, 7850 MiB
2026/09/08 12:36:03.025, 1, 13 %, 7437 MiB
2026/09/08 12:36:03.526, 0, 10 %, 7361 MiB
2026/09/08 12:36:03.527, 1, 13 %, 7548 MiB
2026/09/08 12:36:04.030, 0, 10 %, 7372 MiB
2026/09/08 12:36:04.034, 1, 2 %, 7556 MiB
2026/09/08 12:36:04.537, 0, 2 %, 7167 MiB
2026/09/08 12:36:04.620, 1, 12 %, 7069 MiB
2026/09/08 12:36:05.258, 0, 0 %, 7177 MiB
2026/09/08 12:36:05.261, 1, 12 %, 7321 MiB
2026/09/08 12:36:05.762, 0, 0 %, 6701 MiB
2026/09/08 12:36:05.861, 1, 12 %, 7317 MiB
2026/09/08 12:36:06.367, 0, 2 %, 6502 MiB
2026/09/08 12:36:06.368, 1, 13 %, 6786 MiB
2026/09/08 12:36:06.872, 0, 2 %, 6629 MiB
2026/09/08 12:36:06.875, 1, 13 %, 6786 MiB
2026/09/08 12:36:07.376, 0, 2 %, 6134 MiB
2026/09/08 12:36:07.496, 1, 1 %, 6620 MiB
2026/09/08 12:36:07.999, 0, 1 %, 6171 MiB
2026/09/08 12:36:08.000, 1, 1 %, 6569 MiB
2026/09/08 12:36:08.503, 0, 1 %, 6179 MiB
2026/09/08 12:36:08.570, 1, 1 %, 5863 MiB
2026/09/08 12:36:09.072, 0, 0 %, 6437 MiB
2026/09/08 12:36:09.074, 1, 10 %, 5811 MiB
2026/09/08 12:36:09.582, 0, 0 %, 6489 MiB
2026/09/08 12:36:09.671, 1, 10 %, 5281 MiB
2026/09/08 12:36:10.175, 0, 5 %, 5949 MiB
2026/09/08 12:36:10.176, 1, 1 %, 5281 MiB
2026/09/08 12:36:10.679, 0, 5 %, 6036 MiB
2026/09/08 12:36:10.738, 1, 11 %, 5281 MiB
2026/09/08 12:36:11.246, 0, 11 %, 6553 MiB
2026/09/08 12:36:11.247, 1, 13 %, 5281 MiB
2026/09/08 12:36:11.750, 0, 11 %, 6539 MiB
2026/09/08 12:36:11.752, 1, 13 %, 5281 MiB
2026/09/08 12:36:12.257, 0, 14 %, 6557 MiB
2026/09/08 12:36:12.258, 1, 13 %, 5281 MiB
2026/09/08 12:36:12.763, 0, 11 %, 6561 MiB
2026/09/08 12:36:12.764, 1, 12 %, 5281 MiB
2026/09/08 12:36:13.266, 0, 11 %, 6594 MiB
2026/09/08 12:36:13.314, 1, 12 %, 5281 MiB
2026/09/08 12:36:13.818, 0, 11 %, 6693 MiB
2026/09/08 12:36:13.820, 1, 13 %, 5059 MiB
2026/09/08 12:36:14.323, 0, 11 %, 6624 MiB
2026/09/08 12:36:14.324, 1, 13 %, 4547 MiB
2026/09/08 12:36:14.828, 0, 0 %, 6648 MiB
2026/09/08 12:36:14.849, 1, 1 %, 4575 MiB
2026/09/08 12:36:15.357, 0, 0 %, 6128 MiB
2026/09/08 12:36:15.363, 1, 1 %, 4580 MiB
2026/09/08 12:36:15.871, 0, 0 %, 6203 MiB
2026/09/08 12:36:15.965, 1, 8 %, 4618 MiB
2026/09/08 12:36:16.606, 0, 0 %, 6617 MiB
2026/09/08 12:36:16.609, 1, 8 %, 4651 MiB
2026/09/08 12:36:17.110, 0, 0 %, 6467 MiB
2026/09/08 12:36:17.112, 1, 8 %, 4668 MiB
2026/09/08 12:36:17.616, 0, 7 %, 5909 MiB
2026/09/08 12:36:17.803, 1, 9 %, 4755 MiB
2026/09/08 12:36:18.308, 0, 7 %, 6047 MiB
2026/09/08 12:36:18.308, 1, 9 %, 4886 MiB
2026/09/08 12:36:18.808, 0, 7 %, 6078 MiB
2026/09/08 12:36:18.813, 1, 9 %, 5444 MiB
2026/09/08 12:36:19.314, 0, 18 %, 6565 MiB
2026/09/08 12:36:19.317, 1, 12 %, 5428 MiB
2026/09/08 12:36:19.819, 0, 18 %, 6587 MiB
2026/09/08 12:36:19.821, 1, 12 %, 5507 MiB
2026/09/08 12:36:20.323, 0, 18 %, 6589 MiB
2026/09/08 12:36:20.330, 1, 14 %, 5551 MiB
2026/09/08 12:36:20.833, 0, 12 %, 6617 MiB
2026/09/08 12:36:20.833, 1, 14 %, 6040 MiB
2026/09/08 12:36:21.335, 0, 12 %, 6678 MiB
2026/09/08 12:36:21.474, 1, 0 %, 6051 MiB
2026/09/08 12:36:21.979, 0, 12 %, 6716 MiB
2026/09/08 12:36:22.041, 1, 16 %, 6053 MiB
2026/09/08 12:36:22.690, 0, 1 %, 6775 MiB
2026/09/08 12:36:22.706, 1, 16 %, 6073 MiB
2026/09/08 12:36:23.210, 0, 1 %, 6841 MiB
2026/09/08 12:36:23.211, 1, 12 %, 6081 MiB
2026/09/08 12:36:23.719, 0, 9 %, 6871 MiB
2026/09/08 12:36:23.723, 1, 22 %, 6149 MiB
2026/09/08 12:36:24.229, 0, 9 %, 6883 MiB
2026/09/08 12:36:24.298, 1, 7 %, 6149 MiB
2026/09/08 12:36:24.805, 0, 17 %, 7302 MiB
2026/09/08 12:36:24.806, 1, 7 %, 6149 MiB
2026/09/08 12:36:25.306, 0, 17 %, 7384 MiB
2026/09/08 12:36:25.381, 1, 7 %, 6283 MiB
2026/09/08 12:36:25.883, 0, 0 %, 7452 MiB
2026/09/08 12:36:25.883, 1, 7 %, 6303 MiB
2026/09/08 12:36:26.384, 0, 0 %, 7468 MiB
2026/09/08 12:36:26.493, 1, 1 %, 6304 MiB
2026/09/08 12:36:27.001, 0, 0 %, 7349 MiB
2026/09/08 12:36:27.008, 1, 1 %, 6564 MiB
2026/09/08 12:36:27.509, 0, 16 %, 6877 MiB
2026/09/08 12:36:27.510, 1, 1 %, 6033 MiB
2026/09/08 12:36:28.015, 0, 16 %, 6947 MiB
2026/09/08 12:36:28.019, 1, 14 %, 6033 MiB
2026/09/08 12:36:28.522, 0, 16 %, 7490 MiB
2026/09/08 12:36:28.523, 1, 14 %, 6038 MiB
2026/09/08 12:36:29.025, 0, 14 %, 7534 MiB
2026/09/08 12:36:29.029, 1, 11 %, 6042 MiB
2026/09/08 12:36:29.534, 0, 14 %, 7648 MiB
2026/09/08 12:36:29.549, 1, 11 %, 6051 MiB
2026/09/08 12:36:30.054, 0, 5 %, 7737 MiB
2026/09/08 12:36:30.160, 1, 11 %, 6063 MiB
2026/09/08 12:36:30.803, 0, 5 %, 7737 MiB
2026/09/08 12:36:30.813, 1, 1 %, 6073 MiB
2026/09/08 12:36:31.319, 0, 20 %, 8385 MiB
2026/09/08 12:36:31.484, 1, 1 %, 6081 MiB
2026/09/08 12:36:31.986, 0, 17 %, 8392 MiB
2026/09/08 12:36:31.987, 1, 1 %, 6149 MiB
2026/09/08 12:36:32.490, 0, 17 %, 8868 MiB
2026/09/08 12:36:32.493, 1, 1 %, 6149 MiB
2026/09/08 12:36:32.994, 0, 17 %, 8868 MiB
2026/09/08 12:36:33.107, 1, 9 %, 6065 MiB
2026/09/08 12:36:33.614, 0, 0 %, 8864 MiB
2026/09/08 12:36:33.619, 1, 9 %, 6081 MiB
2026/09/08 12:36:34.130, 0, 0 %, 8855 MiB
2026/09/08 12:36:34.131, 1, 7 %, 5551 MiB
2026/09/08 12:36:34.637, 0, 13 %, 8868 MiB
2026/09/08 12:36:34.639, 1, 8 %, 5558 MiB
2026/09/08 12:36:35.145, 0, 13 %, 8868 MiB
2026/09/08 12:36:35.210, 1, 8 %, 5970 MiB
2026/09/08 12:36:35.714, 0, 13 %, 8882 MiB
2026/09/08 12:36:35.856, 1, 8 %, 5981 MiB
2026/09/08 12:36:36.362, 0, 11 %, 8916 MiB
2026/09/08 12:36:36.365, 1, 9 %, 5862 MiB
2026/09/08 12:36:36.865, 0, 5 %, 8911 MiB
2026/09/08 12:36:36.920, 1, 9 %, 5335 MiB
2026/09/08 12:36:37.422, 0, 5 %, 8940 MiB
2026/09/08 12:36:37.427, 1, 12 %, 5415 MiB
2026/09/08 12:36:37.929, 0, 16 %, 8967 MiB
2026/09/08 12:36:37.935, 1, 12 %, 5443 MiB
2026/09/08 12:36:38.582, 0, 16 %, 9049 MiB
2026/09/08 12:36:38.582, 1, 12 %, 5645 MiB
2026/09/08 12:36:39.085, 0, 10 %, 9050 MiB
2026/09/08 12:36:39.145, 1, 19 %, 5673 MiB
2026/09/08 12:36:39.651, 0, 10 %, 9151 MiB
2026/09/08 12:36:39.656, 1, 4 %, 5674 MiB
2026/09/08 12:36:40.159, 0, 18 %, 9251 MiB
2026/09/08 12:36:40.164, 1, 4 %, 6322 MiB
2026/09/08 12:36:40.667, 0, 12 %, 9312 MiB
2026/09/08 12:36:40.670, 1, 9 %, 6345 MiB
2026/09/08 12:36:41.172, 0, 16 %, 9868 MiB
2026/09/08 12:36:41.179, 1, 9 %, 6834 MiB
2026/09/08 12:36:41.684, 0, 16 %, 9947 MiB
2026/09/08 12:36:41.836, 1, 10 %, 6901 MiB
2026/09/08 12:36:42.344, 0, 16 %, 9953 MiB
2026/09/08 12:36:42.347, 1, 10 %, 6901 MiB
2026/09/08 12:36:42.856, 0, 10 %, 9957 MiB
2026/09/08 12:36:42.861, 1, 11 %, 6901 MiB
2026/09/08 12:36:43.367, 0, 10 %, 10199 MiB
2026/09/08 12:36:43.367, 1, 11 %, 7041 MiB
2026/09/08 12:36:43.871, 0, 18 %, 10204 MiB
2026/09/08 12:36:43.874, 1, 1 %, 7067 MiB
2026/09/08 12:36:44.523, 0, 9 %, 9670 MiB
2026/09/08 12:36:44.527, 1, 1 %, 7085 MiB
2026/09/08 12:36:45.031, 0, 9 %, 9693 MiB
2026/09/08 12:36:45.034, 1, 1 %, 7596 MiB
2026/09/08 12:36:45.537, 0, 16 %, 9715 MiB
2026/09/08 12:36:45.542, 1, 15 %, 7627 MiB
2026/09/08 12:36:46.045, 0, 17 %, 9704 MiB
2026/09/08 12:36:46.046, 1, 15 %, 7710 MiB
2026/09/08 12:36:46.554, 0, 17 %, 9722 MiB
2026/09/08 12:36:46.556, 1, 15 %, 7789 MiB
2026/09/08 12:36:47.063, 0, 16 %, 9764 MiB
2026/09/08 12:36:47.072, 1, 17 %, 8041 MiB
2026/09/08 12:36:47.583, 0, 16 %, 9798 MiB
2026/09/08 12:36:47.587, 1, 12 %, 8159 MiB
2026/09/08 12:36:48.095, 0, 17 %, 9845 MiB
2026/09/08 12:36:48.103, 1, 12 %, 8678 MiB
2026/09/08 12:36:48.607, 0, 17 %, 9954 MiB
2026/09/08 12:36:48.609, 1, 12 %, 9092 MiB
2026/09/08 12:36:49.255, 0, 19 %, 10004 MiB
2026/09/08 12:36:49.260, 1, 13 %, 9306 MiB
2026/09/08 12:36:49.765, 0, 19 %, 10076 MiB
2026/09/08 12:36:49.816, 1, 13 %, 9144 MiB
2026/09/08 12:36:50.322, 0, 8 %, 10317 MiB
2026/09/08 12:36:50.326, 1, 10 %, 9095 MiB
2026/09/08 12:36:50.831, 0, 8 %, 10313 MiB
2026/09/08 12:36:50.832, 1, 10 %, 9044 MiB
2026/09/08 12:36:51.338, 0, 8 %, 10606 MiB
2026/09/08 12:36:51.342, 1, 10 %, 9044 MiB
2026/09/08 12:36:51.850, 0, 13 %, 11133 MiB
2026/09/08 12:36:51.851, 1, 17 %, 9044 MiB
2026/09/08 12:36:52.357, 0, 13 %, 10772 MiB
2026/09/08 12:36:52.358, 1, 17 %, 9044 MiB
2026/09/08 12:36:52.880, 0, 14 %, 10854 MiB
2026/09/08 12:36:52.892, 1, 14 %, 9044 MiB
2026/09/08 12:36:53.397, 0, 14 %, 11416 MiB
2026/09/08 12:36:53.412, 1, 14 %, 9049 MiB
2026/09/08 12:36:53.919, 0, 15 %, 11512 MiB
2026/09/08 12:36:53.978, 1, 15 %, 9051 MiB
2026/09/08 12:36:54.626, 0, 15 %, 11520 MiB
2026/09/08 12:36:54.627, 1, 11 %, 9061 MiB
2026/09/08 12:36:55.129, 0, 12 %, 11532 MiB
2026/09/08 12:36:55.130, 1, 11 %, 9064 MiB
2026/09/08 12:36:55.638, 0, 12 %, 12002 MiB
2026/09/08 12:36:55.639, 1, 18 %, 9092 MiB
2026/09/08 12:36:56.145, 0, 12 %, 11986 MiB
2026/09/08 12:36:56.155, 1, 18 %, 9171 MiB
2026/09/08 12:36:56.662, 0, 19 %, 11768 MiB
2026/09/08 12:36:56.727, 1, 16 %, 9207 MiB
2026/09/08 12:36:57.373, 0, 12 %, 11718 MiB
2026/09/08 12:36:57.419, 1, 16 %, 9345 MiB
2026/09/08 12:36:57.966, 0, 1 %, 11219 MiB
2026/09/08 12:36:57.972, 1, 1 %, 9421 MiB
2026/09/08 12:36:58.476, 0, 1 %, 11219 MiB
2026/09/08 12:36:58.477, 1, 1 %, 9569 MiB
2026/09/08 12:36:58.990, 0, 17 %, 11237 MiB
2026/09/08 12:36:58.991, 1, 1 %, 10068 MiB
2026/09/08 12:36:59.494, 0, 15 %, 11250 MiB
2026/09/08 12:36:59.719, 1, 0 %, 10260 MiB
2026/09/08 12:37:00.226, 0, 18 %, 11235 MiB
2026/09/08 12:37:00.254, 1, 0 %, 9802 MiB
2026/09/08 12:37:00.768, 0, 18 %, 11235 MiB
2026/09/08 12:37:00.773, 1, 0 %, 9805 MiB
2026/09/08 12:37:01.277, 0, 18 %, 11226 MiB
2026/09/08 12:37:01.279, 1, 19 %, 9816 MiB
2026/09/08 12:37:01.785, 0, 18 %, 11228 MiB
2026/09/08 12:37:01.790, 1, 19 %, 9845 MiB
2026/09/08 12:37:02.295, 0, 15 %, 11235 MiB
2026/09/08 12:37:02.296, 1, 19 %, 9912 MiB
2026/09/08 12:37:02.800, 0, 15 %, 11235 MiB
2026/09/08 12:37:02.806, 1, 25 %, 9912 MiB
2026/09/08 12:37:03.315, 0, 15 %, 11228 MiB
2026/09/08 12:37:03.315, 1, 21 %, 10067 MiB
2026/09/08 12:37:03.815, 0, 15 %, 11234 MiB
2026/09/08 12:37:03.816, 1, 21 %, 10070 MiB
2026/09/08 12:37:04.317, 0, 15 %, 11248 MiB
2026/09/08 12:37:04.320, 1, 28 %, 10550 MiB
2026/09/08 12:37:04.824, 0, 11 %, 11272 MiB
2026/09/08 12:37:04.824, 1, 28 %, 10550 MiB
2026/09/08 12:37:05.328, 0, 11 %, 11316 MiB
2026/09/08 12:37:05.332, 1, 20 %, 10550 MiB
2026/09/08 12:37:05.836, 0, 12 %, 11369 MiB
2026/09/08 12:37:05.838, 1, 20 %, 10558 MiB
2026/09/08 12:37:06.345, 0, 10 %, 11368 MiB
2026/09/08 12:37:06.348, 1, 18 %, 10597 MiB
2026/09/08 12:37:06.848, 0, 10 %, 11318 MiB
2026/09/08 12:37:06.858, 1, 18 %, 10665 MiB
2026/09/08 12:37:07.374, 0, 15 %, 11791 MiB
2026/09/08 12:37:07.389, 1, 18 %, 10665 MiB
2026/09/08 12:37:07.890, 0, 15 %, 11273 MiB
2026/09/08 12:37:07.892, 1, 15 %, 10820 MiB
2026/09/08 12:37:08.393, 0, 10 %, 11082 MiB
2026/09/08 12:37:08.395, 1, 15 %, 11303 MiB
2026/09/08 12:37:08.901, 0, 10 %, 11101 MiB
2026/09/08 12:37:08.906, 1, 15 %, 11303 MiB
2026/09/08 12:37:09.410, 0, 1 %, 10601 MiB
2026/09/08 12:37:09.411, 1, 8 %, 11303 MiB
2026/09/08 12:37:09.917, 0, 1 %, 10671 MiB
2026/09/08 12:37:09.975, 1, 8 %, 11081 MiB
2026/09/08 12:37:10.479, 0, 1 %, 10527 MiB
2026/09/08 12:37:10.483, 1, 17 %, 10550 MiB
2026/09/08 12:37:11.063, 0, 11 %, 10951 MiB
2026/09/08 12:37:11.070, 1, 17 %, 10550 MiB
2026/09/08 12:37:11.577, 0, 11 %, 10226 MiB
2026/09/08 12:37:11.578, 1, 21 %, 10550 MiB
2026/09/08 12:37:12.084, 0, 14 %, 10183 MiB
2026/09/08 12:37:12.085, 1, 21 %, 10550 MiB
2026/09/08 12:37:12.587, 0, 14 %, 9684 MiB
2026/09/08 12:37:12.591, 1, 12 %, 10321 MiB
2026/09/08 12:37:13.095, 0, 16 %, 9677 MiB
2026/09/08 12:37:13.098, 1, 12 %, 10127 MiB
2026/09/08 12:37:13.605, 0, 16 %, 9684 MiB
2026/09/08 12:37:13.605, 1, 18 %, 9342 MiB
2026/09/08 12:37:14.106, 0, 14 %, 9637 MiB
2026/09/08 12:37:14.142, 1, 18 %, 8791 MiB
2026/09/08 12:37:14.648, 0, 14 %, 9636 MiB
2026/09/08 12:37:14.648, 1, 25 %, 8292 MiB
2026/09/08 12:37:15.149, 0, 17 %, 9393 MiB
2026/09/08 12:37:15.150, 1, 25 %, 8292 MiB
2026/09/08 12:37:15.654, 0, 17 %, 9384 MiB
2026/09/08 12:37:15.654, 1, 23 %, 8300 MiB
2026/09/08 12:37:16.156, 0, 17 %, 8885 MiB
2026/09/08 12:37:16.156, 1, 23 %, 8339 MiB
2026/09/08 12:37:16.658, 0, 14 %, 8885 MiB
2026/09/08 12:37:16.664, 1, 23 %, 8383 MiB
2026/09/08 12:37:17.164, 0, 14 %, 8885 MiB
2026/09/08 12:37:17.164, 1, 17 %, 8477 MiB
2026/09/08 12:37:17.667, 0, 14 %, 8683 MiB
2026/09/08 12:37:17.672, 1, 17 %, 8562 MiB
2026/09/08 12:37:18.178, 0, 14 %, 8667 MiB
2026/09/08 12:37:18.312, 1, 2 %, 8562 MiB
2026/09/08 12:37:18.954, 0, 11 %, 7900 MiB
2026/09/08 12:37:18.986, 1, 2 %, 8974 MiB
2026/09/08 12:37:19.496, 0, 11 %, 7730 MiB
2026/09/08 12:37:19.507, 1, 2 %, 9044 MiB
2026/09/08 12:37:20.011, 0, 1 %, 7128 MiB
2026/09/08 12:37:20.072, 1, 12 %, 9044 MiB
2026/09/08 12:37:20.577, 0, 0 %, 6583 MiB
2026/09/08 12:37:20.673, 1, 12 %, 8822 MiB
2026/09/08 12:37:21.178, 0, 0 %, 6583 MiB
2026/09/08 12:37:21.186, 1, 12 %, 8805 MiB
2026/09/08 12:37:21.693, 0, 0 %, 6567 MiB
2026/09/08 12:37:21.696, 1, 16 %, 8070 MiB
2026/09/08 12:37:22.337, 0, 6 %, 6562 MiB
2026/09/08 12:37:22.443, 1, 0 %, 7539 MiB
2026/09/08 12:37:22.948, 0, 6 %, 6583 MiB
2026/09/08 12:37:22.949, 1, 0 %, 7539 MiB
2026/09/08 12:37:23.452, 0, 11 %, 6567 MiB
2026/09/08 12:37:23.453, 1, 0 %, 7539 MiB
2026/09/08 12:37:23.957, 0, 11 %, 6567 MiB
2026/09/08 12:37:23.958, 1, 0 %, 7539 MiB
2026/09/08 12:37:24.459, 0, 5 %, 6552 MiB
2026/09/08 12:37:24.484, 1, 14 %, 7539 MiB
2026/09/08 12:37:24.990, 0, 5 %, 6583 MiB
2026/09/08 12:37:24.996, 1, 16 %, 7539 MiB
2026/09/08 12:37:25.500, 0, 12 %, 6630 MiB
2026/09/08 12:37:25.503, 1, 16 %, 7539 MiB
2026/09/08 12:37:26.010, 0, 12 %, 6685 MiB
2026/09/08 12:37:26.011, 1, 16 %, 7539 MiB
2026/09/08 12:37:26.516, 0, 14 %, 6742 MiB
2026/09/08 12:37:26.518, 1, 14 %, 7088 MiB
2026/09/08 12:37:27.018, 0, 14 %, 6850 MiB
2026/09/08 12:37:27.022, 1, 12 %, 7032 MiB
2026/09/08 12:37:27.530, 0, 14 %, 7013 MiB
2026/09/08 12:37:27.530, 1, 12 %, 6033 MiB
2026/09/08 12:37:28.031, 0, 11 %, 7198 MiB
2026/09/08 12:37:28.041, 1, 6 %, 6041 MiB
2026/09/08 12:37:28.548, 0, 11 %, 7676 MiB
2026/09/08 12:37:28.552, 1, 6 %, 6051 MiB
2026/09/08 12:37:29.055, 0, 12 %, 7753 MiB
2026/09/08 12:37:29.109, 1, 6 %, 6053 MiB
2026/09/08 12:37:29.614, 0, 12 %, 8145 MiB
2026/09/08 12:37:29.618, 1, 1 %, 6088 MiB
2026/09/08 12:37:30.123, 0, 12 %, 7615 MiB
2026/09/08 12:37:30.124, 1, 8 %, 6136 MiB
2026/09/08 12:37:30.625, 0, 1 %, 8085 MiB
2026/09/08 12:37:30.626, 1, 8 %, 6196 MiB
2026/09/08 12:37:31.129, 0, 1 %, 8085 MiB
2026/09/08 12:37:31.132, 1, 14 %, 6267 MiB
2026/09/08 12:37:31.640, 0, 22 %, 8095 MiB
2026/09/08 12:37:31.644, 1, 14 %, 6420 MiB
2026/09/08 12:37:32.151, 0, 22 %, 8115 MiB
2026/09/08 12:37:32.152, 1, 12 %, 7056 MiB
2026/09/08 12:37:32.654, 0, 20 %, 8139 MiB
2026/09/08 12:37:32.654, 1, 11 %, 7539 MiB
2026/09/08 12:37:33.155, 0, 20 %, 8151 MiB
2026/09/08 12:37:33.303, 1, 11 %, 7539 MiB
2026/09/08 12:37:33.949, 0, 20 %, 8219 MiB
2026/09/08 12:37:34.063, 1, 11 %, 7317 MiB
2026/09/08 12:37:34.569, 0, 1 %, 8347 MiB
2026/09/08 12:37:34.584, 1, 12 %, 6786 MiB
2026/09/08 12:37:35.090, 0, 13 %, 8399 MiB
2026/09/08 12:37:35.092, 1, 12 %, 6786 MiB
2026/09/08 12:37:35.594, 0, 13 %, 8875 MiB
2026/09/08 12:37:35.595, 1, 12 %, 6786 MiB
2026/09/08 12:37:36.097, 0, 13 %, 8903 MiB
2026/09/08 12:37:36.098, 1, 12 %, 6786 MiB
2026/09/08 12:37:36.600, 0, 0 %, 8987 MiB
2026/09/08 12:37:36.739, 1, 2 %, 6786 MiB
2026/09/08 12:37:37.245, 0, 22 %, 9057 MiB
2026/09/08 12:37:37.363, 1, 10 %, 6564 MiB
2026/09/08 12:37:37.887, 0, 22 %, 9131 MiB
2026/09/08 12:37:37.891, 1, 10 %, 5831 MiB
2026/09/08 12:37:38.394, 0, 22 %, 9620 MiB
2026/09/08 12:37:38.394, 1, 10 %, 5821 MiB
2026/09/08 12:37:38.898, 0, 13 %, 9588 MiB
2026/09/08 12:37:38.919, 1, 13 %, 5142 MiB
2026/09/08 12:37:39.425, 0, 13 %, 9347 MiB
2026/09/08 12:37:39.437, 1, 9 %, 5213 MiB
2026/09/08 12:37:39.942, 0, 12 %, 9323 MiB
2026/09/08 12:37:39.943, 1, 13 %, 4798 MiB
2026/09/08 12:37:40.444, 0, 12 %, 8830 MiB
2026/09/08 12:37:40.444, 1, 13 %, 5288 MiB
2026/09/08 12:37:40.945, 0, 12 %, 8837 MiB
2026/09/08 12:37:40.947, 1, 13 %, 5066 MiB
2026/09/08 12:37:41.448, 0, 0 %, 8837 MiB
2026/09/08 12:37:41.503, 1, 0 %, 5060 MiB
2026/09/08 12:37:42.007, 0, 0 %, 8805 MiB
2026/09/08 12:37:42.008, 1, 0 %, 4575 MiB
2026/09/08 12:37:42.511, 0, 0 %, 8805 MiB
2026/09/08 12:37:42.511, 1, 0 %, 4643 MiB
2026/09/08 12:37:43.013, 0, 0 %, 8827 MiB
2026/09/08 12:37:43.014, 1, 0 %, 4798 MiB
2026/09/08 12:37:43.515, 0, 19 %, 8871 MiB
2026/09/08 12:37:43.516, 1, 9 %, 5281 MiB
2026/09/08 12:37:44.017, 0, 19 %, 8907 MiB
2026/09/08 12:37:44.021, 1, 9 %, 5281 MiB
2026/09/08 12:37:44.524, 0, 19 %, 9025 MiB
2026/09/08 12:37:44.527, 1, 9 %, 5281 MiB
2026/09/08 12:37:45.030, 0, 19 %, 9106 MiB
2026/09/08 12:37:45.037, 1, 9 %, 5281 MiB
2026/09/08 12:37:45.544, 0, 19 %, 9572 MiB
2026/09/08 12:37:45.545, 1, 9 %, 5281 MiB
2026/09/08 12:37:46.047, 0, 22 %, 9588 MiB
2026/09/08 12:37:46.047, 1, 19 %, 5059 MiB
2026/09/08 12:37:46.551, 0, 21 %, 9574 MiB
2026/09/08 12:37:46.556, 1, 16 %, 5046 MiB
2026/09/08 12:37:47.060, 0, 21 %, 9572 MiB
2026/09/08 12:37:47.066, 1, 16 %, 4583 MiB
2026/09/08 12:37:47.572, 0, 16 %, 9304 MiB
2026/09/08 12:37:47.574, 1, 30 %, 4643 MiB
2026/09/08 12:37:48.077, 0, 16 %, 9304 MiB
2026/09/08 12:37:48.083, 1, 30 %, 4798 MiB
2026/09/08 12:37:48.624, 0, 20 %, 8805 MiB
2026/09/08 12:37:48.748, 1, 28 %, 5281 MiB
2026/09/08 12:37:49.387, 0, 15 %, 8805 MiB
2026/09/08 12:37:49.388, 1, 14 %, 5281 MiB
2026/09/08 12:37:49.888, 0, 15 %, 8805 MiB
2026/09/08 12:37:49.889, 1, 14 %, 5281 MiB
2026/09/08 12:37:50.391, 0, 15 %, 8805 MiB
2026/09/08 12:37:50.393, 1, 14 %, 5281 MiB
2026/09/08 12:37:50.895, 0, 15 %, 8805 MiB
2026/09/08 12:37:50.895, 1, 14 %, 5281 MiB
2026/09/08 12:37:51.396, 0, 15 %, 8805 MiB
2026/09/08 12:37:51.397, 1, 14 %, 5281 MiB
2026/09/08 12:37:51.899, 0, 15 %, 8805 MiB
2026/09/08 12:37:51.899, 1, 14 %, 5281 MiB
2026/09/08 12:37:52.399, 0, 15 %, 8814 MiB
2026/09/08 12:37:52.401, 1, 14 %, 5281 MiB
2026/09/08 12:37:52.902, 0, 20 %, 8821 MiB
2026/09/08 12:37:52.904, 1, 18 %, 5328 MiB
2026/09/08 12:37:53.406, 0, 14 %, 8552 MiB
2026/09/08 12:37:53.411, 1, 18 %, 5396 MiB
2026/09/08 12:37:53.914, 0, 12 %, 8552 MiB
2026/09/08 12:37:53.915, 1, 18 %, 5563 MiB
2026/09/08 12:37:54.415, 0, 12 %, 8053 MiB
2026/09/08 12:37:54.415, 1, 14 %, 6033 MiB
2026/09/08 12:37:54.915, 0, 13 %, 8053 MiB
2026/09/08 12:37:55.003, 1, 14 %, 6033 MiB
2026/09/08 12:37:55.505, 0, 13 %, 8053 MiB
2026/09/08 12:37:55.505, 1, 14 %, 6033 MiB
2026/09/08 12:37:56.005, 0, 13 %, 8053 MiB
2026/09/08 12:37:56.005, 1, 14 %, 6033 MiB
2026/09/08 12:37:56.506, 0, 13 %, 8053 MiB
2026/09/08 12:37:56.506, 1, 14 %, 6033 MiB
2026/09/08 12:37:57.006, 0, 13 %, 8053 MiB
2026/09/08 12:37:57.006, 1, 20 %, 6033 MiB
2026/09/08 12:37:57.507, 0, 6 %, 7785 MiB
2026/09/08 12:37:57.507, 1, 14 %, 6033 MiB
2026/09/08 12:37:58.007, 0, 7 %, 7018 MiB
2026/09/08 12:37:58.017, 1, 8 %, 6033 MiB
2026/09/08 12:37:58.518, 0, 2 %, 6365 MiB
2026/09/08 12:37:58.518, 1, 10 %, 5814 MiB
2026/09/08 12:37:59.020, 0, 2 %, 6251 MiB
2026/09/08 12:37:59.020, 1, 11 %, 5827 MiB
2026/09/08 12:37:59.520, 0, 2 %, 5751 MiB
2026/09/08 12:37:59.520, 1, 8 %, 5396 MiB
2026/09/08 12:38:00.021, 0, 2 %, 5751 MiB
2026/09/08 12:38:00.021, 1, 15 %, 6033 MiB
2026/09/08 12:38:00.521, 0, 2 %, 5751 MiB
2026/09/08 12:38:00.521, 1, 15 %, 6033 MiB
2026/09/08 12:38:01.022, 0, 2 %, 5751 MiB
2026/09/08 12:38:01.022, 1, 15 %, 6033 MiB
2026/09/08 12:38:01.522, 0, 2 %, 5735 MiB
2026/09/08 12:38:01.540, 1, 9 %, 5780 MiB
2026/09/08 12:38:02.042, 0, 7 %, 5467 MiB
2026/09/08 12:38:02.042, 1, 8 %, 5780 MiB
2026/09/08 12:38:02.542, 0, 7 %, 4968 MiB
2026/09/08 12:38:02.542, 1, 8 %, 5281 MiB
2026/09/08 12:38:03.042, 0, 7 %, 4968 MiB
2026/09/08 12:38:03.042, 1, 8 %, 5281 MiB
2026/09/08 12:38:03.543, 0, 7 %, 4952 MiB
2026/09/08 12:38:03.543, 1, 8 %, 5027 MiB
2026/09/08 12:38:04.043, 0, 2 %, 4684 MiB
2026/09/08 12:38:04.050, 1, 11 %, 4528 MiB
2026/09/08 12:38:04.551, 0, 11 %, 4185 MiB
2026/09/08 12:38:04.552, 1, 13 %, 4528 MiB
2026/09/08 12:38:05.052, 0, 11 %, 4185 MiB
2026/09/08 12:38:05.052, 1, 13 %, 4528 MiB
2026/09/08 12:38:05.552, 0, 11 %, 4185 MiB
2026/09/08 12:38:05.553, 1, 13 %, 4528 MiB
2026/09/08 12:38:06.054, 0, 2 %, 4185 MiB
2026/09/08 12:38:06.055, 1, 11 %, 4528 MiB
2026/09/08 12:38:06.555, 0, 2 %, 3917 MiB
2026/09/08 12:38:06.557, 1, 11 %, 4528 MiB
2026/09/08 12:38:07.057, 0, 2 %, 3917 MiB
2026/09/08 12:38:07.057, 1, 11 %, 4528 MiB
2026/09/08 12:38:07.558, 0, 2 %, 3401 MiB
2026/09/08 12:38:07.590, 1, 11 %, 4274 MiB
2026/09/08 12:38:08.241, 0, 2 %, 3133 MiB
2026/09/08 12:38:08.253, 1, 11 %, 3775 MiB
2026/09/08 12:38:08.754, 0, 2 %, 2634 MiB
2026/09/08 12:38:08.786, 1, 11 %, 3775 MiB
2026/09/08 12:38:09.286, 0, 0 %, 2634 MiB
2026/09/08 12:38:09.286, 1, 8 %, 3775 MiB
2026/09/08 12:38:09.786, 0, 0 %, 2366 MiB
2026/09/08 12:38:09.786, 1, 2 %, 3775 MiB
2026/09/08 12:38:10.287, 0, 0 %, 2366 MiB
2026/09/08 12:38:10.287, 1, 2 %, 3775 MiB
2026/09/08 12:38:10.788, 0, 0 %, 1883 MiB
2026/09/08 12:38:10.789, 1, 2 %, 3775 MiB
2026/09/08 12:38:11.289, 0, 4 %, 1933 MiB
2026/09/08 12:38:11.289, 1, 2 %, 3775 MiB
2026/09/08 12:38:11.789, 0, 4 %, 2071 MiB
2026/09/08 12:38:11.789, 1, 2 %, 3775 MiB
2026/09/08 12:38:12.289, 0, 4 %, 2568 MiB
2026/09/08 12:38:12.291, 1, 2 %, 3533 MiB
2026/09/08 12:38:12.792, 0, 4 %, 2618 MiB
2026/09/08 12:38:12.792, 1, 0 %, 3522 MiB
2026/09/08 12:38:13.292, 0, 4 %, 2602 MiB
2026/09/08 12:38:13.292, 1, 0 %, 2769 MiB
2026/09/08 12:38:13.792, 0, 2 %, 2602 MiB
2026/09/08 12:38:13.793, 1, 1 %, 2769 MiB
2026/09/08 12:38:14.293, 0, 2 %, 2602 MiB
2026/09/08 12:38:14.294, 1, 2 %, 2269 MiB
2026/09/08 12:38:14.794, 0, 2 %, 2334 MiB
2026/09/08 12:38:14.794, 1, 2 %, 2269 MiB
2026/09/08 12:38:15.294, 0, 2 %, 1850 MiB
2026/09/08 12:38:15.295, 1, 2 %, 2269 MiB
2026/09/08 12:38:15.795, 0, 5 %, 1900 MiB
2026/09/08 12:38:15.795, 1, 2 %, 2269 MiB
2026/09/08 12:38:16.295, 0, 5 %, 2038 MiB
2026/09/08 12:38:16.297, 1, 2 %, 2269 MiB
2026/09/08 12:38:16.798, 0, 4 %, 2602 MiB
2026/09/08 12:38:16.798, 1, 2 %, 2269 MiB
2026/09/08 12:38:17.298, 0, 4 %, 2586 MiB
2026/09/08 12:38:17.299, 1, 2 %, 2016 MiB
2026/09/08 12:38:17.799, 0, 4 %, 2586 MiB
2026/09/08 12:38:17.799, 1, 2 %, 1517 MiB
2026/09/08 12:38:18.299, 0, 4 %, 2586 MiB
2026/09/08 12:38:18.313, 1, 2 %, 1517 MiB
2026/09/08 12:38:18.956, 0, 0 %, 2586 MiB
2026/09/08 12:38:18.957, 1, 2 %, 1517 MiB
2026/09/08 12:38:19.457, 0, 4 %, 2586 MiB
2026/09/08 12:38:19.458, 1, 2 %, 1517 MiB
2026/09/08 12:38:19.958, 0, 4 %, 2586 MiB
2026/09/08 12:38:20.035, 1, 0 %, 1517 MiB
2026/09/08 12:38:20.671, 0, 4 %, 2586 MiB
2026/09/08 12:38:20.671, 1, 0 %, 1517 MiB
2026/09/08 12:38:21.171, 0, 4 %, 2586 MiB
2026/09/08 12:38:21.171, 1, 0 %, 1517 MiB
2026/09/08 12:38:21.671, 0, 4 %, 2602 MiB
2026/09/08 12:38:21.672, 1, 0 %, 1564 MiB
2026/09/08 12:38:22.172, 0, 4 %, 2585 MiB
2026/09/08 12:38:22.172, 1, 2 %, 1347 MiB
2026/09/08 12:38:22.672, 0, 2 %, 2585 MiB
2026/09/08 12:38:22.672, 1, 2 %, 1517 MiB
2026/09/08 12:38:23.173, 0, 2 %, 2601 MiB
2026/09/08 12:38:23.173, 1, 2 %, 1517 MiB
2026/09/08 12:38:23.673, 0, 2 %, 2652 MiB
2026/09/08 12:38:23.673, 1, 2 %, 1517 MiB
2026/09/08 12:38:24.174, 0, 2 %, 2789 MiB
2026/09/08 12:38:24.174, 1, 4 %, 1517 MiB
2026/09/08 12:38:24.674, 0, 5 %, 3353 MiB
2026/09/08 12:38:24.674, 1, 4 %, 1517 MiB
2026/09/08 12:38:25.175, 0, 5 %, 3353 MiB
2026/09/08 12:38:25.175, 1, 4 %, 1517 MiB
2026/09/08 12:38:25.675, 0, 5 %, 3353 MiB
2026/09/08 12:38:25.778, 1, 4 %, 1517 MiB
2026/09/08 12:38:26.279, 0, 5 %, 3353 MiB
2026/09/08 12:38:26.279, 1, 4 %, 1517 MiB
2026/09/08 12:38:26.779, 0, 5 %, 3353 MiB
2026/09/08 12:38:26.780, 1, 2 %, 1517 MiB
2026/09/08 12:38:27.280, 0, 6 %, 3353 MiB
2026/09/08 12:38:27.280, 1, 2 %, 1517 MiB
2026/09/08 12:38:27.780, 0, 6 %, 3353 MiB
2026/09/08 12:38:27.780, 1, 2 %, 1517 MiB
2026/09/08 12:38:28.280, 0, 6 %, 3353 MiB
2026/09/08 12:38:28.281, 1, 2 %, 1517 MiB
2026/09/08 12:38:28.782, 0, 6 %, 3353 MiB
2026/09/08 12:38:28.782, 1, 2 %, 1517 MiB
2026/09/08 12:38:29.283, 0, 6 %, 3353 MiB
2026/09/08 12:38:29.283, 1, 2 %, 1517 MiB
2026/09/08 12:38:29.783, 0, 6 %, 3353 MiB
2026/09/08 12:38:29.783, 1, 2 %, 1517 MiB
2026/09/08 12:38:30.283, 0, 6 %, 3353 MiB
2026/09/08 12:38:30.284, 1, 2 %, 1517 MiB
2026/09/08 12:38:30.784, 0, 6 %, 3353 MiB
2026/09/08 12:38:30.784, 1, 0 %, 1517 MiB
2026/09/08 12:38:31.285, 0, 6 %, 3353 MiB
2026/09/08 12:38:31.285, 1, 0 %, 1517 MiB
2026/09/08 12:38:31.785, 0, 6 %, 3353 MiB
2026/09/08 12:38:31.785, 1, 0 %, 1517 MiB
2026/09/08 12:38:32.286, 0, 6 %, 3353 MiB
2026/09/08 12:38:32.286, 1, 0 %, 1517 MiB
2026/09/08 12:38:32.786, 0, 5 %, 3353 MiB
2026/09/08 12:38:32.786, 1, 2 %, 1517 MiB
2026/09/08 12:38:33.286, 0, 5 %, 3353 MiB
2026/09/08 12:38:33.287, 1, 2 %, 1517 MiB
2026/09/08 12:38:33.787, 0, 5 %, 3353 MiB
2026/09/08 12:38:33.787, 1, 2 %, 1517 MiB
2026/09/08 12:38:34.287, 0, 4 %, 3353 MiB
2026/09/08 12:38:34.287, 1, 2 %, 1517 MiB
2026/09/08 12:38:34.787, 0, 4 %, 3353 MiB
2026/09/08 12:38:34.788, 1, 2 %, 1517 MiB
2026/09/08 12:38:35.289, 0, 4 %, 3353 MiB
2026/09/08 12:38:35.289, 1, 1 %, 1517 MiB
2026/09/08 12:38:35.789, 0, 6 %, 3353 MiB
2026/09/08 12:38:35.789, 1, 2 %, 1517 MiB
2026/09/08 12:38:36.290, 0, 6 %, 3337 MiB
2026/09/08 12:38:36.291, 1, 2 %, 1263 MiB
2026/09/08 12:38:36.791, 0, 7 %, 3337 MiB
2026/09/08 12:38:36.792, 1, 2 %, 764 MiB
2026/09/08 12:38:37.292, 0, 6 %, 3337 MiB
2026/09/08 12:38:37.292, 1, 2 %, 764 MiB
2026/09/08 12:38:37.792, 0, 6 %, 3337 MiB
2026/09/08 12:38:37.793, 1, 2 %, 764 MiB
2026/09/08 12:38:38.293, 0, 6 %, 3337 MiB
2026/09/08 12:38:38.293, 1, 2 %, 764 MiB
2026/09/08 12:38:38.793, 0, 6 %, 3337 MiB
2026/09/08 12:38:38.793, 1, 2 %, 764 MiB
2026/09/08 12:38:39.294, 0, 6 %, 3337 MiB
2026/09/08 12:38:39.294, 1, 2 %, 764 MiB
2026/09/08 12:38:39.794, 0, 7 %, 3337 MiB
2026/09/08 12:38:39.794, 1, 2 %, 764 MiB
2026/09/08 12:38:40.294, 0, 6 %, 3337 MiB
2026/09/08 12:38:40.294, 1, 2 %, 764 MiB
2026/09/08 12:38:40.795, 0, 6 %, 3337 MiB
2026/09/08 12:38:40.795, 1, 2 %, 764 MiB
2026/09/08 12:38:41.295, 0, 4 %, 3337 MiB
2026/09/08 12:38:41.295, 1, 2 %, 764 MiB
2026/09/08 12:38:41.795, 0, 4 %, 3337 MiB
2026/09/08 12:38:41.796, 1, 2 %, 764 MiB
2026/09/08 12:38:42.296, 0, 4 %, 3337 MiB
2026/09/08 12:38:42.296, 1, 2 %, 764 MiB
2026/09/08 12:38:42.796, 0, 4 %, 3337 MiB
2026/09/08 12:38:42.796, 1, 2 %, 764 MiB
2026/09/08 12:38:43.296, 0, 4 %, 3337 MiB
2026/09/08 12:38:43.297, 1, 2 %, 764 MiB
2026/09/08 12:38:43.797, 0, 4 %, 3337 MiB
2026/09/08 12:38:43.797, 1, 2 %, 764 MiB
2026/09/08 12:38:44.297, 0, 4 %, 3337 MiB
2026/09/08 12:38:44.297, 1, 2 %, 764 MiB
2026/09/08 12:38:44.797, 0, 4 %, 3337 MiB
2026/09/08 12:38:44.798, 1, 2 %, 764 MiB
2026/09/08 12:38:45.298, 0, 4 %, 3337 MiB
2026/09/08 12:38:45.298, 1, 1 %, 764 MiB
2026/09/08 12:38:45.798, 0, 4 %, 3337 MiB
2026/09/08 12:38:45.798, 1, 1 %, 764 MiB
2026/09/08 12:38:46.299, 0, 4 %, 3337 MiB
2026/09/08 12:38:46.299, 1, 1 %, 764 MiB
2026/09/08 12:38:46.799, 0, 2 %, 3337 MiB
2026/09/08 12:38:46.799, 1, 2 %, 764 MiB
2026/09/08 12:38:47.299, 0, 2 %, 3337 MiB
2026/09/08 12:38:47.300, 1, 2 %, 764 MiB
2026/09/08 12:38:47.800, 0, 2 %, 3337 MiB
2026/09/08 12:38:47.801, 1, 2 %, 764 MiB
2026/09/08 12:38:48.301, 0, 2 %, 3337 MiB
2026/09/08 12:38:48.301, 1, 2 %, 764 MiB
2026/09/08 12:38:48.801, 0, 2 %, 3337 MiB
2026/09/08 12:38:48.802, 1, 2 %, 764 MiB
2026/09/08 12:38:49.302, 0, 2 %, 3337 MiB
2026/09/08 12:38:49.302, 1, 2 %, 764 MiB
2026/09/08 12:38:49.802, 0, 2 %, 3337 MiB
2026/09/08 12:38:49.802, 1, 2 %, 764 MiB
2026/09/08 12:38:50.302, 0, 2 %, 3337 MiB
2026/09/08 12:38:50.303, 1, 2 %, 764 MiB
2026/09/08 12:38:50.803, 0, 1 %, 3337 MiB
2026/09/08 12:38:50.803, 1, 0 %, 764 MiB
2026/09/08 12:38:51.303, 0, 2 %, 3337 MiB
2026/09/08 12:38:51.303, 1, 0 %, 764 MiB
2026/09/08 12:38:51.803, 0, 2 %, 3337 MiB
2026/09/08 12:38:51.804, 1, 0 %, 764 MiB
2026/09/08 12:38:52.304, 0, 2 %, 3112 MiB
2026/09/08 12:38:52.304, 1, 0 %, 764 MiB
2026/09/08 12:38:52.804, 0, 2 %, 3069 MiB
2026/09/08 12:38:52.891, 1, 0 %, 764 MiB
2026/09/08 12:38:53.514, 0, 0 %, 2569 MiB
2026/09/08 12:38:53.606, 1, 0 %, 764 MiB
2026/09/08 12:38:54.106, 0, 0 %, 2569 MiB
2026/09/08 12:38:54.107, 1, 0 %, 764 MiB
2026/09/08 12:38:54.607, 0, 0 %, 2569 MiB
2026/09/08 12:38:54.722, 1, 0 %, 764 MiB
2026/09/08 12:38:55.339, 0, 0 %, 2569 MiB
2026/09/08 12:38:55.339, 1, 0 %, 764 MiB
2026/09/08 12:38:55.839, 0, 1 %, 2569 MiB
2026/09/08 12:38:55.922, 1, 0 %, 764 MiB
2026/09/08 12:38:56.549, 0, 1 %, 2569 MiB
2026/09/08 12:38:56.549, 1, 0 %, 764 MiB
2026/09/08 12:38:57.049, 0, 1 %, 2569 MiB
2026/09/08 12:38:57.135, 1, 0 %, 764 MiB
2026/09/08 12:38:57.753, 0, 0 %, 2301 MiB
2026/09/08 12:38:57.753, 1, 0 %, 764 MiB
2026/09/08 12:38:58.253, 0, 0 %, 2301 MiB
2026/09/08 12:38:58.347, 1, 0 %, 764 MiB
2026/09/08 12:38:58.965, 0, 0 %, 1802 MiB
2026/09/08 12:38:58.965, 1, 0 %, 764 MiB
2026/09/08 12:38:59.465, 0, 0 %, 1802 MiB
2026/09/08 12:38:59.606, 1, 0 %, 764 MiB
2026/09/08 12:39:00.223, 0, 1 %, 1802 MiB
2026/09/08 12:39:00.224, 1, 0 %, 764 MiB
2026/09/08 12:39:00.724, 0, 1 %, 1802 MiB
2026/09/08 12:39:00.814, 1, 0 %, 764 MiB
2026/09/08 12:39:01.436, 0, 1 %, 1802 MiB
2026/09/08 12:39:01.436, 1, 0 %, 764 MiB
2026/09/08 12:39:01.936, 0, 0 %, 1802 MiB
2026/09/08 12:39:02.053, 1, 0 %, 764 MiB
2026/09/08 12:39:02.676, 0, 0 %, 1786 MiB
2026/09/08 12:39:02.683, 1, 0 %, 510 MiB
2026/09/08 12:39:03.183, 0, 0 %, 1786 MiB
2026/09/08 12:39:03.302, 1, 0 %, 510 MiB
2026/09/08 12:39:03.938, 0, 0 %, 1786 MiB
2026/09/08 12:39:03.938, 1, 0 %, 11 MiB
2026/09/08 12:39:04.438, 0, 1 %, 1786 MiB
2026/09/08 12:39:04.556, 1, 0 %, 11 MiB
2026/09/08 12:39:05.171, 0, 1 %, 1786 MiB
2026/09/08 12:39:05.171, 1, 0 %, 11 MiB
2026/09/08 12:39:05.671, 0, 1 %, 1786 MiB
2026/09/08 12:39:05.718, 1, 0 %, 11 MiB
2026/09/08 12:39:06.334, 0, 0 %, 1786 MiB
2026/09/08 12:39:06.334, 1, 0 %, 11 MiB
2026/09/08 12:39:06.834, 0, 0 %, 1786 MiB
2026/09/08 12:39:06.865, 1, 0 %, 11 MiB
2026/09/08 12:39:07.487, 0, 0 %, 1786 MiB
2026/09/08 12:39:07.487, 1, 0 %, 11 MiB
2026/09/08 12:39:07.988, 0, 0 %, 1786 MiB
2026/09/08 12:39:08.016, 1, 0 %, 11 MiB
2026/09/08 12:39:08.647, 0, 0 %, 1786 MiB
2026/09/08 12:39:08.647, 1, 0 %, 11 MiB
2026/09/08 12:39:09.147, 0, 0 %, 1786 MiB
2026/09/08 12:39:09.250, 1, 0 %, 11 MiB
2026/09/08 12:39:09.901, 0, 0 %, 1786 MiB
2026/09/08 12:39:09.902, 1, 0 %, 11 MiB
2026/09/08 12:39:10.402, 0, 0 %, 1786 MiB
2026/09/08 12:39:10.482, 1, 0 %, 11 MiB
2026/09/08 12:39:11.118, 0, 0 %, 1786 MiB
2026/09/08 12:39:11.119, 1, 0 %, 11 MiB
2026/09/08 12:39:11.619, 0, 0 %, 1786 MiB
2026/09/08 12:39:11.676, 1, 0 %, 11 MiB
2026/09/08 12:39:12.311, 0, 0 %, 1786 MiB
2026/09/08 12:39:12.311, 1, 0 %, 11 MiB
2026/09/08 12:39:12.812, 0, 0 %, 1786 MiB
2026/09/08 12:39:12.874, 1, 0 %, 11 MiB
2026/09/08 12:39:13.516, 0, 0 %, 1786 MiB
2026/09/08 12:39:13.516, 1, 0 %, 11 MiB
2026/09/08 12:39:14.016, 0, 0 %, 1786 MiB
2026/09/08 12:39:14.081, 1, 0 %, 11 MiB
2026/09/08 12:39:14.715, 0, 0 %, 1786 MiB
2026/09/08 12:39:14.715, 1, 0 %, 11 MiB
2026/09/08 12:39:15.215, 0, 0 %, 1786 MiB
2026/09/08 12:39:15.274, 1, 0 %, 11 MiB
2026/09/08 12:39:15.908, 0, 0 %, 1786 MiB
2026/09/08 12:39:15.908, 1, 0 %, 11 MiB
2026/09/08 12:39:16.408, 0, 0 %, 1786 MiB
2026/09/08 12:39:16.482, 1, 0 %, 11 MiB
2026/09/08 12:39:17.118, 0, 0 %, 1786 MiB
2026/09/08 12:39:17.118, 1, 0 %, 11 MiB
2026/09/08 12:39:17.618, 0, 0 %, 1786 MiB
2026/09/08 12:39:17.678, 1, 0 %, 11 MiB
2026/09/08 12:39:18.310, 0, 0 %, 1518 MiB
2026/09/08 12:39:18.310, 1, 0 %, 11 MiB
2026/09/08 12:39:18.811, 0, 0 %, 1518 MiB
2026/09/08 12:39:18.898, 1, 0 %, 11 MiB
2026/09/08 12:39:19.524, 0, 0 %, 1017 MiB
2026/09/08 12:39:19.525, 1, 0 %, 9 MiB
2026/09/08 12:39:20.025, 0, 0 %, 1017 MiB
2026/09/08 12:39:20.141, 1, 0 %, 9 MiB
2026/09/08 12:39:20.757, 0, 0 %, 1017 MiB
2026/09/08 12:39:20.757, 1, 0 %, 9 MiB
2026/09/08 12:39:21.258, 0, 0 %, 1017 MiB
2026/09/08 12:39:21.270, 1, 0 %, 9 MiB
2026/09/08 12:39:21.886, 0, 0 %, 1017 MiB
2026/09/08 12:39:21.886, 1, 0 %, 9 MiB
2026/09/08 12:39:22.387, 0, 0 %, 1017 MiB
2026/09/08 12:39:22.427, 1, 0 %, 9 MiB
2026/09/08 12:39:23.064, 0, 0 %, 1017 MiB
2026/09/08 12:39:23.065, 1, 0 %, 9 MiB
2026/09/08 12:39:23.565, 0, 0 %, 1017 MiB
2026/09/08 12:39:23.681, 1, 0 %, 9 MiB
2026/09/08 12:39:24.336, 0, 0 %, 1017 MiB
2026/09/08 12:39:24.336, 1, 0 %, 9 MiB
2026/09/08 12:39:24.836, 0, 0 %, 1017 MiB
2026/09/08 12:39:24.887, 1, 0 %, 9 MiB
2026/09/08 12:39:25.510, 0, 0 %, 1017 MiB
2026/09/08 12:39:25.510, 1, 0 %, 9 MiB
2026/09/08 12:39:26.010, 0, 0 %, 1017 MiB
2026/09/08 12:39:26.034, 1, 0 %, 9 MiB
2026/09/08 12:39:26.656, 0, 0 %, 1017 MiB
2026/09/08 12:39:26.656, 1, 0 %, 9 MiB
2026/09/08 12:39:27.156, 0, 0 %, 1017 MiB
2026/09/08 12:39:27.229, 1, 0 %, 9 MiB
2026/09/08 12:39:27.881, 0, 0 %, 1017 MiB
2026/09/08 12:39:27.881, 1, 0 %, 9 MiB
2026/09/08 12:39:28.381, 0, 0 %, 1017 MiB
2026/09/08 12:39:28.501, 1, 0 %, 9 MiB
2026/09/08 12:39:29.127, 0, 0 %, 1017 MiB
2026/09/08 12:39:29.127, 1, 0 %, 9 MiB
2026/09/08 12:39:29.627, 0, 0 %, 1017 MiB
2026/09/08 12:39:29.655, 1, 0 %, 9 MiB
2026/09/08 12:39:30.277, 0, 0 %, 1017 MiB
2026/09/08 12:39:30.277, 1, 0 %, 9 MiB
2026/09/08 12:39:30.780, 0, 0 %, 1017 MiB
2026/09/08 12:39:30.813, 1, 0 %, 9 MiB
2026/09/08 12:39:31.437, 0, 0 %, 1017 MiB
2026/09/08 12:39:31.437, 1, 0 %, 9 MiB
2026/09/08 12:39:31.937, 0, 0 %, 1017 MiB
2026/09/08 12:39:31.937, 1, 0 %, 9 MiB
2026/09/08 12:39:32.437, 0, 0 %, 1017 MiB
2026/09/08 12:39:32.498, 1, 0 %, 9 MiB
2026/09/08 12:39:33.122, 0, 0 %, 1017 MiB
2026/09/08 12:39:33.122, 1, 0 %, 9 MiB
2026/09/08 12:39:33.622, 0, 0 %, 1017 MiB
2026/09/08 12:39:33.649, 1, 0 %, 9 MiB
2026/09/08 12:39:34.149, 0, 0 %, 1017 MiB
2026/09/08 12:39:34.174, 1, 0 %, 9 MiB
2026/09/08 12:39:34.675, 0, 0 %, 1017 MiB
2026/09/08 12:39:34.711, 1, 0 %, 9 MiB
2026/09/08 12:39:35.349, 0, 0 %, 1017 MiB
2026/09/08 12:39:35.462, 1, 0 %, 9 MiB
2026/09/08 12:39:36.092, 0, 0 %, 1017 MiB
2026/09/08 12:39:36.197, 1, 0 %, 9 MiB
2026/09/08 12:39:36.706, 0, 0 %, 1017 MiB
2026/09/08 12:39:37.273, 1, 0 %, 9 MiB
2026/09/08 12:39:38.356, 0, 0 %, 1017 MiB
2026/09/08 12:39:38.451, 1, 0 %, 9 MiB
2026/09/08 12:39:39.778, 0, 0 %, 1017 MiB
2026/09/08 12:39:40.003, 1, 0 %, 9 MiB
2026/09/08 12:39:41.098, 0, 0 %, 1017 MiB
2026/09/08 12:39:41.101, 1, 0 %, 9 MiB
2026/09/08 12:39:41.601, 0, 0 %, 1017 MiB
2026/09/08 12:39:41.699, 1, 0 %, 9 MiB
2026/09/08 12:39:42.205, 0, 0 %, 1017 MiB
2026/09/08 12:39:42.323, 1, 0 %, 9 MiB
2026/09/08 12:39:42.945, 0, 0 %, 1017 MiB
2026/09/08 12:39:43.045, 1, 0 %, 9 MiB
2026/09/08 12:39:43.551, 0, 0 %, 1017 MiB
2026/09/08 12:39:43.666, 1, 0 %, 9 MiB
2026/09/08 12:39:44.644, 0, 0 %, 1017 MiB
2026/09/08 12:39:44.868, 1, 0 %, 9 MiB
2026/09/08 12:39:45.843, 0, 0 %, 1017 MiB
2026/09/08 12:39:45.947, 1, 0 %, 9 MiB
2026/09/08 12:39:46.684, 0, 0 %, 1017 MiB
2026/09/08 12:39:46.792, 1, 0 %, 9 MiB
2026/09/08 12:39:47.415, 0, 0 %, 1017 MiB
2026/09/08 12:39:47.514, 1, 0 %, 9 MiB
2026/09/08 12:39:48.015, 0, 0 %, 1017 MiB
2026/09/08 12:39:48.272, 1, 0 %, 9 MiB
2026/09/08 12:39:48.773, 0, 0 %, 1017 MiB
2026/09/08 12:39:48.783, 1, 0 %, 9 MiB
2026/09/08 12:39:49.285, 0, 0 %, 1131 MiB
2026/09/08 12:39:49.285, 1, 0 %, 9 MiB
2026/09/08 12:39:49.786, 0, 0 %, 1058 MiB
2026/09/08 12:39:49.825, 1, 0 %, 9 MiB
2026/09/08 12:39:50.443, 0, 0 %, 1051 MiB
2026/09/08 12:39:50.504, 1, 0 %, 9 MiB
2026/09/08 12:39:51.005, 0, 0 %, 1065 MiB
2026/09/08 12:39:51.123, 1, 0 %, 9 MiB
2026/09/08 12:39:51.626, 0, 0 %, 1197 MiB
2026/09/08 12:39:51.628, 1, 0 %, 9 MiB
2026/09/08 12:39:52.132, 0, 0 %, 1345 MiB
2026/09/08 12:39:52.144, 1, 0 %, 14 MiB
2026/09/08 12:39:52.648, 0, 1 %, 1456 MiB
2026/09/08 12:39:52.656, 1, 0 %, 16 MiB
2026/09/08 12:39:53.161, 0, 1 %, 1532 MiB
2026/09/08 12:39:53.163, 1, 0 %, 26 MiB
2026/09/08 12:39:53.668, 0, 1 %, 1548 MiB
2026/09/08 12:39:53.673, 1, 0 %, 47 MiB
2026/09/08 12:39:54.174, 0, 1 %, 1570 MiB
2026/09/08 12:39:54.176, 1, 0 %, 95 MiB
2026/09/08 12:39:54.679, 0, 1 %, 1509 MiB
2026/09/08 12:39:54.682, 1, 0 %, 154 MiB
2026/09/08 12:39:55.184, 0, 1 %, 1453 MiB
2026/09/08 12:39:55.186, 1, 0 %, 272 MiB
2026/09/08 12:39:55.688, 0, 0 %, 1571 MiB
2026/09/08 12:39:55.692, 1, 3 %, 436 MiB
2026/09/08 12:39:56.198, 0, 0 %, 1820 MiB
2026/09/08 12:39:56.200, 1, 3 %, 673 MiB
2026/09/08 12:39:56.703, 0, 0 %, 2018 MiB
2026/09/08 12:39:56.714, 1, 2 %, 713 MiB
2026/09/08 12:39:57.237, 0, 5 %, 2814 MiB
2026/09/08 12:39:57.268, 1, 2 %, 1634 MiB
2026/09/08 12:39:57.774, 0, 5 %, 2894 MiB
2026/09/08 12:39:57.775, 1, 0 %, 1692 MiB
2026/09/08 12:39:58.276, 0, 7 %, 2992 MiB
2026/09/08 12:39:58.280, 1, 0 %, 1766 MiB
2026/09/08 12:39:58.792, 0, 7 %, 3711 MiB
2026/09/08 12:39:58.802, 1, 0 %, 2352 MiB
2026/09/08 12:39:59.306, 0, 11 %, 4579 MiB
2026/09/08 12:39:59.313, 1, 4 %, 3334 MiB
2026/09/08 12:39:59.820, 0, 11 %, 4610 MiB
2026/09/08 12:39:59.825, 1, 4 %, 3387 MiB
2026/09/08 12:40:00.328, 0, 4 %, 4686 MiB
2026/09/08 12:40:00.331, 1, 4 %, 3909 MiB
2026/09/08 12:40:00.838, 0, 7 %, 4769 MiB
2026/09/08 12:40:00.847, 1, 4 %, 4000 MiB
2026/09/08 12:40:01.356, 0, 7 %, 4987 MiB
2026/09/08 12:40:01.363, 1, 7 %, 4148 MiB
2026/09/08 12:40:01.868, 0, 7 %, 5100 MiB
2026/09/08 12:40:01.873, 1, 8 %, 4331 MiB
2026/09/08 12:40:02.383, 0, 10 %, 5285 MiB
2026/09/08 12:40:02.405, 1, 8 %, 4541 MiB
2026/09/08 12:40:02.913, 0, 10 %, 5701 MiB
2026/09/08 12:40:02.917, 1, 9 %, 4793 MiB
2026/09/08 12:40:03.425, 0, 4 %, 6011 MiB
2026/09/08 12:40:03.431, 1, 9 %, 5125 MiB
2026/09/08 12:40:03.942, 0, 4 %, 6373 MiB
2026/09/08 12:40:03.952, 1, 7 %, 5506 MiB
2026/09/08 12:40:04.476, 0, 4 %, 6506 MiB
2026/09/08 12:40:04.478, 1, 8 %, 5676 MiB
2026/09/08 12:40:04.990, 0, 4 %, 6975 MiB
2026/09/08 12:40:05.019, 1, 8 %, 5880 MiB
2026/09/08 12:40:05.528, 0, 10 %, 8075 MiB
2026/09/08 12:40:05.551, 1, 10 %, 6583 MiB
2026/09/08 12:40:06.061, 0, 10 %, 8750 MiB
2026/09/08 12:40:06.066, 1, 10 %, 7228 MiB
2026/09/08 12:40:06.574, 0, 10 %, 9061 MiB
2026/09/08 12:40:06.585, 1, 5 %, 8352 MiB
2026/09/08 12:40:07.095, 0, 3 %, 9204 MiB
2026/09/08 12:40:07.104, 1, 5 %, 8637 MiB
2026/09/08 12:40:07.617, 0, 11 %, 9693 MiB
2026/09/08 12:40:07.651, 1, 5 %, 8757 MiB
2026/09/08 12:40:08.161, 0, 11 %, 9695 MiB
2026/09/08 12:40:08.165, 1, 5 %, 9578 MiB
2026/09/08 12:40:08.682, 0, 25 %, 9740 MiB
2026/09/08 12:40:08.691, 1, 8 %, 10069 MiB
2026/09/08 12:40:09.200, 0, 25 %, 12867 MiB
2026/09/08 12:40:09.204, 1, 11 %, 11026 MiB
2026/09/08 12:40:09.705, 0, 27 %, 13553 MiB
2026/09/08 12:40:09.711, 1, 11 %, 12056 MiB
2026/09/08 12:40:10.221, 0, 22 %, 13553 MiB
2026/09/08 12:40:10.231, 1, 21 %, 12056 MiB
2026/09/08 12:40:10.742, 0, 26 %, 13553 MiB
2026/09/08 12:40:10.744, 1, 24 %, 12056 MiB
2026/09/08 12:40:11.250, 0, 26 %, 13553 MiB
2026/09/08 12:40:11.259, 1, 24 %, 12056 MiB
2026/09/08 12:40:11.768, 0, 26 %, 13553 MiB
2026/09/08 12:40:11.769, 1, 20 %, 12056 MiB
2026/09/08 12:40:12.279, 0, 22 %, 13553 MiB
2026/09/08 12:40:12.280, 1, 20 %, 12056 MiB
2026/09/08 12:40:12.796, 0, 23 %, 13553 MiB
2026/09/08 12:40:12.805, 1, 24 %, 12056 MiB
2026/09/08 12:40:13.314, 0, 23 %, 13553 MiB
2026/09/08 12:40:13.318, 1, 24 %, 12056 MiB
2026/09/08 12:40:13.827, 0, 25 %, 13553 MiB
2026/09/08 12:40:13.833, 1, 24 %, 12056 MiB
2026/09/08 12:40:14.342, 0, 25 %, 13553 MiB
2026/09/08 12:40:14.343, 1, 24 %, 12056 MiB
2026/09/08 12:40:14.854, 0, 23 %, 13553 MiB
2026/09/08 12:40:14.861, 1, 23 %, 12056 MiB
2026/09/08 12:40:15.371, 0, 24 %, 13553 MiB
2026/09/08 12:40:15.376, 1, 23 %, 12056 MiB
2026/09/08 12:40:15.884, 0, 24 %, 13553 MiB
2026/09/08 12:40:15.887, 1, 24 %, 12056 MiB
2026/09/08 12:40:16.396, 0, 24 %, 13553 MiB
2026/09/08 12:40:16.397, 1, 24 %, 12056 MiB
2026/09/08 12:40:16.908, 0, 25 %, 13553 MiB
2026/09/08 12:40:16.913, 1, 22 %, 12056 MiB
2026/09/08 12:40:17.429, 0, 22 %, 13553 MiB
2026/09/08 12:40:17.429, 1, 23 %, 12056 MiB
2026/09/08 12:40:17.939, 0, 22 %, 13553 MiB
2026/09/08 12:40:17.944, 1, 23 %, 12056 MiB
2026/09/08 12:40:18.455, 0, 23 %, 13553 MiB
2026/09/08 12:40:18.464, 1, 23 %, 12056 MiB
2026/09/08 12:40:18.972, 0, 23 %, 13553 MiB
2026/09/08 12:40:18.980, 1, 20 %, 12056 MiB
2026/09/08 12:40:19.488, 0, 24 %, 13553 MiB
2026/09/08 12:40:19.489, 1, 22 %, 12056 MiB
2026/09/08 12:40:19.999, 0, 24 %, 13553 MiB
2026/09/08 12:40:20.005, 1, 22 %, 12056 MiB
2026/09/08 12:40:20.509, 0, 24 %, 13553 MiB
2026/09/08 12:40:20.516, 1, 23 %, 12056 MiB
2026/09/08 12:40:21.026, 0, 24 %, 13553 MiB
2026/09/08 12:40:21.029, 1, 23 %, 12056 MiB
2026/09/08 12:40:21.539, 0, 24 %, 13553 MiB
2026/09/08 12:40:21.541, 1, 23 %, 12056 MiB
2026/09/08 12:40:22.051, 0, 24 %, 13553 MiB
2026/09/08 12:40:22.055, 1, 24 %, 12056 MiB
2026/09/08 12:40:22.564, 0, 24 %, 13553 MiB
2026/09/08 12:40:22.570, 1, 21 %, 12056 MiB
2026/09/08 12:40:23.080, 0, 23 %, 13553 MiB
2026/09/08 12:40:23.087, 1, 21 %, 12056 MiB
2026/09/08 12:40:23.596, 0, 23 %, 13553 MiB
2026/09/08 12:40:23.599, 1, 21 %, 12056 MiB
2026/09/08 12:40:24.107, 0, 23 %, 13553 MiB
2026/09/08 12:40:24.112, 1, 24 %, 12056 MiB
2026/09/08 12:40:24.622, 0, 21 %, 13553 MiB
2026/09/08 12:40:24.626, 1, 24 %, 12056 MiB
2026/09/08 12:40:25.137, 0, 23 %, 13553 MiB
2026/09/08 12:40:25.145, 1, 24 %, 12056 MiB
2026/09/08 12:40:25.653, 0, 23 %, 13553 MiB
2026/09/08 12:40:25.667, 1, 25 %, 12056 MiB
2026/09/08 12:40:26.175, 0, 26 %, 13553 MiB
2026/09/08 12:40:26.178, 1, 25 %, 12056 MiB
2026/09/08 12:40:26.687, 0, 26 %, 13553 MiB
2026/09/08 12:40:26.689, 1, 21 %, 12056 MiB
2026/09/08 12:40:27.197, 0, 26 %, 13335 MiB
2026/09/08 12:40:27.198, 1, 21 %, 11922 MiB
2026/09/08 12:40:27.698, 0, 25 %, 13335 MiB
2026/09/08 12:40:27.707, 1, 23 %, 11834 MiB
2026/09/08 12:40:28.215, 0, 14 %, 12568 MiB
2026/09/08 12:40:28.290, 1, 23 %, 11303 MiB
2026/09/08 12:40:28.797, 0, 14 %, 12551 MiB
2026/09/08 12:40:28.798, 1, 22 %, 11081 MiB
2026/09/08 12:40:29.307, 0, 14 %, 11986 MiB
2026/09/08 12:40:29.380, 1, 22 %, 10328 MiB
2026/09/08 12:40:29.887, 0, 6 %, 11986 MiB
2026/09/08 12:40:29.890, 1, 23 %, 10328 MiB
2026/09/08 12:40:30.403, 0, 20 %, 11970 MiB
2026/09/08 12:40:30.407, 1, 23 %, 9798 MiB
2026/09/08 12:40:30.914, 0, 22 %, 11970 MiB
2026/09/08 12:40:30.920, 1, 23 %, 9798 MiB
2026/09/08 12:40:31.425, 0, 18 %, 11970 MiB
2026/09/08 12:40:31.487, 1, 0 %, 9798 MiB
2026/09/08 12:40:32.135, 0, 18 %, 11970 MiB
2026/09/08 12:40:32.413, 1, 0 %, 9798 MiB
2026/09/08 12:40:32.918, 0, 2 %, 11900 MiB
2026/09/08 12:40:33.027, 1, 21 %, 9798 MiB
2026/09/08 12:40:33.527, 0, 2 %, 11534 MiB
2026/09/08 12:40:33.532, 1, 21 %, 9798 MiB
2026/09/08 12:40:34.040, 0, 2 %, 11534 MiB
2026/09/08 12:40:34.149, 1, 21 %, 9798 MiB
2026/09/08 12:40:34.800, 0, 1 %, 10168 MiB
2026/09/08 12:40:34.872, 1, 3 %, 9798 MiB
2026/09/08 12:40:35.375, 0, 1 %, 8885 MiB
2026/09/08 12:40:35.399, 1, 11 %, 9045 MiB
2026/09/08 12:40:35.916, 0, 2 %, 8885 MiB
2026/09/08 12:40:35.919, 1, 11 %, 9045 MiB
2026/09/08 12:40:36.561, 0, 2 %, 8885 MiB
2026/09/08 12:40:36.565, 1, 11 %, 9045 MiB
2026/09/08 12:40:37.075, 0, 2 %, 8885 MiB
2026/09/08 12:40:37.079, 1, 24 %, 9045 MiB
2026/09/08 12:40:37.588, 0, 18 %, 8885 MiB
2026/09/08 12:40:37.591, 1, 24 %, 9045 MiB
2026/09/08 12:40:38.095, 0, 18 %, 8901 MiB
2026/09/08 12:40:38.100, 1, 20 %, 9045 MiB
2026/09/08 12:40:38.606, 0, 18 %, 8901 MiB
2026/09/08 12:40:38.612, 1, 20 %, 9045 MiB
2026/09/08 12:40:39.114, 0, 17 %, 8911 MiB
2026/09/08 12:40:39.377, 1, 22 %, 9045 MiB
2026/09/08 12:40:39.883, 0, 17 %, 8917 MiB
2026/09/08 12:40:39.888, 1, 20 %, 9045 MiB
2026/09/08 12:40:40.389, 0, 19 %, 8902 MiB
2026/09/08 12:40:40.464, 1, 20 %, 9045 MiB
2026/09/08 12:40:40.975, 0, 19 %, 8901 MiB
2026/09/08 12:40:40.985, 1, 20 %, 9045 MiB
2026/09/08 12:40:41.494, 0, 3 %, 8920 MiB
2026/09/08 12:40:41.495, 1, 13 %, 9045 MiB
2026/09/08 12:40:41.998, 0, 3 %, 8933 MiB
2026/09/08 12:40:42.013, 1, 13 %, 9045 MiB
2026/09/08 12:40:42.519, 0, 3 %, 8918 MiB
2026/09/08 12:40:42.548, 1, 16 %, 8879 MiB
2026/09/08 12:40:43.050, 0, 7 %, 8926 MiB
2026/09/08 12:40:43.053, 1, 16 %, 8835 MiB
2026/09/08 12:40:43.563, 0, 9 %, 8917 MiB
2026/09/08 12:40:43.563, 1, 12 %, 8292 MiB
2026/09/08 12:40:44.065, 0, 9 %, 8926 MiB
2026/09/08 12:40:44.067, 1, 12 %, 8292 MiB
2026/09/08 12:40:44.572, 0, 9 %, 8936 MiB
2026/09/08 12:40:44.585, 1, 2 %, 8292 MiB
2026/09/08 12:40:45.096, 0, 16 %, 8917 MiB
2026/09/08 12:40:45.099, 1, 2 %, 8292 MiB
2026/09/08 12:40:45.615, 0, 0 %, 8908 MiB
2026/09/08 12:40:45.622, 1, 13 %, 8292 MiB
2026/09/08 12:40:46.131, 0, 0 %, 8915 MiB
2026/09/08 12:40:46.142, 1, 13 %, 8292 MiB
2026/09/08 12:40:46.644, 0, 16 %, 8942 MiB
2026/09/08 12:40:46.651, 1, 13 %, 8292 MiB
2026/09/08 12:40:47.156, 0, 16 %, 8962 MiB
2026/09/08 12:40:47.158, 1, 17 %, 8292 MiB
2026/09/08 12:40:47.670, 0, 16 %, 8971 MiB
2026/09/08 12:40:47.761, 1, 15 %, 8299 MiB
2026/09/08 12:40:48.407, 0, 16 %, 9018 MiB
2026/09/08 12:40:48.411, 1, 15 %, 8300 MiB
2026/09/08 12:40:48.919, 0, 17 %, 9031 MiB
2026/09/08 12:40:48.994, 1, 18 %, 8311 MiB
2026/09/08 12:40:49.502, 0, 17 %, 9091 MiB
2026/09/08 12:40:49.505, 1, 13 %, 8312 MiB
2026/09/08 12:40:50.011, 0, 18 %, 9158 MiB
2026/09/08 12:40:50.038, 1, 13 %, 8344 MiB
2026/09/08 12:40:50.542, 0, 11 %, 9253 MiB
2026/09/08 12:40:50.552, 1, 13 %, 8383 MiB
2026/09/08 12:40:51.059, 0, 11 %, 9277 MiB
2026/09/08 12:40:51.059, 1, 13 %, 8416 MiB
2026/09/08 12:40:51.565, 0, 11 %, 9696 MiB
2026/09/08 12:40:51.569, 1, 13 %, 8497 MiB
2026/09/08 12:40:52.077, 0, 20 %, 9798 MiB
2026/09/08 12:40:52.086, 1, 16 %, 8608 MiB
2026/09/08 12:40:52.594, 0, 20 %, 9809 MiB
2026/09/08 12:40:52.596, 1, 15 %, 8625 MiB
2026/09/08 12:40:53.102, 0, 20 %, 9903 MiB
2026/09/08 12:40:53.106, 1, 15 %, 9098 MiB
2026/09/08 12:40:53.616, 0, 13 %, 10005 MiB
2026/09/08 12:40:53.620, 1, 15 %, 9180 MiB
2026/09/08 12:40:54.127, 0, 13 %, 10150 MiB
2026/09/08 12:40:54.131, 1, 13 %, 9314 MiB
2026/09/08 12:40:54.639, 0, 17 %, 10305 MiB
2026/09/08 12:40:54.642, 1, 13 %, 9362 MiB
2026/09/08 12:40:55.149, 0, 17 %, 10325 MiB
2026/09/08 12:40:55.180, 1, 15 %, 9188 MiB
2026/09/08 12:40:55.693, 0, 20 %, 10410 MiB
2026/09/08 12:40:55.706, 1, 20 %, 9628 MiB
2026/09/08 12:40:56.219, 0, 20 %, 10830 MiB
2026/09/08 12:40:56.225, 1, 20 %, 9168 MiB
2026/09/08 12:40:56.725, 0, 20 %, 11300 MiB
2026/09/08 12:40:56.730, 1, 14 %, 9318 MiB
2026/09/08 12:40:57.236, 0, 17 %, 11333 MiB
2026/09/08 12:40:57.237, 1, 14 %, 9334 MiB
2026/09/08 12:40:57.757, 0, 20 %, 11349 MiB
2026/09/08 12:40:57.758, 1, 17 %, 9383 MiB
2026/09/08 12:40:58.267, 0, 34 %, 11435 MiB
2026/09/08 12:40:58.272, 1, 18 %, 9896 MiB
2026/09/08 12:40:58.780, 0, 34 %, 11503 MiB
2026/09/08 12:40:58.782, 1, 18 %, 9921 MiB
2026/09/08 12:40:59.287, 0, 23 %, 11637 MiB
2026/09/08 12:40:59.294, 1, 20 %, 9932 MiB
2026/09/08 12:40:59.796, 0, 23 %, 11724 MiB
2026/09/08 12:40:59.804, 1, 20 %, 10076 MiB
2026/09/08 12:41:00.313, 0, 8 %, 11797 MiB
2026/09/08 12:41:00.324, 1, 14 %, 10115 MiB
2026/09/08 12:41:00.832, 0, 15 %, 12233 MiB
2026/09/08 12:41:00.833, 1, 14 %, 10124 MiB
2026/09/08 12:41:01.342, 0, 15 %, 12306 MiB
2026/09/08 12:41:01.346, 1, 39 %, 10604 MiB
2026/09/08 12:41:01.854, 0, 15 %, 12786 MiB
2026/09/08 12:41:01.863, 1, 39 %, 10674 MiB
2026/09/08 12:41:02.372, 0, 20 %, 12792 MiB
2026/09/08 12:41:02.380, 1, 39 %, 10800 MiB
2026/09/08 12:41:02.893, 0, 2 %, 12792 MiB
2026/09/08 12:41:02.923, 1, 4 %, 10820 MiB
2026/09/08 12:41:03.431, 0, 14 %, 12586 MiB
2026/09/08 12:41:03.435, 1, 4 %, 10821 MiB
2026/09/08 12:41:03.944, 0, 14 %, 12587 MiB
2026/09/08 12:41:04.134, 1, 4 %, 10827 MiB
2026/09/08 12:41:04.642, 0, 0 %, 12040 MiB
2026/09/08 12:41:04.650, 1, 4 %, 11303 MiB
2026/09/08 12:41:05.158, 0, 24 %, 12068 MiB
2026/09/08 12:41:05.166, 1, 4 %, 11303 MiB
2026/09/08 12:41:05.675, 0, 24 %, 12136 MiB
2026/09/08 12:41:05.684, 1, 21 %, 11303 MiB
2026/09/08 12:41:06.193, 0, 24 %, 12136 MiB
2026/09/08 12:41:06.201, 1, 21 %, 11303 MiB
2026/09/08 12:41:06.711, 0, 21 %, 12206 MiB
2026/09/08 12:41:06.720, 1, 19 %, 11303 MiB
2026/09/08 12:41:07.229, 0, 21 %, 12287 MiB
2026/09/08 12:41:07.232, 1, 19 %, 11303 MiB
2026/09/08 12:41:07.739, 0, 21 %, 12287 MiB
2026/09/08 12:41:07.741, 1, 14 %, 11303 MiB
2026/09/08 12:41:08.250, 0, 22 %, 12769 MiB
2026/09/08 12:41:08.251, 1, 14 %, 11303 MiB
2026/09/08 12:41:08.760, 0, 22 %, 12779 MiB
2026/09/08 12:41:08.770, 1, 21 %, 11303 MiB
2026/09/08 12:41:09.278, 0, 22 %, 12785 MiB
2026/09/08 12:41:09.279, 1, 21 %, 11086 MiB
2026/09/08 12:41:09.789, 0, 24 %, 12785 MiB
2026/09/08 12:41:09.794, 1, 22 %, 11081 MiB
2026/09/08 12:41:10.303, 0, 5 %, 12769 MiB
2026/09/08 12:41:10.309, 1, 22 %, 10550 MiB
2026/09/08 12:41:10.818, 0, 5 %, 12769 MiB
2026/09/08 12:41:10.820, 1, 22 %, 10550 MiB
2026/09/08 12:41:11.326, 0, 5 %, 12769 MiB
2026/09/08 12:41:11.327, 1, 19 %, 10550 MiB
2026/09/08 12:41:11.834, 0, 26 %, 12754 MiB
2026/09/08 12:41:11.842, 1, 19 %, 10550 MiB
2026/09/08 12:41:12.348, 0, 0 %, 12753 MiB
2026/09/08 12:41:12.388, 1, 17 %, 10550 MiB
2026/09/08 12:41:12.898, 0, 0 %, 12753 MiB
2026/09/08 12:41:12.904, 1, 17 %, 10550 MiB
2026/09/08 12:41:13.406, 0, 26 %, 12753 MiB
2026/09/08 12:41:13.408, 1, 20 %, 10550 MiB
2026/09/08 12:41:13.917, 0, 26 %, 12753 MiB
2026/09/08 12:41:13.921, 1, 18 %, 10550 MiB
2026/09/08 12:41:14.425, 0, 26 %, 12753 MiB
2026/09/08 12:41:14.426, 1, 18 %, 10550 MiB
2026/09/08 12:41:14.934, 0, 24 %, 12753 MiB
2026/09/08 12:41:14.938, 1, 21 %, 10550 MiB
2026/09/08 12:41:15.447, 0, 24 %, 12763 MiB
2026/09/08 12:41:15.456, 1, 21 %, 10550 MiB
2026/09/08 12:41:15.969, 0, 24 %, 12769 MiB
2026/09/08 12:41:15.974, 1, 20 %, 10550 MiB
2026/09/08 12:41:16.479, 0, 26 %, 12769 MiB
2026/09/08 12:41:16.487, 1, 20 %, 10550 MiB
2026/09/08 12:41:16.997, 0, 26 %, 12785 MiB
2026/09/08 12:41:17.003, 1, 19 %, 10555 MiB
2026/09/08 12:41:17.503, 0, 0 %, 12785 MiB
2026/09/08 12:41:17.546, 1, 19 %, 10557 MiB
2026/09/08 12:41:18.199, 0, 0 %, 12785 MiB
2026/09/08 12:41:18.208, 1, 19 %, 10558 MiB
2026/09/08 12:41:18.715, 0, 24 %, 12785 MiB
2026/09/08 12:41:18.773, 1, 18 %, 10570 MiB
2026/09/08 12:41:19.428, 0, 24 %, 12785 MiB
2026/09/08 12:41:19.433, 1, 19 %, 10352 MiB
2026/09/08 12:41:19.941, 0, 24 %, 12772 MiB
2026/09/08 12:41:19.947, 1, 17 %, 10384 MiB
2026/09/08 12:41:20.455, 0, 28 %, 12753 MiB
2026/09/08 12:41:20.462, 1, 17 %, 9881 MiB
2026/09/08 12:41:20.971, 0, 28 %, 12753 MiB
2026/09/08 12:41:20.973, 1, 17 %, 9913 MiB
2026/09/08 12:41:21.478, 0, 27 %, 12753 MiB
2026/09/08 12:41:21.484, 1, 20 %, 9983 MiB
2026/09/08 12:41:21.989, 0, 20 %, 12753 MiB
2026/09/08 12:41:21.995, 1, 20 %, 10068 MiB
2026/09/08 12:41:22.503, 0, 20 %, 12753 MiB
2026/09/08 12:41:22.503, 1, 14 %, 10080 MiB
2026/09/08 12:41:23.009, 0, 22 %, 12772 MiB
2026/09/08 12:41:23.013, 1, 20 %, 10550 MiB
2026/09/08 12:41:23.514, 0, 22 %, 12785 MiB
2026/09/08 12:41:23.519, 1, 20 %, 10550 MiB
2026/09/08 12:41:24.026, 0, 22 %, 12785 MiB
2026/09/08 12:41:24.030, 1, 22 %, 10550 MiB
2026/09/08 12:41:24.533, 0, 22 %, 12792 MiB
2026/09/08 12:41:24.538, 1, 20 %, 10550 MiB
2026/09/08 12:41:25.045, 0, 17 %, 12792 MiB
2026/09/08 12:41:25.046, 1, 20 %, 10550 MiB
2026/09/08 12:41:25.554, 0, 17 %, 12791 MiB
2026/09/08 12:41:25.565, 1, 20 %, 10380 MiB
2026/09/08 12:41:26.069, 0, 17 %, 12820 MiB
2026/09/08 12:41:26.074, 1, 22 %, 10323 MiB
2026/09/08 12:41:26.577, 0, 17 %, 12871 MiB
2026/09/08 12:41:26.590, 1, 22 %, 9596 MiB
2026/09/08 12:41:27.095, 0, 17 %, 12942 MiB
2026/09/08 12:41:27.117, 1, 22 %, 9568 MiB
2026/09/08 12:41:27.621, 0, 4 %, 13015 MiB
2026/09/08 12:41:27.622, 1, 21 %, 9045 MiB
2026/09/08 12:41:28.126, 0, 4 %, 12957 MiB
2026/09/08 12:41:28.129, 1, 16 %, 8823 MiB
2026/09/08 12:41:28.633, 0, 21 %, 13271 MiB
2026/09/08 12:41:28.636, 1, 18 %, 8807 MiB
2026/09/08 12:41:29.141, 0, 21 %, 13221 MiB
2026/09/08 12:41:29.155, 1, 18 %, 8300 MiB
2026/09/08 12:41:29.697, 0, 16 %, 12503 MiB
2026/09/08 12:41:29.701, 1, 8 %, 8334 MiB
2026/09/08 12:41:30.207, 0, 16 %, 12496 MiB
2026/09/08 12:41:30.211, 1, 8 %, 8348 MiB
2026/09/08 12:41:30.715, 0, 6 %, 11736 MiB
2026/09/08 12:41:30.720, 1, 3 %, 8375 MiB
2026/09/08 12:41:31.502, 0, 14 %, 10969 MiB
2026/09/08 12:41:31.507, 1, 0 %, 8407 MiB
2026/09/08 12:41:32.012, 0, 14 %, 10935 MiB
2026/09/08 12:41:32.018, 1, 18 %, 8546 MiB
2026/09/08 12:41:32.528, 0, 11 %, 10420 MiB
2026/09/08 12:41:32.529, 1, 18 %, 8571 MiB
2026/09/08 12:41:33.033, 0, 11 %, 10420 MiB
2026/09/08 12:41:33.145, 1, 1 %, 9045 MiB
2026/09/08 12:41:33.650, 0, 14 %, 10420 MiB
2026/09/08 12:41:33.701, 1, 16 %, 9045 MiB
2026/09/08 12:41:34.344, 0, 18 %, 10197 MiB
2026/09/08 12:41:34.347, 1, 16 %, 8823 MiB
2026/09/08 12:41:34.851, 0, 18 %, 10204 MiB
2026/09/08 12:41:34.852, 1, 16 %, 8816 MiB
2026/09/08 12:41:35.356, 0, 1 %, 9460 MiB
2026/09/08 12:41:35.401, 1, 16 %, 8816 MiB
2026/09/08 12:41:35.916, 0, 1 %, 9268 MiB
2026/09/08 12:41:35.919, 1, 16 %, 8292 MiB
2026/09/08 12:41:36.423, 0, 1 %, 8667 MiB
2026/09/08 12:41:36.482, 1, 9 %, 8292 MiB
2026/09/08 12:41:36.987, 0, 15 %, 7916 MiB
2026/09/08 12:41:37.090, 1, 0 %, 7924 MiB
2026/09/08 12:41:37.595, 0, 15 %, 7916 MiB
2026/09/08 12:41:37.598, 1, 0 %, 7872 MiB
2026/09/08 12:41:38.106, 0, 1 %, 7319 MiB
2026/09/08 12:41:38.234, 1, 1 %, 6786 MiB
2026/09/08 12:41:38.734, 0, 1 %, 7319 MiB
2026/09/08 12:41:38.802, 1, 13 %, 6786 MiB
2026/09/08 12:41:39.307, 0, 1 %, 7312 MiB
2026/09/08 12:41:39.309, 1, 13 %, 6786 MiB
2026/09/08 12:41:39.809, 0, 1 %, 7318 MiB
2026/09/08 12:41:39.811, 1, 13 %, 6786 MiB
2026/09/08 12:41:40.313, 0, 1 %, 7318 MiB
2026/09/08 12:41:40.347, 1, 13 %, 6786 MiB
2026/09/08 12:41:40.847, 0, 12 %, 7324 MiB
2026/09/08 12:41:40.890, 1, 12 %, 6786 MiB
2026/09/08 12:41:41.530, 0, 12 %, 7359 MiB
2026/09/08 12:41:41.530, 1, 13 %, 6786 MiB
2026/09/08 12:41:42.032, 0, 12 %, 7366 MiB
2026/09/08 12:41:42.147, 1, 16 %, 6573 MiB
2026/09/08 12:41:42.653, 0, 14 %, 7339 MiB
2026/09/08 12:41:42.735, 1, 16 %, 6547 MiB
2026/09/08 12:41:43.237, 0, 14 %, 7341 MiB
2026/09/08 12:41:43.238, 1, 16 %, 6033 MiB
2026/09/08 12:41:43.742, 0, 2 %, 7339 MiB
2026/09/08 12:41:43.745, 1, 13 %, 6033 MiB
2026/09/08 12:41:44.246, 0, 2 %, 7365 MiB
2026/09/08 12:41:44.352, 1, 10 %, 6033 MiB
2026/09/08 12:41:44.854, 0, 0 %, 7166 MiB
2026/09/08 12:41:44.857, 1, 10 %, 6033 MiB
2026/09/08 12:41:45.359, 0, 0 %, 7183 MiB
2026/09/08 12:41:45.366, 1, 0 %, 6038 MiB
2026/09/08 12:41:45.873, 0, 3 %, 7183 MiB
2026/09/08 12:41:45.875, 1, 0 %, 6038 MiB
2026/09/08 12:41:46.513, 0, 3 %, 6481 MiB
2026/09/08 12:41:46.642, 1, 10 %, 6041 MiB
2026/09/08 12:41:47.287, 0, 0 %, 6502 MiB
2026/09/08 12:41:47.301, 1, 10 %, 5871 MiB
2026/09/08 12:41:47.805, 0, 0 %, 6036 MiB
2026/09/08 12:41:47.855, 1, 10 %, 5831 MiB
2026/09/08 12:41:48.493, 0, 1 %, 6020 MiB
2026/09/08 12:41:48.496, 1, 1 %, 5300 MiB
2026/09/08 12:41:48.997, 0, 1 %, 5899 MiB
2026/09/08 12:41:49.004, 1, 1 %, 5333 MiB
2026/09/08 12:41:49.516, 0, 0 %, 5898 MiB
2026/09/08 12:41:49.550, 1, 0 %, 5333 MiB
2026/09/08 12:41:50.052, 0, 0 %, 5762 MiB
2026/09/08 12:41:50.058, 1, 0 %, 5404 MiB
2026/09/08 12:41:50.565, 0, 7 %, 5879 MiB
2026/09/08 12:41:50.578, 1, 12 %, 5263 MiB
2026/09/08 12:41:51.085, 0, 7 %, 5922 MiB
2026/09/08 12:41:51.090, 1, 12 %, 5369 MiB
2026/09/08 12:41:51.595, 0, 7 %, 5942 MiB
2026/09/08 12:41:51.597, 1, 7 %, 5298 MiB
2026/09/08 12:41:52.101, 0, 7 %, 6032 MiB
2026/09/08 12:41:52.105, 1, 7 %, 5403 MiB
2026/09/08 12:41:52.607, 0, 7 %, 6091 MiB
2026/09/08 12:41:52.611, 1, 1 %, 5404 MiB
2026/09/08 12:41:53.116, 0, 7 %, 6145 MiB
2026/09/08 12:41:53.118, 1, 1 %, 5570 MiB
2026/09/08 12:41:53.625, 0, 7 %, 6279 MiB
2026/09/08 12:41:53.630, 1, 1 %, 5580 MiB
2026/09/08 12:41:54.135, 0, 5 %, 6412 MiB
2026/09/08 12:41:54.137, 1, 1 %, 5800 MiB
2026/09/08 12:41:54.637, 0, 6 %, 6934 MiB
2026/09/08 12:41:54.643, 1, 10 %, 5930 MiB
2026/09/08 12:41:55.146, 0, 6 %, 7424 MiB
2026/09/08 12:41:55.148, 1, 10 %, 5416 MiB
2026/09/08 12:41:55.650, 0, 11 %, 7487 MiB
2026/09/08 12:41:55.653, 1, 10 %, 5606 MiB
2026/09/08 12:41:56.159, 0, 11 %, 7514 MiB
2026/09/08 12:41:56.168, 1, 6 %, 5647 MiB
2026/09/08 12:41:56.683, 0, 6 %, 7538 MiB
2026/09/08 12:41:56.690, 1, 6 %, 6086 MiB
2026/09/08 12:41:57.198, 0, 6 %, 7542 MiB
2026/09/08 12:41:57.227, 1, 6 %, 6157 MiB
2026/09/08 12:41:57.751, 0, 6 %, 7711 MiB
2026/09/08 12:41:57.757, 1, 10 %, 6307 MiB
2026/09/08 12:41:58.260, 0, 7 %, 7723 MiB
2026/09/08 12:41:58.340, 1, 5 %, 6313 MiB
2026/09/08 12:41:58.844, 0, 7 %, 7823 MiB
2026/09/08 12:41:58.846, 1, 8 %, 6359 MiB
2026/09/08 12:41:59.352, 0, 7 %, 8242 MiB
2026/09/08 12:41:59.354, 1, 8 %, 6411 MiB
2026/09/08 12:41:59.858, 0, 7 %, 8324 MiB
2026/09/08 12:41:59.860, 1, 8 %, 6859 MiB
2026/09/08 12:42:00.364, 0, 6 %, 8415 MiB
2026/09/08 12:42:00.374, 1, 8 %, 6929 MiB
2026/09/08 12:42:00.879, 0, 6 %, 8512 MiB
2026/09/08 12:42:00.883, 1, 6 %, 6942 MiB
2026/09/08 12:42:01.385, 0, 6 %, 8554 MiB
2026/09/08 12:42:01.468, 1, 6 %, 7019 MiB
2026/09/08 12:42:01.974, 0, 1 %, 8634 MiB
2026/09/08 12:42:02.010, 1, 6 %, 7123 MiB
2026/09/08 12:42:02.515, 0, 7 %, 8901 MiB
2026/09/08 12:42:02.622, 1, 4 %, 7172 MiB
2026/09/08 12:42:03.131, 0, 7 %, 8413 MiB
2026/09/08 12:42:03.138, 1, 7 %, 7181 MiB
2026/09/08 12:42:03.646, 0, 8 %, 8436 MiB
2026/09/08 12:42:03.648, 1, 7 %, 7816 MiB
2026/09/08 12:42:04.154, 0, 8 %, 7978 MiB
2026/09/08 12:42:04.157, 1, 7 %, 7817 MiB
2026/09/08 12:42:04.659, 0, 8 %, 8484 MiB
2026/09/08 12:42:04.663, 1, 10 %, 8241 MiB
2026/09/08 12:42:05.165, 0, 22 %, 8999 MiB
2026/09/08 12:42:05.166, 1, 19 %, 8339 MiB
2026/09/08 12:42:05.670, 0, 22 %, 9037 MiB
2026/09/08 12:42:05.673, 1, 14 %, 8375 MiB
2026/09/08 12:42:06.183, 0, 11 %, 9078 MiB
2026/09/08 12:42:06.185, 1, 14 %, 8407 MiB
2026/09/08 12:42:06.700, 0, 11 %, 8983 MiB
2026/09/08 12:42:06.702, 1, 14 %, 8546 MiB
2026/09/08 12:42:07.206, 0, 9 %, 8993 MiB
2026/09/08 12:42:07.216, 1, 17 %, 8570 MiB
2026/09/08 12:42:07.721, 0, 9 %, 8856 MiB
2026/09/08 12:42:07.726, 1, 17 %, 8592 MiB
2026/09/08 12:42:08.230, 0, 12 %, 8939 MiB
2026/09/08 12:42:08.233, 1, 20 %, 9080 MiB
2026/09/08 12:42:08.737, 0, 12 %, 8949 MiB
2026/09/08 12:42:08.740, 1, 20 %, 9097 MiB
2026/09/08 12:42:09.244, 0, 11 %, 8812 MiB
2026/09/08 12:42:09.249, 1, 20 %, 8954 MiB
2026/09/08 12:42:09.750, 0, 11 %, 8797 MiB
2026/09/08 12:42:09.751, 1, 16 %, 9020 MiB
2026/09/08 12:42:10.258, 0, 7 %, 8798 MiB
2026/09/08 12:42:10.261, 1, 16 %, 8616 MiB
2026/09/08 12:42:10.774, 0, 7 %, 8353 MiB
2026/09/08 12:42:10.780, 1, 25 %, 8688 MiB
2026/09/08 12:42:11.282, 0, 13 %, 8462 MiB
2026/09/08 12:42:11.285, 1, 25 %, 9204 MiB
2026/09/08 12:42:11.785, 0, 13 %, 8598 MiB
2026/09/08 12:42:11.786, 1, 14 %, 9371 MiB
2026/09/08 12:42:12.288, 0, 13 %, 8513 MiB
2026/09/08 12:42:12.292, 1, 14 %, 9460 MiB
2026/09/08 12:42:12.797, 0, 10 %, 9098 MiB
2026/09/08 12:42:12.799, 1, 18 %, 10038 MiB
2026/09/08 12:42:13.306, 0, 10 %, 9099 MiB
2026/09/08 12:42:13.319, 1, 18 %, 10126 MiB
2026/09/08 12:42:13.837, 0, 4 %, 8655 MiB
2026/09/08 12:42:13.855, 1, 26 %, 10183 MiB
2026/09/08 12:42:14.362, 0, 4 %, 8795 MiB
2026/09/08 12:42:14.378, 1, 26 %, 10183 MiB
2026/09/08 12:42:14.889, 0, 4 %, 9220 MiB
2026/09/08 12:42:14.897, 1, 26 %, 10799 MiB
2026/09/08 12:42:15.406, 0, 13 %, 9630 MiB
2026/09/08 12:42:15.410, 1, 26 %, 10603 MiB
2026/09/08 12:42:15.911, 0, 10 %, 9700 MiB
2026/09/08 12:42:15.963, 1, 11 %, 10608 MiB
2026/09/08 12:42:16.606, 0, 11 %, 9684 MiB
2026/09/08 12:42:16.618, 1, 11 %, 10550 MiB
2026/09/08 12:42:17.260, 0, 11 %, 9684 MiB
2026/09/08 12:42:17.299, 1, 0 %, 10550 MiB
2026/09/08 12:42:17.805, 0, 11 %, 9684 MiB
2026/09/08 12:42:17.812, 1, 5 %, 10380 MiB
2026/09/08 12:42:18.314, 0, 8 %, 9684 MiB
2026/09/08 12:42:18.318, 1, 5 %, 10321 MiB
2026/09/08 12:42:18.820, 0, 8 %, 9684 MiB
2026/09/08 12:42:19.132, 1, 9 %, 9797 MiB
2026/09/08 12:42:19.641, 0, 8 %, 9264 MiB
2026/09/08 12:42:19.678, 1, 10 %, 9797 MiB
2026/09/08 12:42:20.331, 0, 0 %, 8692 MiB
2026/09/08 12:42:20.333, 1, 10 %, 9797 MiB
2026/09/08 12:42:20.835, 0, 0 %, 8149 MiB
2026/09/08 12:42:20.836, 1, 10 %, 9797 MiB
2026/09/08 12:42:21.336, 0, 0 %, 8158 MiB
2026/09/08 12:42:21.339, 1, 10 %, 9797 MiB
2026/09/08 12:42:21.840, 0, 0 %, 8165 MiB
2026/09/08 12:42:21.844, 1, 10 %, 9797 MiB
2026/09/08 12:42:22.346, 0, 2 %, 8170 MiB
2026/09/08 12:42:22.348, 1, 4 %, 9797 MiB
2026/09/08 12:42:22.852, 0, 2 %, 8195 MiB
2026/09/08 12:42:22.853, 1, 9 %, 9805 MiB
2026/09/08 12:42:23.355, 0, 6 %, 8246 MiB
2026/09/08 12:42:23.355, 1, 9 %, 9845 MiB
2026/09/08 12:42:23.864, 0, 6 %, 7947 MiB
2026/09/08 12:42:23.866, 1, 6 %, 9921 MiB
2026/09/08 12:42:24.368, 0, 6 %, 7704 MiB
2026/09/08 12:42:24.372, 1, 6 %, 9738 MiB
2026/09/08 12:42:24.875, 0, 6 %, 7327 MiB
2026/09/08 12:42:24.883, 1, 6 %, 9909 MiB
2026/09/08 12:42:25.389, 0, 3 %, 6289 MiB
2026/09/08 12:42:25.402, 1, 17 %, 9430 MiB
2026/09/08 12:42:25.911, 0, 3 %, 6848 MiB
2026/09/08 12:42:26.060, 1, 17 %, 9913 MiB
2026/09/08 12:42:26.567, 0, 3 %, 6740 MiB
2026/09/08 12:42:26.584, 1, 17 %, 9833 MiB
2026/09/08 12:42:27.084, 0, 0 %, 6749 MiB
2026/09/08 12:42:27.090, 1, 0 %, 9845 MiB
2026/09/08 12:42:27.730, 0, 0 %, 5975 MiB
2026/09/08 12:42:27.737, 1, 9 %, 9113 MiB
2026/09/08 12:42:28.245, 0, 0 %, 6407 MiB
2026/09/08 12:42:28.373, 1, 11 %, 9510 MiB
2026/09/08 12:42:29.015, 0, 2 %, 6413 MiB
2026/09/08 12:42:29.140, 1, 11 %, 9051 MiB
2026/09/08 12:42:29.680, 0, 2 %, 5968 MiB
2026/09/08 12:42:29.683, 1, 8 %, 8850 MiB
2026/09/08 12:42:30.185, 0, 2 %, 5950 MiB
2026/09/08 12:42:30.187, 1, 8 %, 8309 MiB
2026/09/08 12:42:30.692, 0, 0 %, 5949 MiB
2026/09/08 12:42:30.833, 1, 7 %, 8309 MiB
2026/09/08 12:42:31.336, 0, 0 %, 6019 MiB
2026/09/08 12:42:31.344, 1, 7 %, 8321 MiB
2026/09/08 12:42:31.847, 0, 0 %, 6087 MiB
2026/09/08 12:42:31.848, 1, 9 %, 8339 MiB
2026/09/08 12:42:32.353, 0, 4 %, 6118 MiB
2026/09/08 12:42:32.609, 1, 9 %, 8347 MiB
2026/09/08 12:42:33.117, 0, 10 %, 6545 MiB
2026/09/08 12:42:33.146, 1, 9 %, 8407 MiB
2026/09/08 12:42:33.646, 0, 10 %, 6549 MiB
2026/09/08 12:42:33.652, 1, 1 %, 8407 MiB
2026/09/08 12:42:34.159, 0, 3 %, 6624 MiB
2026/09/08 12:42:34.163, 1, 1 %, 8561 MiB
2026/09/08 12:42:34.683, 0, 3 %, 6647 MiB
2026/09/08 12:42:34.685, 1, 7 %, 8974 MiB
2026/09/08 12:42:35.187, 0, 8 %, 6673 MiB
2026/09/08 12:42:35.192, 1, 7 %, 8806 MiB
2026/09/08 12:42:35.699, 0, 8 %, 6690 MiB
2026/09/08 12:42:35.699, 1, 3 %, 8802 MiB
2026/09/08 12:42:36.202, 0, 8 %, 6670 MiB
2026/09/08 12:42:36.281, 1, 3 %, 8292 MiB
2026/09/08 12:42:36.787, 0, 1 %, 6733 MiB
2026/09/08 12:42:36.872, 1, 3 %, 8292 MiB
2026/09/08 12:42:37.382, 0, 1 %, 6826 MiB
2026/09/08 12:42:37.546, 1, 12 %, 7852 MiB
2026/09/08 12:42:38.049, 0, 8 %, 6882 MiB
2026/09/08 12:42:38.052, 1, 12 %, 6793 MiB
2026/09/08 12:42:38.553, 0, 8 %, 6938 MiB
2026/09/08 12:42:38.658, 1, 12 %, 6806 MiB
2026/09/08 12:42:39.298, 0, 0 %, 7484 MiB
2026/09/08 12:42:39.513, 1, 5 %, 6839 MiB
2026/09/08 12:42:40.017, 0, 0 %, 7575 MiB
2026/09/08 12:42:40.023, 1, 5 %, 6628 MiB
2026/09/08 12:42:40.525, 0, 11 %, 7663 MiB
2026/09/08 12:42:40.808, 1, 0 %, 6696 MiB
2026/09/08 12:42:41.313, 0, 22 %, 7815 MiB
2026/09/08 12:42:41.330, 1, 0 %, 6066 MiB
2026/09/08 12:42:41.838, 0, 22 %, 7815 MiB
2026/09/08 12:42:41.869, 1, 0 %, 6162 MiB
2026/09/08 12:42:42.376, 0, 22 %, 7816 MiB
2026/09/08 12:42:42.457, 1, 4 %, 6164 MiB
2026/09/08 12:42:42.970, 0, 1 %, 7757 MiB
2026/09/08 12:42:42.971, 1, 4 %, 5468 MiB
2026/09/08 12:42:43.475, 0, 1 %, 8233 MiB
2026/09/08 12:42:43.477, 1, 4 %, 5488 MiB
2026/09/08 12:42:43.987, 0, 3 %, 8257 MiB
2026/09/08 12:42:44.018, 1, 2 %, 4954 MiB
2026/09/08 12:42:44.597, 0, 3 %, 7775 MiB
2026/09/08 12:42:44.597, 1, 2 %, 5630 MiB
2026/09/08 12:42:45.099, 0, 3 %, 8398 MiB
2026/09/08 12:42:45.101, 1, 11 %, 5672 MiB
2026/09/08 12:42:45.604, 0, 9 %, 8422 MiB
2026/09/08 12:42:45.709, 1, 0 %, 6227 MiB
2026/09/08 12:42:46.359, 0, 16 %, 8926 MiB
2026/09/08 12:42:46.363, 1, 0 %, 6101 MiB
2026/09/08 12:42:46.867, 0, 16 %, 8942 MiB
2026/09/08 12:42:46.869, 1, 7 %, 6117 MiB
2026/09/08 12:42:47.378, 0, 16 %, 8934 MiB
2026/09/08 12:42:47.381, 1, 7 %, 6081 MiB
2026/09/08 12:42:47.887, 0, 15 %, 9028 MiB
2026/09/08 12:42:47.888, 1, 10 %, 6149 MiB
2026/09/08 12:42:48.392, 0, 15 %, 8893 MiB
2026/09/08 12:42:48.394, 1, 10 %, 6219 MiB
2026/09/08 12:42:48.911, 0, 11 %, 8954 MiB
2026/09/08 12:42:48.949, 1, 13 %, 6297 MiB
2026/09/08 12:42:49.456, 0, 8 %, 8440 MiB
2026/09/08 12:42:49.460, 1, 13 %, 6311 MiB
2026/09/08 12:42:49.969, 0, 8 %, 8435 MiB
2026/09/08 12:42:49.972, 1, 13 %, 6311 MiB
2026/09/08 12:42:50.472, 0, 8 %, 8444 MiB
2026/09/08 12:42:50.477, 1, 7 %, 6313 MiB
2026/09/08 12:42:50.986, 0, 8 %, 8463 MiB
2026/09/08 12:42:50.990, 1, 7 %, 6724 MiB
2026/09/08 12:42:51.493, 0, 8 %, 8935 MiB
2026/09/08 12:42:51.495, 1, 7 %, 6803 MiB
2026/09/08 12:42:51.998, 0, 1 %, 8970 MiB
2026/09/08 12:42:52.229, 1, 1 %, 6805 MiB
2026/09/08 12:42:52.738, 0, 17 %, 9034 MiB
2026/09/08 12:42:52.740, 1, 11 %, 6849 MiB
2026/09/08 12:42:53.248, 0, 17 %, 9034 MiB
2026/09/08 12:42:53.249, 1, 11 %, 6877 MiB
2026/09/08 12:42:53.754, 0, 6 %, 9104 MiB
2026/09/08 12:42:53.757, 1, 10 %, 6909 MiB
2026/09/08 12:42:54.263, 0, 6 %, 9189 MiB
2026/09/08 12:42:54.263, 1, 10 %, 6921 MiB
2026/09/08 12:42:54.768, 0, 1 %, 9192 MiB
2026/09/08 12:42:54.771, 1, 11 %, 6991 MiB
2026/09/08 12:42:55.275, 0, 1 %, 9216 MiB
2026/09/08 12:42:55.279, 1, 11 %, 7096 MiB
2026/09/08 12:42:55.788, 0, 1 %, 9638 MiB
2026/09/08 12:42:55.804, 1, 13 %, 7104 MiB
2026/09/08 12:42:56.314, 0, 8 %, 9730 MiB
2026/09/08 12:42:56.322, 1, 13 %, 7184 MiB
2026/09/08 12:42:56.831, 0, 1 %, 9747 MiB
2026/09/08 12:42:56.897, 1, 1 %, 7654 MiB
2026/09/08 12:42:57.406, 0, 1 %, 9775 MiB
2026/09/08 12:42:57.410, 1, 1 %, 7795 MiB
2026/09/08 12:42:57.916, 0, 17 %, 9867 MiB
2026/09/08 12:42:57.918, 1, 1 %, 7817 MiB
2026/09/08 12:42:58.428, 0, 17 %, 9885 MiB
2026/09/08 12:42:58.433, 1, 12 %, 7831 MiB
2026/09/08 12:42:58.934, 0, 18 %, 10000 MiB
2026/09/08 12:42:58.942, 1, 12 %, 8332 MiB
2026/09/08 12:42:59.456, 0, 17 %, 10043 MiB
2026/09/08 12:42:59.469, 1, 17 %, 8339 MiB
2026/09/08 12:42:59.981, 0, 17 %, 10084 MiB
2026/09/08 12:42:59.983, 1, 17 %, 8407 MiB
2026/09/08 12:43:00.488, 0, 17 %, 10585 MiB
2026/09/08 12:43:00.495, 1, 19 %, 8407 MiB
2026/09/08 12:43:00.996, 0, 17 %, 10651 MiB
2026/09/08 12:43:00.999, 1, 19 %, 8546 MiB
2026/09/08 12:43:01.507, 0, 17 %, 10735 MiB
2026/09/08 12:43:01.508, 1, 12 %, 8569 MiB
2026/09/08 12:43:02.014, 0, 17 %, 10745 MiB
2026/09/08 12:43:02.018, 1, 12 %, 8580 MiB
2026/09/08 12:43:02.524, 0, 13 %, 11175 MiB
2026/09/08 12:43:02.527, 1, 10 %, 9064 MiB
2026/09/08 12:43:03.033, 0, 30 %, 11260 MiB
2026/09/08 12:43:03.035, 1, 10 %, 9084 MiB
2026/09/08 12:43:03.537, 0, 30 %, 11273 MiB
2026/09/08 12:43:03.538, 1, 16 %, 9092 MiB
2026/09/08 12:43:04.045, 0, 30 %, 11273 MiB
2026/09/08 12:43:04.050, 1, 16 %, 9167 MiB
2026/09/08 12:43:04.557, 0, 18 %, 11300 MiB
2026/09/08 12:43:04.564, 1, 19 %, 9238 MiB
2026/09/08 12:43:05.093, 0, 16 %, 11311 MiB
2026/09/08 12:43:05.102, 1, 19 %, 9338 MiB
2026/09/08 12:43:05.627, 0, 16 %, 11348 MiB
2026/09/08 12:43:05.632, 1, 18 %, 9342 MiB
2026/09/08 12:43:06.141, 0, 19 %, 11157 MiB
2026/09/08 12:43:06.146, 1, 17 %, 9794 MiB
2026/09/08 12:43:06.653, 0, 19 %, 11232 MiB
2026/09/08 12:43:06.656, 1, 17 %, 9914 MiB
2026/09/08 12:43:07.165, 0, 19 %, 10748 MiB
2026/09/08 12:43:07.172, 1, 17 %, 9960 MiB
2026/09/08 12:43:07.678, 0, 13 %, 10859 MiB
2026/09/08 12:43:07.681, 1, 17 %, 9830 MiB
2026/09/08 12:43:08.192, 0, 13 %, 11038 MiB
2026/09/08 12:43:08.196, 1, 20 %, 9940 MiB
2026/09/08 12:43:08.707, 0, 10 %, 11122 MiB
2026/09/08 12:43:08.707, 1, 20 %, 9430 MiB
2026/09/08 12:43:09.261, 0, 10 %, 11583 MiB
2026/09/08 12:43:09.277, 1, 12 %, 9570 MiB
2026/09/08 12:43:09.792, 0, 10 %, 11666 MiB
2026/09/08 12:43:09.794, 1, 12 %, 10075 MiB
2026/09/08 12:43:10.303, 0, 18 %, 12274 MiB
2026/09/08 12:43:10.310, 1, 23 %, 10095 MiB
2026/09/08 12:43:10.820, 0, 18 %, 12287 MiB
2026/09/08 12:43:10.825, 1, 23 %, 10578 MiB
2026/09/08 12:43:11.332, 0, 14 %, 12769 MiB
2026/09/08 12:43:11.334, 1, 22 %, 10606 MiB
2026/09/08 12:43:11.841, 0, 14 %, 12769 MiB
2026/09/08 12:43:11.851, 1, 22 %, 10673 MiB
2026/09/08 12:43:12.357, 0, 18 %, 12769 MiB
2026/09/08 12:43:12.357, 1, 22 %, 10673 MiB
2026/09/08 12:43:12.860, 0, 18 %, 12769 MiB
2026/09/08 12:43:12.862, 1, 22 %, 10820 MiB
2026/09/08 12:43:13.368, 0, 13 %, 12769 MiB
2026/09/08 12:43:13.372, 1, 22 %, 10833 MiB
2026/09/08 12:43:13.877, 0, 13 %, 12769 MiB
2026/09/08 12:43:13.881, 1, 27 %, 11303 MiB
2026/09/08 12:43:14.387, 0, 23 %, 12551 MiB
2026/09/08 12:43:14.389, 1, 27 %, 11303 MiB
2026/09/08 12:43:14.892, 0, 23 %, 12322 MiB
2026/09/08 12:43:14.897, 1, 27 %, 11093 MiB
2026/09/08 12:43:15.409, 0, 17 %, 11777 MiB
2026/09/08 12:43:15.410, 1, 24 %, 11080 MiB
2026/09/08 12:43:15.921, 0, 17 %, 11219 MiB
2026/09/08 12:43:15.922, 1, 24 %, 10550 MiB
2026/09/08 12:43:16.427, 0, 20 %, 11049 MiB
2026/09/08 12:43:16.434, 1, 23 %, 10550 MiB
2026/09/08 12:43:16.940, 0, 20 %, 10994 MiB
2026/09/08 12:43:16.943, 1, 23 %, 10550 MiB
2026/09/08 12:43:17.448, 0, 21 %, 10451 MiB
2026/09/08 12:43:17.520, 1, 22 %, 10328 MiB
2026/09/08 12:43:18.025, 0, 20 %, 10451 MiB
2026/09/08 12:43:18.028, 1, 22 %, 10321 MiB
2026/09/08 12:43:18.534, 0, 20 %, 10435 MiB
2026/09/08 12:43:18.538, 1, 22 %, 9797 MiB
2026/09/08 12:43:19.049, 0, 20 %, 10435 MiB
2026/09/08 12:43:19.053, 1, 22 %, 9797 MiB
2026/09/08 12:43:19.561, 0, 28 %, 10435 MiB
2026/09/08 12:43:19.562, 1, 22 %, 9797 MiB
2026/09/08 12:43:20.066, 0, 28 %, 10435 MiB
2026/09/08 12:43:20.069, 1, 22 %, 9797 MiB
2026/09/08 12:43:20.572, 0, 27 %, 10435 MiB
2026/09/08 12:43:20.573, 1, 24 %, 9797 MiB
2026/09/08 12:43:21.074, 0, 27 %, 10435 MiB
2026/09/08 12:43:21.078, 1, 24 %, 9797 MiB
2026/09/08 12:43:21.582, 0, 20 %, 10435 MiB
2026/09/08 12:43:21.583, 1, 22 %, 9797 MiB
2026/09/08 12:43:22.089, 0, 20 %, 10435 MiB
2026/09/08 12:43:22.089, 1, 22 %, 9575 MiB
2026/09/08 12:43:22.591, 0, 20 %, 10435 MiB
2026/09/08 12:43:22.592, 1, 22 %, 9323 MiB
2026/09/08 12:43:23.096, 0, 23 %, 10404 MiB
2026/09/08 12:43:23.100, 1, 14 %, 8791 MiB
2026/09/08 12:43:23.608, 0, 23 %, 10403 MiB
2026/09/08 12:43:23.614, 1, 14 %, 8292 MiB
2026/09/08 12:43:24.117, 0, 20 %, 10178 MiB
2026/09/08 12:43:24.118, 1, 24 %, 8292 MiB
2026/09/08 12:43:24.618, 0, 20 %, 10136 MiB
2026/09/08 12:43:24.619, 1, 20 %, 8292 MiB
2026/09/08 12:43:25.123, 0, 20 %, 9636 MiB
2026/09/08 12:43:25.124, 1, 20 %, 8292 MiB
2026/09/08 12:43:25.628, 0, 17 %, 9636 MiB
2026/09/08 12:43:25.628, 1, 20 %, 8292 MiB
2026/09/08 12:43:26.130, 0, 18 %, 9636 MiB
2026/09/08 12:43:26.131, 1, 20 %, 8292 MiB
2026/09/08 12:43:26.631, 0, 8 %, 9636 MiB
2026/09/08 12:43:26.631, 1, 22 %, 8292 MiB
2026/09/08 12:43:27.132, 0, 8 %, 9620 MiB
2026/09/08 12:43:27.132, 1, 22 %, 8038 MiB
2026/09/08 12:43:27.633, 0, 8 %, 9620 MiB
2026/09/08 12:43:27.634, 1, 22 %, 7539 MiB
2026/09/08 12:43:28.138, 0, 9 %, 9620 MiB
2026/09/08 12:43:28.138, 1, 18 %, 7539 MiB
2026/09/08 12:43:28.639, 0, 9 %, 9604 MiB
2026/09/08 12:43:28.639, 1, 18 %, 7285 MiB
2026/09/08 12:43:29.139, 0, 9 %, 9604 MiB
2026/09/08 12:43:29.139, 1, 18 %, 6786 MiB
2026/09/08 12:43:29.641, 0, 9 %, 9336 MiB
2026/09/08 12:43:29.642, 1, 13 %, 6786 MiB
2026/09/08 12:43:30.142, 0, 9 %, 9336 MiB
2026/09/08 12:43:30.142, 1, 13 %, 6786 MiB
2026/09/08 12:43:30.643, 0, 9 %, 8837 MiB
2026/09/08 12:43:30.643, 1, 13 %, 6786 MiB
2026/09/08 12:43:31.143, 0, 9 %, 8837 MiB
2026/09/08 12:43:31.144, 1, 13 %, 6786 MiB
2026/09/08 12:43:31.644, 0, 9 %, 8837 MiB
2026/09/08 12:43:31.646, 1, 8 %, 6786 MiB
2026/09/08 12:43:32.147, 0, 7 %, 8837 MiB
2026/09/08 12:43:32.148, 1, 9 %, 6786 MiB
2026/09/08 12:43:32.648, 0, 8 %, 8301 MiB
2026/09/08 12:43:32.649, 1, 8 %, 6786 MiB
2026/09/08 12:43:33.150, 0, 8 %, 7302 MiB
2026/09/08 12:43:33.152, 1, 8 %, 6786 MiB
2026/09/08 12:43:33.652, 0, 8 %, 7302 MiB
2026/09/08 12:43:33.653, 1, 8 %, 6786 MiB
2026/09/08 12:43:34.153, 0, 8 %, 7286 MiB
2026/09/08 12:43:34.154, 1, 8 %, 6533 MiB
2026/09/08 12:43:34.655, 0, 8 %, 7051 MiB
2026/09/08 12:43:34.655, 1, 5 %, 6033 MiB
2026/09/08 12:43:35.155, 0, 8 %, 7019 MiB
2026/09/08 12:43:35.156, 1, 6 %, 6033 MiB
2026/09/08 12:43:35.656, 0, 6 %, 6519 MiB
2026/09/08 12:43:35.656, 1, 6 %, 6033 MiB
2026/09/08 12:43:36.156, 0, 6 %, 6251 MiB
2026/09/08 12:43:36.156, 1, 6 %, 6033 MiB
2026/09/08 12:43:36.656, 0, 6 %, 5468 MiB
2026/09/08 12:43:36.657, 1, 6 %, 5780 MiB
2026/09/08 12:43:37.157, 0, 6 %, 4969 MiB
2026/09/08 12:43:37.177, 1, 6 %, 5052 MiB
2026/09/08 12:43:37.678, 0, 6 %, 4953 MiB
2026/09/08 12:43:37.678, 1, 6 %, 5027 MiB
2026/09/08 12:43:38.178, 0, 10 %, 4685 MiB
2026/09/08 12:43:38.179, 1, 4 %, 4528 MiB
2026/09/08 12:43:38.679, 0, 10 %, 4685 MiB
2026/09/08 12:43:38.683, 1, 4 %, 4528 MiB
2026/09/08 12:43:39.190, 0, 10 %, 4185 MiB
2026/09/08 12:43:39.190, 1, 4 %, 4528 MiB
2026/09/08 12:43:39.690, 0, 6 %, 4185 MiB
2026/09/08 12:43:39.690, 1, 5 %, 4528 MiB
2026/09/08 12:43:40.191, 0, 5 %, 4169 MiB
2026/09/08 12:43:40.191, 1, 4 %, 4274 MiB
2026/09/08 12:43:40.691, 0, 5 %, 4169 MiB
2026/09/08 12:43:40.691, 1, 4 %, 3775 MiB
2026/09/08 12:43:41.191, 0, 5 %, 4153 MiB
2026/09/08 12:43:41.192, 1, 4 %, 3522 MiB
2026/09/08 12:43:41.692, 0, 5 %, 4153 MiB
2026/09/08 12:43:41.694, 1, 2 %, 3022 MiB
2026/09/08 12:43:42.195, 0, 5 %, 4153 MiB
2026/09/08 12:43:42.195, 1, 2 %, 3022 MiB
2026/09/08 12:43:42.695, 0, 5 %, 4137 MiB
2026/09/08 12:43:42.695, 1, 2 %, 2769 MiB
2026/09/08 12:43:43.196, 0, 5 %, 3869 MiB
2026/09/08 12:43:43.196, 1, 2 %, 2269 MiB
2026/09/08 12:43:43.696, 0, 14 %, 3354 MiB
2026/09/08 12:43:43.696, 1, 7 %, 2016 MiB
2026/09/08 12:43:44.196, 0, 7 %, 3354 MiB
2026/09/08 12:43:44.196, 1, 2 %, 1517 MiB
2026/09/08 12:43:44.696, 0, 7 %, 3354 MiB
2026/09/08 12:43:44.697, 1, 2 %, 1517 MiB
2026/09/08 12:43:45.197, 0, 7 %, 3354 MiB
2026/09/08 12:43:45.197, 1, 2 %, 1517 MiB
2026/09/08 12:43:45.697, 0, 4 %, 3354 MiB
2026/09/08 12:43:45.697, 1, 2 %, 1517 MiB
2026/09/08 12:43:46.198, 0, 4 %, 3354 MiB
2026/09/08 12:43:46.198, 1, 2 %, 1517 MiB
2026/09/08 12:43:46.698, 0, 5 %, 3354 MiB
2026/09/08 12:43:46.698, 1, 2 %, 1517 MiB
2026/09/08 12:43:47.199, 0, 2 %, 3354 MiB
2026/09/08 12:43:47.199, 1, 2 %, 1517 MiB
2026/09/08 12:43:47.699, 0, 2 %, 3354 MiB
2026/09/08 12:43:47.699, 1, 2 %, 1517 MiB
2026/09/08 12:43:48.199, 0, 0 %, 3354 MiB
2026/09/08 12:43:48.199, 1, 0 %, 1517 MiB
2026/09/08 12:43:48.700, 0, 0 %, 3354 MiB
2026/09/08 12:43:48.700, 1, 0 %, 1517 MiB
2026/09/08 12:43:49.200, 0, 0 %, 3354 MiB
2026/09/08 12:43:49.200, 1, 0 %, 1517 MiB
2026/09/08 12:43:49.700, 0, 0 %, 3354 MiB
2026/09/08 12:43:49.700, 1, 0 %, 1517 MiB
2026/09/08 12:43:50.201, 0, 0 %, 3354 MiB
2026/09/08 12:43:50.201, 1, 0 %, 1517 MiB
2026/09/08 12:43:50.701, 0, 0 %, 3338 MiB
2026/09/08 12:43:50.701, 1, 0 %, 1263 MiB
2026/09/08 12:43:51.202, 0, 0 %, 3338 MiB
2026/09/08 12:43:51.202, 1, 0 %, 1263 MiB
2026/09/08 12:43:51.702, 0, 0 %, 3338 MiB
2026/09/08 12:43:51.702, 1, 0 %, 764 MiB
2026/09/08 12:43:52.203, 0, 0 %, 3338 MiB
2026/09/08 12:43:52.203, 1, 0 %, 764 MiB
2026/09/08 12:43:52.703, 0, 0 %, 3338 MiB
2026/09/08 12:43:52.703, 1, 0 %, 764 MiB
2026/09/08 12:43:53.203, 0, 0 %, 3338 MiB
2026/09/08 12:43:53.203, 1, 0 %, 764 MiB
2026/09/08 12:43:53.704, 0, 0 %, 3338 MiB
2026/09/08 12:43:53.704, 1, 0 %, 764 MiB
2026/09/08 12:43:54.204, 0, 0 %, 3338 MiB
2026/09/08 12:43:54.204, 1, 0 %, 764 MiB
2026/09/08 12:43:54.704, 0, 0 %, 3338 MiB
2026/09/08 12:43:54.704, 1, 0 %, 764 MiB
2026/09/08 12:43:55.205, 0, 0 %, 3338 MiB
2026/09/08 12:43:55.205, 1, 0 %, 764 MiB
2026/09/08 12:43:55.705, 0, 0 %, 3338 MiB
2026/09/08 12:43:55.706, 1, 0 %, 764 MiB
2026/09/08 12:43:56.206, 0, 0 %, 3338 MiB
2026/09/08 12:43:56.207, 1, 0 %, 764 MiB
2026/09/08 12:43:56.707, 0, 0 %, 3070 MiB
2026/09/08 12:43:56.707, 1, 0 %, 764 MiB
2026/09/08 12:43:57.207, 0, 0 %, 2570 MiB
2026/09/08 12:43:57.299, 1, 0 %, 764 MiB
2026/09/08 12:43:57.933, 0, 0 %, 2570 MiB
2026/09/08 12:43:57.934, 1, 0 %, 764 MiB
2026/09/08 12:43:58.434, 0, 0 %, 2570 MiB
2026/09/08 12:43:58.508, 1, 0 %, 764 MiB
2026/09/08 12:43:59.125, 0, 0 %, 2302 MiB
2026/09/08 12:43:59.125, 1, 0 %, 764 MiB
2026/09/08 12:43:59.625, 0, 0 %, 1803 MiB
2026/09/08 12:43:59.762, 1, 0 %, 764 MiB
2026/09/08 12:44:00.405, 0, 0 %, 1798 MiB
2026/09/08 12:44:00.405, 1, 0 %, 510 MiB
2026/09/08 12:44:00.906, 0, 0 %, 1787 MiB
2026/09/08 12:44:01.040, 1, 0 %, 510 MiB
2026/09/08 12:44:01.676, 0, 4 %, 1518 MiB
2026/09/08 12:44:01.683, 1, 0 %, 9 MiB
2026/09/08 12:44:02.184, 0, 0 %, 1518 MiB
2026/09/08 12:44:02.307, 1, 0 %, 9 MiB
2026/09/08 12:44:02.925, 0, 0 %, 1017 MiB
2026/09/08 12:44:02.925, 1, 0 %, 9 MiB
2026/09/08 12:44:03.426, 0, 0 %, 1017 MiB
2026/09/08 12:44:03.548, 1, 0 %, 9 MiB
2026/09/08 12:44:04.164, 0, 0 %, 1017 MiB
2026/09/08 12:44:04.164, 1, 0 %, 9 MiB
2026/09/08 12:44:04.664, 0, 0 %, 1017 MiB
2026/09/08 12:44:04.793, 1, 0 %, 9 MiB
2026/09/08 12:44:05.443, 0, 0 %, 1017 MiB
2026/09/08 12:44:05.443, 1, 0 %, 9 MiB
2026/09/08 12:44:05.943, 0, 0 %, 1017 MiB
2026/09/08 12:44:05.993, 1, 0 %, 9 MiB
2026/09/08 12:44:06.616, 0, 0 %, 1017 MiB
2026/09/08 12:44:06.616, 1, 0 %, 9 MiB
2026/09/08 12:44:07.117, 0, 0 %, 1017 MiB
2026/09/08 12:44:07.142, 1, 0 %, 9 MiB
2026/09/08 12:44:07.764, 0, 0 %, 1017 MiB
2026/09/08 12:44:07.764, 1, 0 %, 9 MiB
2026/09/08 12:44:08.264, 0, 0 %, 1017 MiB
2026/09/08 12:44:08.356, 1, 0 %, 9 MiB
2026/09/08 12:44:09.009, 0, 0 %, 1017 MiB
2026/09/08 12:44:09.010, 1, 0 %, 9 MiB
2026/09/08 12:44:09.510, 0, 0 %, 1017 MiB
2026/09/08 12:44:09.613, 1, 0 %, 9 MiB
2026/09/08 12:44:10.233, 0, 0 %, 1017 MiB
2026/09/08 12:44:10.234, 1, 0 %, 9 MiB
2026/09/08 12:44:10.734, 0, 0 %, 1017 MiB
2026/09/08 12:44:10.756, 1, 0 %, 9 MiB
2026/09/08 12:44:11.376, 0, 0 %, 1017 MiB
2026/09/08 12:44:11.376, 1, 0 %, 9 MiB
2026/09/08 12:44:11.877, 0, 0 %, 1017 MiB
2026/09/08 12:44:11.910, 1, 0 %, 9 MiB
2026/09/08 12:44:12.559, 0, 0 %, 1017 MiB
2026/09/08 12:44:12.559, 1, 0 %, 9 MiB
2026/09/08 12:44:13.059, 0, 0 %, 1017 MiB
2026/09/08 12:44:13.059, 1, 0 %, 9 MiB
2026/09/08 12:44:13.562, 0, 0 %, 1017 MiB
2026/09/08 12:44:13.630, 1, 0 %, 9 MiB
2026/09/08 12:44:14.256, 0, 0 %, 1017 MiB
2026/09/08 12:44:14.256, 1, 0 %, 9 MiB
2026/09/08 12:44:14.757, 0, 0 %, 1017 MiB
2026/09/08 12:44:14.789, 1, 0 %, 9 MiB
2026/09/08 12:44:15.408, 0, 0 %, 1017 MiB
2026/09/08 12:44:15.408, 1, 0 %, 9 MiB
2026/09/08 12:44:15.908, 0, 0 %, 1017 MiB
2026/09/08 12:44:15.929, 1, 0 %, 9 MiB
2026/09/08 12:44:16.546, 0, 0 %, 1017 MiB
2026/09/08 12:44:16.546, 1, 0 %, 9 MiB
2026/09/08 12:44:17.047, 0, 0 %, 1017 MiB
2026/09/08 12:44:17.120, 1, 0 %, 9 MiB
2026/09/08 12:44:17.759, 0, 0 %, 1017 MiB
2026/09/08 12:44:17.759, 1, 0 %, 9 MiB
2026/09/08 12:44:18.259, 0, 0 %, 1017 MiB
2026/09/08 12:44:18.260, 1, 0 %, 9 MiB
2026/09/08 12:44:18.760, 0, 0 %, 1017 MiB
2026/09/08 12:44:18.811, 1, 0 %, 9 MiB
2026/09/08 12:44:19.431, 0, 0 %, 1017 MiB
2026/09/08 12:44:19.431, 1, 0 %, 9 MiB
2026/09/08 12:44:19.931, 0, 0 %, 1017 MiB
2026/09/08 12:44:19.958, 1, 0 %, 9 MiB
2026/09/08 12:44:20.579, 0, 0 %, 1017 MiB
2026/09/08 12:44:20.579, 1, 0 %, 9 MiB
2026/09/08 12:44:21.080, 0, 0 %, 1017 MiB
2026/09/08 12:44:21.110, 1, 0 %, 9 MiB
2026/09/08 12:44:21.763, 0, 0 %, 1017 MiB
2026/09/08 12:44:21.763, 1, 0 %, 9 MiB
2026/09/08 12:44:22.263, 0, 0 %, 1017 MiB
2026/09/08 12:44:22.263, 1, 0 %, 9 MiB
2026/09/08 12:44:22.763, 0, 0 %, 1017 MiB
2026/09/08 12:44:22.810, 1, 0 %, 9 MiB
2026/09/08 12:44:23.434, 0, 0 %, 1017 MiB
2026/09/08 12:44:23.434, 1, 0 %, 9 MiB
2026/09/08 12:44:23.934, 0, 0 %, 1017 MiB
2026/09/08 12:44:23.964, 1, 0 %, 9 MiB
2026/09/08 12:44:24.585, 0, 0 %, 1017 MiB
2026/09/08 12:44:24.585, 1, 0 %, 9 MiB
2026/09/08 12:44:25.085, 0, 0 %, 1017 MiB
2026/09/08 12:44:25.116, 1, 0 %, 9 MiB
2026/09/08 12:44:25.768, 0, 0 %, 1017 MiB
2026/09/08 12:44:25.768, 1, 0 %, 9 MiB
2026/09/08 12:44:26.268, 0, 0 %, 1017 MiB
2026/09/08 12:44:26.268, 1, 0 %, 9 MiB
2026/09/08 12:44:26.768, 0, 0 %, 1017 MiB
2026/09/08 12:44:26.809, 1, 0 %, 9 MiB
2026/09/08 12:44:27.430, 0, 0 %, 1017 MiB
2026/09/08 12:44:27.431, 1, 0 %, 9 MiB
2026/09/08 12:44:27.931, 0, 0 %, 1017 MiB
2026/09/08 12:44:27.958, 1, 0 %, 9 MiB
2026/09/08 12:44:28.578, 0, 0 %, 1017 MiB
2026/09/08 12:44:28.578, 1, 0 %, 9 MiB
2026/09/08 12:44:29.079, 0, 0 %, 1017 MiB
2026/09/08 12:44:29.109, 1, 0 %, 9 MiB
2026/09/08 12:44:29.758, 0, 0 %, 1017 MiB
2026/09/08 12:44:29.759, 1, 0 %, 9 MiB
2026/09/08 12:44:30.259, 0, 0 %, 1017 MiB
2026/09/08 12:44:30.259, 1, 0 %, 9 MiB
2026/09/08 12:44:30.759, 0, 0 %, 1017 MiB
2026/09/08 12:44:30.805, 1, 0 %, 9 MiB
2026/09/08 12:44:31.430, 0, 0 %, 1017 MiB
2026/09/08 12:44:31.430, 1, 0 %, 9 MiB
2026/09/08 12:44:31.930, 0, 0 %, 1017 MiB
2026/09/08 12:44:31.959, 1, 0 %, 9 MiB
2026/09/08 12:44:32.579, 0, 0 %, 1017 MiB
2026/09/08 12:44:32.579, 1, 0 %, 9 MiB
2026/09/08 12:44:33.079, 0, 0 %, 1017 MiB
2026/09/08 12:44:33.112, 1, 0 %, 9 MiB
2026/09/08 12:44:33.764, 0, 0 %, 1017 MiB
2026/09/08 12:44:33.764, 1, 0 %, 9 MiB
2026/09/08 12:44:34.264, 0, 0 %, 1017 MiB
2026/09/08 12:44:34.265, 1, 0 %, 9 MiB
2026/09/08 12:44:34.765, 0, 0 %, 1017 MiB
2026/09/08 12:44:34.806, 1, 0 %, 9 MiB
2026/09/08 12:44:35.427, 0, 0 %, 1017 MiB
2026/09/08 12:44:35.428, 1, 0 %, 9 MiB
2026/09/08 12:44:35.928, 0, 0 %, 1017 MiB
2026/09/08 12:44:35.953, 1, 0 %, 9 MiB
2026/09/08 12:44:36.574, 0, 0 %, 1017 MiB
2026/09/08 12:44:36.574, 1, 0 %, 9 MiB
2026/09/08 12:44:37.074, 0, 0 %, 1017 MiB
2026/09/08 12:44:37.105, 1, 0 %, 9 MiB
2026/09/08 12:44:37.757, 0, 0 %, 1017 MiB
2026/09/08 12:44:37.757, 1, 0 %, 9 MiB
2026/09/08 12:44:38.257, 0, 0 %, 1017 MiB
2026/09/08 12:44:38.257, 1, 0 %, 9 MiB
2026/09/08 12:44:38.757, 0, 0 %, 1017 MiB
2026/09/08 12:44:38.807, 1, 0 %, 9 MiB
2026/09/08 12:44:39.431, 0, 0 %, 1017 MiB
2026/09/08 12:44:39.431, 1, 0 %, 9 MiB
2026/09/08 12:44:39.931, 0, 0 %, 1017 MiB
2026/09/08 12:44:39.960, 1, 0 %, 9 MiB
2026/09/08 12:44:40.581, 0, 0 %, 1017 MiB
2026/09/08 12:44:40.581, 1, 0 %, 9 MiB
2026/09/08 12:44:41.081, 0, 0 %, 1017 MiB
2026/09/08 12:44:41.117, 1, 0 %, 9 MiB
2026/09/08 12:44:41.768, 0, 0 %, 1017 MiB
2026/09/08 12:44:41.769, 1, 0 %, 9 MiB
2026/09/08 12:44:42.269, 0, 0 %, 1017 MiB
2026/09/08 12:44:42.269, 1, 0 %, 9 MiB
2026/09/08 12:44:42.769, 0, 0 %, 1017 MiB
2026/09/08 12:44:42.807, 1, 0 %, 9 MiB
2026/09/08 12:44:43.427, 0, 0 %, 1017 MiB
2026/09/08 12:44:43.427, 1, 0 %, 9 MiB
2026/09/08 12:44:43.927, 0, 0 %, 1017 MiB
2026/09/08 12:44:43.954, 1, 0 %, 9 MiB
2026/09/08 12:44:44.454, 0, 0 %, 1017 MiB
2026/09/08 12:44:44.454, 1, 0 %, 9 MiB
2026/09/08 12:44:44.956, 0, 0 %, 1017 MiB
2026/09/08 12:44:44.956, 1, 0 %, 9 MiB
2026/09/08 12:44:45.456, 0, 0 %, 1017 MiB
2026/09/08 12:44:45.536, 1, 0 %, 9 MiB
2026/09/08 12:44:46.188, 0, 0 %, 1017 MiB
2026/09/08 12:44:46.188, 1, 0 %, 9 MiB
2026/09/08 12:44:46.688, 0, 0 %, 1017 MiB
2026/09/08 12:44:46.804, 1, 0 %, 9 MiB
2026/09/08 12:44:47.428, 0, 0 %, 1017 MiB
2026/09/08 12:44:47.428, 1, 0 %, 9 MiB
2026/09/08 12:44:47.928, 0, 0 %, 1017 MiB
2026/09/08 12:44:47.962, 1, 0 %, 9 MiB
2026/09/08 12:44:48.583, 0, 0 %, 1017 MiB
2026/09/08 12:44:48.583, 1, 0 %, 9 MiB
2026/09/08 12:44:49.083, 0, 0 %, 1017 MiB
2026/09/08 12:44:49.109, 1, 0 %, 9 MiB
2026/09/08 12:44:49.734, 0, 0 %, 1017 MiB
2026/09/08 12:44:49.735, 1, 0 %, 9 MiB
2026/09/08 12:44:50.235, 0, 0 %, 1017 MiB
2026/09/08 12:44:50.354, 1, 0 %, 9 MiB
2026/09/08 12:44:51.008, 0, 0 %, 1017 MiB
2026/09/08 12:44:51.008, 1, 0 %, 9 MiB
2026/09/08 12:44:51.508, 0, 0 %, 1017 MiB
2026/09/08 12:44:51.603, 1, 0 %, 9 MiB
2026/09/08 12:44:52.226, 0, 0 %, 1017 MiB
2026/09/08 12:44:52.226, 1, 0 %, 9 MiB
2026/09/08 12:44:52.726, 0, 0 %, 1017 MiB
2026/09/08 12:44:52.748, 1, 0 %, 9 MiB
2026/09/08 12:44:53.368, 0, 0 %, 1017 MiB
2026/09/08 12:44:53.368, 1, 0 %, 9 MiB
2026/09/08 12:44:53.868, 0, 0 %, 1017 MiB
2026/09/08 12:44:53.903, 1, 0 %, 9 MiB
2026/09/08 12:44:54.554, 0, 0 %, 1017 MiB
2026/09/08 12:44:54.554, 1, 0 %, 9 MiB
2026/09/08 12:44:55.055, 0, 0 %, 1017 MiB
2026/09/08 12:44:55.055, 1, 0 %, 9 MiB
2026/09/08 12:44:55.555, 0, 0 %, 1017 MiB
2026/09/08 12:44:55.597, 1, 0 %, 9 MiB
2026/09/08 12:44:56.220, 0, 0 %, 1017 MiB
2026/09/08 12:44:56.220, 1, 0 %, 9 MiB
2026/09/08 12:44:56.720, 0, 0 %, 1017 MiB
2026/09/08 12:44:56.744, 1, 0 %, 9 MiB
2026/09/08 12:44:57.365, 0, 0 %, 1017 MiB
2026/09/08 12:44:57.365, 1, 0 %, 9 MiB
2026/09/08 12:44:57.866, 0, 0 %, 1017 MiB
2026/09/08 12:44:57.912, 1, 0 %, 9 MiB
2026/09/08 12:44:58.561, 0, 0 %, 1017 MiB
2026/09/08 12:44:58.561, 1, 0 %, 9 MiB
2026/09/08 12:44:59.062, 0, 0 %, 1017 MiB
2026/09/08 12:44:59.062, 1, 0 %, 9 MiB
2026/09/08 12:44:59.562, 0, 0 %, 1017 MiB
2026/09/08 12:44:59.597, 1, 0 %, 9 MiB
2026/09/08 12:45:00.218, 0, 0 %, 1017 MiB
2026/09/08 12:45:00.218, 1, 0 %, 9 MiB
2026/09/08 12:45:00.718, 0, 0 %, 1017 MiB
2026/09/08 12:45:00.747, 1, 0 %, 9 MiB
2026/09/08 12:45:01.367, 0, 0 %, 1017 MiB
2026/09/08 12:45:01.368, 1, 0 %, 9 MiB
2026/09/08 12:45:01.868, 0, 0 %, 1017 MiB
2026/09/08 12:45:01.902, 1, 0 %, 9 MiB
2026/09/08 12:45:02.555, 0, 0 %, 1017 MiB
2026/09/08 12:45:02.555, 1, 0 %, 9 MiB
2026/09/08 12:45:03.056, 0, 0 %, 1017 MiB
2026/09/08 12:45:03.056, 1, 0 %, 9 MiB
2026/09/08 12:45:03.556, 0, 0 %, 1017 MiB
2026/09/08 12:45:03.597, 1, 0 %, 9 MiB
2026/09/08 12:45:04.220, 0, 0 %, 1017 MiB
2026/09/08 12:45:04.220, 1, 0 %, 9 MiB
2026/09/08 12:45:04.720, 0, 0 %, 1017 MiB
2026/09/08 12:45:04.748, 1, 0 %, 9 MiB
2026/09/08 12:45:05.369, 0, 0 %, 1017 MiB
2026/09/08 12:45:05.369, 1, 0 %, 9 MiB
2026/09/08 12:45:05.870, 0, 0 %, 1017 MiB
2026/09/08 12:45:05.909, 1, 0 %, 9 MiB
2026/09/08 12:45:06.562, 0, 0 %, 1017 MiB
2026/09/08 12:45:06.562, 1, 0 %, 9 MiB
2026/09/08 12:45:07.062, 0, 0 %, 1017 MiB
2026/09/08 12:45:07.063, 1, 0 %, 9 MiB
2026/09/08 12:45:07.563, 0, 0 %, 1017 MiB
2026/09/08 12:45:07.595, 1, 0 %, 9 MiB
2026/09/08 12:45:08.217, 0, 0 %, 1017 MiB
2026/09/08 12:45:08.218, 1, 0 %, 9 MiB
2026/09/08 12:45:08.718, 0, 0 %, 1017 MiB
2026/09/08 12:45:08.751, 1, 0 %, 9 MiB
2026/09/08 12:45:09.371, 0, 0 %, 1017 MiB
2026/09/08 12:45:09.371, 1, 0 %, 9 MiB
2026/09/08 12:45:09.871, 0, 0 %, 1017 MiB
2026/09/08 12:45:09.904, 1, 0 %, 9 MiB
2026/09/08 12:45:10.548, 0, 0 %, 1017 MiB
2026/09/08 12:45:10.548, 1, 0 %, 9 MiB
2026/09/08 12:45:11.048, 0, 0 %, 1017 MiB
2026/09/08 12:45:11.048, 1, 0 %, 9 MiB
2026/09/08 12:45:11.549, 0, 0 %, 1017 MiB
2026/09/08 12:45:11.587, 1, 0 %, 9 MiB
2026/09/08 12:45:12.212, 0, 0 %, 1017 MiB
2026/09/08 12:45:12.212, 1, 0 %, 9 MiB
2026/09/08 12:45:12.713, 0, 0 %, 1017 MiB
2026/09/08 12:45:12.743, 1, 0 %, 9 MiB
2026/09/08 12:45:13.365, 0, 0 %, 1017 MiB
2026/09/08 12:45:13.365, 1, 0 %, 9 MiB
2026/09/08 12:45:13.866, 0, 0 %, 1017 MiB
2026/09/08 12:45:13.901, 1, 0 %, 9 MiB
2026/09/08 12:45:14.550, 0, 0 %, 1017 MiB
2026/09/08 12:45:14.550, 1, 0 %, 9 MiB
2026/09/08 12:45:15.050, 0, 0 %, 1017 MiB
2026/09/08 12:45:15.051, 1, 0 %, 9 MiB
2026/09/08 12:45:15.551, 0, 0 %, 1017 MiB
2026/09/08 12:45:15.592, 1, 0 %, 9 MiB
2026/09/08 12:45:16.215, 0, 0 %, 1017 MiB
2026/09/08 12:45:16.215, 1, 0 %, 9 MiB
2026/09/08 12:45:16.715, 0, 0 %, 1017 MiB
2026/09/08 12:45:16.744, 1, 0 %, 9 MiB
2026/09/08 12:45:17.365, 0, 0 %, 1017 MiB
2026/09/08 12:45:17.366, 1, 0 %, 9 MiB
2026/09/08 12:45:17.866, 0, 0 %, 1017 MiB
2026/09/08 12:45:17.904, 1, 0 %, 9 MiB
2026/09/08 12:45:18.556, 0, 0 %, 1017 MiB
2026/09/08 12:45:18.557, 1, 0 %, 9 MiB
2026/09/08 12:45:19.057, 0, 0 %, 1017 MiB
2026/09/08 12:45:19.057, 1, 0 %, 9 MiB
2026/09/08 12:45:19.557, 0, 0 %, 1017 MiB
2026/09/08 12:45:19.592, 1, 0 %, 9 MiB
2026/09/08 12:45:20.213, 0, 0 %, 1017 MiB
2026/09/08 12:45:20.213, 1, 0 %, 9 MiB
2026/09/08 12:45:20.713, 0, 0 %, 1017 MiB
2026/09/08 12:45:20.744, 1, 0 %, 9 MiB
2026/09/08 12:45:21.364, 0, 0 %, 1017 MiB
2026/09/08 12:45:21.364, 1, 0 %, 9 MiB
2026/09/08 12:45:21.864, 0, 0 %, 1017 MiB
2026/09/08 12:45:21.900, 1, 0 %, 9 MiB
2026/09/08 12:45:22.552, 0, 0 %, 1017 MiB
2026/09/08 12:45:22.552, 1, 0 %, 9 MiB
2026/09/08 12:45:23.052, 0, 0 %, 1017 MiB
2026/09/08 12:45:23.053, 1, 0 %, 9 MiB
2026/09/08 12:45:23.553, 0, 0 %, 1017 MiB
2026/09/08 12:45:23.589, 1, 0 %, 9 MiB
2026/09/08 12:45:24.214, 0, 0 %, 1017 MiB
2026/09/08 12:45:24.214, 1, 0 %, 9 MiB
2026/09/08 12:45:24.714, 0, 0 %, 1017 MiB
2026/09/08 12:45:24.742, 1, 0 %, 9 MiB
2026/09/08 12:45:25.364, 0, 0 %, 1017 MiB
2026/09/08 12:45:25.364, 1, 0 %, 9 MiB
2026/09/08 12:45:25.864, 0, 0 %, 1017 MiB
2026/09/08 12:45:25.901, 1, 0 %, 9 MiB
2026/09/08 12:45:26.554, 0, 0 %, 1017 MiB
2026/09/08 12:45:26.554, 1, 0 %, 9 MiB
2026/09/08 12:45:27.054, 0, 0 %, 1017 MiB
2026/09/08 12:45:27.054, 1, 0 %, 9 MiB
2026/09/08 12:45:27.554, 0, 0 %, 1017 MiB
2026/09/08 12:45:27.590, 1, 0 %, 9 MiB
2026/09/08 12:45:28.211, 0, 0 %, 1017 MiB
2026/09/08 12:45:28.211, 1, 0 %, 9 MiB
2026/09/08 12:45:28.712, 0, 0 %, 1017 MiB
2026/09/08 12:45:28.738, 1, 0 %, 9 MiB
2026/09/08 12:45:29.357, 0, 0 %, 1017 MiB
2026/09/08 12:45:29.357, 1, 0 %, 9 MiB
2026/09/08 12:45:29.857, 0, 0 %, 1017 MiB
2026/09/08 12:45:29.893, 1, 0 %, 9 MiB
2026/09/08 12:45:30.546, 0, 0 %, 1017 MiB
2026/09/08 12:45:30.546, 1, 0 %, 9 MiB
2026/09/08 12:45:31.046, 0, 0 %, 1017 MiB
2026/09/08 12:45:31.047, 1, 0 %, 9 MiB
2026/09/08 12:45:31.547, 0, 0 %, 1017 MiB
2026/09/08 12:45:31.585, 1, 0 %, 9 MiB
2026/09/08 12:45:32.208, 0, 0 %, 1017 MiB
2026/09/08 12:45:32.208, 1, 0 %, 9 MiB
2026/09/08 12:45:32.708, 0, 0 %, 1017 MiB
2026/09/08 12:45:32.735, 1, 0 %, 9 MiB
2026/09/08 12:45:33.356, 0, 0 %, 1017 MiB
2026/09/08 12:45:33.357, 1, 0 %, 9 MiB
2026/09/08 12:45:33.857, 0, 0 %, 1017 MiB
2026/09/08 12:45:33.893, 1, 0 %, 9 MiB
2026/09/08 12:45:34.548, 0, 0 %, 1017 MiB
2026/09/08 12:45:34.548, 1, 0 %, 9 MiB
2026/09/08 12:45:35.048, 0, 0 %, 1017 MiB
2026/09/08 12:45:35.048, 1, 0 %, 9 MiB
2026/09/08 12:45:35.548, 0, 0 %, 1017 MiB
2026/09/08 12:45:35.583, 1, 0 %, 9 MiB
2026/09/08 12:45:36.205, 0, 0 %, 1017 MiB
2026/09/08 12:45:36.205, 1, 0 %, 9 MiB
2026/09/08 12:45:36.705, 0, 0 %, 1017 MiB
2026/09/08 12:45:36.732, 1, 0 %, 9 MiB
2026/09/08 12:45:37.353, 0, 0 %, 1017 MiB
2026/09/08 12:45:37.353, 1, 0 %, 9 MiB
2026/09/08 12:45:37.853, 0, 0 %, 1017 MiB
2026/09/08 12:45:37.898, 1, 0 %, 9 MiB
2026/09/08 12:45:38.552, 0, 0 %, 1017 MiB
2026/09/08 12:45:38.553, 1, 0 %, 9 MiB
2026/09/08 12:45:39.053, 0, 0 %, 1017 MiB
2026/09/08 12:45:39.053, 1, 0 %, 9 MiB
2026/09/08 12:45:39.553, 0, 0 %, 1017 MiB
2026/09/08 12:45:39.591, 1, 0 %, 9 MiB
2026/09/08 12:45:40.212, 0, 0 %, 1017 MiB
2026/09/08 12:45:40.212, 1, 0 %, 9 MiB
2026/09/08 12:45:40.712, 0, 0 %, 1017 MiB
2026/09/08 12:45:40.736, 1, 0 %, 9 MiB
2026/09/08 12:45:41.356, 0, 0 %, 1017 MiB
2026/09/08 12:45:41.356, 1, 0 %, 9 MiB
2026/09/08 12:45:41.856, 0, 0 %, 1017 MiB
2026/09/08 12:45:41.888, 1, 0 %, 9 MiB
2026/09/08 12:45:42.538, 0, 0 %, 1017 MiB
2026/09/08 12:45:42.539, 1, 0 %, 9 MiB
2026/09/08 12:45:43.039, 0, 0 %, 1017 MiB
2026/09/08 12:45:43.039, 1, 0 %, 9 MiB
2026/09/08 12:45:43.539, 0, 0 %, 1017 MiB
2026/09/08 12:45:43.582, 1, 0 %, 9 MiB
2026/09/08 12:45:44.209, 0, 0 %, 1017 MiB
2026/09/08 12:45:44.209, 1, 0 %, 9 MiB
2026/09/08 12:45:44.709, 0, 0 %, 1017 MiB
2026/09/08 12:45:44.740, 1, 0 %, 9 MiB
2026/09/08 12:45:45.361, 0, 0 %, 1017 MiB
2026/09/08 12:45:45.362, 1, 0 %, 9 MiB
2026/09/08 12:45:45.862, 0, 0 %, 1017 MiB
2026/09/08 12:45:45.896, 1, 0 %, 9 MiB
2026/09/08 12:45:46.550, 0, 0 %, 1017 MiB
2026/09/08 12:45:46.550, 1, 0 %, 9 MiB
2026/09/08 12:45:47.050, 0, 0 %, 1017 MiB
2026/09/08 12:45:47.050, 1, 0 %, 9 MiB
2026/09/08 12:45:47.551, 0, 0 %, 1017 MiB
2026/09/08 12:45:47.585, 1, 0 %, 9 MiB
2026/09/08 12:45:48.206, 0, 0 %, 1017 MiB
2026/09/08 12:45:48.206, 1, 0 %, 9 MiB
2026/09/08 12:45:48.706, 0, 0 %, 1017 MiB
2026/09/08 12:45:48.733, 1, 0 %, 9 MiB
2026/09/08 12:45:49.353, 0, 0 %, 1017 MiB
2026/09/08 12:45:49.353, 1, 0 %, 9 MiB
2026/09/08 12:45:49.853, 0, 0 %, 1017 MiB
2026/09/08 12:45:49.886, 1, 0 %, 9 MiB
2026/09/08 12:45:50.537, 0, 0 %, 1017 MiB
2026/09/08 12:45:50.537, 1, 0 %, 9 MiB
2026/09/08 12:45:51.037, 0, 0 %, 1017 MiB
2026/09/08 12:45:51.038, 1, 0 %, 9 MiB
2026/09/08 12:45:51.538, 0, 0 %, 1017 MiB
2026/09/08 12:45:51.579, 1, 0 %, 9 MiB
2026/09/08 12:45:52.203, 0, 0 %, 1017 MiB
2026/09/08 12:45:52.203, 1, 0 %, 9 MiB
2026/09/08 12:45:52.703, 0, 0 %, 1017 MiB
2026/09/08 12:45:52.731, 1, 0 %, 9 MiB
2026/09/08 12:45:53.353, 0, 0 %, 1017 MiB
2026/09/08 12:45:53.353, 1, 0 %, 9 MiB
2026/09/08 12:45:53.854, 0, 0 %, 1017 MiB
2026/09/08 12:45:53.890, 1, 0 %, 9 MiB
2026/09/08 12:45:54.541, 0, 0 %, 1017 MiB
2026/09/08 12:45:54.542, 1, 0 %, 9 MiB
2026/09/08 12:45:55.042, 0, 0 %, 1017 MiB
2026/09/08 12:45:55.042, 1, 0 %, 9 MiB
2026/09/08 12:45:55.542, 0, 0 %, 1017 MiB
2026/09/08 12:45:55.577, 1, 0 %, 9 MiB
2026/09/08 12:45:56.200, 0, 0 %, 1017 MiB
2026/09/08 12:45:56.200, 1, 0 %, 9 MiB
2026/09/08 12:45:56.700, 0, 0 %, 1017 MiB
2026/09/08 12:45:56.728, 1, 0 %, 9 MiB
2026/09/08 12:45:57.350, 0, 0 %, 1017 MiB
2026/09/08 12:45:57.351, 1, 0 %, 9 MiB
2026/09/08 12:45:57.851, 0, 0 %, 1017 MiB
2026/09/08 12:45:57.891, 1, 0 %, 9 MiB
2026/09/08 12:45:58.544, 0, 0 %, 1017 MiB
2026/09/08 12:45:58.544, 1, 0 %, 9 MiB
2026/09/08 12:45:59.044, 0, 0 %, 1017 MiB
2026/09/08 12:45:59.044, 1, 0 %, 9 MiB
2026/09/08 12:45:59.544, 0, 0 %, 1017 MiB
2026/09/08 12:45:59.581, 1, 0 %, 9 MiB
2026/09/08 12:46:00.202, 0, 0 %, 1017 MiB
2026/09/08 12:46:00.202, 1, 0 %, 9 MiB
2026/09/08 12:46:00.702, 0, 0 %, 1017 MiB
2026/09/08 12:46:00.725, 1, 0 %, 9 MiB
2026/09/08 12:46:01.345, 0, 0 %, 1017 MiB
2026/09/08 12:46:01.345, 1, 0 %, 9 MiB
2026/09/08 12:46:01.845, 0, 0 %, 1017 MiB
2026/09/08 12:46:01.879, 1, 0 %, 9 MiB
2026/09/08 12:46:02.531, 0, 0 %, 1017 MiB
2026/09/08 12:46:02.532, 1, 0 %, 9 MiB
2026/09/08 12:46:03.032, 0, 0 %, 1017 MiB
2026/09/08 12:46:03.032, 1, 0 %, 9 MiB
2026/09/08 12:46:03.532, 0, 0 %, 1017 MiB
2026/09/08 12:46:03.574, 1, 0 %, 9 MiB
2026/09/08 12:46:04.198, 0, 0 %, 1017 MiB
2026/09/08 12:46:04.198, 1, 0 %, 9 MiB
2026/09/08 12:46:04.698, 0, 0 %, 1017 MiB
2026/09/08 12:46:04.725, 1, 0 %, 9 MiB
2026/09/08 12:46:05.346, 0, 0 %, 1017 MiB
2026/09/08 12:46:05.347, 1, 0 %, 9 MiB
2026/09/08 12:46:05.847, 0, 0 %, 1017 MiB
2026/09/08 12:46:05.886, 1, 0 %, 9 MiB
2026/09/08 12:46:06.536, 0, 0 %, 1017 MiB
2026/09/08 12:46:06.536, 1, 0 %, 9 MiB
2026/09/08 12:46:07.037, 0, 0 %, 1017 MiB
2026/09/08 12:46:07.037, 1, 0 %, 9 MiB
2026/09/08 12:46:07.537, 0, 0 %, 1017 MiB
2026/09/08 12:46:07.576, 1, 0 %, 9 MiB
2026/09/08 12:46:08.197, 0, 0 %, 1017 MiB
2026/09/08 12:46:08.197, 1, 0 %, 9 MiB
2026/09/08 12:46:08.697, 0, 0 %, 1017 MiB
2026/09/08 12:46:08.722, 1, 0 %, 9 MiB
2026/09/08 12:46:09.341, 0, 0 %, 1017 MiB
2026/09/08 12:46:09.341, 1, 0 %, 9 MiB
2026/09/08 12:46:09.841, 0, 0 %, 1017 MiB
2026/09/08 12:46:09.884, 1, 0 %, 9 MiB
2026/09/08 12:46:10.536, 0, 0 %, 1017 MiB
2026/09/08 12:46:10.536, 1, 0 %, 9 MiB
2026/09/08 12:46:11.036, 0, 0 %, 1017 MiB
2026/09/08 12:46:11.036, 1, 0 %, 9 MiB
2026/09/08 12:46:11.536, 0, 0 %, 1017 MiB
2026/09/08 12:46:11.574, 1, 0 %, 9 MiB
2026/09/08 12:46:12.196, 0, 0 %, 1017 MiB
2026/09/08 12:46:12.196, 1, 0 %, 9 MiB
2026/09/08 12:46:12.696, 0, 0 %, 1017 MiB
2026/09/08 12:46:12.725, 1, 0 %, 9 MiB
2026/09/08 12:46:13.346, 0, 0 %, 1017 MiB
2026/09/08 12:46:13.346, 1, 0 %, 9 MiB
2026/09/08 12:46:13.846, 0, 0 %, 1017 MiB
2026/09/08 12:46:13.879, 1, 0 %, 9 MiB
2026/09/08 12:46:14.532, 0, 0 %, 1017 MiB
2026/09/08 12:46:14.532, 1, 0 %, 9 MiB
2026/09/08 12:46:15.033, 0, 0 %, 1017 MiB
2026/09/08 12:46:15.033, 1, 0 %, 9 MiB
2026/09/08 12:46:15.533, 0, 0 %, 1017 MiB
2026/09/08 12:46:15.574, 1, 0 %, 9 MiB
2026/09/08 12:46:16.194, 0, 0 %, 1017 MiB
2026/09/08 12:46:16.194, 1, 0 %, 9 MiB
2026/09/08 12:46:16.694, 0, 0 %, 1017 MiB
2026/09/08 12:46:16.717, 1, 0 %, 9 MiB
2026/09/08 12:46:17.336, 0, 0 %, 1017 MiB
2026/09/08 12:46:17.336, 1, 0 %, 9 MiB
2026/09/08 12:46:17.836, 0, 0 %, 1017 MiB
2026/09/08 12:46:17.876, 1, 0 %, 9 MiB
2026/09/08 12:46:18.517, 0, 0 %, 1017 MiB
2026/09/08 12:46:18.517, 1, 0 %, 9 MiB
2026/09/08 12:46:19.017, 0, 0 %, 1017 MiB
2026/09/08 12:46:19.017, 1, 0 %, 9 MiB
2026/09/08 12:46:19.517, 0, 0 %, 1017 MiB
2026/09/08 12:46:19.574, 1, 0 %, 9 MiB
2026/09/08 12:46:20.198, 0, 0 %, 1017 MiB
2026/09/08 12:46:20.199, 1, 0 %, 9 MiB
2026/09/08 12:46:20.699, 0, 0 %, 1017 MiB
2026/09/08 12:46:20.724, 1, 0 %, 9 MiB
2026/09/08 12:46:21.345, 0, 0 %, 1017 MiB
2026/09/08 12:46:21.345, 1, 0 %, 9 MiB
2026/09/08 12:46:21.846, 0, 0 %, 1017 MiB
2026/09/08 12:46:21.881, 1, 0 %, 9 MiB
2026/09/08 12:46:22.532, 0, 0 %, 1017 MiB
2026/09/08 12:46:22.532, 1, 0 %, 9 MiB
2026/09/08 12:46:23.032, 0, 0 %, 1017 MiB
2026/09/08 12:46:23.032, 1, 0 %, 9 MiB
2026/09/08 12:46:23.532, 0, 0 %, 1017 MiB
2026/09/08 12:46:23.569, 1, 0 %, 9 MiB
2026/09/08 12:46:24.192, 0, 0 %, 1017 MiB
2026/09/08 12:46:24.192, 1, 0 %, 9 MiB
2026/09/08 12:46:24.692, 0, 0 %, 1017 MiB
2026/09/08 12:46:24.723, 1, 0 %, 9 MiB
2026/09/08 12:46:25.344, 0, 0 %, 1017 MiB
2026/09/08 12:46:25.344, 1, 0 %, 9 MiB
2026/09/08 12:46:25.844, 0, 0 %, 1017 MiB
2026/09/08 12:46:25.881, 1, 0 %, 9 MiB
2026/09/08 12:46:26.531, 0, 0 %, 1017 MiB
2026/09/08 12:46:26.531, 1, 0 %, 9 MiB
2026/09/08 12:46:27.031, 0, 0 %, 1017 MiB
2026/09/08 12:46:27.031, 1, 0 %, 9 MiB
2026/09/08 12:46:27.532, 0, 0 %, 1017 MiB
2026/09/08 12:46:27.573, 1, 0 %, 9 MiB
2026/09/08 12:46:28.195, 0, 0 %, 1017 MiB
2026/09/08 12:46:28.195, 1, 0 %, 9 MiB
2026/09/08 12:46:28.695, 0, 0 %, 1017 MiB
2026/09/08 12:46:28.717, 1, 0 %, 9 MiB
2026/09/08 12:46:29.336, 0, 0 %, 1017 MiB
2026/09/08 12:46:29.336, 1, 0 %, 9 MiB
2026/09/08 12:46:29.836, 0, 0 %, 1017 MiB
2026/09/08 12:46:29.863, 1, 0 %, 9 MiB
2026/09/08 12:46:30.514, 0, 0 %, 1017 MiB
2026/09/08 12:46:30.514, 1, 0 %, 9 MiB
2026/09/08 12:46:31.015, 0, 0 %, 1017 MiB
2026/09/08 12:46:31.015, 1, 0 %, 9 MiB
2026/09/08 12:46:31.515, 0, 0 %, 1017 MiB
2026/09/08 12:46:31.569, 1, 0 %, 9 MiB
2026/09/08 12:46:32.196, 0, 0 %, 1017 MiB
2026/09/08 12:46:32.197, 1, 0 %, 9 MiB
2026/09/08 12:46:32.697, 0, 0 %, 1017 MiB
2026/09/08 12:46:32.729, 1, 0 %, 9 MiB
2026/09/08 12:46:33.350, 0, 0 %, 1017 MiB
2026/09/08 12:46:33.350, 1, 0 %, 9 MiB
2026/09/08 12:46:33.851, 0, 0 %, 1017 MiB
2026/09/08 12:46:33.879, 1, 0 %, 9 MiB
2026/09/08 12:46:34.506, 0, 0 %, 1017 MiB
2026/09/08 12:46:34.506, 1, 0 %, 9 MiB
2026/09/08 12:46:35.006, 0, 0 %, 1017 MiB
2026/09/08 12:46:35.006, 1, 0 %, 9 MiB
2026/09/08 12:46:35.506, 0, 0 %, 1017 MiB
2026/09/08 12:46:35.585, 1, 0 %, 9 MiB
2026/09/08 12:46:36.210, 0, 0 %, 1017 MiB
2026/09/08 12:46:36.210, 1, 0 %, 9 MiB
2026/09/08 12:46:36.710, 0, 0 %, 1017 MiB
2026/09/08 12:46:36.732, 1, 0 %, 9 MiB
2026/09/08 12:46:37.353, 0, 0 %, 1017 MiB
2026/09/08 12:46:37.353, 1, 0 %, 9 MiB
2026/09/08 12:46:37.853, 0, 0 %, 1017 MiB
2026/09/08 12:46:37.880, 1, 0 %, 9 MiB
2026/09/08 12:46:38.507, 0, 0 %, 1017 MiB
2026/09/08 12:46:38.507, 1, 0 %, 9 MiB
2026/09/08 12:46:39.007, 0, 0 %, 1017 MiB
2026/09/08 12:46:39.143, 1, 0 %, 9 MiB
2026/09/08 12:46:39.796, 0, 0 %, 1017 MiB
2026/09/08 12:46:39.796, 1, 0 %, 9 MiB
2026/09/08 12:46:40.296, 0, 0 %, 1017 MiB
2026/09/08 12:46:40.351, 1, 0 %, 9 MiB
2026/09/08 12:46:40.978, 0, 0 %, 1017 MiB
2026/09/08 12:46:40.978, 1, 0 %, 9 MiB
2026/09/08 12:46:41.478, 0, 0 %, 1017 MiB
2026/09/08 12:46:41.506, 1, 0 %, 9 MiB
2026/09/08 12:46:42.127, 0, 0 %, 1017 MiB
2026/09/08 12:46:42.127, 1, 0 %, 9 MiB
2026/09/08 12:46:42.627, 0, 0 %, 1017 MiB
2026/09/08 12:46:42.713, 1, 0 %, 9 MiB
2026/09/08 12:46:43.367, 0, 0 %, 1017 MiB
2026/09/08 12:46:43.367, 1, 0 %, 9 MiB
2026/09/08 12:46:43.868, 0, 0 %, 1017 MiB
2026/09/08 12:46:43.964, 1, 0 %, 9 MiB
2026/09/08 12:46:44.587, 0, 0 %, 1017 MiB
2026/09/08 12:46:44.587, 1, 0 %, 9 MiB
2026/09/08 12:46:45.088, 0, 0 %, 1017 MiB
2026/09/08 12:46:45.110, 1, 0 %, 9 MiB
2026/09/08 12:46:45.730, 0, 0 %, 1017 MiB
2026/09/08 12:46:45.730, 1, 0 %, 9 MiB
2026/09/08 12:46:46.231, 0, 0 %, 1017 MiB
2026/09/08 12:46:46.264, 1, 0 %, 9 MiB
2026/09/08 12:46:46.920, 0, 0 %, 1017 MiB
2026/09/08 12:46:46.921, 1, 0 %, 9 MiB
2026/09/08 12:46:47.421, 0, 0 %, 1017 MiB
2026/09/08 12:46:47.421, 1, 0 %, 9 MiB
2026/09/08 12:46:47.921, 0, 0 %, 1017 MiB
2026/09/08 12:46:47.965, 1, 0 %, 9 MiB
2026/09/08 12:46:48.589, 0, 0 %, 1017 MiB
2026/09/08 12:46:48.589, 1, 0 %, 9 MiB
2026/09/08 12:46:49.089, 0, 0 %, 1017 MiB
2026/09/08 12:46:49.115, 1, 0 %, 9 MiB
2026/09/08 12:46:49.736, 0, 0 %, 1017 MiB
2026/09/08 12:46:49.736, 1, 0 %, 9 MiB
2026/09/08 12:46:50.236, 0, 0 %, 1017 MiB
2026/09/08 12:46:50.270, 1, 0 %, 9 MiB
2026/09/08 12:46:50.925, 0, 0 %, 1017 MiB
2026/09/08 12:46:50.925, 1, 0 %, 9 MiB
2026/09/08 12:46:51.425, 0, 0 %, 1017 MiB
2026/09/08 12:46:51.425, 1, 0 %, 9 MiB
2026/09/08 12:46:51.925, 0, 0 %, 1017 MiB
2026/09/08 12:46:51.960, 1, 0 %, 9 MiB
2026/09/08 12:46:52.584, 0, 0 %, 1017 MiB
2026/09/08 12:46:52.584, 1, 0 %, 9 MiB
2026/09/08 12:46:53.084, 0, 0 %, 1017 MiB
2026/09/08 12:46:53.108, 1, 0 %, 9 MiB
2026/09/08 12:46:53.729, 0, 0 %, 1017 MiB
2026/09/08 12:46:53.729, 1, 0 %, 9 MiB
2026/09/08 12:46:54.229, 0, 0 %, 1017 MiB
2026/09/08 12:46:54.267, 1, 0 %, 9 MiB
2026/09/08 12:46:54.921, 0, 0 %, 1017 MiB
2026/09/08 12:46:54.921, 1, 0 %, 9 MiB
2026/09/08 12:46:55.422, 0, 0 %, 1017 MiB
2026/09/08 12:46:55.422, 1, 0 %, 9 MiB
2026/09/08 12:46:55.922, 0, 0 %, 1017 MiB
2026/09/08 12:46:55.959, 1, 0 %, 9 MiB
2026/09/08 12:46:56.583, 0, 0 %, 1017 MiB
2026/09/08 12:46:56.584, 1, 0 %, 9 MiB
2026/09/08 12:46:57.084, 0, 0 %, 1017 MiB
2026/09/08 12:46:57.111, 1, 0 %, 9 MiB
2026/09/08 12:46:57.732, 0, 0 %, 1017 MiB
2026/09/08 12:46:57.732, 1, 0 %, 9 MiB
2026/09/08 12:46:58.233, 0, 0 %, 1017 MiB
2026/09/08 12:46:58.268, 1, 0 %, 9 MiB
2026/09/08 12:46:58.921, 0, 0 %, 1017 MiB
2026/09/08 12:46:58.921, 1, 0 %, 9 MiB
2026/09/08 12:46:59.421, 0, 0 %, 1017 MiB
2026/09/08 12:46:59.421, 1, 0 %, 9 MiB
2026/09/08 12:46:59.921, 0, 0 %, 1017 MiB
2026/09/08 12:46:59.960, 1, 0 %, 9 MiB
2026/09/08 12:47:00.584, 0, 0 %, 1017 MiB
2026/09/08 12:47:00.584, 1, 0 %, 9 MiB
2026/09/08 12:47:01.084, 0, 0 %, 1017 MiB
2026/09/08 12:47:01.108, 1, 0 %, 9 MiB
2026/09/08 12:47:01.729, 0, 0 %, 1017 MiB
2026/09/08 12:47:01.729, 1, 0 %, 9 MiB
2026/09/08 12:47:02.230, 0, 0 %, 1017 MiB
2026/09/08 12:47:02.264, 1, 0 %, 9 MiB
2026/09/08 12:47:02.916, 0, 0 %, 1017 MiB
2026/09/08 12:47:02.916, 1, 0 %, 9 MiB
2026/09/08 12:47:03.416, 0, 0 %, 1017 MiB
2026/09/08 12:47:03.416, 1, 0 %, 9 MiB
2026/09/08 12:47:03.917, 0, 0 %, 1017 MiB
2026/09/08 12:47:03.957, 1, 0 %, 9 MiB
2026/09/08 12:47:04.580, 0, 0 %, 1017 MiB
2026/09/08 12:47:04.580, 1, 0 %, 9 MiB
2026/09/08 12:47:05.081, 0, 0 %, 1017 MiB
2026/09/08 12:47:05.111, 1, 0 %, 9 MiB
2026/09/08 12:47:05.732, 0, 0 %, 1017 MiB
2026/09/08 12:47:05.732, 1, 0 %, 9 MiB
2026/09/08 12:47:06.232, 0, 0 %, 1017 MiB
2026/09/08 12:47:06.272, 1, 0 %, 9 MiB
2026/09/08 12:47:06.925, 0, 0 %, 1017 MiB
2026/09/08 12:47:06.926, 1, 0 %, 9 MiB
2026/09/08 12:47:07.426, 0, 0 %, 1017 MiB
2026/09/08 12:47:07.426, 1, 0 %, 9 MiB
2026/09/08 12:47:07.926, 0, 0 %, 1017 MiB
2026/09/08 12:47:07.958, 1, 0 %, 9 MiB
2026/09/08 12:47:08.578, 0, 0 %, 1017 MiB
2026/09/08 12:47:08.578, 1, 0 %, 9 MiB
2026/09/08 12:47:09.078, 0, 0 %, 1017 MiB
2026/09/08 12:47:09.102, 1, 0 %, 9 MiB
2026/09/08 12:47:09.722, 0, 0 %, 1017 MiB
2026/09/08 12:47:09.722, 1, 0 %, 9 MiB
2026/09/08 12:47:10.222, 0, 0 %, 1017 MiB
2026/09/08 12:47:10.250, 1, 0 %, 9 MiB
2026/09/08 12:47:10.901, 0, 0 %, 1017 MiB
2026/09/08 12:47:10.901, 1, 0 %, 9 MiB
2026/09/08 12:47:11.401, 0, 0 %, 1017 MiB
2026/09/08 12:47:11.401, 1, 0 %, 9 MiB
2026/09/08 12:47:11.901, 0, 0 %, 1017 MiB
2026/09/08 12:47:11.964, 1, 0 %, 9 MiB
2026/09/08 12:47:12.589, 0, 0 %, 1017 MiB
2026/09/08 12:47:12.589, 1, 0 %, 9 MiB
2026/09/08 12:47:13.089, 0, 0 %, 1017 MiB
2026/09/08 12:47:13.121, 1, 0 %, 9 MiB
2026/09/08 12:47:13.739, 0, 0 %, 1017 MiB
2026/09/08 12:47:13.740, 1, 0 %, 9 MiB
2026/09/08 12:47:14.240, 0, 0 %, 1017 MiB
2026/09/08 12:47:14.264, 1, 0 %, 9 MiB
2026/09/08 12:47:14.892, 0, 0 %, 1017 MiB
2026/09/08 12:47:14.892, 1, 0 %, 9 MiB
2026/09/08 12:47:15.392, 0, 0 %, 1017 MiB
2026/09/08 12:47:15.518, 1, 0 %, 9 MiB
2026/09/08 12:47:16.168, 0, 0 %, 1017 MiB
2026/09/08 12:47:16.168, 1, 0 %, 9 MiB
2026/09/08 12:47:16.669, 0, 0 %, 1017 MiB
2026/09/08 12:47:16.750, 1, 0 %, 9 MiB
2026/09/08 12:47:17.371, 0, 0 %, 1017 MiB
2026/09/08 12:47:17.371, 1, 0 %, 9 MiB
2026/09/08 12:47:17.871, 0, 0 %, 1017 MiB
2026/09/08 12:47:17.900, 1, 0 %, 9 MiB
2026/09/08 12:47:18.520, 0, 0 %, 1017 MiB
2026/09/08 12:47:18.521, 1, 0 %, 9 MiB
2026/09/08 12:47:19.021, 0, 0 %, 1017 MiB
2026/09/08 12:47:19.051, 1, 0 %, 9 MiB
2026/09/08 12:47:19.703, 0, 0 %, 1017 MiB
2026/09/08 12:47:19.703, 1, 0 %, 9 MiB
2026/09/08 12:47:20.203, 0, 0 %, 1017 MiB
2026/09/08 12:47:20.203, 1, 0 %, 9 MiB
2026/09/08 12:47:20.703, 0, 0 %, 1017 MiB
2026/09/08 12:47:20.759, 1, 0 %, 9 MiB
2026/09/08 12:47:21.384, 0, 0 %, 1017 MiB
2026/09/08 12:47:21.384, 1, 0 %, 9 MiB
2026/09/08 12:47:21.884, 0, 0 %, 1017 MiB
2026/09/08 12:47:21.912, 1, 0 %, 9 MiB
2026/09/08 12:47:22.532, 0, 0 %, 1017 MiB
2026/09/08 12:47:22.532, 1, 0 %, 9 MiB
2026/09/08 12:47:23.033, 0, 0 %, 1017 MiB
2026/09/08 12:47:23.058, 1, 0 %, 9 MiB
2026/09/08 12:47:23.683, 0, 0 %, 1017 MiB
2026/09/08 12:47:23.684, 1, 0 %, 9 MiB
2026/09/08 12:47:24.184, 0, 0 %, 1017 MiB
2026/09/08 12:47:24.184, 1, 0 %, 9 MiB
2026/09/08 12:47:24.684, 0, 0 %, 1017 MiB
2026/09/08 12:47:24.756, 1, 0 %, 9 MiB
2026/09/08 12:47:25.387, 0, 0 %, 1017 MiB
2026/09/08 12:47:25.387, 1, 0 %, 9 MiB
2026/09/08 12:47:25.887, 0, 0 %, 1017 MiB
2026/09/08 12:47:25.920, 1, 0 %, 9 MiB
2026/09/08 12:47:26.543, 0, 0 %, 1017 MiB
2026/09/08 12:47:26.543, 1, 0 %, 9 MiB
2026/09/08 12:47:27.043, 0, 0 %, 1017 MiB
2026/09/08 12:47:27.072, 1, 0 %, 9 MiB
2026/09/08 12:47:27.702, 0, 0 %, 1017 MiB
2026/09/08 12:47:27.702, 1, 0 %, 9 MiB
2026/09/08 12:47:28.203, 0, 0 %, 1017 MiB
2026/09/08 12:47:28.347, 1, 0 %, 9 MiB
2026/09/08 12:47:29.003, 0, 0 %, 1017 MiB
2026/09/08 12:47:29.004, 1, 0 %, 9 MiB
2026/09/08 12:47:29.504, 0, 0 %, 1017 MiB
2026/09/08 12:47:29.538, 1, 0 %, 9 MiB
2026/09/08 12:47:30.158, 0, 0 %, 1017 MiB
2026/09/08 12:47:30.158, 1, 0 %, 9 MiB
2026/09/08 12:47:30.659, 0, 0 %, 1017 MiB
2026/09/08 12:47:30.678, 1, 0 %, 9 MiB
2026/09/08 12:47:31.298, 0, 0 %, 1017 MiB
2026/09/08 12:47:31.298, 1, 0 %, 9 MiB
2026/09/08 12:47:31.799, 0, 0 %, 1017 MiB
2026/09/08 12:47:31.863, 1, 0 %, 9 MiB
2026/09/08 12:47:32.516, 0, 0 %, 1017 MiB
2026/09/08 12:47:32.516, 1, 0 %, 9 MiB
2026/09/08 12:47:33.016, 0, 0 %, 1017 MiB
2026/09/08 12:47:33.017, 1, 0 %, 9 MiB
2026/09/08 12:47:33.517, 0, 0 %, 1017 MiB
2026/09/08 12:47:33.550, 1, 0 %, 9 MiB
2026/09/08 12:47:34.050, 0, 0 %, 1017 MiB
2026/09/08 12:47:34.050, 1, 0 %, 9 MiB
2026/09/08 12:47:34.555, 0, 0 %, 1017 MiB
2026/09/08 12:47:34.555, 1, 0 %, 9 MiB
2026/09/08 12:47:35.055, 0, 0 %, 1017 MiB
2026/09/08 12:47:35.082, 1, 0 %, 9 MiB
2026/09/08 12:47:35.702, 0, 0 %, 1017 MiB
2026/09/08 12:47:35.702, 1, 0 %, 9 MiB
2026/09/08 12:47:36.202, 0, 0 %, 1017 MiB
2026/09/08 12:47:36.292, 1, 0 %, 9 MiB
2026/09/08 12:47:36.947, 0, 0 %, 1017 MiB
2026/09/08 12:47:36.947, 1, 0 %, 9 MiB
2026/09/08 12:47:37.447, 0, 0 %, 1017 MiB
2026/09/08 12:47:37.547, 1, 0 %, 9 MiB
2026/09/08 12:47:38.167, 0, 0 %, 1017 MiB
2026/09/08 12:47:38.167, 1, 0 %, 9 MiB
2026/09/08 12:47:38.667, 0, 0 %, 1017 MiB
2026/09/08 12:47:38.692, 1, 0 %, 9 MiB
2026/09/08 12:47:39.310, 0, 0 %, 1017 MiB
2026/09/08 12:47:39.311, 1, 0 %, 9 MiB
2026/09/08 12:47:39.811, 0, 0 %, 1017 MiB
2026/09/08 12:47:39.846, 1, 0 %, 9 MiB
2026/09/08 12:47:40.488, 0, 0 %, 1017 MiB
2026/09/08 12:47:40.488, 1, 0 %, 9 MiB
2026/09/08 12:47:40.988, 0, 0 %, 1017 MiB
2026/09/08 12:47:40.988, 1, 0 %, 9 MiB
2026/09/08 12:47:41.488, 0, 0 %, 1017 MiB
2026/09/08 12:47:41.544, 1, 0 %, 9 MiB
2026/09/08 12:47:42.169, 0, 0 %, 1017 MiB
2026/09/08 12:47:42.169, 1, 0 %, 9 MiB
2026/09/08 12:47:42.669, 0, 0 %, 1017 MiB
2026/09/08 12:47:42.697, 1, 0 %, 9 MiB
2026/09/08 12:47:43.320, 0, 0 %, 1017 MiB
2026/09/08 12:47:43.320, 1, 0 %, 9 MiB
2026/09/08 12:47:43.821, 0, 0 %, 1017 MiB
2026/09/08 12:47:43.859, 1, 0 %, 9 MiB
2026/09/08 12:47:44.509, 0, 0 %, 1017 MiB
2026/09/08 12:47:44.509, 1, 0 %, 9 MiB
2026/09/08 12:47:45.009, 0, 0 %, 1017 MiB
2026/09/08 12:47:45.009, 1, 0 %, 9 MiB
2026/09/08 12:47:45.509, 0, 0 %, 1017 MiB
2026/09/08 12:47:45.546, 1, 0 %, 9 MiB
2026/09/08 12:47:46.167, 0, 0 %, 1017 MiB
2026/09/08 12:47:46.167, 1, 0 %, 9 MiB
2026/09/08 12:47:46.667, 0, 0 %, 1017 MiB
2026/09/08 12:47:46.690, 1, 0 %, 9 MiB
2026/09/08 12:47:47.309, 0, 0 %, 1017 MiB
2026/09/08 12:47:47.309, 1, 0 %, 9 MiB
2026/09/08 12:47:47.810, 0, 0 %, 1017 MiB
2026/09/08 12:47:47.847, 1, 0 %, 9 MiB
2026/09/08 12:47:48.485, 0, 0 %, 1017 MiB
2026/09/08 12:47:48.486, 1, 0 %, 9 MiB
2026/09/08 12:47:48.986, 0, 0 %, 1017 MiB
2026/09/08 12:47:48.986, 1, 0 %, 9 MiB
2026/09/08 12:47:49.486, 0, 0 %, 1017 MiB
2026/09/08 12:47:49.544, 1, 0 %, 9 MiB
2026/09/08 12:47:50.171, 0, 0 %, 1017 MiB
2026/09/08 12:47:50.171, 1, 0 %, 9 MiB
2026/09/08 12:47:50.672, 0, 0 %, 1017 MiB
2026/09/08 12:47:50.702, 1, 0 %, 9 MiB
2026/09/08 12:47:51.323, 0, 0 %, 1017 MiB
2026/09/08 12:47:51.323, 1, 0 %, 9 MiB
2026/09/08 12:47:51.823, 0, 0 %, 1017 MiB
2026/09/08 12:47:51.852, 1, 0 %, 9 MiB
2026/09/08 12:47:52.480, 0, 0 %, 1017 MiB
2026/09/08 12:47:52.480, 1, 0 %, 9 MiB
2026/09/08 12:47:52.980, 0, 0 %, 1017 MiB
2026/09/08 12:47:52.981, 1, 0 %, 9 MiB
2026/09/08 12:47:53.481, 0, 0 %, 1017 MiB
2026/09/08 12:47:53.562, 1, 0 %, 9 MiB
2026/09/08 12:47:54.186, 0, 0 %, 1017 MiB
2026/09/08 12:47:54.186, 1, 0 %, 9 MiB
2026/09/08 12:47:54.687, 0, 0 %, 1017 MiB
2026/09/08 12:47:54.711, 1, 0 %, 9 MiB
2026/09/08 12:47:55.332, 0, 0 %, 1017 MiB
2026/09/08 12:47:55.333, 1, 0 %, 9 MiB
2026/09/08 12:47:55.833, 0, 0 %, 1017 MiB
2026/09/08 12:47:55.859, 1, 0 %, 9 MiB
2026/09/08 12:47:56.487, 0, 0 %, 1017 MiB
2026/09/08 12:47:56.487, 1, 0 %, 9 MiB
2026/09/08 12:47:56.987, 0, 0 %, 1017 MiB
2026/09/08 12:47:57.122, 1, 0 %, 9 MiB
2026/09/08 12:47:57.777, 0, 0 %, 1017 MiB
2026/09/08 12:47:57.777, 1, 0 %, 9 MiB
2026/09/08 12:47:58.277, 0, 0 %, 1017 MiB
2026/09/08 12:47:58.326, 1, 0 %, 9 MiB
2026/09/08 12:47:58.951, 0, 0 %, 1017 MiB
2026/09/08 12:47:58.951, 1, 0 %, 9 MiB
2026/09/08 12:47:59.451, 0, 0 %, 1017 MiB
2026/09/08 12:47:59.479, 1, 0 %, 9 MiB
2026/09/08 12:48:00.099, 0, 0 %, 1017 MiB
2026/09/08 12:48:00.099, 1, 0 %, 9 MiB
2026/09/08 12:48:00.599, 0, 0 %, 1017 MiB
2026/09/08 12:48:00.681, 1, 0 %, 9 MiB
2026/09/08 12:48:01.333, 0, 0 %, 1017 MiB
2026/09/08 12:48:01.333, 1, 0 %, 9 MiB
2026/09/08 12:48:01.833, 0, 0 %, 1017 MiB
2026/09/08 12:48:01.939, 1, 0 %, 9 MiB
2026/09/08 12:48:02.564, 0, 0 %, 1017 MiB
2026/09/08 12:48:02.564, 1, 0 %, 9 MiB
2026/09/08 12:48:03.064, 0, 0 %, 1017 MiB
2026/09/08 12:48:03.091, 1, 0 %, 9 MiB
2026/09/08 12:48:03.712, 0, 0 %, 1017 MiB
2026/09/08 12:48:03.712, 1, 0 %, 9 MiB
2026/09/08 12:48:04.212, 0, 0 %, 1017 MiB
2026/09/08 12:48:04.254, 1, 0 %, 9 MiB
2026/09/08 12:48:04.909, 0, 0 %, 1017 MiB
2026/09/08 12:48:04.909, 1, 0 %, 9 MiB
2026/09/08 12:48:05.409, 0, 0 %, 1017 MiB
2026/09/08 12:48:05.410, 1, 0 %, 9 MiB
2026/09/08 12:48:05.910, 0, 0 %, 1017 MiB
2026/09/08 12:48:05.947, 1, 0 %, 9 MiB
2026/09/08 12:48:06.568, 0, 0 %, 1017 MiB
2026/09/08 12:48:06.568, 1, 0 %, 9 MiB
2026/09/08 12:48:07.068, 0, 0 %, 1017 MiB
2026/09/08 12:48:07.092, 1, 0 %, 9 MiB
2026/09/08 12:48:07.712, 0, 0 %, 1017 MiB
2026/09/08 12:48:07.712, 1, 0 %, 9 MiB
2026/09/08 12:48:08.212, 0, 0 %, 1017 MiB
2026/09/08 12:48:08.237, 1, 0 %, 9 MiB
2026/09/08 12:48:08.865, 0, 0 %, 1017 MiB
2026/09/08 12:48:08.865, 1, 0 %, 9 MiB
2026/09/08 12:48:09.365, 0, 0 %, 1017 MiB
2026/09/08 12:48:09.506, 1, 0 %, 9 MiB
2026/09/08 12:48:10.158, 0, 0 %, 1017 MiB
2026/09/08 12:48:10.158, 1, 0 %, 9 MiB
2026/09/08 12:48:10.658, 0, 0 %, 1017 MiB
2026/09/08 12:48:10.730, 1, 0 %, 9 MiB
2026/09/08 12:48:11.352, 0, 0 %, 1017 MiB
2026/09/08 12:48:11.353, 1, 0 %, 9 MiB
2026/09/08 12:48:11.853, 0, 0 %, 1017 MiB
2026/09/08 12:48:11.878, 1, 0 %, 9 MiB
2026/09/08 12:48:12.498, 0, 0 %, 1017 MiB
2026/09/08 12:48:12.498, 1, 0 %, 9 MiB
2026/09/08 12:48:12.998, 0, 0 %, 1017 MiB
2026/09/08 12:48:13.030, 1, 0 %, 9 MiB
2026/09/08 12:48:13.674, 0, 0 %, 1017 MiB
2026/09/08 12:48:13.674, 1, 0 %, 9 MiB
2026/09/08 12:48:14.174, 0, 0 %, 1017 MiB
2026/09/08 12:48:14.175, 1, 0 %, 9 MiB
2026/09/08 12:48:14.675, 0, 0 %, 1017 MiB
2026/09/08 12:48:14.742, 1, 0 %, 9 MiB
2026/09/08 12:48:15.243, 0, 0 %, 1017 MiB
2026/09/08 12:48:15.243, 1, 0 %, 9 MiB
2026/09/08 12:48:15.763, 0, 0 %, 1017 MiB
2026/09/08 12:48:15.763, 1, 0 %, 9 MiB
2026/09/08 12:48:16.265, 0, 0 %, 1017 MiB
2026/09/08 12:48:16.309, 1, 0 %, 9 MiB
2026/09/08 12:48:16.933, 0, 0 %, 1017 MiB
2026/09/08 12:48:16.933, 1, 0 %, 9 MiB
2026/09/08 12:48:17.433, 0, 0 %, 1017 MiB
2026/09/08 12:48:17.466, 1, 0 %, 9 MiB
2026/09/08 12:48:18.098, 0, 0 %, 1017 MiB
2026/09/08 12:48:18.179, 1, 0 %, 9 MiB
2026/09/08 12:48:18.680, 0, 0 %, 1017 MiB
2026/09/08 12:48:18.788, 1, 0 %, 9 MiB
2026/09/08 12:48:19.407, 0, 0 %, 1017 MiB
2026/09/08 12:48:19.408, 1, 0 %, 9 MiB
2026/09/08 12:48:19.908, 0, 0 %, 1017 MiB
2026/09/08 12:48:20.012, 1, 0 %, 9 MiB
2026/09/08 12:48:20.628, 0, 0 %, 1017 MiB
2026/09/08 12:48:20.676, 1, 0 %, 9 MiB
2026/09/08 12:48:21.178, 0, 0 %, 1017 MiB
2026/09/08 12:48:21.185, 1, 0 %, 9 MiB
2026/09/08 12:48:21.688, 0, 0 %, 1017 MiB
2026/09/08 12:48:21.692, 1, 0 %, 9 MiB
2026/09/08 12:48:22.195, 0, 0 %, 1017 MiB
2026/09/08 12:48:22.202, 1, 0 %, 9 MiB
2026/09/08 12:48:22.704, 0, 0 %, 1017 MiB
2026/09/08 12:48:22.710, 1, 0 %, 9 MiB
2026/09/08 12:48:23.211, 0, 0 %, 1017 MiB
2026/09/08 12:48:23.442, 1, 0 %, 9 MiB
2026/09/08 12:48:23.945, 0, 0 %, 1017 MiB
2026/09/08 12:48:24.063, 1, 0 %, 9 MiB
2026/09/08 12:48:24.564, 0, 0 %, 1017 MiB
2026/09/08 12:48:24.656, 1, 0 %, 9 MiB
2026/09/08 12:48:25.274, 0, 0 %, 1017 MiB
2026/09/08 12:48:25.299, 1, 0 %, 9 MiB
2026/09/08 12:48:25.804, 0, 0 %, 1017 MiB
2026/09/08 12:48:26.031, 1, 0 %, 9 MiB
2026/09/08 12:48:26.533, 0, 0 %, 1017 MiB
2026/09/08 12:48:26.585, 1, 0 %, 9 MiB
2026/09/08 12:48:27.087, 0, 0 %, 1017 MiB
2026/09/08 12:48:27.188, 1, 0 %, 9 MiB
2026/09/08 12:48:27.806, 0, 0 %, 1017 MiB
2026/09/08 12:48:27.808, 1, 0 %, 9 MiB
2026/09/08 12:48:28.312, 0, 0 %, 1017 MiB
2026/09/08 12:48:28.343, 1, 0 %, 9 MiB
2026/09/08 12:48:28.968, 0, 0 %, 1017 MiB
2026/09/08 12:48:28.984, 1, 0 %, 9 MiB
2026/09/08 12:48:29.485, 0, 0 %, 1017 MiB
2026/09/08 12:48:29.489, 1, 0 %, 9 MiB
2026/09/08 12:48:29.991, 0, 0 %, 1035 MiB
2026/09/08 12:48:30.046, 1, 0 %, 9 MiB
2026/09/08 12:48:30.549, 0, 0 %, 1035 MiB
2026/09/08 12:48:30.619, 1, 0 %, 9 MiB
2026/09/08 12:48:31.123, 0, 0 %, 1036 MiB
2026/09/08 12:48:31.342, 1, 0 %, 9 MiB
2026/09/08 12:48:31.845, 0, 0 %, 1070 MiB
2026/09/08 12:48:32.092, 1, 0 %, 9 MiB
2026/09/08 12:48:32.597, 0, 0 %, 1070 MiB
2026/09/08 12:48:32.620, 1, 0 %, 9 MiB
2026/09/08 12:48:33.125, 0, 0 %, 1084 MiB
2026/09/08 12:48:33.235, 1, 0 %, 9 MiB
2026/09/08 12:48:33.737, 0, 0 %, 1085 MiB
2026/09/08 12:48:33.803, 1, 0 %, 9 MiB
2026/09/08 12:48:34.305, 0, 0 %, 1086 MiB
2026/09/08 12:48:34.378, 1, 0 %, 9 MiB
2026/09/08 12:48:34.883, 0, 0 %, 1121 MiB
2026/09/08 12:48:35.136, 1, 0 %, 9 MiB
2026/09/08 12:48:35.639, 0, 0 %, 1131 MiB
2026/09/08 12:48:35.754, 1, 0 %, 9 MiB
2026/09/08 12:48:36.258, 0, 0 %, 1161 MiB
2026/09/08 12:48:36.263, 1, 0 %, 9 MiB
2026/09/08 12:48:36.766, 0, 0 %, 1252 MiB
2026/09/08 12:48:36.771, 1, 0 %, 9 MiB
2026/09/08 12:48:37.272, 0, 0 %, 1290 MiB
2026/09/08 12:48:37.275, 1, 0 %, 9 MiB
2026/09/08 12:48:37.777, 0, 0 %, 1292 MiB
2026/09/08 12:48:37.780, 1, 0 %, 9 MiB
2026/09/08 12:48:38.283, 0, 1 %, 1213 MiB
2026/09/08 12:48:38.285, 1, 0 %, 9 MiB
2026/09/08 12:48:38.787, 0, 1 %, 1147 MiB
2026/09/08 12:48:38.789, 1, 0 %, 9 MiB
2026/09/08 12:48:39.294, 0, 0 %, 1133 MiB
2026/09/08 12:48:39.296, 1, 0 %, 9 MiB
2026/09/08 12:48:39.797, 0, 0 %, 1204 MiB
2026/09/08 12:48:39.804, 1, 0 %, 9 MiB
2026/09/08 12:48:40.312, 0, 0 %, 1252 MiB
2026/09/08 12:48:40.317, 1, 0 %, 9 MiB
2026/09/08 12:48:40.820, 0, 0 %, 1316 MiB
2026/09/08 12:48:40.825, 1, 0 %, 19 MiB
2026/09/08 12:48:41.329, 0, 0 %, 1413 MiB
2026/09/08 12:48:41.331, 1, 0 %, 32 MiB
2026/09/08 12:48:41.839, 0, 0 %, 1447 MiB
2026/09/08 12:48:41.841, 1, 0 %, 72 MiB
2026/09/08 12:48:42.345, 0, 1 %, 1531 MiB
2026/09/08 12:48:42.351, 1, 1 %, 100 MiB
2026/09/08 12:48:42.859, 0, 1 %, 1635 MiB
2026/09/08 12:48:42.862, 1, 1 %, 182 MiB
2026/09/08 12:48:43.362, 0, 13 %, 1851 MiB
2026/09/08 12:48:43.367, 1, 1 %, 255 MiB
2026/09/08 12:48:43.870, 0, 13 %, 1971 MiB
2026/09/08 12:48:43.873, 1, 1 %, 500 MiB
2026/09/08 12:48:44.379, 0, 13 %, 2251 MiB
2026/09/08 12:48:44.403, 1, 4 %, 656 MiB
2026/09/08 12:48:44.908, 0, 5 %, 2660 MiB
2026/09/08 12:48:44.914, 1, 4 %, 941 MiB
2026/09/08 12:48:45.420, 0, 5 %, 2829 MiB
2026/09/08 12:48:45.425, 1, 2 %, 1241 MiB
2026/09/08 12:48:45.933, 0, 4 %, 3051 MiB
2026/09/08 12:48:45.935, 1, 2 %, 1448 MiB
2026/09/08 12:48:46.444, 0, 4 %, 3275 MiB
2026/09/08 12:48:46.455, 1, 1 %, 1799 MiB
2026/09/08 12:48:46.983, 0, 7 %, 4142 MiB
2026/09/08 12:48:46.985, 1, 1 %, 2089 MiB
2026/09/08 12:48:47.496, 0, 7 %, 4899 MiB
2026/09/08 12:48:47.497, 1, 5 %, 2322 MiB
2026/09/08 12:48:48.004, 0, 7 %, 5145 MiB
2026/09/08 12:48:48.006, 1, 5 %, 3362 MiB
2026/09/08 12:48:48.514, 0, 2 %, 5381 MiB
2026/09/08 12:48:48.534, 1, 5 %, 3626 MiB
2026/09/08 12:48:49.051, 0, 2 %, 6109 MiB
2026/09/08 12:48:49.057, 1, 5 %, 4326 MiB
2026/09/08 12:48:49.563, 0, 13 %, 7151 MiB
2026/09/08 12:48:49.566, 1, 29 %, 5748 MiB
2026/09/08 12:48:50.069, 0, 13 %, 7885 MiB
2026/09/08 12:48:50.070, 1, 29 %, 5930 MiB
2026/09/08 12:48:50.576, 0, 8 %, 9097 MiB
2026/09/08 12:48:50.577, 1, 2 %, 7067 MiB
2026/09/08 12:48:51.103, 0, 8 %, 10261 MiB
2026/09/08 12:48:51.105, 1, 2 %, 8240 MiB
2026/09/08 12:48:51.608, 0, 8 %, 10770 MiB
2026/09/08 12:48:51.609, 1, 2 %, 8281 MiB
2026/09/08 12:48:52.113, 0, 17 %, 12388 MiB
2026/09/08 12:48:52.115, 1, 2 %, 9453 MiB
2026/09/08 12:48:52.618, 0, 19 %, 12443 MiB
2026/09/08 12:48:52.620, 1, 9 %, 10014 MiB
2026/09/08 12:48:53.125, 0, 19 %, 13070 MiB
2026/09/08 12:48:53.130, 1, 9 %, 10352 MiB
2026/09/08 12:48:53.635, 0, 4 %, 13083 MiB
2026/09/08 12:48:53.640, 1, 9 %, 10524 MiB
2026/09/08 12:48:54.152, 0, 4 %, 13553 MiB
2026/09/08 12:48:54.152, 1, 9 %, 11574 MiB
2026/09/08 12:48:54.653, 0, 13 %, 13553 MiB
2026/09/08 12:48:54.656, 1, 16 %, 12056 MiB
2026/09/08 12:48:55.158, 0, 13 %, 13553 MiB
2026/09/08 12:48:55.158, 1, 16 %, 12056 MiB
2026/09/08 12:48:55.658, 0, 13 %, 13553 MiB
2026/09/08 12:48:55.661, 1, 20 %, 12056 MiB
2026/09/08 12:48:56.169, 0, 13 %, 13553 MiB
2026/09/08 12:48:56.171, 1, 20 %, 12056 MiB
2026/09/08 12:48:56.676, 0, 23 %, 13553 MiB
2026/09/08 12:48:56.680, 1, 21 %, 12056 MiB
2026/09/08 12:48:57.184, 0, 23 %, 13553 MiB
2026/09/08 12:48:57.187, 1, 21 %, 12056 MiB
2026/09/08 12:48:57.692, 0, 23 %, 13553 MiB
2026/09/08 12:48:57.692, 1, 25 %, 12056 MiB
2026/09/08 12:48:58.196, 0, 22 %, 13553 MiB
2026/09/08 12:48:58.197, 1, 25 %, 12056 MiB
2026/09/08 12:48:58.699, 0, 22 %, 13553 MiB
2026/09/08 12:48:58.700, 1, 25 %, 12056 MiB
2026/09/08 12:48:59.204, 0, 22 %, 13553 MiB
2026/09/08 12:48:59.212, 1, 22 %, 12056 MiB
2026/09/08 12:48:59.718, 0, 22 %, 13553 MiB
2026/09/08 12:48:59.721, 1, 22 %, 12056 MiB
2026/09/08 12:49:00.225, 0, 20 %, 13553 MiB
2026/09/08 12:49:00.226, 1, 19 %, 12056 MiB
2026/09/08 12:49:00.732, 0, 20 %, 13553 MiB
2026/09/08 12:49:00.739, 1, 19 %, 12056 MiB
2026/09/08 12:49:01.245, 0, 26 %, 13553 MiB
2026/09/08 12:49:01.250, 1, 19 %, 12056 MiB
2026/09/08 12:49:01.756, 0, 26 %, 13553 MiB
2026/09/08 12:49:01.761, 1, 22 %, 12056 MiB
2026/09/08 12:49:02.265, 0, 28 %, 13553 MiB
2026/09/08 12:49:02.272, 1, 18 %, 12056 MiB
2026/09/08 12:49:02.779, 0, 30 %, 13553 MiB
2026/09/08 12:49:02.785, 1, 18 %, 12056 MiB
2026/09/08 12:49:03.292, 0, 28 %, 13553 MiB
2026/09/08 12:49:03.294, 1, 18 %, 12056 MiB
2026/09/08 12:49:03.801, 0, 28 %, 13553 MiB
2026/09/08 12:49:03.804, 1, 18 %, 12056 MiB
2026/09/08 12:49:04.310, 0, 29 %, 13553 MiB
2026/09/08 12:49:04.319, 1, 20 %, 12056 MiB
2026/09/08 12:49:04.827, 0, 26 %, 13553 MiB
2026/09/08 12:49:04.830, 1, 20 %, 11834 MiB
2026/09/08 12:49:05.335, 0, 26 %, 13553 MiB
2026/09/08 12:49:05.336, 1, 20 %, 11605 MiB
2026/09/08 12:49:05.842, 0, 26 %, 13321 MiB
2026/09/08 12:49:05.845, 1, 18 %, 11076 MiB
2026/09/08 12:49:06.350, 0, 6 %, 13296 MiB
2026/09/08 12:49:06.357, 1, 18 %, 10550 MiB
2026/09/08 12:49:06.864, 0, 6 %, 12754 MiB
2026/09/08 12:49:06.868, 1, 19 %, 10328 MiB
2026/09/08 12:49:07.375, 0, 6 %, 12754 MiB
2026/09/08 12:49:07.378, 1, 19 %, 10321 MiB
2026/09/08 12:49:07.888, 0, 17 %, 12738 MiB
2026/09/08 12:49:07.890, 1, 9 %, 9797 MiB
2026/09/08 12:49:08.397, 0, 18 %, 12738 MiB
2026/09/08 12:49:08.403, 1, 9 %, 9797 MiB
2026/09/08 12:49:08.907, 0, 18 %, 12738 MiB
2026/09/08 12:49:08.910, 1, 22 %, 9797 MiB
2026/09/08 12:49:09.416, 0, 18 %, 12519 MiB
2026/09/08 12:49:09.422, 1, 22 %, 9797 MiB
2026/09/08 12:49:09.927, 0, 16 %, 12504 MiB
2026/09/08 12:49:09.935, 1, 22 %, 9797 MiB
2026/09/08 12:49:10.445, 0, 16 %, 11970 MiB
2026/09/08 12:49:10.447, 1, 22 %, 9797 MiB
2026/09/08 12:49:10.961, 0, 16 %, 11752 MiB
2026/09/08 12:49:10.965, 1, 22 %, 9797 MiB
2026/09/08 12:49:11.471, 0, 22 %, 11737 MiB
2026/09/08 12:49:11.474, 1, 28 %, 9727 MiB
2026/09/08 12:49:11.974, 0, 22 %, 10775 MiB
2026/09/08 12:49:11.974, 1, 28 %, 9576 MiB
2026/09/08 12:49:12.480, 0, 22 %, 10739 MiB
2026/09/08 12:49:12.494, 1, 22 %, 9045 MiB
2026/09/08 12:49:13.036, 0, 5 %, 9435 MiB
2026/09/08 12:49:13.042, 1, 22 %, 9045 MiB
2026/09/08 12:49:13.550, 0, 5 %, 8885 MiB
2026/09/08 12:49:13.604, 1, 25 %, 9045 MiB
2026/09/08 12:49:14.111, 0, 26 %, 8885 MiB
2026/09/08 12:49:14.113, 1, 25 %, 9045 MiB
2026/09/08 12:49:14.618, 0, 19 %, 8885 MiB
2026/09/08 12:49:14.706, 1, 20 %, 9045 MiB
2026/09/08 12:49:15.355, 0, 19 %, 8885 MiB
2026/09/08 12:49:15.461, 1, 2 %, 9045 MiB
2026/09/08 12:49:16.107, 0, 23 %, 8885 MiB
2026/09/08 12:49:16.109, 1, 2 %, 9045 MiB
2026/09/08 12:49:16.610, 0, 23 %, 8885 MiB
2026/09/08 12:49:16.662, 1, 26 %, 8879 MiB
2026/09/08 12:49:17.171, 0, 7 %, 8885 MiB
2026/09/08 12:49:17.174, 1, 1 %, 8829 MiB
2026/09/08 12:49:17.678, 0, 7 %, 8869 MiB
2026/09/08 12:49:17.775, 1, 1 %, 8292 MiB
2026/09/08 12:49:18.414, 0, 7 %, 8869 MiB
2026/09/08 12:49:18.416, 1, 0 %, 8292 MiB
2026/09/08 12:49:18.924, 0, 17 %, 8869 MiB
2026/09/08 12:49:18.926, 1, 0 %, 8292 MiB
2026/09/08 12:49:19.432, 0, 17 %, 8869 MiB
2026/09/08 12:49:19.544, 1, 20 %, 8292 MiB
2026/09/08 12:49:20.182, 0, 17 %, 8879 MiB
2026/09/08 12:49:20.189, 1, 20 %, 8292 MiB
2026/09/08 12:49:20.691, 0, 22 %, 8885 MiB
2026/09/08 12:49:20.694, 1, 22 %, 8292 MiB
2026/09/08 12:49:21.195, 0, 22 %, 8885 MiB
2026/09/08 12:49:21.196, 1, 22 %, 8292 MiB
2026/09/08 12:49:21.704, 0, 20 %, 8885 MiB
2026/09/08 12:49:21.708, 1, 22 %, 8292 MiB
2026/09/08 12:49:22.212, 0, 20 %, 8890 MiB
2026/09/08 12:49:22.243, 1, 22 %, 8292 MiB
2026/09/08 12:49:22.889, 0, 0 %, 8901 MiB
2026/09/08 12:49:22.894, 1, 13 %, 8292 MiB
2026/09/08 12:49:23.403, 0, 0 %, 8901 MiB
2026/09/08 12:49:23.411, 1, 13 %, 8292 MiB
2026/09/08 12:49:23.920, 0, 0 %, 8901 MiB
2026/09/08 12:49:23.924, 1, 16 %, 8292 MiB
2026/09/08 12:49:24.429, 0, 0 %, 8901 MiB
2026/09/08 12:49:24.498, 1, 16 %, 8292 MiB
2026/09/08 12:49:25.142, 0, 19 %, 8910 MiB
2026/09/08 12:49:25.215, 1, 10 %, 8292 MiB
2026/09/08 12:49:25.859, 0, 19 %, 8889 MiB
2026/09/08 12:49:25.990, 1, 10 %, 8292 MiB
2026/09/08 12:49:26.493, 0, 2 %, 8885 MiB
2026/09/08 12:49:26.494, 1, 10 %, 8292 MiB
2026/09/08 12:49:26.995, 0, 9 %, 8894 MiB
2026/09/08 12:49:27.082, 1, 0 %, 8292 MiB
2026/09/08 12:49:27.589, 0, 9 %, 8910 MiB
2026/09/08 12:49:27.596, 1, 0 %, 8292 MiB
2026/09/08 12:49:28.103, 0, 16 %, 8901 MiB
2026/09/08 12:49:28.182, 1, 0 %, 8292 MiB
2026/09/08 12:49:28.829, 0, 16 %, 8911 MiB
2026/09/08 12:49:28.838, 1, 11 %, 8299 MiB
2026/09/08 12:49:29.348, 0, 0 %, 8935 MiB
2026/09/08 12:49:29.351, 1, 11 %, 8299 MiB
2026/09/08 12:49:29.858, 0, 0 %, 8940 MiB
2026/09/08 12:49:29.862, 1, 10 %, 8300 MiB
2026/09/08 12:49:30.369, 0, 0 %, 8975 MiB
2026/09/08 12:49:30.498, 1, 10 %, 8311 MiB
2026/09/08 12:49:31.147, 0, 1 %, 8966 MiB
2026/09/08 12:49:31.148, 1, 10 %, 8334 MiB
2026/09/08 12:49:31.655, 0, 17 %, 8981 MiB
2026/09/08 12:49:31.659, 1, 20 %, 8344 MiB
2026/09/08 12:49:32.165, 0, 12 %, 8987 MiB
2026/09/08 12:49:32.168, 1, 20 %, 8414 MiB
2026/09/08 12:49:32.672, 0, 12 %, 8972 MiB
2026/09/08 12:49:32.675, 1, 17 %, 8425 MiB
2026/09/08 12:49:33.183, 0, 12 %, 8991 MiB
2026/09/08 12:49:33.191, 1, 17 %, 8565 MiB
2026/09/08 12:49:33.697, 0, 10 %, 9006 MiB
2026/09/08 12:49:33.703, 1, 12 %, 8602 MiB
2026/09/08 12:49:34.210, 0, 21 %, 9085 MiB
2026/09/08 12:49:34.214, 1, 12 %, 8652 MiB
2026/09/08 12:49:34.720, 0, 21 %, 9105 MiB
2026/09/08 12:49:34.727, 1, 24 %, 9160 MiB
2026/09/08 12:49:35.233, 0, 21 %, 9284 MiB
2026/09/08 12:49:35.243, 1, 15 %, 9230 MiB
2026/09/08 12:49:35.756, 0, 10 %, 9330 MiB
2026/09/08 12:49:35.760, 1, 15 %, 9315 MiB
2026/09/08 12:49:36.269, 0, 10 %, 9424 MiB
2026/09/08 12:49:36.272, 1, 15 %, 9315 MiB
2026/09/08 12:49:36.777, 0, 17 %, 9898 MiB
2026/09/08 12:49:36.777, 1, 14 %, 9727 MiB
2026/09/08 12:49:37.284, 0, 15 %, 10045 MiB
2026/09/08 12:49:37.285, 1, 14 %, 9802 MiB
2026/09/08 12:49:37.793, 0, 15 %, 10093 MiB
2026/09/08 12:49:37.803, 1, 14 %, 9810 MiB
2026/09/08 12:49:38.316, 0, 15 %, 10184 MiB
2026/09/08 12:49:38.321, 1, 14 %, 9813 MiB
2026/09/08 12:49:38.828, 0, 21 %, 10688 MiB
2026/09/08 12:49:38.831, 1, 19 %, 9836 MiB
2026/09/08 12:49:39.337, 0, 21 %, 10758 MiB
2026/09/08 12:49:39.342, 1, 19 %, 9875 MiB
2026/09/08 12:49:39.846, 0, 17 %, 10927 MiB
2026/09/08 12:49:39.849, 1, 20 %, 9936 MiB
2026/09/08 12:49:40.359, 0, 17 %, 11010 MiB
2026/09/08 12:49:40.364, 1, 20 %, 10004 MiB
2026/09/08 12:49:40.866, 0, 18 %, 10969 MiB
2026/09/08 12:49:40.871, 1, 20 %, 10036 MiB
2026/09/08 12:49:41.376, 0, 18 %, 11436 MiB
2026/09/08 12:49:41.379, 1, 19 %, 10166 MiB
2026/09/08 12:49:41.888, 0, 9 %, 11335 MiB
2026/09/08 12:49:41.890, 1, 19 %, 10147 MiB
2026/09/08 12:49:42.399, 0, 9 %, 11408 MiB
2026/09/08 12:49:42.402, 1, 15 %, 10118 MiB
2026/09/08 12:49:42.902, 0, 8 %, 11530 MiB
2026/09/08 12:49:42.905, 1, 15 %, 10003 MiB
2026/09/08 12:49:43.413, 0, 8 %, 11556 MiB
2026/09/08 12:49:43.420, 1, 20 %, 10557 MiB
2026/09/08 12:49:43.936, 0, 8 %, 11978 MiB
2026/09/08 12:49:43.940, 1, 20 %, 10567 MiB
2026/09/08 12:49:44.446, 0, 22 %, 12068 MiB
2026/09/08 12:49:44.453, 1, 19 %, 10598 MiB
2026/09/08 12:49:44.959, 0, 22 %, 12136 MiB
2026/09/08 12:49:44.969, 1, 22 %, 10638 MiB
2026/09/08 12:49:45.475, 0, 22 %, 12136 MiB
2026/09/08 12:49:45.478, 1, 22 %, 10674 MiB
2026/09/08 12:49:45.985, 0, 19 %, 12206 MiB
2026/09/08 12:49:45.989, 1, 22 %, 10736 MiB
2026/09/08 12:49:46.495, 0, 19 %, 12287 MiB
2026/09/08 12:49:46.499, 1, 23 %, 10820 MiB
2026/09/08 12:49:47.011, 0, 19 %, 12300 MiB
2026/09/08 12:49:47.012, 1, 23 %, 10821 MiB
2026/09/08 12:49:47.518, 0, 19 %, 12770 MiB
2026/09/08 12:49:47.524, 1, 23 %, 11303 MiB
2026/09/08 12:49:48.032, 0, 26 %, 12770 MiB
2026/09/08 12:49:48.033, 1, 26 %, 11303 MiB
2026/09/08 12:49:48.538, 0, 26 %, 12770 MiB
2026/09/08 12:49:48.542, 1, 26 %, 11303 MiB
2026/09/08 12:49:49.053, 0, 27 %, 12770 MiB
2026/09/08 12:49:49.061, 1, 23 %, 11303 MiB
2026/09/08 12:49:49.570, 0, 27 %, 12770 MiB
2026/09/08 12:49:49.575, 1, 23 %, 11303 MiB
2026/09/08 12:49:50.078, 0, 24 %, 12770 MiB
2026/09/08 12:49:50.081, 1, 23 %, 11303 MiB
2026/09/08 12:49:50.590, 0, 24 %, 12770 MiB
2026/09/08 12:49:50.591, 1, 25 %, 11303 MiB
2026/09/08 12:49:51.097, 0, 24 %, 12770 MiB
2026/09/08 12:49:51.102, 1, 25 %, 11081 MiB
2026/09/08 12:49:51.610, 0, 24 %, 12770 MiB
2026/09/08 12:49:51.625, 1, 25 %, 11081 MiB
2026/09/08 12:49:52.131, 0, 24 %, 12754 MiB
2026/09/08 12:49:52.132, 1, 17 %, 10550 MiB
2026/09/08 12:49:52.639, 0, 22 %, 12754 MiB
2026/09/08 12:49:52.642, 1, 22 %, 10550 MiB
2026/09/08 12:49:53.145, 0, 22 %, 12754 MiB
2026/09/08 12:49:53.150, 1, 22 %, 10550 MiB
2026/09/08 12:49:53.652, 0, 22 %, 12754 MiB
2026/09/08 12:49:53.659, 1, 20 %, 10550 MiB
2026/09/08 12:49:54.166, 0, 0 %, 12754 MiB
2026/09/08 12:49:54.169, 1, 20 %, 10550 MiB
2026/09/08 12:49:54.685, 0, 0 %, 12754 MiB
2026/09/08 12:49:54.686, 1, 21 %, 10550 MiB
2026/09/08 12:49:55.196, 0, 25 %, 12754 MiB
2026/09/08 12:49:55.199, 1, 21 %, 10550 MiB
2026/09/08 12:49:55.859, 0, 25 %, 12754 MiB
2026/09/08 12:49:55.864, 1, 1 %, 10550 MiB
2026/09/08 12:49:56.367, 0, 0 %, 12754 MiB
2026/09/08 12:49:56.375, 1, 1 %, 10550 MiB
2026/09/08 12:49:56.883, 0, 0 %, 12754 MiB
2026/09/08 12:49:56.999, 1, 19 %, 10550 MiB
2026/09/08 12:49:57.506, 0, 27 %, 12754 MiB
2026/09/08 12:49:57.516, 1, 19 %, 10550 MiB
2026/09/08 12:49:58.024, 0, 28 %, 12754 MiB
2026/09/08 12:49:58.032, 1, 20 %, 10550 MiB
2026/09/08 12:49:58.539, 0, 28 %, 12754 MiB
2026/09/08 12:49:58.545, 1, 20 %, 10348 MiB
2026/09/08 12:49:59.052, 0, 27 %, 12754 MiB
2026/09/08 12:49:59.058, 1, 17 %, 10328 MiB
2026/09/08 12:49:59.566, 0, 27 %, 12738 MiB
2026/09/08 12:49:59.567, 1, 17 %, 9797 MiB
2026/09/08 12:50:00.070, 0, 25 %, 12753 MiB
2026/09/08 12:50:00.074, 1, 18 %, 9797 MiB
2026/09/08 12:50:00.584, 0, 25 %, 12754 MiB
2026/09/08 12:50:00.585, 1, 21 %, 9797 MiB
2026/09/08 12:50:01.092, 0, 25 %, 12762 MiB
2026/09/08 12:50:01.096, 1, 21 %, 9797 MiB
2026/09/08 12:50:01.603, 0, 24 %, 12769 MiB
2026/09/08 12:50:01.610, 1, 21 %, 9797 MiB
2026/09/08 12:50:02.119, 0, 24 %, 12754 MiB
2026/09/08 12:50:02.120, 1, 17 %, 9797 MiB
2026/09/08 12:50:02.627, 0, 24 %, 12754 MiB
2026/09/08 12:50:02.629, 1, 17 %, 9797 MiB
2026/09/08 12:50:03.135, 0, 26 %, 12754 MiB
2026/09/08 12:50:03.136, 1, 15 %, 9797 MiB
2026/09/08 12:50:03.646, 0, 26 %, 12738 MiB
2026/09/08 12:50:03.648, 1, 15 %, 9797 MiB
2026/09/08 12:50:04.157, 0, 22 %, 12738 MiB
2026/09/08 12:50:04.161, 1, 17 %, 9797 MiB
2026/09/08 12:50:04.669, 0, 22 %, 12738 MiB
2026/09/08 12:50:04.674, 1, 17 %, 9797 MiB
2026/09/08 12:50:05.182, 0, 24 %, 12738 MiB
2026/09/08 12:50:05.184, 1, 16 %, 9797 MiB
2026/09/08 12:50:05.694, 0, 24 %, 12747 MiB
2026/09/08 12:50:05.697, 1, 16 %, 9727 MiB
2026/09/08 12:50:06.203, 0, 23 %, 12754 MiB
2026/09/08 12:50:06.208, 1, 16 %, 9575 MiB
2026/09/08 12:50:06.713, 0, 23 %, 12738 MiB
2026/09/08 12:50:06.714, 1, 13 %, 9045 MiB
2026/09/08 12:50:07.218, 0, 21 %, 12753 MiB
2026/09/08 12:50:07.220, 1, 13 %, 9052 MiB
2026/09/08 12:50:07.726, 0, 23 %, 12754 MiB
2026/09/08 12:50:07.728, 1, 13 %, 9062 MiB
2026/09/08 12:50:08.234, 0, 23 %, 12760 MiB
2026/09/08 12:50:08.238, 1, 19 %, 9086 MiB
2026/09/08 12:50:08.745, 0, 17 %, 12764 MiB
2026/09/08 12:50:08.747, 1, 19 %, 8875 MiB
2026/09/08 12:50:09.254, 0, 14 %, 12796 MiB
2026/09/08 12:50:09.259, 1, 19 %, 8933 MiB
2026/09/08 12:50:09.765, 0, 14 %, 12589 MiB
2026/09/08 12:50:09.771, 1, 21 %, 8206 MiB
2026/09/08 12:50:10.279, 0, 31 %, 12653 MiB
2026/09/08 12:50:10.283, 1, 16 %, 8339 MiB
2026/09/08 12:50:10.794, 0, 31 %, 12088 MiB
2026/09/08 12:50:10.800, 1, 16 %, 7809 MiB
2026/09/08 12:50:11.309, 0, 12 %, 11956 MiB
2026/09/08 12:50:11.310, 1, 19 %, 8224 MiB
2026/09/08 12:50:11.815, 0, 14 %, 12014 MiB
2026/09/08 12:50:11.825, 1, 19 %, 8292 MiB
2026/09/08 12:50:12.340, 0, 7 %, 11534 MiB
2026/09/08 12:50:12.346, 1, 19 %, 8292 MiB
2026/09/08 12:50:12.853, 0, 7 %, 11938 MiB
2026/09/08 12:50:12.857, 1, 24 %, 8292 MiB
2026/09/08 12:50:13.362, 0, 17 %, 11938 MiB
2026/09/08 12:50:13.367, 1, 21 %, 8292 MiB
2026/09/08 12:50:13.878, 0, 17 %, 11954 MiB
2026/09/08 12:50:13.879, 1, 21 %, 8292 MiB
2026/09/08 12:50:14.382, 0, 22 %, 11954 MiB
2026/09/08 12:50:14.384, 1, 21 %, 8309 MiB
2026/09/08 12:50:14.886, 0, 22 %, 11954 MiB
2026/09/08 12:50:14.886, 1, 17 %, 8348 MiB
2026/09/08 12:50:15.388, 0, 23 %, 11736 MiB
2026/09/08 12:50:15.388, 1, 17 %, 8415 MiB
2026/09/08 12:50:15.891, 0, 23 %, 11299 MiB
2026/09/08 12:50:15.895, 1, 14 %, 8477 MiB
2026/09/08 12:50:16.399, 0, 15 %, 10728 MiB
2026/09/08 12:50:16.400, 1, 14 %, 8563 MiB
2026/09/08 12:50:16.911, 0, 15 %, 9652 MiB
2026/09/08 12:50:16.912, 1, 14 %, 9045 MiB
2026/09/08 12:50:17.413, 0, 18 %, 9429 MiB
2026/09/08 12:50:17.414, 1, 20 %, 9045 MiB
2026/09/08 12:50:17.914, 0, 18 %, 9384 MiB
2026/09/08 12:50:17.914, 1, 14 %, 9045 MiB
2026/09/08 12:50:18.415, 0, 20 %, 8885 MiB
2026/09/08 12:50:18.417, 1, 14 %, 9045 MiB
2026/09/08 12:50:18.919, 0, 26 %, 8885 MiB
2026/09/08 12:50:18.922, 1, 14 %, 9045 MiB
2026/09/08 12:50:19.422, 0, 26 %, 8885 MiB
2026/09/08 12:50:19.567, 1, 17 %, 9045 MiB
2026/09/08 12:50:20.072, 0, 0 %, 8885 MiB
2026/09/08 12:50:20.151, 1, 17 %, 9045 MiB
2026/09/08 12:50:20.656, 0, 0 %, 8683 MiB
2026/09/08 12:50:20.657, 1, 1 %, 9045 MiB
2026/09/08 12:50:21.165, 0, 0 %, 8667 MiB
2026/09/08 12:50:21.213, 1, 1 %, 9045 MiB
2026/09/08 12:50:21.852, 0, 0 %, 7900 MiB
2026/09/08 12:50:21.854, 1, 3 %, 8594 MiB
2026/09/08 12:50:22.498, 0, 0 %, 7882 MiB
2026/09/08 12:50:22.515, 1, 3 %, 8054 MiB
2026/09/08 12:50:23.234, 0, 0 %, 7319 MiB
2026/09/08 12:50:23.288, 1, 1 %, 7539 MiB
2026/09/08 12:50:23.930, 0, 0 %, 7319 MiB
2026/09/08 12:50:23.932, 1, 1 %, 7539 MiB
2026/09/08 12:50:24.435, 0, 0 %, 7319 MiB
2026/09/08 12:50:24.442, 1, 7 %, 7405 MiB
2026/09/08 12:50:24.945, 0, 0 %, 7328 MiB
2026/09/08 12:50:24.948, 1, 7 %, 7099 MiB
2026/09/08 12:50:25.451, 0, 0 %, 7344 MiB
2026/09/08 12:50:25.458, 1, 0 %, 7090 MiB
2026/09/08 12:50:25.967, 0, 0 %, 7312 MiB
2026/09/08 12:50:25.981, 1, 0 %, 6034 MiB
2026/09/08 12:50:26.524, 0, 0 %, 7319 MiB
2026/09/08 12:50:26.530, 1, 4 %, 6034 MiB
2026/09/08 12:50:27.032, 0, 0 %, 7165 MiB
2026/09/08 12:50:27.034, 1, 4 %, 5812 MiB
2026/09/08 12:50:27.537, 0, 6 %, 7101 MiB
2026/09/08 12:50:27.605, 1, 4 %, 5281 MiB
2026/09/08 12:50:28.109, 0, 6 %, 6536 MiB
2026/09/08 12:50:28.110, 1, 19 %, 5281 MiB
2026/09/08 12:50:28.613, 0, 16 %, 6535 MiB
2026/09/08 12:50:28.614, 1, 19 %, 5281 MiB
2026/09/08 12:50:29.114, 0, 0 %, 6529 MiB
2026/09/08 12:50:29.247, 1, 15 %, 5281 MiB
2026/09/08 12:50:29.897, 0, 0 %, 6544 MiB
2026/09/08 12:50:29.965, 1, 15 %, 5281 MiB
2026/09/08 12:50:30.470, 0, 0 %, 6481 MiB
2026/09/08 12:50:30.471, 1, 9 %, 5286 MiB
2026/09/08 12:50:30.974, 0, 4 %, 6343 MiB
2026/09/08 12:50:30.978, 1, 9 %, 5288 MiB
2026/09/08 12:50:31.482, 0, 4 %, 6343 MiB
2026/09/08 12:50:31.613, 1, 2 %, 5303 MiB
2026/09/08 12:50:32.118, 0, 0 %, 5839 MiB
2026/09/08 12:50:32.222, 1, 2 %, 5330 MiB
2026/09/08 12:50:32.865, 0, 0 %, 5854 MiB
2026/09/08 12:50:32.868, 1, 11 %, 5345 MiB
2026/09/08 12:50:33.368, 0, 1 %, 5868 MiB
2026/09/08 12:50:33.409, 1, 11 %, 5130 MiB
2026/09/08 12:50:33.914, 0, 1 %, 5870 MiB
2026/09/08 12:50:33.916, 1, 11 %, 5199 MiB
2026/09/08 12:50:34.422, 0, 1 %, 5869 MiB
2026/09/08 12:50:34.511, 1, 0 %, 4699 MiB
2026/09/08 12:50:35.143, 0, 3 %, 5680 MiB
2026/09/08 12:50:35.147, 1, 0 %, 4933 MiB
2026/09/08 12:50:35.653, 0, 3 %, 5244 MiB
2026/09/08 12:50:35.656, 1, 0 %, 4954 MiB
2026/09/08 12:50:36.164, 0, 6 %, 5370 MiB
2026/09/08 12:50:36.168, 1, 20 %, 5631 MiB
2026/09/08 12:50:36.668, 0, 4 %, 5497 MiB
2026/09/08 12:50:36.672, 1, 20 %, 5679 MiB
2026/09/08 12:50:37.177, 0, 4 %, 5501 MiB
2026/09/08 12:50:37.181, 1, 10 %, 6149 MiB
2026/09/08 12:50:37.684, 0, 8 %, 6066 MiB
2026/09/08 12:50:37.725, 1, 10 %, 6283 MiB
2026/09/08 12:50:38.367, 0, 8 %, 6167 MiB
2026/09/08 12:50:38.485, 1, 10 %, 6303 MiB
2026/09/08 12:50:38.990, 0, 0 %, 5967 MiB
2026/09/08 12:50:38.991, 1, 1 %, 6304 MiB
2026/09/08 12:50:39.498, 0, 0 %, 6011 MiB
2026/09/08 12:50:39.641, 1, 0 %, 6309 MiB
2026/09/08 12:50:40.284, 0, 1 %, 5887 MiB
2026/09/08 12:50:40.287, 1, 4 %, 6320 MiB
2026/09/08 12:50:40.791, 0, 1 %, 5960 MiB
2026/09/08 12:50:40.793, 1, 4 %, 6794 MiB
2026/09/08 12:50:41.296, 0, 1 %, 6040 MiB
2026/09/08 12:50:41.306, 1, 1 %, 6794 MiB
2026/09/08 12:50:41.811, 0, 8 %, 6103 MiB
2026/09/08 12:50:41.814, 1, 1 %, 6806 MiB
2026/09/08 12:50:42.316, 0, 6 %, 6156 MiB
2026/09/08 12:50:42.320, 1, 1 %, 6826 MiB
2026/09/08 12:50:42.827, 0, 6 %, 6443 MiB
2026/09/08 12:50:42.827, 1, 13 %, 6866 MiB
2026/09/08 12:50:43.330, 0, 6 %, 6533 MiB
2026/09/08 12:50:43.330, 1, 13 %, 6902 MiB
2026/09/08 12:50:43.834, 0, 6 %, 6079 MiB
2026/09/08 12:50:43.841, 1, 5 %, 7036 MiB
2026/09/08 12:50:44.347, 0, 6 %, 6188 MiB
2026/09/08 12:50:44.355, 1, 5 %, 7056 MiB
2026/09/08 12:50:44.893, 0, 6 %, 6348 MiB
2026/09/08 12:50:44.894, 1, 9 %, 7057 MiB
2026/09/08 12:50:45.399, 0, 0 %, 6398 MiB
2026/09/08 12:50:45.400, 1, 9 %, 7135 MiB
2026/09/08 12:50:45.905, 0, 0 %, 6380 MiB
2026/09/08 12:50:45.910, 1, 13 %, 7546 MiB
2026/09/08 12:50:46.410, 0, 0 %, 7006 MiB
2026/09/08 12:50:46.412, 1, 13 %, 7556 MiB
2026/09/08 12:50:46.917, 0, 12 %, 6979 MiB
2026/09/08 12:50:46.920, 1, 4 %, 7564 MiB
2026/09/08 12:50:47.422, 0, 12 %, 6984 MiB
2026/09/08 12:50:47.430, 1, 4 %, 7590 MiB
2026/09/08 12:50:47.935, 0, 16 %, 7651 MiB
2026/09/08 12:50:47.938, 1, 4 %, 7595 MiB
2026/09/08 12:50:48.439, 0, 16 %, 7671 MiB
2026/09/08 12:50:48.440, 1, 0 %, 7470 MiB
2026/09/08 12:50:48.945, 0, 10 %, 7674 MiB
2026/09/08 12:50:48.947, 1, 0 %, 7462 MiB
2026/09/08 12:50:49.456, 0, 10 %, 8174 MiB
2026/09/08 12:50:49.458, 1, 15 %, 7083 MiB
2026/09/08 12:50:49.962, 0, 10 %, 8212 MiB
2026/09/08 12:50:49.967, 1, 12 %, 7178 MiB
2026/09/08 12:50:50.473, 0, 0 %, 8225 MiB
2026/09/08 12:50:50.479, 1, 12 %, 7594 MiB
2026/09/08 12:50:50.983, 0, 13 %, 8299 MiB
2026/09/08 12:50:50.988, 1, 12 %, 7749 MiB
2026/09/08 12:50:51.496, 0, 13 %, 8295 MiB
2026/09/08 12:50:51.499, 1, 14 %, 7836 MiB
2026/09/08 12:50:52.002, 0, 11 %, 8454 MiB
2026/09/08 12:50:52.003, 1, 14 %, 7877 MiB
2026/09/08 12:50:52.508, 0, 13 %, 8475 MiB
2026/09/08 12:50:52.512, 1, 18 %, 8419 MiB
2026/09/08 12:50:53.018, 0, 13 %, 8971 MiB
2026/09/08 12:50:53.020, 1, 18 %, 8462 MiB
2026/09/08 12:50:53.522, 0, 13 %, 8999 MiB
2026/09/08 12:50:53.523, 1, 19 %, 8697 MiB
2026/09/08 12:50:54.026, 0, 9 %, 9067 MiB
2026/09/08 12:50:54.030, 1, 19 %, 8802 MiB
2026/09/08 12:50:54.535, 0, 11 %, 9071 MiB
2026/09/08 12:50:54.539, 1, 28 %, 9399 MiB
2026/09/08 12:50:55.048, 0, 11 %, 9249 MiB
2026/09/08 12:50:55.051, 1, 28 %, 9913 MiB
2026/09/08 12:50:55.557, 0, 7 %, 9358 MiB
2026/09/08 12:50:55.558, 1, 13 %, 10067 MiB
2026/09/08 12:50:56.058, 0, 7 %, 9564 MiB
2026/09/08 12:50:56.062, 1, 13 %, 10480 MiB
2026/09/08 12:50:56.568, 0, 11 %, 9569 MiB
2026/09/08 12:50:56.571, 1, 18 %, 10557 MiB
2026/09/08 12:50:57.076, 0, 11 %, 9137 MiB
2026/09/08 12:50:57.078, 1, 18 %, 10570 MiB
2026/09/08 12:50:57.582, 0, 11 %, 9071 MiB
2026/09/08 12:50:57.584, 1, 15 %, 10606 MiB
2026/09/08 12:50:58.086, 0, 11 %, 9480 MiB
2026/09/08 12:50:58.089, 1, 15 %, 10443 MiB
2026/09/08 12:50:58.594, 0, 10 %, 9464 MiB
2026/09/08 12:50:58.648, 1, 20 %, 10432 MiB
2026/09/08 12:50:59.159, 0, 10 %, 8939 MiB
2026/09/08 12:50:59.271, 1, 7 %, 9983 MiB
2026/09/08 12:50:59.802, 0, 13 %, 8944 MiB
2026/09/08 12:50:59.843, 1, 7 %, 10051 MiB
2026/09/08 12:51:00.484, 0, 13 %, 8955 MiB
2026/09/08 12:51:00.538, 1, 7 %, 10068 MiB
2026/09/08 12:51:01.041, 0, 13 %, 8983 MiB
2026/09/08 12:51:01.043, 1, 23 %, 10550 MiB
2026/09/08 12:51:01.553, 0, 17 %, 9035 MiB
2026/09/08 12:51:01.553, 1, 23 %, 10297 MiB
2026/09/08 12:51:02.053, 0, 18 %, 9035 MiB
2026/09/08 12:51:02.059, 1, 23 %, 10297 MiB
2026/09/08 12:51:02.565, 0, 17 %, 9105 MiB
2026/09/08 12:51:02.601, 1, 23 %, 9797 MiB
2026/09/08 12:51:03.242, 0, 17 %, 9607 MiB
2026/09/08 12:51:03.243, 1, 4 %, 9797 MiB
2026/09/08 12:51:03.749, 0, 19 %, 9691 MiB
2026/09/08 12:51:03.750, 1, 4 %, 9797 MiB
2026/09/08 12:51:04.252, 0, 19 %, 9668 MiB
2026/09/08 12:51:04.254, 1, 16 %, 9558 MiB
2026/09/08 12:51:04.755, 0, 19 %, 9691 MiB
2026/09/08 12:51:04.755, 1, 6 %, 9544 MiB
2026/09/08 12:51:05.255, 0, 8 %, 9734 MiB
2026/09/08 12:51:05.256, 1, 6 %, 9085 MiB
2026/09/08 12:51:05.756, 0, 19 %, 9802 MiB
2026/09/08 12:51:05.756, 1, 12 %, 9092 MiB
2026/09/08 12:51:06.257, 0, 19 %, 9982 MiB
2026/09/08 12:51:06.262, 1, 12 %, 9160 MiB
2026/09/08 12:51:06.763, 0, 19 %, 10241 MiB
2026/09/08 12:51:06.763, 1, 4 %, 9318 MiB
2026/09/08 12:51:07.264, 0, 19 %, 9698 MiB
2026/09/08 12:51:07.264, 1, 6 %, 9797 MiB
2026/09/08 12:51:07.765, 0, 19 %, 8837 MiB
2026/09/08 12:51:07.778, 1, 6 %, 9596 MiB
2026/09/08 12:51:08.282, 0, 5 %, 8551 MiB
2026/09/08 12:51:08.283, 1, 6 %, 9544 MiB
2026/09/08 12:51:08.785, 0, 5 %, 8617 MiB
2026/09/08 12:51:08.785, 1, 6 %, 9045 MiB
2026/09/08 12:51:09.285, 0, 3 %, 8118 MiB
2026/09/08 12:51:09.286, 1, 6 %, 9045 MiB
2026/09/08 12:51:09.787, 0, 3 %, 8118 MiB
2026/09/08 12:51:09.854, 1, 0 %, 9045 MiB
2026/09/08 12:51:10.492, 0, 3 %, 7582 MiB
2026/09/08 12:51:10.494, 1, 0 %, 9045 MiB
2026/09/08 12:51:10.997, 0, 3 %, 7066 MiB
2026/09/08 12:51:10.997, 1, 0 %, 8791 MiB
2026/09/08 12:51:11.497, 0, 3 %, 6567 MiB
2026/09/08 12:51:11.498, 1, 0 %, 8292 MiB
2026/09/08 12:51:11.999, 0, 7 %, 6567 MiB
2026/09/08 12:51:11.999, 1, 0 %, 8292 MiB
2026/09/08 12:51:12.500, 0, 7 %, 6567 MiB
2026/09/08 12:51:12.501, 1, 0 %, 8082 MiB
2026/09/08 12:51:13.002, 0, 7 %, 6567 MiB
2026/09/08 12:51:13.002, 1, 0 %, 8086 MiB
2026/09/08 12:51:13.503, 0, 7 %, 6625 MiB
2026/09/08 12:51:13.503, 1, 0 %, 7655 MiB
2026/09/08 12:51:14.003, 0, 7 %, 6633 MiB
2026/09/08 12:51:14.029, 1, 0 %, 7822 MiB
2026/09/08 12:51:14.675, 0, 1 %, 6701 MiB
2026/09/08 12:51:14.676, 1, 0 %, 8063 MiB
2026/09/08 12:51:15.178, 0, 1 %, 6839 MiB
2026/09/08 12:51:15.179, 1, 7 %, 7539 MiB
2026/09/08 12:51:15.680, 0, 12 %, 7319 MiB
2026/09/08 12:51:15.680, 1, 10 %, 7539 MiB
2026/09/08 12:51:16.180, 0, 4 %, 7302 MiB
2026/09/08 12:51:16.182, 1, 10 %, 7286 MiB
2026/09/08 12:51:16.682, 0, 0 %, 7302 MiB
2026/09/08 12:51:16.820, 1, 10 %, 6564 MiB
2026/09/08 12:51:17.462, 0, 5 %, 7294 MiB
2026/09/08 12:51:17.462, 1, 10 %, 6533 MiB
2026/09/08 12:51:17.963, 0, 1 %, 7286 MiB
2026/09/08 12:51:17.964, 1, 10 %, 6034 MiB
2026/09/08 12:51:18.465, 0, 0 %, 7035 MiB
2026/09/08 12:51:18.465, 1, 0 %, 6034 MiB
2026/09/08 12:51:18.965, 0, 5 %, 6816 MiB
2026/09/08 12:51:19.050, 1, 1 %, 6089 MiB
2026/09/08 12:51:19.552, 0, 7 %, 6274 MiB
2026/09/08 12:51:19.561, 1, 2 %, 6125 MiB
2026/09/08 12:51:20.062, 0, 7 %, 5777 MiB
2026/09/08 12:51:20.089, 1, 0 %, 6149 MiB
2026/09/08 12:51:20.591, 0, 7 %, 5784 MiB
2026/09/08 12:51:20.593, 1, 4 %, 5920 MiB
2026/09/08 12:51:21.100, 0, 7 %, 5784 MiB
2026/09/08 12:51:21.100, 1, 4 %, 5829 MiB
2026/09/08 12:51:21.603, 0, 0 %, 5768 MiB
2026/09/08 12:51:21.635, 1, 4 %, 5127 MiB
2026/09/08 12:51:22.140, 0, 0 %, 5768 MiB
2026/09/08 12:51:22.249, 1, 1 %, 5111 MiB
2026/09/08 12:51:22.758, 0, 0 %, 5729 MiB
2026/09/08 12:51:22.992, 1, 1 %, 4056 MiB
2026/09/08 12:51:23.630, 0, 0 %, 5518 MiB
2026/09/08 12:51:23.650, 1, 0 %, 4104 MiB
2026/09/08 12:51:24.288, 0, 0 %, 5518 MiB
2026/09/08 12:51:24.412, 1, 0 %, 4088 MiB
2026/09/08 12:51:24.918, 0, 0 %, 4946 MiB
2026/09/08 12:51:24.921, 1, 10 %, 3022 MiB
2026/09/08 12:51:25.423, 0, 0 %, 4947 MiB
2026/09/08 12:51:25.512, 1, 10 %, 3022 MiB
2026/09/08 12:51:26.012, 0, 0 %, 4961 MiB
2026/09/08 12:51:26.053, 1, 10 %, 3022 MiB
2026/09/08 12:51:26.692, 0, 1 %, 4979 MiB
2026/09/08 12:51:26.744, 1, 10 %, 3022 MiB
2026/09/08 12:51:27.249, 0, 1 %, 4991 MiB
2026/09/08 12:51:27.250, 1, 1 %, 3022 MiB
2026/09/08 12:51:27.751, 0, 0 %, 4989 MiB
2026/09/08 12:51:27.766, 1, 1 %, 3022 MiB
2026/09/08 12:51:28.269, 0, 0 %, 5004 MiB
2026/09/08 12:51:28.272, 1, 0 %, 3022 MiB
2026/09/08 12:51:28.775, 0, 3 %, 4994 MiB
2026/09/08 12:51:28.828, 1, 0 %, 3022 MiB
2026/09/08 12:51:29.334, 0, 3 %, 5098 MiB
2026/09/08 12:51:29.336, 1, 0 %, 3022 MiB
2026/09/08 12:51:29.839, 0, 6 %, 5233 MiB
2026/09/08 12:51:29.841, 1, 0 %, 3030 MiB
2026/09/08 12:51:30.342, 0, 6 %, 5429 MiB
2026/09/08 12:51:30.343, 1, 2 %, 3042 MiB
2026/09/08 12:51:30.847, 0, 8 %, 5528 MiB
2026/09/08 12:51:30.879, 1, 2 %, 3084 MiB
2026/09/08 12:51:31.389, 0, 8 %, 6063 MiB
2026/09/08 12:51:31.391, 1, 3 %, 3104 MiB
2026/09/08 12:51:31.894, 0, 8 %, 6176 MiB
2026/09/08 12:51:31.900, 1, 3 %, 3145 MiB
2026/09/08 12:51:32.401, 0, 8 %, 6766 MiB
2026/09/08 12:51:32.404, 1, 3 %, 3233 MiB
2026/09/08 12:51:32.908, 0, 12 %, 7005 MiB
2026/09/08 12:51:32.911, 1, 4 %, 3528 MiB
2026/09/08 12:51:33.420, 0, 8 %, 7032 MiB
2026/09/08 12:51:33.425, 1, 4 %, 4014 MiB
2026/09/08 12:51:33.930, 0, 8 %, 7517 MiB
2026/09/08 12:51:33.939, 1, 4 %, 4227 MiB
2026/09/08 12:51:34.446, 0, 8 %, 7714 MiB
2026/09/08 12:51:34.448, 1, 5 %, 4355 MiB
2026/09/08 12:51:35.093, 0, 0 %, 7798 MiB
2026/09/08 12:51:35.229, 1, 0 %, 4442 MiB
2026/09/08 12:51:35.869, 0, 0 %, 7962 MiB
2026/09/08 12:51:35.899, 1, 0 %, 5326 MiB
2026/09/08 12:51:36.406, 0, 10 %, 8375 MiB
2026/09/08 12:51:36.409, 1, 0 %, 5396 MiB
2026/09/08 12:51:36.910, 0, 10 %, 8546 MiB
2026/09/08 12:51:36.956, 1, 3 %, 5466 MiB
2026/09/08 12:51:37.501, 0, 0 %, 8687 MiB
2026/09/08 12:51:37.503, 1, 2 %, 5537 MiB
2026/09/08 12:51:38.006, 0, 0 %, 8788 MiB
2026/09/08 12:51:38.024, 1, 2 %, 5559 MiB
2026/09/08 12:51:38.528, 0, 13 %, 8817 MiB
2026/09/08 12:51:38.533, 1, 3 %, 5571 MiB
2026/09/08 12:51:39.036, 0, 13 %, 9756 MiB
2026/09/08 12:51:39.041, 1, 3 %, 6015 MiB
2026/09/08 12:51:39.547, 0, 13 %, 9913 MiB
2026/09/08 12:51:39.642, 1, 3 %, 6081 MiB
2026/09/08 12:51:40.172, 0, 8 %, 9921 MiB
2026/09/08 12:51:40.312, 1, 16 %, 6156 MiB
2026/09/08 12:51:40.950, 0, 0 %, 10412 MiB
2026/09/08 12:51:41.028, 1, 5 %, 6236 MiB
2026/09/08 12:51:41.559, 0, 0 %, 10421 MiB
2026/09/08 12:51:41.651, 1, 8 %, 6347 MiB
2026/09/08 12:51:42.154, 0, 0 %, 10437 MiB
2026/09/08 12:51:42.156, 1, 8 %, 6362 MiB
2026/09/08 12:51:42.661, 0, 14 %, 10430 MiB
2026/09/08 12:51:42.662, 1, 10 %, 6902 MiB
2026/09/08 12:51:43.164, 0, 14 %, 10435 MiB
2026/09/08 12:51:43.167, 1, 10 %, 7043 MiB
2026/09/08 12:51:43.669, 0, 15 %, 10437 MiB
2026/09/08 12:51:43.676, 1, 10 %, 7076 MiB
2026/09/08 12:51:44.181, 0, 15 %, 10459 MiB
2026/09/08 12:51:44.374, 1, 13 %, 7587 MiB
2026/09/08 12:51:44.880, 0, 12 %, 10464 MiB
2026/09/08 12:51:45.151, 1, 0 %, 7587 MiB
2026/09/08 12:51:45.656, 0, 6 %, 10487 MiB
2026/09/08 12:51:45.656, 1, 0 %, 7659 MiB
2026/09/08 12:51:46.158, 0, 6 %, 10508 MiB
2026/09/08 12:51:46.165, 1, 0 %, 7731 MiB
2026/09/08 12:51:46.672, 0, 14 %, 10533 MiB
2026/09/08 12:51:46.676, 1, 11 %, 7836 MiB
2026/09/08 12:51:47.184, 0, 14 %, 10396 MiB
2026/09/08 12:51:47.188, 1, 11 %, 8259 MiB
2026/09/08 12:51:47.688, 0, 18 %, 9856 MiB
2026/09/08 12:51:47.770, 1, 9 %, 8359 MiB
2026/09/08 12:51:48.279, 0, 21 %, 9988 MiB
2026/09/08 12:51:48.280, 1, 9 %, 8455 MiB
2026/09/08 12:51:48.785, 0, 21 %, 10016 MiB
2026/09/08 12:51:48.788, 1, 15 %, 8460 MiB
2026/09/08 12:51:49.295, 0, 15 %, 10053 MiB
2026/09/08 12:51:49.298, 1, 15 %, 8664 MiB
2026/09/08 12:51:49.809, 0, 15 %, 10504 MiB
2026/09/08 12:51:49.815, 1, 11 %, 8684 MiB
2026/09/08 12:51:50.346, 0, 23 %, 10617 MiB
2026/09/08 12:51:50.352, 1, 11 %, 8765 MiB
2026/09/08 12:51:50.865, 0, 0 %, 10621 MiB
2026/09/08 12:51:50.868, 1, 11 %, 8835 MiB
2026/09/08 12:51:51.373, 0, 0 %, 10758 MiB
2026/09/08 12:51:51.379, 1, 6 %, 9358 MiB
2026/09/08 12:51:51.884, 0, 0 %, 10797 MiB
2026/09/08 12:51:51.900, 1, 13 %, 9363 MiB
2026/09/08 12:51:52.415, 0, 18 %, 11213 MiB
2026/09/08 12:51:52.419, 1, 23 %, 9913 MiB
2026/09/08 12:51:52.919, 0, 18 %, 11300 MiB
2026/09/08 12:51:52.921, 1, 23 %, 9988 MiB
2026/09/08 12:51:53.423, 0, 18 %, 11368 MiB
2026/09/08 12:51:53.425, 1, 16 %, 10075 MiB
2026/09/08 12:51:53.932, 0, 17 %, 11368 MiB
2026/09/08 12:51:53.936, 1, 16 %, 10091 MiB
2026/09/08 12:51:54.439, 0, 18 %, 11503 MiB
2026/09/08 12:51:54.441, 1, 16 %, 10598 MiB
2026/09/08 12:51:54.949, 0, 18 %, 11545 MiB
2026/09/08 12:51:54.951, 1, 15 %, 10606 MiB
2026/09/08 12:51:55.456, 0, 18 %, 12034 MiB
2026/09/08 12:51:55.458, 1, 16 %, 10673 MiB
2026/09/08 12:51:55.960, 0, 15 %, 12040 MiB
2026/09/08 12:51:55.963, 1, 16 %, 10735 MiB
2026/09/08 12:51:56.466, 0, 15 %, 12040 MiB
2026/09/08 12:51:56.472, 1, 16 %, 10820 MiB
2026/09/08 12:51:56.981, 0, 15 %, 12068 MiB
2026/09/08 12:51:56.984, 1, 16 %, 11137 MiB
2026/09/08 12:51:57.488, 0, 20 %, 12136 MiB
2026/09/08 12:51:57.491, 1, 16 %, 11074 MiB
2026/09/08 12:51:57.996, 0, 20 %, 12129 MiB
2026/09/08 12:51:58.017, 1, 21 %, 10550 MiB
2026/09/08 12:51:58.582, 0, 13 %, 12069 MiB
2026/09/08 12:51:58.585, 1, 21 %, 10550 MiB
2026/09/08 12:51:59.091, 0, 13 %, 12070 MiB
2026/09/08 12:51:59.092, 1, 15 %, 10557 MiB
2026/09/08 12:51:59.603, 0, 15 %, 12002 MiB
2026/09/08 12:51:59.606, 1, 15 %, 10569 MiB
2026/09/08 12:52:00.111, 0, 15 %, 12002 MiB
2026/09/08 12:52:00.113, 1, 25 %, 10606 MiB
2026/09/08 12:52:00.616, 0, 22 %, 12002 MiB
2026/09/08 12:52:00.629, 1, 25 %, 10448 MiB
2026/09/08 12:52:01.134, 0, 22 %, 11784 MiB
2026/09/08 12:52:01.140, 1, 25 %, 10427 MiB
2026/09/08 12:52:01.644, 0, 14 %, 11761 MiB
2026/09/08 12:52:01.646, 1, 18 %, 10065 MiB
2026/09/08 12:52:02.146, 0, 14 %, 11002 MiB
2026/09/08 12:52:02.156, 1, 18 %, 10068 MiB
2026/09/08 12:52:02.662, 0, 14 %, 10994 MiB
2026/09/08 12:52:02.663, 1, 23 %, 10550 MiB
2026/09/08 12:52:03.163, 0, 19 %, 10451 MiB
2026/09/08 12:52:03.166, 1, 25 %, 10550 MiB
2026/09/08 12:52:03.670, 0, 21 %, 10451 MiB
2026/09/08 12:52:03.674, 1, 25 %, 10550 MiB
2026/09/08 12:52:04.179, 0, 21 %, 10451 MiB
2026/09/08 12:52:04.182, 1, 22 %, 10550 MiB
2026/09/08 12:52:04.684, 0, 22 %, 10451 MiB
2026/09/08 12:52:04.687, 1, 22 %, 10550 MiB
2026/09/08 12:52:05.190, 0, 28 %, 10451 MiB
2026/09/08 12:52:05.195, 1, 21 %, 10550 MiB
2026/09/08 12:52:05.701, 0, 28 %, 10451 MiB
2026/09/08 12:52:05.702, 1, 21 %, 10550 MiB
2026/09/08 12:52:06.204, 0, 21 %, 10250 MiB
2026/09/08 12:52:06.206, 1, 21 %, 10550 MiB
2026/09/08 12:52:06.712, 0, 21 %, 10226 MiB
2026/09/08 12:52:06.715, 1, 23 %, 10550 MiB
2026/09/08 12:52:07.221, 0, 21 %, 9684 MiB
2026/09/08 12:52:07.222, 1, 9 %, 10550 MiB
2026/09/08 12:52:07.722, 0, 25 %, 9684 MiB
2026/09/08 12:52:07.727, 1, 9 %, 10550 MiB
2026/09/08 12:52:08.233, 0, 25 %, 9684 MiB
2026/09/08 12:52:08.235, 1, 21 %, 10550 MiB
2026/09/08 12:52:08.735, 0, 17 %, 9684 MiB
2026/09/08 12:52:08.736, 1, 21 %, 10550 MiB
2026/09/08 12:52:09.243, 0, 17 %, 9684 MiB
2026/09/08 12:52:09.251, 1, 21 %, 10550 MiB
2026/09/08 12:52:09.757, 0, 23 %, 9684 MiB
2026/09/08 12:52:09.758, 1, 21 %, 10550 MiB
2026/09/08 12:52:10.262, 0, 23 %, 9684 MiB
2026/09/08 12:52:10.265, 1, 21 %, 10380 MiB
2026/09/08 12:52:10.770, 0, 23 %, 9675 MiB
2026/09/08 12:52:10.773, 1, 21 %, 10297 MiB
2026/09/08 12:52:11.275, 0, 23 %, 9668 MiB
2026/09/08 12:52:11.297, 1, 21 %, 9575 MiB
2026/09/08 12:52:11.803, 0, 17 %, 9653 MiB
2026/09/08 12:52:11.808, 1, 17 %, 9304 MiB
2026/09/08 12:52:12.312, 0, 17 %, 9636 MiB
2026/09/08 12:52:12.313, 1, 17 %, 8791 MiB
2026/09/08 12:52:12.820, 0, 19 %, 9636 MiB
2026/09/08 12:52:12.821, 1, 22 %, 8292 MiB
2026/09/08 12:52:13.322, 0, 19 %, 9636 MiB
2026/09/08 12:52:13.323, 1, 23 %, 8292 MiB
2026/09/08 12:52:13.823, 0, 17 %, 9636 MiB
2026/09/08 12:52:13.824, 1, 23 %, 8292 MiB
2026/09/08 12:52:14.325, 0, 18 %, 9636 MiB
2026/09/08 12:52:14.325, 1, 23 %, 8292 MiB
2026/09/08 12:52:14.826, 0, 19 %, 9636 MiB
2026/09/08 12:52:14.826, 1, 23 %, 8292 MiB
2026/09/08 12:52:15.327, 0, 19 %, 9636 MiB
2026/09/08 12:52:15.328, 1, 23 %, 8292 MiB
2026/09/08 12:52:15.829, 0, 19 %, 9636 MiB
2026/09/08 12:52:15.830, 1, 19 %, 8292 MiB
2026/09/08 12:52:16.331, 0, 19 %, 9636 MiB
2026/09/08 12:52:16.331, 1, 21 %, 8292 MiB
2026/09/08 12:52:16.832, 0, 19 %, 9636 MiB
2026/09/08 12:52:16.832, 1, 19 %, 8292 MiB
2026/09/08 12:52:17.332, 0, 19 %, 9636 MiB
2026/09/08 12:52:17.332, 1, 19 %, 8292 MiB
2026/09/08 12:52:17.832, 0, 5 %, 9353 MiB
2026/09/08 12:52:17.833, 1, 19 %, 8038 MiB
2026/09/08 12:52:18.334, 0, 5 %, 9084 MiB
2026/09/08 12:52:18.334, 1, 19 %, 8038 MiB
2026/09/08 12:52:18.835, 0, 4 %, 8086 MiB
2026/09/08 12:52:18.835, 1, 14 %, 7539 MiB
2026/09/08 12:52:19.335, 0, 4 %, 8086 MiB
2026/09/08 12:52:19.336, 1, 14 %, 7539 MiB
2026/09/08 12:52:19.836, 0, 6 %, 8086 MiB
2026/09/08 12:52:19.837, 1, 14 %, 7539 MiB
2026/09/08 12:52:20.337, 0, 9 %, 7818 MiB
2026/09/08 12:52:20.337, 1, 14 %, 7539 MiB
2026/09/08 12:52:20.838, 0, 9 %, 7818 MiB
2026/09/08 12:52:20.838, 1, 14 %, 7539 MiB
2026/09/08 12:52:21.339, 0, 7 %, 7318 MiB
2026/09/08 12:52:21.340, 1, 13 %, 7317 MiB
2026/09/08 12:52:21.843, 0, 7 %, 7302 MiB
2026/09/08 12:52:21.845, 1, 12 %, 7032 MiB
2026/09/08 12:52:22.347, 0, 7 %, 7286 MiB
2026/09/08 12:52:22.348, 1, 10 %, 6533 MiB
2026/09/08 12:52:22.849, 0, 7 %, 7286 MiB
2026/09/08 12:52:22.849, 1, 13 %, 6033 MiB
2026/09/08 12:52:23.349, 0, 7 %, 7286 MiB
2026/09/08 12:52:23.350, 1, 13 %, 6033 MiB
2026/09/08 12:52:23.850, 0, 5 %, 7286 MiB
2026/09/08 12:52:23.851, 1, 13 %, 6033 MiB
2026/09/08 12:52:24.352, 0, 5 %, 7286 MiB
2026/09/08 12:52:24.355, 1, 13 %, 6033 MiB
2026/09/08 12:52:24.856, 0, 5 %, 7018 MiB
2026/09/08 12:52:24.857, 1, 6 %, 6033 MiB
2026/09/08 12:52:25.358, 0, 5 %, 6734 MiB
2026/09/08 12:52:25.358, 1, 9 %, 5780 MiB
2026/09/08 12:52:25.858, 0, 5 %, 5736 MiB
2026/09/08 12:52:25.859, 1, 9 %, 5780 MiB
2026/09/08 12:52:26.359, 0, 6 %, 5468 MiB
2026/09/08 12:52:26.359, 1, 9 %, 5281 MiB
2026/09/08 12:52:26.859, 0, 6 %, 5468 MiB
2026/09/08 12:52:26.860, 1, 4 %, 5281 MiB
2026/09/08 12:52:27.360, 0, 6 %, 4968 MiB
2026/09/08 12:52:27.361, 1, 4 %, 5281 MiB
2026/09/08 12:52:27.861, 0, 5 %, 4952 MiB
2026/09/08 12:52:27.861, 1, 3 %, 5027 MiB
2026/09/08 12:52:28.361, 0, 6 %, 4684 MiB
2026/09/08 12:52:28.363, 1, 3 %, 5027 MiB
2026/09/08 12:52:28.864, 0, 4 %, 4185 MiB
2026/09/08 12:52:28.864, 1, 3 %, 4528 MiB
2026/09/08 12:52:29.364, 0, 4 %, 4185 MiB
2026/09/08 12:52:29.364, 1, 4 %, 4528 MiB
2026/09/08 12:52:29.865, 0, 4 %, 4185 MiB
2026/09/08 12:52:29.865, 1, 4 %, 4528 MiB
2026/09/08 12:52:30.365, 0, 6 %, 4185 MiB
2026/09/08 12:52:30.366, 1, 4 %, 4528 MiB
2026/09/08 12:52:30.866, 0, 9 %, 3901 MiB
2026/09/08 12:52:30.866, 1, 4 %, 4274 MiB
2026/09/08 12:52:31.366, 0, 9 %, 3401 MiB
2026/09/08 12:52:31.371, 1, 1 %, 3605 MiB
2026/09/08 12:52:31.872, 0, 9 %, 3385 MiB
2026/09/08 12:52:31.872, 1, 1 %, 3521 MiB
2026/09/08 12:52:32.373, 0, 7 %, 3385 MiB
2026/09/08 12:52:32.373, 1, 1 %, 3022 MiB
2026/09/08 12:52:32.873, 0, 7 %, 3385 MiB
2026/09/08 12:52:32.873, 1, 2 %, 3022 MiB
2026/09/08 12:52:33.373, 0, 6 %, 3369 MiB
2026/09/08 12:52:33.373, 1, 2 %, 2769 MiB
2026/09/08 12:52:33.874, 0, 6 %, 3369 MiB
2026/09/08 12:52:33.875, 1, 2 %, 2769 MiB
2026/09/08 12:52:34.376, 0, 6 %, 3369 MiB
2026/09/08 12:52:34.376, 1, 2 %, 2269 MiB
2026/09/08 12:52:34.876, 0, 6 %, 3369 MiB
2026/09/08 12:52:34.877, 1, 2 %, 2269 MiB
2026/09/08 12:52:35.377, 0, 6 %, 3369 MiB
2026/09/08 12:52:35.377, 1, 2 %, 2269 MiB
2026/09/08 12:52:35.877, 0, 6 %, 3369 MiB
2026/09/08 12:52:35.877, 1, 2 %, 2029 MiB
2026/09/08 12:52:36.377, 0, 6 %, 3353 MiB
2026/09/08 12:52:36.378, 1, 2 %, 2016 MiB
2026/09/08 12:52:36.878, 0, 3 %, 3353 MiB
2026/09/08 12:52:36.878, 1, 2 %, 1517 MiB
2026/09/08 12:52:37.378, 0, 4 %, 3353 MiB
2026/09/08 12:52:37.378, 1, 2 %, 1517 MiB
2026/09/08 12:52:37.878, 0, 4 %, 3353 MiB
2026/09/08 12:52:37.879, 1, 1 %, 1517 MiB
2026/09/08 12:52:38.379, 0, 4 %, 3353 MiB
2026/09/08 12:52:38.379, 1, 1 %, 1517 MiB
2026/09/08 12:52:38.879, 0, 4 %, 3353 MiB
2026/09/08 12:52:38.880, 1, 1 %, 1517 MiB
2026/09/08 12:52:39.380, 0, 4 %, 3353 MiB
2026/09/08 12:52:39.381, 1, 2 %, 1517 MiB
2026/09/08 12:52:39.881, 0, 4 %, 3353 MiB
2026/09/08 12:52:39.881, 1, 2 %, 1517 MiB
2026/09/08 12:52:40.381, 0, 4 %, 3353 MiB
2026/09/08 12:52:40.381, 1, 2 %, 1517 MiB
2026/09/08 12:52:40.882, 0, 4 %, 3337 MiB
2026/09/08 12:52:40.882, 1, 2 %, 1263 MiB
2026/09/08 12:52:41.382, 0, 2 %, 3337 MiB
2026/09/08 12:52:41.382, 1, 2 %, 1263 MiB
2026/09/08 12:52:41.883, 0, 2 %, 3337 MiB
2026/09/08 12:52:41.883, 1, 2 %, 764 MiB
2026/09/08 12:52:42.383, 0, 2 %, 3337 MiB
2026/09/08 12:52:42.383, 1, 2 %, 764 MiB
2026/09/08 12:52:42.883, 0, 0 %, 3337 MiB
2026/09/08 12:52:42.883, 1, 2 %, 764 MiB
2026/09/08 12:52:43.384, 0, 0 %, 3337 MiB
2026/09/08 12:52:43.384, 1, 2 %, 764 MiB
2026/09/08 12:52:43.884, 0, 0 %, 3337 MiB
2026/09/08 12:52:43.884, 1, 0 %, 764 MiB
2026/09/08 12:52:44.384, 0, 0 %, 3337 MiB
2026/09/08 12:52:44.385, 1, 0 %, 764 MiB
2026/09/08 12:52:44.885, 0, 0 %, 3337 MiB
2026/09/08 12:52:44.885, 1, 0 %, 764 MiB
2026/09/08 12:52:45.385, 0, 0 %, 3337 MiB
2026/09/08 12:52:45.385, 1, 0 %, 764 MiB
2026/09/08 12:52:45.886, 0, 0 %, 3337 MiB
2026/09/08 12:52:45.886, 1, 0 %, 764 MiB
2026/09/08 12:52:46.386, 0, 0 %, 3337 MiB
2026/09/08 12:52:46.387, 1, 0 %, 764 MiB
2026/09/08 12:52:46.887, 0, 0 %, 3337 MiB
2026/09/08 12:52:46.887, 1, 0 %, 764 MiB
2026/09/08 12:52:47.387, 0, 0 %, 3337 MiB
2026/09/08 12:52:47.387, 1, 0 %, 764 MiB
2026/09/08 12:52:47.888, 0, 0 %, 3337 MiB
2026/09/08 12:52:47.888, 1, 0 %, 764 MiB
2026/09/08 12:52:48.388, 0, 0 %, 3069 MiB
2026/09/08 12:52:48.388, 1, 0 %, 764 MiB
2026/09/08 12:52:48.888, 0, 0 %, 2570 MiB
2026/09/08 12:52:48.893, 1, 0 %, 764 MiB
2026/09/08 12:52:49.393, 0, 0 %, 2570 MiB
2026/09/08 12:52:49.394, 1, 0 %, 764 MiB
2026/09/08 12:52:49.894, 0, 0 %, 2570 MiB
2026/09/08 12:52:49.964, 1, 0 %, 764 MiB
2026/09/08 12:52:50.585, 0, 0 %, 2570 MiB
2026/09/08 12:52:50.585, 1, 0 %, 764 MiB
2026/09/08 12:52:51.086, 0, 0 %, 2570 MiB
2026/09/08 12:52:51.125, 1, 0 %, 764 MiB
2026/09/08 12:52:51.746, 0, 0 %, 2570 MiB
2026/09/08 12:52:51.746, 1, 0 %, 764 MiB
2026/09/08 12:52:52.247, 0, 0 %, 2570 MiB
2026/09/08 12:52:52.291, 1, 0 %, 764 MiB
2026/09/08 12:52:52.909, 0, 0 %, 2302 MiB
2026/09/08 12:52:52.909, 1, 0 %, 764 MiB
2026/09/08 12:52:53.409, 0, 0 %, 2302 MiB
2026/09/08 12:52:53.473, 1, 0 %, 764 MiB
2026/09/08 12:52:54.091, 0, 0 %, 1803 MiB
2026/09/08 12:52:54.091, 1, 0 %, 764 MiB
2026/09/08 12:52:54.591, 0, 0 %, 1803 MiB
2026/09/08 12:52:54.711, 1, 0 %, 764 MiB
2026/09/08 12:52:55.328, 0, 0 %, 1786 MiB
2026/09/08 12:52:55.328, 1, 0 %, 510 MiB
2026/09/08 12:52:55.828, 0, 0 %, 1786 MiB
2026/09/08 12:52:55.949, 1, 0 %, 510 MiB
2026/09/08 12:52:56.450, 0, 0 %, 1518 MiB
2026/09/08 12:52:56.450, 1, 0 %, 11 MiB
2026/09/08 12:52:57.041, 0, 0 %, 1017 MiB
2026/09/08 12:52:57.041, 1, 0 %, 9 MiB
2026/09/08 12:52:57.542, 0, 0 %, 1017 MiB
2026/09/08 12:52:57.671, 1, 0 %, 9 MiB
2026/09/08 12:52:58.303, 0, 0 %, 1017 MiB
2026/09/08 12:52:58.303, 1, 0 %, 9 MiB
2026/09/08 12:52:58.803, 0, 0 %, 1017 MiB
2026/09/08 12:52:58.828, 1, 0 %, 9 MiB
2026/09/08 12:52:59.445, 0, 0 %, 1017 MiB
2026/09/08 12:52:59.445, 1, 0 %, 9 MiB
2026/09/08 12:52:59.945, 0, 0 %, 1017 MiB
2026/09/08 12:52:59.969, 1, 0 %, 9 MiB
2026/09/08 12:53:00.605, 0, 0 %, 1017 MiB
2026/09/08 12:53:00.605, 1, 0 %, 9 MiB
2026/09/08 12:53:01.105, 0, 0 %, 1017 MiB
2026/09/08 12:53:01.228, 1, 0 %, 9 MiB
2026/09/08 12:53:01.879, 0, 0 %, 1017 MiB
2026/09/08 12:53:01.879, 1, 0 %, 9 MiB
2026/09/08 12:53:02.379, 0, 0 %, 1017 MiB
2026/09/08 12:53:02.434, 1, 0 %, 9 MiB
2026/09/08 12:53:03.056, 0, 0 %, 1017 MiB
2026/09/08 12:53:03.056, 1, 0 %, 9 MiB
2026/09/08 12:53:03.557, 0, 0 %, 1017 MiB
2026/09/08 12:53:03.580, 1, 0 %, 9 MiB
2026/09/08 12:53:04.202, 0, 0 %, 1017 MiB
2026/09/08 12:53:04.202, 1, 0 %, 9 MiB
2026/09/08 12:53:04.702, 0, 0 %, 1017 MiB
2026/09/08 12:53:04.782, 1, 0 %, 9 MiB
2026/09/08 12:53:05.433, 0, 0 %, 1017 MiB
2026/09/08 12:53:05.433, 1, 0 %, 9 MiB
2026/09/08 12:53:05.933, 0, 0 %, 1017 MiB
2026/09/08 12:53:06.047, 1, 0 %, 9 MiB
2026/09/08 12:53:06.673, 0, 0 %, 1017 MiB
2026/09/08 12:53:06.673, 1, 0 %, 9 MiB
2026/09/08 12:53:07.173, 0, 0 %, 1017 MiB
2026/09/08 12:53:07.200, 1, 0 %, 9 MiB
2026/09/08 12:53:07.822, 0, 0 %, 1017 MiB
2026/09/08 12:53:07.822, 1, 0 %, 9 MiB
2026/09/08 12:53:08.338, 0, 0 %, 1017 MiB
2026/09/08 12:53:08.366, 1, 0 %, 9 MiB
2026/09/08 12:53:09.013, 0, 0 %, 1017 MiB
2026/09/08 12:53:09.014, 1, 0 %, 9 MiB
2026/09/08 12:53:09.514, 0, 0 %, 1017 MiB
2026/09/08 12:53:09.514, 1, 0 %, 9 MiB
2026/09/08 12:53:10.015, 0, 0 %, 1017 MiB
2026/09/08 12:53:10.037, 1, 0 %, 9 MiB
2026/09/08 12:53:10.662, 0, 0 %, 1017 MiB
2026/09/08 12:53:10.662, 1, 0 %, 9 MiB
2026/09/08 12:53:11.162, 0, 0 %, 1017 MiB
2026/09/08 12:53:11.185, 1, 0 %, 9 MiB
2026/09/08 12:53:11.807, 0, 0 %, 1017 MiB
2026/09/08 12:53:11.808, 1, 0 %, 9 MiB
2026/09/08 12:53:12.308, 0, 0 %, 1017 MiB
2026/09/08 12:53:12.355, 1, 0 %, 9 MiB
2026/09/08 12:53:13.004, 0, 0 %, 1017 MiB
2026/09/08 12:53:13.004, 1, 0 %, 9 MiB
2026/09/08 12:53:13.504, 0, 0 %, 1017 MiB
2026/09/08 12:53:13.505, 1, 0 %, 9 MiB
2026/09/08 12:53:14.005, 0, 0 %, 1017 MiB
2026/09/08 12:53:14.046, 1, 0 %, 9 MiB
2026/09/08 12:53:14.668, 0, 0 %, 1017 MiB
2026/09/08 12:53:14.668, 1, 0 %, 9 MiB
2026/09/08 12:53:15.169, 0, 0 %, 1017 MiB
2026/09/08 12:53:15.186, 1, 0 %, 9 MiB
2026/09/08 12:53:15.805, 0, 0 %, 1017 MiB
2026/09/08 12:53:15.805, 1, 0 %, 9 MiB
2026/09/08 12:53:16.306, 0, 0 %, 1017 MiB
2026/09/08 12:53:16.337, 1, 0 %, 9 MiB
2026/09/08 12:53:16.976, 0, 0 %, 1017 MiB
2026/09/08 12:53:16.976, 1, 0 %, 9 MiB
2026/09/08 12:53:17.476, 0, 0 %, 1017 MiB
2026/09/08 12:53:17.476, 1, 0 %, 9 MiB
2026/09/08 12:53:17.976, 0, 0 %, 1017 MiB
2026/09/08 12:53:18.064, 1, 0 %, 9 MiB
2026/09/08 12:53:18.687, 0, 0 %, 1017 MiB
2026/09/08 12:53:18.688, 1, 0 %, 9 MiB
2026/09/08 12:53:19.188, 0, 0 %, 1017 MiB
2026/09/08 12:53:19.208, 1, 0 %, 9 MiB
2026/09/08 12:53:19.828, 0, 0 %, 1017 MiB
2026/09/08 12:53:19.828, 1, 0 %, 9 MiB
2026/09/08 12:53:20.328, 0, 0 %, 1017 MiB
2026/09/08 12:53:20.351, 1, 0 %, 9 MiB
2026/09/08 12:53:20.977, 0, 0 %, 1017 MiB
2026/09/08 12:53:20.977, 1, 0 %, 9 MiB
2026/09/08 12:53:21.477, 0, 0 %, 1017 MiB
2026/09/08 12:53:21.594, 1, 0 %, 9 MiB
2026/09/08 12:53:22.248, 0, 0 %, 1017 MiB
2026/09/08 12:53:22.248, 1, 0 %, 9 MiB
2026/09/08 12:53:22.748, 0, 0 %, 1017 MiB
2026/09/08 12:53:22.853, 1, 0 %, 9 MiB
2026/09/08 12:53:23.478, 0, 0 %, 1017 MiB
2026/09/08 12:53:23.478, 1, 0 %, 9 MiB
2026/09/08 12:53:23.978, 0, 0 %, 1017 MiB
2026/09/08 12:53:23.994, 1, 0 %, 9 MiB
2026/09/08 12:53:24.612, 0, 0 %, 1017 MiB
2026/09/08 12:53:24.612, 1, 0 %, 9 MiB
2026/09/08 12:53:25.112, 0, 0 %, 1017 MiB
2026/09/08 12:53:25.135, 1, 0 %, 9 MiB
2026/09/08 12:53:25.778, 0, 0 %, 1017 MiB
2026/09/08 12:53:25.778, 1, 0 %, 9 MiB
2026/09/08 12:53:26.278, 0, 0 %, 1017 MiB
2026/09/08 12:53:26.279, 1, 0 %, 9 MiB
2026/09/08 12:53:26.779, 0, 0 %, 1017 MiB
2026/09/08 12:53:26.859, 1, 0 %, 9 MiB
2026/09/08 12:53:27.487, 0, 0 %, 1017 MiB
2026/09/08 12:53:27.487, 1, 0 %, 9 MiB
2026/09/08 12:53:27.987, 0, 0 %, 1017 MiB
2026/09/08 12:53:28.013, 1, 0 %, 9 MiB
2026/09/08 12:53:28.633, 0, 0 %, 1017 MiB
2026/09/08 12:53:28.633, 1, 0 %, 9 MiB
2026/09/08 12:53:29.134, 0, 0 %, 1017 MiB
2026/09/08 12:53:29.163, 1, 0 %, 9 MiB
2026/09/08 12:53:29.803, 0, 0 %, 1017 MiB
2026/09/08 12:53:29.803, 1, 0 %, 9 MiB
2026/09/08 12:53:30.303, 0, 0 %, 1017 MiB
2026/09/08 12:53:30.434, 1, 0 %, 9 MiB
2026/09/08 12:53:31.087, 0, 0 %, 1017 MiB
2026/09/08 12:53:31.087, 1, 0 %, 9 MiB
2026/09/08 12:53:31.588, 0, 0 %, 1017 MiB
2026/09/08 12:53:31.625, 1, 0 %, 9 MiB
2026/09/08 12:53:32.245, 0, 0 %, 1017 MiB
2026/09/08 12:53:32.245, 1, 0 %, 9 MiB
2026/09/08 12:53:32.746, 0, 0 %, 1017 MiB
2026/09/08 12:53:32.771, 1, 0 %, 9 MiB
2026/09/08 12:53:33.399, 0, 0 %, 1017 MiB
2026/09/08 12:53:33.399, 1, 0 %, 9 MiB
2026/09/08 12:53:33.899, 0, 0 %, 1017 MiB
2026/09/08 12:53:34.005, 1, 0 %, 9 MiB
2026/09/08 12:53:34.657, 0, 0 %, 1017 MiB
2026/09/08 12:53:34.657, 1, 0 %, 9 MiB
2026/09/08 12:53:35.158, 0, 0 %, 1017 MiB
2026/09/08 12:53:35.228, 1, 0 %, 9 MiB
2026/09/08 12:53:35.848, 0, 0 %, 1017 MiB
2026/09/08 12:53:35.848, 1, 0 %, 9 MiB
2026/09/08 12:53:36.348, 0, 0 %, 1017 MiB
2026/09/08 12:53:36.366, 1, 0 %, 9 MiB
2026/09/08 12:53:36.986, 0, 0 %, 1017 MiB
2026/09/08 12:53:36.986, 1, 0 %, 9 MiB
2026/09/08 12:53:37.487, 0, 0 %, 1017 MiB
2026/09/08 12:53:37.551, 1, 0 %, 9 MiB
2026/09/08 12:53:38.202, 0, 0 %, 1017 MiB
2026/09/08 12:53:38.203, 1, 0 %, 9 MiB
2026/09/08 12:53:38.703, 0, 0 %, 1017 MiB
2026/09/08 12:53:38.703, 1, 0 %, 9 MiB
2026/09/08 12:53:39.203, 0, 0 %, 1017 MiB
2026/09/08 12:53:39.243, 1, 0 %, 9 MiB
2026/09/08 12:53:39.862, 0, 0 %, 1017 MiB
2026/09/08 12:53:39.862, 1, 0 %, 9 MiB
2026/09/08 12:53:40.362, 0, 0 %, 1017 MiB
2026/09/08 12:53:40.385, 1, 0 %, 9 MiB
2026/09/08 12:53:41.005, 0, 0 %, 1017 MiB
2026/09/08 12:53:41.005, 1, 0 %, 9 MiB
2026/09/08 12:53:41.505, 0, 0 %, 1017 MiB
2026/09/08 12:53:41.556, 1, 0 %, 9 MiB
2026/09/08 12:53:42.210, 0, 0 %, 1017 MiB
2026/09/08 12:53:42.210, 1, 0 %, 9 MiB
2026/09/08 12:53:42.710, 0, 0 %, 1017 MiB
2026/09/08 12:53:42.710, 1, 0 %, 9 MiB
2026/09/08 12:53:43.210, 0, 0 %, 1017 MiB
2026/09/08 12:53:43.244, 1, 0 %, 9 MiB
2026/09/08 12:53:43.862, 0, 0 %, 1017 MiB
2026/09/08 12:53:43.863, 1, 0 %, 9 MiB
2026/09/08 12:53:44.363, 0, 0 %, 1017 MiB
2026/09/08 12:53:44.383, 1, 0 %, 9 MiB
2026/09/08 12:53:45.003, 0, 0 %, 1017 MiB
2026/09/08 12:53:45.003, 1, 0 %, 9 MiB
2026/09/08 12:53:45.503, 0, 0 %, 1017 MiB
2026/09/08 12:53:45.553, 1, 0 %, 9 MiB
2026/09/08 12:53:46.205, 0, 0 %, 1017 MiB
2026/09/08 12:53:46.206, 1, 0 %, 9 MiB
2026/09/08 12:53:46.706, 0, 0 %, 1017 MiB
2026/09/08 12:53:46.706, 1, 0 %, 9 MiB
2026/09/08 12:53:47.206, 0, 0 %, 1017 MiB
2026/09/08 12:53:47.241, 1, 0 %, 9 MiB
2026/09/08 12:53:47.861, 0, 0 %, 1017 MiB
2026/09/08 12:53:47.861, 1, 0 %, 9 MiB
2026/09/08 12:53:48.361, 0, 0 %, 1017 MiB
2026/09/08 12:53:48.383, 1, 0 %, 9 MiB
2026/09/08 12:53:49.002, 0, 0 %, 1017 MiB
2026/09/08 12:53:49.002, 1, 0 %, 9 MiB
2026/09/08 12:53:49.502, 0, 0 %, 1017 MiB
2026/09/08 12:53:49.523, 1, 0 %, 9 MiB
2026/09/08 12:53:50.160, 0, 0 %, 1017 MiB
2026/09/08 12:53:50.161, 1, 0 %, 9 MiB
2026/09/08 12:53:50.661, 0, 0 %, 1017 MiB
2026/09/08 12:53:50.661, 1, 0 %, 9 MiB
2026/09/08 12:53:51.161, 0, 0 %, 1017 MiB
2026/09/08 12:53:51.249, 1, 0 %, 9 MiB
2026/09/08 12:53:51.873, 0, 0 %, 1017 MiB
2026/09/08 12:53:51.873, 1, 0 %, 9 MiB
2026/09/08 12:53:52.373, 0, 0 %, 1017 MiB
2026/09/08 12:53:52.403, 1, 0 %, 9 MiB
2026/09/08 12:53:53.021, 0, 0 %, 1017 MiB
2026/09/08 12:53:53.021, 1, 0 %, 9 MiB
2026/09/08 12:53:53.521, 0, 0 %, 1017 MiB
2026/09/08 12:53:53.544, 1, 0 %, 9 MiB
2026/09/08 12:53:54.169, 0, 0 %, 1017 MiB
2026/09/08 12:53:54.170, 1, 0 %, 9 MiB
2026/09/08 12:53:54.670, 0, 0 %, 1017 MiB
2026/09/08 12:53:54.802, 1, 0 %, 9 MiB
2026/09/08 12:53:55.462, 0, 0 %, 1017 MiB
2026/09/08 12:53:55.462, 1, 0 %, 9 MiB
2026/09/08 12:53:55.962, 0, 0 %, 1017 MiB
2026/09/08 12:53:56.027, 1, 0 %, 9 MiB
2026/09/08 12:53:56.650, 0, 0 %, 1017 MiB
2026/09/08 12:53:56.650, 1, 0 %, 9 MiB
2026/09/08 12:53:57.150, 0, 0 %, 1017 MiB
2026/09/08 12:53:57.171, 1, 0 %, 9 MiB
2026/09/08 12:53:57.790, 0, 0 %, 1017 MiB
2026/09/08 12:53:57.791, 1, 0 %, 9 MiB
2026/09/08 12:53:58.291, 0, 0 %, 1017 MiB
2026/09/08 12:53:58.332, 1, 0 %, 9 MiB
2026/09/08 12:53:58.969, 0, 0 %, 1017 MiB
2026/09/08 12:53:58.969, 1, 0 %, 9 MiB
2026/09/08 12:53:59.470, 0, 0 %, 1017 MiB
2026/09/08 12:53:59.470, 1, 0 %, 9 MiB
2026/09/08 12:53:59.970, 0, 0 %, 1017 MiB
2026/09/08 12:54:00.033, 1, 0 %, 9 MiB
2026/09/08 12:54:00.660, 0, 0 %, 1017 MiB
2026/09/08 12:54:00.661, 1, 0 %, 9 MiB
2026/09/08 12:54:01.161, 0, 0 %, 1017 MiB
2026/09/08 12:54:01.186, 1, 0 %, 9 MiB
2026/09/08 12:54:01.807, 0, 0 %, 1017 MiB
2026/09/08 12:54:01.807, 1, 0 %, 9 MiB
2026/09/08 12:54:02.307, 0, 0 %, 1017 MiB
2026/09/08 12:54:02.334, 1, 0 %, 9 MiB
2026/09/08 12:54:02.961, 0, 0 %, 1017 MiB
2026/09/08 12:54:02.961, 1, 0 %, 9 MiB
2026/09/08 12:54:03.462, 0, 0 %, 1017 MiB
2026/09/08 12:54:03.462, 1, 0 %, 9 MiB
2026/09/08 12:54:03.962, 0, 0 %, 1017 MiB
2026/09/08 12:54:04.046, 1, 0 %, 9 MiB
2026/09/08 12:54:04.673, 0, 0 %, 1017 MiB
2026/09/08 12:54:04.673, 1, 0 %, 9 MiB
2026/09/08 12:54:05.173, 0, 0 %, 1017 MiB
2026/09/08 12:54:05.196, 1, 0 %, 9 MiB
2026/09/08 12:54:05.817, 0, 0 %, 1017 MiB
2026/09/08 12:54:05.817, 1, 0 %, 9 MiB
2026/09/08 12:54:06.318, 0, 0 %, 1017 MiB
2026/09/08 12:54:06.339, 1, 0 %, 9 MiB
2026/09/08 12:54:06.965, 0, 0 %, 1017 MiB
2026/09/08 12:54:06.965, 1, 0 %, 9 MiB
2026/09/08 12:54:07.465, 0, 0 %, 1017 MiB
2026/09/08 12:54:07.597, 1, 0 %, 9 MiB
2026/09/08 12:54:08.250, 0, 0 %, 1017 MiB
2026/09/08 12:54:08.250, 1, 0 %, 9 MiB
2026/09/08 12:54:08.750, 0, 0 %, 1017 MiB
2026/09/08 12:54:08.816, 1, 0 %, 9 MiB
2026/09/08 12:54:09.442, 0, 0 %, 1017 MiB
2026/09/08 12:54:09.442, 1, 0 %, 9 MiB
2026/09/08 12:54:09.942, 0, 0 %, 1017 MiB
2026/09/08 12:54:09.967, 1, 0 %, 9 MiB
2026/09/08 12:54:10.588, 0, 0 %, 1017 MiB
2026/09/08 12:54:10.588, 1, 0 %, 9 MiB
2026/09/08 12:54:11.088, 0, 0 %, 1017 MiB
2026/09/08 12:54:11.132, 1, 0 %, 9 MiB
2026/09/08 12:54:11.774, 0, 0 %, 1017 MiB
2026/09/08 12:54:11.774, 1, 0 %, 9 MiB
2026/09/08 12:54:12.274, 0, 0 %, 1017 MiB
2026/09/08 12:54:12.274, 1, 0 %, 9 MiB
2026/09/08 12:54:12.774, 0, 0 %, 1017 MiB
2026/09/08 12:54:12.829, 1, 0 %, 9 MiB
2026/09/08 12:54:13.453, 0, 0 %, 1017 MiB
2026/09/08 12:54:13.453, 1, 0 %, 9 MiB
2026/09/08 12:54:13.953, 0, 0 %, 1017 MiB
2026/09/08 12:54:13.985, 1, 0 %, 9 MiB
2026/09/08 12:54:14.602, 0, 0 %, 1017 MiB
2026/09/08 12:54:14.602, 1, 0 %, 9 MiB
2026/09/08 12:54:15.102, 0, 0 %, 1017 MiB
2026/09/08 12:54:15.124, 1, 0 %, 9 MiB
2026/09/08 12:54:15.766, 0, 0 %, 1017 MiB
2026/09/08 12:54:15.766, 1, 0 %, 9 MiB
2026/09/08 12:54:16.266, 0, 0 %, 1017 MiB
2026/09/08 12:54:16.409, 1, 0 %, 9 MiB
2026/09/08 12:54:17.064, 0, 0 %, 1017 MiB
2026/09/08 12:54:17.064, 1, 0 %, 9 MiB
2026/09/08 12:54:17.564, 0, 0 %, 1017 MiB
2026/09/08 12:54:17.610, 1, 0 %, 9 MiB
2026/09/08 12:54:18.230, 0, 0 %, 1017 MiB
2026/09/08 12:54:18.230, 1, 0 %, 9 MiB
2026/09/08 12:54:18.730, 0, 0 %, 1017 MiB
2026/09/08 12:54:18.756, 1, 0 %, 9 MiB
2026/09/08 12:54:19.376, 0, 0 %, 1017 MiB
2026/09/08 12:54:19.376, 1, 0 %, 9 MiB
2026/09/08 12:54:19.876, 0, 0 %, 1017 MiB
2026/09/08 12:54:19.936, 1, 0 %, 9 MiB
2026/09/08 12:54:20.590, 0, 0 %, 1017 MiB
2026/09/08 12:54:20.590, 1, 0 %, 9 MiB
2026/09/08 12:54:21.090, 0, 0 %, 1017 MiB
2026/09/08 12:54:21.091, 1, 0 %, 9 MiB
2026/09/08 12:54:21.591, 0, 0 %, 1017 MiB
2026/09/08 12:54:21.634, 1, 0 %, 9 MiB
2026/09/08 12:54:22.254, 0, 0 %, 1017 MiB
2026/09/08 12:54:22.254, 1, 0 %, 9 MiB
2026/09/08 12:54:22.754, 0, 0 %, 1017 MiB
2026/09/08 12:54:22.777, 1, 0 %, 9 MiB
2026/09/08 12:54:23.398, 0, 0 %, 1017 MiB
2026/09/08 12:54:23.398, 1, 0 %, 9 MiB
2026/09/08 12:54:23.898, 0, 0 %, 1017 MiB
2026/09/08 12:54:23.921, 1, 0 %, 9 MiB
2026/09/08 12:54:24.549, 0, 0 %, 1017 MiB
2026/09/08 12:54:24.549, 1, 0 %, 9 MiB
2026/09/08 12:54:25.049, 0, 0 %, 1017 MiB
2026/09/08 12:54:25.200, 1, 0 %, 9 MiB
2026/09/08 12:54:25.850, 0, 0 %, 1017 MiB
2026/09/08 12:54:25.850, 1, 0 %, 9 MiB
2026/09/08 12:54:26.350, 0, 0 %, 1017 MiB
2026/09/08 12:54:26.410, 1, 0 %, 9 MiB
2026/09/08 12:54:27.032, 0, 0 %, 1017 MiB
2026/09/08 12:54:27.032, 1, 0 %, 9 MiB
2026/09/08 12:54:27.533, 0, 0 %, 1017 MiB
2026/09/08 12:54:27.563, 1, 0 %, 9 MiB
2026/09/08 12:54:28.185, 0, 0 %, 1017 MiB
2026/09/08 12:54:28.185, 1, 0 %, 9 MiB
2026/09/08 12:54:28.685, 0, 0 %, 1017 MiB
2026/09/08 12:54:28.767, 1, 0 %, 9 MiB
2026/09/08 12:54:29.421, 0, 0 %, 1017 MiB
2026/09/08 12:54:29.421, 1, 0 %, 9 MiB
2026/09/08 12:54:29.921, 0, 0 %, 1017 MiB
2026/09/08 12:54:30.027, 1, 0 %, 9 MiB
2026/09/08 12:54:30.648, 0, 0 %, 1017 MiB
2026/09/08 12:54:30.648, 1, 0 %, 9 MiB
2026/09/08 12:54:31.148, 0, 0 %, 1017 MiB
2026/09/08 12:54:31.170, 1, 0 %, 9 MiB
2026/09/08 12:54:31.788, 0, 0 %, 1017 MiB
2026/09/08 12:54:31.788, 1, 0 %, 9 MiB
2026/09/08 12:54:32.289, 0, 0 %, 1017 MiB
2026/09/08 12:54:32.317, 1, 0 %, 9 MiB
2026/09/08 12:54:32.958, 0, 0 %, 1017 MiB
2026/09/08 12:54:32.958, 1, 0 %, 9 MiB
2026/09/08 12:54:33.458, 0, 0 %, 1017 MiB
2026/09/08 12:54:33.458, 1, 0 %, 9 MiB
2026/09/08 12:54:33.959, 0, 0 %, 1017 MiB
2026/09/08 12:54:34.042, 1, 0 %, 9 MiB
2026/09/08 12:54:34.666, 0, 0 %, 1017 MiB
2026/09/08 12:54:34.666, 1, 0 %, 9 MiB
2026/09/08 12:54:35.166, 0, 0 %, 1017 MiB
2026/09/08 12:54:35.186, 1, 0 %, 9 MiB
2026/09/08 12:54:35.806, 0, 0 %, 1017 MiB
2026/09/08 12:54:35.806, 1, 0 %, 9 MiB
2026/09/08 12:54:36.306, 0, 0 %, 1017 MiB
2026/09/08 12:54:36.326, 1, 0 %, 9 MiB
2026/09/08 12:54:36.952, 0, 0 %, 1017 MiB
2026/09/08 12:54:36.952, 1, 0 %, 9 MiB
2026/09/08 12:54:37.453, 0, 0 %, 1017 MiB
2026/09/08 12:54:37.575, 1, 0 %, 9 MiB
2026/09/08 12:54:38.225, 0, 0 %, 1017 MiB
2026/09/08 12:54:38.225, 1, 0 %, 9 MiB
2026/09/08 12:54:38.725, 0, 0 %, 1017 MiB
2026/09/08 12:54:38.822, 1, 0 %, 9 MiB
2026/09/08 12:54:39.447, 0, 0 %, 1017 MiB
2026/09/08 12:54:39.447, 1, 0 %, 9 MiB
2026/09/08 12:54:39.947, 0, 0 %, 1017 MiB
2026/09/08 12:54:39.968, 1, 0 %, 9 MiB
2026/09/08 12:54:40.586, 0, 0 %, 1017 MiB
2026/09/08 12:54:40.586, 1, 0 %, 9 MiB
2026/09/08 12:54:41.086, 0, 0 %, 1017 MiB
2026/09/08 12:54:41.106, 1, 0 %, 9 MiB
2026/09/08 12:54:41.745, 0, 0 %, 1017 MiB
2026/09/08 12:54:41.745, 1, 0 %, 9 MiB
2026/09/08 12:54:42.245, 0, 0 %, 1017 MiB
2026/09/08 12:54:42.245, 1, 0 %, 9 MiB
2026/09/08 12:54:42.745, 0, 0 %, 1017 MiB
2026/09/08 12:54:42.833, 1, 0 %, 9 MiB
2026/09/08 12:54:43.460, 0, 0 %, 1017 MiB
2026/09/08 12:54:43.460, 1, 0 %, 9 MiB
2026/09/08 12:54:43.961, 0, 0 %, 1017 MiB
2026/09/08 12:54:43.986, 1, 0 %, 9 MiB
2026/09/08 12:54:44.606, 0, 0 %, 1017 MiB
2026/09/08 12:54:44.606, 1, 0 %, 9 MiB
2026/09/08 12:54:45.106, 0, 0 %, 1017 MiB
2026/09/08 12:54:45.128, 1, 0 %, 9 MiB
2026/09/08 12:54:45.753, 0, 0 %, 1017 MiB
2026/09/08 12:54:45.753, 1, 0 %, 9 MiB
2026/09/08 12:54:46.253, 0, 0 %, 1017 MiB
2026/09/08 12:54:46.388, 1, 0 %, 9 MiB
2026/09/08 12:54:47.039, 0, 0 %, 1017 MiB
2026/09/08 12:54:47.039, 1, 0 %, 9 MiB
2026/09/08 12:54:47.540, 0, 0 %, 1017 MiB
2026/09/08 12:54:47.603, 1, 0 %, 9 MiB
2026/09/08 12:54:48.225, 0, 0 %, 1017 MiB
2026/09/08 12:54:48.226, 1, 0 %, 9 MiB
2026/09/08 12:54:48.726, 0, 0 %, 1017 MiB
2026/09/08 12:54:48.758, 1, 0 %, 9 MiB
2026/09/08 12:54:49.380, 0, 0 %, 1017 MiB
2026/09/08 12:54:49.380, 1, 0 %, 9 MiB
2026/09/08 12:54:49.881, 0, 0 %, 1017 MiB
2026/09/08 12:54:49.962, 1, 0 %, 9 MiB
2026/09/08 12:54:50.616, 0, 0 %, 1017 MiB
2026/09/08 12:54:50.616, 1, 0 %, 9 MiB
2026/09/08 12:54:51.116, 0, 0 %, 1017 MiB
2026/09/08 12:54:51.216, 1, 0 %, 9 MiB
2026/09/08 12:54:51.837, 0, 0 %, 1017 MiB
2026/09/08 12:54:51.837, 1, 0 %, 9 MiB
2026/09/08 12:54:52.337, 0, 0 %, 1017 MiB
2026/09/08 12:54:52.364, 1, 0 %, 9 MiB
2026/09/08 12:54:52.983, 0, 0 %, 1017 MiB
2026/09/08 12:54:52.983, 1, 0 %, 9 MiB
2026/09/08 12:54:53.484, 0, 0 %, 1017 MiB
2026/09/08 12:54:53.510, 1, 0 %, 9 MiB
2026/09/08 12:54:54.153, 0, 0 %, 1017 MiB
2026/09/08 12:54:54.153, 1, 0 %, 9 MiB
2026/09/08 12:54:54.653, 0, 0 %, 1017 MiB
2026/09/08 12:54:54.653, 1, 0 %, 9 MiB
2026/09/08 12:54:55.154, 0, 0 %, 1017 MiB
2026/09/08 12:54:55.238, 1, 0 %, 9 MiB
2026/09/08 12:54:55.861, 0, 0 %, 1017 MiB
2026/09/08 12:54:55.861, 1, 0 %, 9 MiB
2026/09/08 12:54:56.361, 0, 0 %, 1017 MiB
2026/09/08 12:54:56.385, 1, 0 %, 9 MiB
2026/09/08 12:54:57.006, 0, 0 %, 1017 MiB
2026/09/08 12:54:57.006, 1, 0 %, 9 MiB
2026/09/08 12:54:57.506, 0, 0 %, 1017 MiB
2026/09/08 12:54:57.524, 1, 0 %, 9 MiB
2026/09/08 12:54:58.149, 0, 0 %, 1017 MiB
2026/09/08 12:54:58.149, 1, 0 %, 9 MiB
2026/09/08 12:54:58.649, 0, 0 %, 1017 MiB
2026/09/08 12:54:58.785, 1, 0 %, 9 MiB
2026/09/08 12:54:59.441, 0, 0 %, 1017 MiB
2026/09/08 12:54:59.441, 1, 0 %, 9 MiB
2026/09/08 12:54:59.941, 0, 0 %, 1017 MiB
2026/09/08 12:55:00.003, 1, 0 %, 9 MiB
2026/09/08 12:55:00.626, 0, 0 %, 1017 MiB
2026/09/08 12:55:00.626, 1, 0 %, 9 MiB
2026/09/08 12:55:01.126, 0, 0 %, 1017 MiB
2026/09/08 12:55:01.150, 1, 0 %, 9 MiB
2026/09/08 12:55:01.771, 0, 0 %, 1017 MiB
2026/09/08 12:55:01.771, 1, 0 %, 9 MiB
2026/09/08 12:55:02.272, 0, 0 %, 1017 MiB
2026/09/08 12:55:02.314, 1, 0 %, 9 MiB
2026/09/08 12:55:02.953, 0, 0 %, 1017 MiB
2026/09/08 12:55:02.953, 1, 0 %, 9 MiB
2026/09/08 12:55:03.453, 0, 0 %, 1017 MiB
2026/09/08 12:55:03.453, 1, 0 %, 9 MiB
2026/09/08 12:55:03.953, 0, 0 %, 1017 MiB
2026/09/08 12:55:04.008, 1, 0 %, 9 MiB
2026/09/08 12:55:04.633, 0, 0 %, 1017 MiB
2026/09/08 12:55:04.633, 1, 0 %, 9 MiB
2026/09/08 12:55:05.133, 0, 0 %, 1017 MiB
2026/09/08 12:55:05.161, 1, 0 %, 9 MiB
2026/09/08 12:55:05.782, 0, 0 %, 1017 MiB
2026/09/08 12:55:05.782, 1, 0 %, 9 MiB
2026/09/08 12:55:06.283, 0, 0 %, 1017 MiB
2026/09/08 12:55:06.319, 1, 0 %, 9 MiB
2026/09/08 12:55:06.971, 0, 0 %, 1017 MiB
2026/09/08 12:55:06.971, 1, 0 %, 9 MiB
2026/09/08 12:55:07.472, 0, 0 %, 1017 MiB
2026/09/08 12:55:07.472, 1, 0 %, 9 MiB
2026/09/08 12:55:07.972, 0, 0 %, 1017 MiB
2026/09/08 12:55:08.011, 1, 0 %, 9 MiB
2026/09/08 12:55:08.636, 0, 0 %, 1017 MiB
2026/09/08 12:55:08.636, 1, 0 %, 9 MiB
2026/09/08 12:55:09.136, 0, 0 %, 1017 MiB
2026/09/08 12:55:09.155, 1, 0 %, 9 MiB
2026/09/08 12:55:09.776, 0, 0 %, 1017 MiB
2026/09/08 12:55:09.777, 1, 0 %, 9 MiB
2026/09/08 12:55:10.277, 0, 0 %, 1017 MiB
2026/09/08 12:55:10.309, 1, 0 %, 9 MiB
2026/09/08 12:55:10.964, 0, 0 %, 1017 MiB
2026/09/08 12:55:10.964, 1, 0 %, 9 MiB
2026/09/08 12:55:11.464, 0, 0 %, 1017 MiB
2026/09/08 12:55:11.464, 1, 0 %, 9 MiB
2026/09/08 12:55:11.964, 0, 0 %, 1017 MiB
2026/09/08 12:55:12.007, 1, 0 %, 9 MiB
2026/09/08 12:55:12.632, 0, 0 %, 1017 MiB
2026/09/08 12:55:12.633, 1, 0 %, 9 MiB
2026/09/08 12:55:13.133, 0, 0 %, 1017 MiB
2026/09/08 12:55:13.158, 1, 0 %, 9 MiB
2026/09/08 12:55:13.780, 0, 0 %, 1017 MiB
2026/09/08 12:55:13.780, 1, 0 %, 9 MiB
2026/09/08 12:55:14.280, 0, 0 %, 1017 MiB
2026/09/08 12:55:14.315, 1, 0 %, 9 MiB
2026/09/08 12:55:14.967, 0, 0 %, 1017 MiB
2026/09/08 12:55:14.967, 1, 0 %, 9 MiB
2026/09/08 12:55:15.467, 0, 0 %, 1017 MiB
2026/09/08 12:55:15.468, 1, 0 %, 9 MiB
2026/09/08 12:55:15.968, 0, 0 %, 1017 MiB
2026/09/08 12:55:16.008, 1, 0 %, 9 MiB
2026/09/08 12:55:16.633, 0, 0 %, 1017 MiB
2026/09/08 12:55:16.633, 1, 0 %, 9 MiB
2026/09/08 12:55:17.134, 0, 0 %, 1017 MiB
2026/09/08 12:55:17.156, 1, 0 %, 9 MiB
2026/09/08 12:55:17.777, 0, 0 %, 1017 MiB
2026/09/08 12:55:17.778, 1, 0 %, 9 MiB
2026/09/08 12:55:18.278, 0, 0 %, 1017 MiB
2026/09/08 12:55:18.307, 1, 0 %, 9 MiB
2026/09/08 12:55:18.958, 0, 0 %, 1017 MiB
2026/09/08 12:55:18.958, 1, 0 %, 9 MiB
2026/09/08 12:55:19.458, 0, 0 %, 1017 MiB
2026/09/08 12:55:19.459, 1, 0 %, 9 MiB
2026/09/08 12:55:19.959, 0, 0 %, 1017 MiB
2026/09/08 12:55:20.009, 1, 0 %, 9 MiB
2026/09/08 12:55:20.636, 0, 0 %, 1017 MiB
2026/09/08 12:55:20.636, 1, 0 %, 9 MiB
2026/09/08 12:55:21.136, 0, 0 %, 1017 MiB
2026/09/08 12:55:21.161, 1, 0 %, 9 MiB
2026/09/08 12:55:21.782, 0, 0 %, 1017 MiB
2026/09/08 12:55:21.782, 1, 0 %, 9 MiB
2026/09/08 12:55:22.282, 0, 0 %, 1017 MiB
2026/09/08 12:55:22.307, 1, 0 %, 9 MiB
2026/09/08 12:55:22.932, 0, 0 %, 1017 MiB
2026/09/08 12:55:22.932, 1, 0 %, 9 MiB
2026/09/08 12:55:23.432, 0, 0 %, 1017 MiB
2026/09/08 12:55:23.432, 1, 0 %, 9 MiB
2026/09/08 12:55:23.933, 0, 0 %, 1017 MiB
2026/09/08 12:55:24.009, 1, 0 %, 9 MiB
2026/09/08 12:55:24.640, 0, 0 %, 1017 MiB
2026/09/08 12:55:24.640, 1, 0 %, 9 MiB
2026/09/08 12:55:25.140, 0, 0 %, 1017 MiB
2026/09/08 12:55:25.167, 1, 0 %, 9 MiB
2026/09/08 12:55:25.788, 0, 0 %, 1017 MiB
2026/09/08 12:55:25.789, 1, 0 %, 9 MiB
2026/09/08 12:55:26.289, 0, 0 %, 1017 MiB
2026/09/08 12:55:26.316, 1, 0 %, 9 MiB
2026/09/08 12:55:26.945, 0, 0 %, 1017 MiB
2026/09/08 12:55:26.945, 1, 0 %, 9 MiB
2026/09/08 12:55:27.445, 0, 0 %, 1017 MiB
2026/09/08 12:55:27.579, 1, 0 %, 9 MiB
2026/09/08 12:55:28.231, 0, 0 %, 1017 MiB
2026/09/08 12:55:28.231, 1, 0 %, 9 MiB
2026/09/08 12:55:28.731, 0, 0 %, 1017 MiB
2026/09/08 12:55:28.787, 1, 0 %, 9 MiB
2026/09/08 12:55:29.412, 0, 0 %, 1017 MiB
2026/09/08 12:55:29.412, 1, 0 %, 9 MiB
2026/09/08 12:55:29.912, 0, 0 %, 1017 MiB
2026/09/08 12:55:29.936, 1, 0 %, 9 MiB
2026/09/08 12:55:30.558, 0, 0 %, 1017 MiB
2026/09/08 12:55:30.559, 1, 0 %, 9 MiB
2026/09/08 12:55:31.059, 0, 0 %, 1017 MiB
2026/09/08 12:55:31.139, 1, 0 %, 9 MiB
2026/09/08 12:55:31.789, 0, 0 %, 1017 MiB
2026/09/08 12:55:31.790, 1, 0 %, 9 MiB
2026/09/08 12:55:32.290, 0, 0 %, 1017 MiB
2026/09/08 12:55:32.401, 1, 0 %, 9 MiB
2026/09/08 12:55:33.026, 0, 0 %, 1017 MiB
2026/09/08 12:55:33.027, 1, 0 %, 9 MiB
2026/09/08 12:55:33.527, 0, 0 %, 1017 MiB
2026/09/08 12:55:33.548, 1, 0 %, 9 MiB
2026/09/08 12:55:34.170, 0, 0 %, 1017 MiB
2026/09/08 12:55:34.170, 1, 0 %, 9 MiB
2026/09/08 12:55:34.670, 0, 0 %, 1017 MiB
2026/09/08 12:55:34.698, 1, 0 %, 9 MiB
2026/09/08 12:55:35.351, 0, 0 %, 1017 MiB
2026/09/08 12:55:35.351, 1, 0 %, 9 MiB
2026/09/08 12:55:35.851, 0, 0 %, 1017 MiB
2026/09/08 12:55:35.851, 1, 0 %, 9 MiB
2026/09/08 12:55:36.351, 0, 0 %, 1017 MiB
2026/09/08 12:55:36.404, 1, 0 %, 9 MiB
2026/09/08 12:55:37.032, 0, 0 %, 1017 MiB
2026/09/08 12:55:37.032, 1, 0 %, 9 MiB
2026/09/08 12:55:37.532, 0, 0 %, 1017 MiB
2026/09/08 12:55:37.560, 1, 0 %, 9 MiB
2026/09/08 12:55:38.181, 0, 0 %, 1017 MiB
2026/09/08 12:55:38.181, 1, 0 %, 9 MiB
2026/09/08 12:55:38.681, 0, 0 %, 1017 MiB
2026/09/08 12:55:38.703, 1, 0 %, 9 MiB
2026/09/08 12:55:39.328, 0, 0 %, 1017 MiB
2026/09/08 12:55:39.328, 1, 0 %, 9 MiB
2026/09/08 12:55:39.828, 0, 0 %, 1017 MiB
2026/09/08 12:55:39.971, 1, 0 %, 9 MiB
2026/09/08 12:55:40.623, 0, 0 %, 1017 MiB
2026/09/08 12:55:40.623, 1, 0 %, 9 MiB
2026/09/08 12:55:41.123, 0, 0 %, 1017 MiB
2026/09/08 12:55:41.187, 1, 0 %, 9 MiB
2026/09/08 12:55:41.809, 0, 0 %, 1017 MiB
2026/09/08 12:55:41.809, 1, 0 %, 9 MiB
2026/09/08 12:55:42.309, 0, 0 %, 1017 MiB
2026/09/08 12:55:42.333, 1, 0 %, 9 MiB
2026/09/08 12:55:42.953, 0, 0 %, 1017 MiB
2026/09/08 12:55:42.954, 1, 0 %, 9 MiB
2026/09/08 12:55:43.454, 0, 0 %, 1017 MiB
2026/09/08 12:55:43.530, 1, 0 %, 9 MiB
2026/09/08 12:55:44.183, 0, 0 %, 1017 MiB
2026/09/08 12:55:44.183, 1, 0 %, 9 MiB
2026/09/08 12:55:44.683, 0, 0 %, 1017 MiB
2026/09/08 12:55:44.796, 1, 0 %, 9 MiB
2026/09/08 12:55:45.423, 0, 0 %, 1017 MiB
2026/09/08 12:55:45.423, 1, 0 %, 9 MiB
2026/09/08 12:55:45.923, 0, 0 %, 1017 MiB
2026/09/08 12:55:45.948, 1, 0 %, 9 MiB
2026/09/08 12:55:46.568, 0, 0 %, 1017 MiB
2026/09/08 12:55:46.568, 1, 0 %, 9 MiB
2026/09/08 12:55:47.069, 0, 0 %, 1017 MiB
2026/09/08 12:55:47.097, 1, 0 %, 9 MiB
2026/09/08 12:55:47.746, 0, 0 %, 1017 MiB
2026/09/08 12:55:47.746, 1, 0 %, 9 MiB
2026/09/08 12:55:48.247, 0, 0 %, 1017 MiB
2026/09/08 12:55:48.247, 1, 0 %, 9 MiB
2026/09/08 12:55:48.747, 0, 0 %, 1017 MiB
2026/09/08 12:55:48.797, 1, 0 %, 9 MiB
2026/09/08 12:55:49.425, 0, 0 %, 1017 MiB
2026/09/08 12:55:49.425, 1, 0 %, 9 MiB
2026/09/08 12:55:49.926, 0, 0 %, 1017 MiB
2026/09/08 12:55:49.950, 1, 0 %, 9 MiB
2026/09/08 12:55:50.569, 0, 0 %, 1017 MiB
2026/09/08 12:55:50.569, 1, 0 %, 9 MiB
2026/09/08 12:55:51.069, 0, 0 %, 1017 MiB
2026/09/08 12:55:51.093, 1, 0 %, 9 MiB
2026/09/08 12:55:51.737, 0, 0 %, 1017 MiB
2026/09/08 12:55:51.737, 1, 0 %, 9 MiB
2026/09/08 12:55:52.237, 0, 0 %, 1017 MiB
2026/09/08 12:55:52.237, 1, 0 %, 9 MiB
2026/09/08 12:55:52.738, 0, 0 %, 1017 MiB
2026/09/08 12:55:52.800, 1, 0 %, 9 MiB
2026/09/08 12:55:53.431, 0, 0 %, 1017 MiB
2026/09/08 12:55:53.431, 1, 0 %, 9 MiB
2026/09/08 12:55:53.931, 0, 0 %, 1017 MiB
2026/09/08 12:55:53.954, 1, 0 %, 9 MiB
2026/09/08 12:55:54.574, 0, 0 %, 1017 MiB
2026/09/08 12:55:54.574, 1, 0 %, 9 MiB
2026/09/08 12:55:55.074, 0, 0 %, 1017 MiB
2026/09/08 12:55:55.094, 1, 0 %, 9 MiB
2026/09/08 12:55:55.718, 0, 0 %, 1017 MiB
2026/09/08 12:55:55.719, 1, 0 %, 9 MiB
2026/09/08 12:55:56.219, 0, 0 %, 1017 MiB
2026/09/08 12:55:56.351, 1, 0 %, 9 MiB
2026/09/08 12:55:57.002, 0, 0 %, 1017 MiB
2026/09/08 12:55:57.002, 1, 0 %, 9 MiB
2026/09/08 12:55:57.502, 0, 0 %, 1017 MiB
2026/09/08 12:55:57.600, 1, 0 %, 9 MiB
2026/09/08 12:55:58.221, 0, 0 %, 1017 MiB
2026/09/08 12:55:58.221, 1, 0 %, 9 MiB
2026/09/08 12:55:58.722, 0, 0 %, 1017 MiB
2026/09/08 12:55:58.749, 1, 0 %, 9 MiB
2026/09/08 12:55:59.368, 0, 0 %, 1017 MiB
2026/09/08 12:55:59.369, 1, 0 %, 9 MiB
2026/09/08 12:55:59.869, 0, 0 %, 1017 MiB
2026/09/08 12:55:59.900, 1, 0 %, 9 MiB
2026/09/08 12:56:00.553, 0, 0 %, 1017 MiB
2026/09/08 12:56:00.553, 1, 0 %, 9 MiB
2026/09/08 12:56:01.053, 0, 0 %, 1017 MiB
2026/09/08 12:56:01.053, 1, 0 %, 9 MiB
2026/09/08 12:56:01.554, 0, 0 %, 1017 MiB
2026/09/08 12:56:01.599, 1, 0 %, 9 MiB
2026/09/08 12:56:02.222, 0, 0 %, 1017 MiB
2026/09/08 12:56:02.223, 1, 0 %, 9 MiB
2026/09/08 12:56:02.723, 0, 0 %, 1017 MiB
2026/09/08 12:56:02.750, 1, 0 %, 9 MiB
2026/09/08 12:56:03.370, 0, 0 %, 1017 MiB
2026/09/08 12:56:03.370, 1, 0 %, 9 MiB
2026/09/08 12:56:03.870, 0, 0 %, 1017 MiB
2026/09/08 12:56:03.887, 1, 0 %, 9 MiB
2026/09/08 12:56:04.512, 0, 0 %, 1017 MiB
2026/09/08 12:56:04.512, 1, 0 %, 9 MiB
2026/09/08 12:56:05.012, 0, 0 %, 1017 MiB
2026/09/08 12:56:05.137, 1, 0 %, 9 MiB
2026/09/08 12:56:05.791, 0, 0 %, 1017 MiB
2026/09/08 12:56:05.791, 1, 0 %, 9 MiB
2026/09/08 12:56:06.291, 0, 0 %, 1017 MiB
2026/09/08 12:56:06.392, 1, 0 %, 9 MiB
2026/09/08 12:56:07.012, 0, 0 %, 1017 MiB
2026/09/08 12:56:07.013, 1, 0 %, 9 MiB
2026/09/08 12:56:07.513, 0, 0 %, 1017 MiB
2026/09/08 12:56:07.544, 1, 0 %, 9 MiB
2026/09/08 12:56:08.164, 0, 0 %, 1017 MiB
2026/09/08 12:56:08.165, 1, 0 %, 9 MiB
2026/09/08 12:56:08.665, 0, 0 %, 1017 MiB
2026/09/08 12:56:08.702, 1, 0 %, 9 MiB
2026/09/08 12:56:09.354, 0, 0 %, 1017 MiB
2026/09/08 12:56:09.354, 1, 0 %, 9 MiB
2026/09/08 12:56:09.854, 0, 0 %, 1017 MiB
2026/09/08 12:56:09.854, 1, 0 %, 9 MiB
2026/09/08 12:56:10.355, 0, 0 %, 1017 MiB
2026/09/08 12:56:10.393, 1, 0 %, 9 MiB
2026/09/08 12:56:11.014, 0, 0 %, 1017 MiB
2026/09/08 12:56:11.014, 1, 0 %, 9 MiB
2026/09/08 12:56:11.514, 0, 0 %, 1017 MiB
2026/09/08 12:56:11.534, 1, 0 %, 9 MiB
2026/09/08 12:56:12.155, 0, 0 %, 1017 MiB
2026/09/08 12:56:12.155, 1, 0 %, 9 MiB
2026/09/08 12:56:12.655, 0, 0 %, 1017 MiB
2026/09/08 12:56:12.680, 1, 0 %, 9 MiB
2026/09/08 12:56:13.320, 0, 0 %, 1017 MiB
2026/09/08 12:56:13.320, 1, 0 %, 9 MiB
2026/09/08 12:56:13.820, 0, 0 %, 1017 MiB
2026/09/08 12:56:13.820, 1, 0 %, 9 MiB
2026/09/08 12:56:14.320, 0, 0 %, 1017 MiB
2026/09/08 12:56:14.406, 1, 0 %, 9 MiB
2026/09/08 12:56:15.030, 0, 0 %, 1017 MiB
2026/09/08 12:56:15.030, 1, 0 %, 9 MiB
2026/09/08 12:56:15.531, 0, 0 %, 1017 MiB
2026/09/08 12:56:15.552, 1, 0 %, 9 MiB
2026/09/08 12:56:16.170, 0, 0 %, 1017 MiB
2026/09/08 12:56:16.171, 1, 0 %, 9 MiB
2026/09/08 12:56:16.671, 0, 0 %, 1017 MiB
2026/09/08 12:56:16.690, 1, 0 %, 9 MiB
2026/09/08 12:56:17.313, 0, 0 %, 1017 MiB
2026/09/08 12:56:17.313, 1, 0 %, 9 MiB
2026/09/08 12:56:17.814, 0, 0 %, 1017 MiB
2026/09/08 12:56:17.929, 1, 0 %, 9 MiB
2026/09/08 12:56:18.580, 0, 0 %, 1017 MiB
2026/09/08 12:56:18.580, 1, 0 %, 9 MiB
2026/09/08 12:56:19.080, 0, 0 %, 1017 MiB
2026/09/08 12:56:19.188, 1, 0 %, 9 MiB
2026/09/08 12:56:19.809, 0, 0 %, 1017 MiB
2026/09/08 12:56:19.809, 1, 0 %, 9 MiB
2026/09/08 12:56:20.309, 0, 0 %, 1017 MiB
2026/09/08 12:56:20.336, 1, 0 %, 9 MiB
2026/09/08 12:56:20.956, 0, 0 %, 1017 MiB
2026/09/08 12:56:20.956, 1, 0 %, 9 MiB
2026/09/08 12:56:21.457, 0, 0 %, 1017 MiB
2026/09/08 12:56:21.489, 1, 0 %, 9 MiB
2026/09/08 12:56:22.143, 0, 0 %, 1017 MiB
2026/09/08 12:56:22.143, 1, 0 %, 9 MiB
2026/09/08 12:56:22.643, 0, 0 %, 1017 MiB
2026/09/08 12:56:22.644, 1, 0 %, 9 MiB
2026/09/08 12:56:23.144, 0, 0 %, 1017 MiB
2026/09/08 12:56:23.192, 1, 0 %, 9 MiB
2026/09/08 12:56:23.813, 0, 0 %, 1017 MiB
2026/09/08 12:56:23.813, 1, 0 %, 9 MiB
2026/09/08 12:56:24.314, 0, 0 %, 1017 MiB
2026/09/08 12:56:24.344, 1, 0 %, 9 MiB
2026/09/08 12:56:24.965, 0, 0 %, 1017 MiB
2026/09/08 12:56:24.965, 1, 0 %, 9 MiB
2026/09/08 12:56:25.465, 0, 0 %, 1017 MiB
2026/09/08 12:56:25.497, 1, 0 %, 9 MiB
2026/09/08 12:56:26.147, 0, 0 %, 1017 MiB
2026/09/08 12:56:26.147, 1, 0 %, 9 MiB
2026/09/08 12:56:26.647, 0, 0 %, 1017 MiB
2026/09/08 12:56:26.647, 1, 0 %, 9 MiB
2026/09/08 12:56:27.148, 0, 0 %, 1017 MiB
2026/09/08 12:56:27.189, 1, 0 %, 9 MiB
2026/09/08 12:56:27.811, 0, 0 %, 1017 MiB
2026/09/08 12:56:27.812, 1, 0 %, 9 MiB
2026/09/08 12:56:28.312, 0, 0 %, 1017 MiB
2026/09/08 12:56:28.336, 1, 0 %, 9 MiB
2026/09/08 12:56:28.956, 0, 0 %, 1017 MiB
2026/09/08 12:56:28.956, 1, 0 %, 9 MiB
2026/09/08 12:56:29.456, 0, 0 %, 1017 MiB
2026/09/08 12:56:29.485, 1, 0 %, 9 MiB
2026/09/08 12:56:30.138, 0, 0 %, 1017 MiB
2026/09/08 12:56:30.138, 1, 0 %, 9 MiB
2026/09/08 12:56:30.638, 0, 0 %, 1017 MiB
2026/09/08 12:56:30.638, 1, 0 %, 9 MiB
2026/09/08 12:56:31.138, 0, 0 %, 1017 MiB
2026/09/08 12:56:31.186, 1, 0 %, 9 MiB
2026/09/08 12:56:31.810, 0, 0 %, 1017 MiB
2026/09/08 12:56:31.810, 1, 0 %, 9 MiB
2026/09/08 12:56:32.310, 0, 0 %, 1017 MiB
2026/09/08 12:56:32.342, 1, 0 %, 9 MiB
2026/09/08 12:56:32.962, 0, 0 %, 1017 MiB
2026/09/08 12:56:32.963, 1, 0 %, 9 MiB
2026/09/08 12:56:33.463, 0, 0 %, 1017 MiB
2026/09/08 12:56:33.494, 1, 0 %, 9 MiB
2026/09/08 12:56:34.148, 0, 0 %, 1017 MiB
2026/09/08 12:56:34.148, 1, 0 %, 9 MiB
2026/09/08 12:56:34.648, 0, 0 %, 1017 MiB
2026/09/08 12:56:34.648, 1, 0 %, 9 MiB
2026/09/08 12:56:35.148, 0, 0 %, 1017 MiB
2026/09/08 12:56:35.188, 1, 0 %, 9 MiB
2026/09/08 12:56:35.811, 0, 0 %, 1017 MiB
2026/09/08 12:56:35.811, 1, 0 %, 9 MiB
2026/09/08 12:56:36.311, 0, 0 %, 1017 MiB
2026/09/08 12:56:36.338, 1, 0 %, 9 MiB
2026/09/08 12:56:36.958, 0, 0 %, 1017 MiB
2026/09/08 12:56:36.958, 1, 0 %, 9 MiB
2026/09/08 12:56:37.458, 0, 0 %, 1017 MiB
2026/09/08 12:56:37.486, 1, 0 %, 9 MiB
2026/09/08 12:56:38.139, 0, 0 %, 1017 MiB
2026/09/08 12:56:38.139, 1, 0 %, 9 MiB
2026/09/08 12:56:38.639, 0, 0 %, 1017 MiB
2026/09/08 12:56:38.640, 1, 0 %, 9 MiB
2026/09/08 12:56:39.140, 0, 0 %, 1017 MiB
2026/09/08 12:56:39.188, 1, 0 %, 9 MiB
2026/09/08 12:56:39.810, 0, 0 %, 1017 MiB
2026/09/08 12:56:39.811, 1, 0 %, 9 MiB
2026/09/08 12:56:40.311, 0, 0 %, 1017 MiB
2026/09/08 12:56:40.338, 1, 0 %, 9 MiB
2026/09/08 12:56:40.959, 0, 0 %, 1017 MiB
2026/09/08 12:56:40.959, 1, 0 %, 9 MiB
2026/09/08 12:56:41.460, 0, 0 %, 1017 MiB
2026/09/08 12:56:41.489, 1, 0 %, 9 MiB
2026/09/08 12:56:42.140, 0, 0 %, 1017 MiB
2026/09/08 12:56:42.141, 1, 0 %, 9 MiB
2026/09/08 12:56:42.641, 0, 0 %, 1017 MiB
2026/09/08 12:56:42.641, 1, 0 %, 9 MiB
2026/09/08 12:56:43.141, 0, 0 %, 1017 MiB
2026/09/08 12:56:43.185, 1, 0 %, 9 MiB
2026/09/08 12:56:43.808, 0, 0 %, 1017 MiB
2026/09/08 12:56:43.808, 1, 0 %, 9 MiB
2026/09/08 12:56:44.308, 0, 0 %, 1017 MiB
2026/09/08 12:56:44.337, 1, 0 %, 9 MiB
2026/09/08 12:56:44.956, 0, 0 %, 1017 MiB
2026/09/08 12:56:44.956, 1, 0 %, 9 MiB
2026/09/08 12:56:45.456, 0, 0 %, 1017 MiB
2026/09/08 12:56:45.485, 1, 0 %, 9 MiB
2026/09/08 12:56:46.129, 0, 0 %, 1017 MiB
2026/09/08 12:56:46.130, 1, 0 %, 9 MiB
2026/09/08 12:56:46.630, 0, 0 %, 1017 MiB
2026/09/08 12:56:46.630, 1, 0 %, 9 MiB
2026/09/08 12:56:47.130, 0, 0 %, 1017 MiB
2026/09/08 12:56:47.183, 1, 0 %, 9 MiB
2026/09/08 12:56:47.809, 0, 0 %, 1017 MiB
2026/09/08 12:56:47.809, 1, 0 %, 9 MiB
2026/09/08 12:56:48.309, 0, 0 %, 1017 MiB
2026/09/08 12:56:48.339, 1, 0 %, 9 MiB
2026/09/08 12:56:48.961, 0, 0 %, 1017 MiB
2026/09/08 12:56:48.961, 1, 0 %, 9 MiB
2026/09/08 12:56:49.462, 0, 0 %, 1017 MiB
2026/09/08 12:56:49.496, 1, 0 %, 9 MiB
2026/09/08 12:56:50.150, 0, 0 %, 1017 MiB
2026/09/08 12:56:50.151, 1, 0 %, 9 MiB
2026/09/08 12:56:50.651, 0, 0 %, 1017 MiB
2026/09/08 12:56:50.651, 1, 0 %, 9 MiB
2026/09/08 12:56:51.151, 0, 0 %, 1017 MiB
2026/09/08 12:56:51.182, 1, 0 %, 9 MiB
2026/09/08 12:56:51.803, 0, 0 %, 1017 MiB
2026/09/08 12:56:51.803, 1, 0 %, 9 MiB
2026/09/08 12:56:52.304, 0, 0 %, 1017 MiB
2026/09/08 12:56:52.329, 1, 0 %, 9 MiB
2026/09/08 12:56:52.949, 0, 0 %, 1017 MiB
2026/09/08 12:56:52.949, 1, 0 %, 9 MiB
2026/09/08 12:56:53.449, 0, 0 %, 1017 MiB
2026/09/08 12:56:53.470, 1, 0 %, 9 MiB
2026/09/08 12:56:54.113, 0, 0 %, 1017 MiB
2026/09/08 12:56:54.113, 1, 0 %, 9 MiB
2026/09/08 12:56:54.614, 0, 0 %, 1017 MiB
2026/09/08 12:56:54.614, 1, 0 %, 9 MiB
2026/09/08 12:56:55.114, 0, 0 %, 1017 MiB
2026/09/08 12:56:55.189, 1, 0 %, 9 MiB
2026/09/08 12:56:55.815, 0, 0 %, 1017 MiB
2026/09/08 12:56:55.815, 1, 0 %, 9 MiB
2026/09/08 12:56:56.315, 0, 0 %, 1017 MiB
2026/09/08 12:56:56.345, 1, 0 %, 9 MiB
2026/09/08 12:56:56.966, 0, 0 %, 1017 MiB
2026/09/08 12:56:56.966, 1, 0 %, 9 MiB
2026/09/08 12:56:57.466, 0, 0 %, 1017 MiB
2026/09/08 12:56:57.487, 1, 0 %, 9 MiB
2026/09/08 12:56:58.115, 0, 0 %, 1017 MiB
2026/09/08 12:56:58.115, 1, 0 %, 9 MiB
2026/09/08 12:56:58.615, 0, 0 %, 1017 MiB
2026/09/08 12:56:58.751, 1, 0 %, 9 MiB
2026/09/08 12:56:59.408, 0, 0 %, 1017 MiB
2026/09/08 12:56:59.408, 1, 0 %, 9 MiB
2026/09/08 12:56:59.908, 0, 0 %, 1017 MiB
2026/09/08 12:56:59.966, 1, 0 %, 9 MiB
2026/09/08 12:57:00.589, 0, 0 %, 1017 MiB
2026/09/08 12:57:00.590, 1, 0 %, 9 MiB
2026/09/08 12:57:01.090, 0, 0 %, 1017 MiB
2026/09/08 12:57:01.110, 1, 0 %, 9 MiB
2026/09/08 12:57:01.730, 0, 0 %, 1017 MiB
2026/09/08 12:57:01.730, 1, 0 %, 9 MiB
2026/09/08 12:57:02.231, 0, 0 %, 1017 MiB
2026/09/08 12:57:02.263, 1, 0 %, 9 MiB
2026/09/08 12:57:02.900, 0, 0 %, 1017 MiB
2026/09/08 12:57:02.901, 1, 0 %, 9 MiB
2026/09/08 12:57:03.401, 0, 0 %, 1017 MiB
2026/09/08 12:57:03.401, 1, 0 %, 9 MiB
2026/09/08 12:57:03.901, 0, 0 %, 1017 MiB
2026/09/08 12:57:03.991, 1, 0 %, 9 MiB
2026/09/08 12:57:04.616, 0, 0 %, 1017 MiB
2026/09/08 12:57:04.616, 1, 0 %, 9 MiB
2026/09/08 12:57:05.117, 0, 0 %, 1017 MiB
2026/09/08 12:57:05.145, 1, 0 %, 9 MiB
2026/09/08 12:57:05.764, 0, 0 %, 1017 MiB
2026/09/08 12:57:05.764, 1, 0 %, 9 MiB
2026/09/08 12:57:06.265, 0, 0 %, 1017 MiB
2026/09/08 12:57:06.287, 1, 0 %, 9 MiB
2026/09/08 12:57:06.914, 0, 0 %, 1017 MiB
2026/09/08 12:57:06.914, 1, 0 %, 9 MiB
2026/09/08 12:57:07.414, 0, 0 %, 1017 MiB
2026/09/08 12:57:07.547, 1, 0 %, 9 MiB
2026/09/08 12:57:08.203, 0, 0 %, 1017 MiB
2026/09/08 12:57:08.203, 1, 0 %, 9 MiB
2026/09/08 12:57:08.703, 0, 0 %, 1017 MiB
2026/09/08 12:57:08.764, 1, 0 %, 9 MiB
2026/09/08 12:57:09.389, 0, 0 %, 1017 MiB
2026/09/08 12:57:09.389, 1, 0 %, 9 MiB
2026/09/08 12:57:09.889, 0, 0 %, 1017 MiB
2026/09/08 12:57:09.903, 1, 0 %, 9 MiB
2026/09/08 12:57:10.522, 0, 0 %, 1017 MiB
2026/09/08 12:57:10.522, 1, 0 %, 9 MiB
2026/09/08 12:57:11.022, 0, 0 %, 1017 MiB
2026/09/08 12:57:11.048, 1, 0 %, 9 MiB
2026/09/08 12:57:11.679, 0, 0 %, 1017 MiB
2026/09/08 12:57:11.679, 1, 0 %, 9 MiB
2026/09/08 12:57:12.179, 0, 0 %, 1017 MiB
2026/09/08 12:57:12.324, 1, 0 %, 9 MiB
2026/09/08 12:57:12.978, 0, 0 %, 1017 MiB
2026/09/08 12:57:12.978, 1, 0 %, 9 MiB
2026/09/08 12:57:13.478, 0, 0 %, 1017 MiB
2026/09/08 12:57:13.581, 1, 0 %, 9 MiB
2026/09/08 12:57:14.201, 0, 0 %, 1017 MiB
2026/09/08 12:57:14.201, 1, 0 %, 9 MiB
2026/09/08 12:57:14.701, 0, 0 %, 1017 MiB
2026/09/08 12:57:14.724, 1, 0 %, 9 MiB
2026/09/08 12:57:15.342, 0, 0 %, 1017 MiB
2026/09/08 12:57:15.342, 1, 0 %, 9 MiB
2026/09/08 12:57:15.842, 0, 0 %, 1017 MiB
2026/09/08 12:57:15.859, 1, 0 %, 9 MiB
2026/09/08 12:57:16.487, 0, 0 %, 1017 MiB
2026/09/08 12:57:16.487, 1, 0 %, 9 MiB
2026/09/08 12:57:16.987, 0, 0 %, 1017 MiB
2026/09/08 12:57:17.109, 1, 0 %, 9 MiB
2026/09/08 12:57:17.751, 0, 0 %, 1017 MiB
2026/09/08 12:57:17.751, 1, 0 %, 9 MiB
2026/09/08 12:57:18.252, 0, 0 %, 1017 MiB
2026/09/08 12:57:18.368, 1, 0 %, 9 MiB
2026/09/08 12:57:18.992, 0, 0 %, 1017 MiB
2026/09/08 12:57:18.992, 1, 0 %, 9 MiB
2026/09/08 12:57:19.492, 0, 0 %, 1017 MiB
2026/09/08 12:57:19.515, 1, 0 %, 9 MiB
2026/09/08 12:57:20.137, 0, 0 %, 1017 MiB
2026/09/08 12:57:20.137, 1, 0 %, 9 MiB
2026/09/08 12:57:20.638, 0, 0 %, 1017 MiB
2026/09/08 12:57:20.668, 1, 0 %, 9 MiB
2026/09/08 12:57:21.320, 0, 0 %, 1017 MiB
2026/09/08 12:57:21.320, 1, 0 %, 9 MiB
2026/09/08 12:57:21.820, 0, 0 %, 1017 MiB
2026/09/08 12:57:21.821, 1, 0 %, 9 MiB
2026/09/08 12:57:22.321, 0, 0 %, 1017 MiB
2026/09/08 12:57:22.367, 1, 0 %, 9 MiB
2026/09/08 12:57:22.994, 0, 0 %, 1017 MiB
2026/09/08 12:57:22.994, 1, 0 %, 9 MiB
2026/09/08 12:57:23.495, 0, 0 %, 1017 MiB
2026/09/08 12:57:23.520, 1, 0 %, 9 MiB
2026/09/08 12:57:24.142, 0, 0 %, 1017 MiB
2026/09/08 12:57:24.142, 1, 0 %, 9 MiB
2026/09/08 12:57:24.643, 0, 0 %, 1017 MiB
2026/09/08 12:57:24.680, 1, 0 %, 9 MiB
2026/09/08 12:57:25.333, 0, 0 %, 1017 MiB
2026/09/08 12:57:25.333, 1, 0 %, 9 MiB
2026/09/08 12:57:25.833, 0, 0 %, 1017 MiB
2026/09/08 12:57:25.834, 1, 0 %, 9 MiB
2026/09/08 12:57:26.334, 0, 0 %, 1017 MiB
2026/09/08 12:57:26.369, 1, 0 %, 9 MiB
2026/09/08 12:57:26.990, 0, 0 %, 1017 MiB
2026/09/08 12:57:26.990, 1, 0 %, 9 MiB
2026/09/08 12:57:27.490, 0, 0 %, 1017 MiB
2026/09/08 12:57:27.513, 1, 0 %, 9 MiB
2026/09/08 12:57:28.133, 0, 0 %, 1017 MiB
2026/09/08 12:57:28.133, 1, 0 %, 9 MiB
2026/09/08 12:57:28.633, 0, 0 %, 1017 MiB
2026/09/08 12:57:28.663, 1, 0 %, 9 MiB
2026/09/08 12:57:29.313, 0, 0 %, 1017 MiB
2026/09/08 12:57:29.314, 1, 0 %, 9 MiB
2026/09/08 12:57:29.814, 0, 0 %, 1017 MiB
2026/09/08 12:57:29.814, 1, 0 %, 9 MiB
2026/09/08 12:57:30.314, 0, 0 %, 1017 MiB
2026/09/08 12:57:30.367, 1, 0 %, 9 MiB
2026/09/08 12:57:30.992, 0, 0 %, 1017 MiB
2026/09/08 12:57:30.993, 1, 0 %, 9 MiB
2026/09/08 12:57:31.493, 0, 0 %, 1017 MiB
2026/09/08 12:57:31.519, 1, 0 %, 9 MiB
2026/09/08 12:57:32.143, 0, 0 %, 1017 MiB
2026/09/08 12:57:32.143, 1, 0 %, 9 MiB
2026/09/08 12:57:32.643, 0, 0 %, 1017 MiB
2026/09/08 12:57:32.664, 1, 0 %, 9 MiB
2026/09/08 12:57:33.292, 0, 0 %, 1017 MiB
2026/09/08 12:57:33.292, 1, 0 %, 9 MiB
2026/09/08 12:57:33.792, 0, 0 %, 1017 MiB
2026/09/08 12:57:33.948, 1, 0 %, 9 MiB
2026/09/08 12:57:34.599, 0, 0 %, 1017 MiB
2026/09/08 12:57:34.599, 1, 0 %, 9 MiB
2026/09/08 12:57:35.099, 0, 0 %, 1017 MiB
2026/09/08 12:57:35.146, 1, 0 %, 9 MiB
2026/09/08 12:57:35.765, 0, 0 %, 1017 MiB
2026/09/08 12:57:35.766, 1, 0 %, 9 MiB
2026/09/08 12:57:36.266, 0, 0 %, 1017 MiB
2026/09/08 12:57:36.282, 1, 0 %, 9 MiB
2026/09/08 12:57:36.902, 0, 0 %, 1017 MiB
2026/09/08 12:57:36.902, 1, 0 %, 9 MiB
2026/09/08 12:57:37.402, 0, 0 %, 1017 MiB
2026/09/08 12:57:37.480, 1, 0 %, 9 MiB
2026/09/08 12:57:38.121, 0, 0 %, 1017 MiB
2026/09/08 12:57:38.121, 1, 0 %, 9 MiB
2026/09/08 12:57:38.621, 0, 0 %, 1017 MiB
2026/09/08 12:57:38.621, 1, 0 %, 9 MiB
2026/09/08 12:57:39.122, 0, 0 %, 1017 MiB
2026/09/08 12:57:39.170, 1, 0 %, 9 MiB
2026/09/08 12:57:39.788, 0, 0 %, 1017 MiB
2026/09/08 12:57:39.788, 1, 0 %, 9 MiB
2026/09/08 12:57:40.288, 0, 0 %, 1017 MiB
2026/09/08 12:57:40.313, 1, 0 %, 9 MiB
2026/09/08 12:57:40.933, 0, 0 %, 1017 MiB
2026/09/08 12:57:40.933, 1, 0 %, 9 MiB
2026/09/08 12:57:41.434, 0, 0 %, 1017 MiB
2026/09/08 12:57:41.479, 1, 0 %, 9 MiB
2026/09/08 12:57:42.131, 0, 0 %, 1017 MiB
2026/09/08 12:57:42.131, 1, 0 %, 9 MiB
2026/09/08 12:57:42.631, 0, 0 %, 1017 MiB
2026/09/08 12:57:42.631, 1, 0 %, 9 MiB
2026/09/08 12:57:43.131, 0, 0 %, 1017 MiB
2026/09/08 12:57:43.166, 1, 0 %, 9 MiB
2026/09/08 12:57:43.786, 0, 0 %, 1017 MiB
2026/09/08 12:57:43.786, 1, 0 %, 9 MiB
2026/09/08 12:57:44.287, 0, 0 %, 1017 MiB
2026/09/08 12:57:44.310, 1, 0 %, 9 MiB
2026/09/08 12:57:44.929, 0, 0 %, 1017 MiB
2026/09/08 12:57:44.930, 1, 0 %, 9 MiB
2026/09/08 12:57:45.430, 0, 0 %, 1017 MiB
2026/09/08 12:57:45.454, 1, 0 %, 9 MiB
2026/09/08 12:57:46.094, 0, 0 %, 1017 MiB
2026/09/08 12:57:46.094, 1, 0 %, 9 MiB
2026/09/08 12:57:46.594, 0, 0 %, 1017 MiB
2026/09/08 12:57:46.595, 1, 0 %, 9 MiB
2026/09/08 12:57:47.095, 0, 0 %, 1017 MiB
2026/09/08 12:57:47.182, 1, 0 %, 9 MiB
2026/09/08 12:57:47.803, 0, 0 %, 1017 MiB
2026/09/08 12:57:47.803, 1, 0 %, 9 MiB
2026/09/08 12:57:48.304, 0, 0 %, 1017 MiB
2026/09/08 12:57:48.328, 1, 0 %, 9 MiB
2026/09/08 12:57:48.946, 0, 0 %, 1017 MiB
2026/09/08 12:57:48.946, 1, 0 %, 9 MiB
2026/09/08 12:57:49.447, 0, 0 %, 1017 MiB
2026/09/08 12:57:49.463, 1, 0 %, 9 MiB
2026/09/08 12:57:50.088, 0, 0 %, 1017 MiB
2026/09/08 12:57:50.089, 1, 0 %, 9 MiB
2026/09/08 12:57:50.589, 0, 0 %, 1017 MiB
2026/09/08 12:57:50.712, 1, 0 %, 9 MiB
2026/09/08 12:57:51.362, 0, 0 %, 1017 MiB
2026/09/08 12:57:51.362, 1, 0 %, 9 MiB
2026/09/08 12:57:51.863, 0, 0 %, 1017 MiB
2026/09/08 12:57:51.961, 1, 0 %, 9 MiB
2026/09/08 12:57:52.583, 0, 0 %, 1017 MiB
2026/09/08 12:57:52.583, 1, 0 %, 9 MiB
2026/09/08 12:57:53.083, 0, 0 %, 1017 MiB
2026/09/08 12:57:53.106, 1, 0 %, 9 MiB
2026/09/08 12:57:53.726, 0, 0 %, 1017 MiB
2026/09/08 12:57:53.726, 1, 0 %, 9 MiB
2026/09/08 12:57:54.227, 0, 0 %, 1017 MiB
2026/09/08 12:57:54.257, 1, 0 %, 9 MiB
2026/09/08 12:57:54.900, 0, 0 %, 1017 MiB
2026/09/08 12:57:54.901, 1, 0 %, 9 MiB
2026/09/08 12:57:55.401, 0, 0 %, 1017 MiB
2026/09/08 12:57:55.401, 1, 0 %, 9 MiB
2026/09/08 12:57:55.901, 0, 0 %, 1017 MiB
2026/09/08 12:57:55.976, 1, 0 %, 9 MiB
2026/09/08 12:57:56.601, 0, 0 %, 1017 MiB
2026/09/08 12:57:56.601, 1, 0 %, 9 MiB
2026/09/08 12:57:57.102, 0, 0 %, 1017 MiB
2026/09/08 12:57:57.126, 1, 0 %, 9 MiB
2026/09/08 12:57:57.745, 0, 0 %, 1017 MiB
2026/09/08 12:57:57.745, 1, 0 %, 9 MiB
2026/09/08 12:57:58.245, 0, 0 %, 1017 MiB
2026/09/08 12:57:58.266, 1, 0 %, 9 MiB
2026/09/08 12:57:58.891, 0, 0 %, 1017 MiB
2026/09/08 12:57:58.891, 1, 0 %, 9 MiB
2026/09/08 12:57:59.391, 0, 0 %, 1017 MiB
2026/09/08 12:57:59.509, 1, 0 %, 9 MiB
2026/09/08 12:58:00.161, 0, 0 %, 1017 MiB
2026/09/08 12:58:00.162, 1, 0 %, 9 MiB
2026/09/08 12:58:00.662, 0, 0 %, 1017 MiB
2026/09/08 12:58:00.759, 1, 0 %, 9 MiB
2026/09/08 12:58:01.387, 0, 0 %, 1017 MiB
2026/09/08 12:58:01.387, 1, 0 %, 9 MiB
2026/09/08 12:58:01.887, 0, 0 %, 1017 MiB
2026/09/08 12:58:01.901, 1, 0 %, 9 MiB
2026/09/08 12:58:02.518, 0, 0 %, 1017 MiB
2026/09/08 12:58:02.518, 1, 0 %, 9 MiB
2026/09/08 12:58:03.018, 0, 0 %, 1017 MiB
2026/09/08 12:58:03.034, 1, 0 %, 9 MiB
2026/09/08 12:58:03.668, 0, 0 %, 1017 MiB
2026/09/08 12:58:03.669, 1, 0 %, 9 MiB
2026/09/08 12:58:04.169, 0, 0 %, 1017 MiB
2026/09/08 12:58:04.300, 1, 0 %, 9 MiB
2026/09/08 12:58:04.951, 0, 0 %, 1017 MiB
2026/09/08 12:58:04.951, 1, 0 %, 9 MiB
2026/09/08 12:58:05.451, 0, 0 %, 1017 MiB
2026/09/08 12:58:05.556, 1, 0 %, 9 MiB
2026/09/08 12:58:06.176, 0, 0 %, 1017 MiB
2026/09/08 12:58:06.177, 1, 0 %, 9 MiB
2026/09/08 12:58:06.677, 0, 0 %, 1017 MiB
2026/09/08 12:58:06.701, 1, 0 %, 9 MiB
2026/09/08 12:58:07.321, 0, 0 %, 1017 MiB
2026/09/08 12:58:07.322, 1, 0 %, 9 MiB
2026/09/08 12:58:07.822, 0, 0 %, 1017 MiB
2026/09/08 12:58:07.842, 1, 0 %, 9 MiB
2026/09/08 12:58:08.485, 0, 0 %, 1017 MiB
2026/09/08 12:58:08.486, 1, 0 %, 9 MiB
2026/09/08 12:58:08.986, 0, 0 %, 1017 MiB
2026/09/08 12:58:08.986, 1, 0 %, 9 MiB
2026/09/08 12:58:09.486, 0, 0 %, 1017 MiB
2026/09/08 12:58:09.563, 1, 0 %, 9 MiB
2026/09/08 12:58:10.189, 0, 0 %, 1017 MiB
2026/09/08 12:58:10.189, 1, 0 %, 9 MiB
2026/09/08 12:58:10.689, 0, 0 %, 1017 MiB
2026/09/08 12:58:10.712, 1, 0 %, 9 MiB
2026/09/08 12:58:11.331, 0, 0 %, 1017 MiB
2026/09/08 12:58:11.332, 1, 0 %, 9 MiB
2026/09/08 12:58:11.832, 0, 0 %, 1017 MiB
2026/09/08 12:58:11.848, 1, 0 %, 9 MiB
2026/09/08 12:58:12.477, 0, 0 %, 1017 MiB
2026/09/08 12:58:12.477, 1, 0 %, 9 MiB
2026/09/08 12:58:12.977, 0, 0 %, 1017 MiB
2026/09/08 12:58:13.108, 1, 0 %, 9 MiB
2026/09/08 12:58:13.762, 0, 0 %, 1017 MiB
2026/09/08 12:58:13.762, 1, 0 %, 9 MiB
2026/09/08 12:58:14.262, 0, 0 %, 1017 MiB
2026/09/08 12:58:14.359, 1, 0 %, 9 MiB
2026/09/08 12:58:14.981, 0, 0 %, 1017 MiB
2026/09/08 12:58:14.981, 1, 0 %, 9 MiB
2026/09/08 12:58:15.481, 0, 0 %, 1017 MiB
2026/09/08 12:58:15.503, 1, 0 %, 9 MiB
2026/09/08 12:58:16.124, 0, 0 %, 1017 MiB
2026/09/08 12:58:16.124, 1, 0 %, 9 MiB
2026/09/08 12:58:16.624, 0, 0 %, 1017 MiB
2026/09/08 12:58:16.653, 1, 0 %, 9 MiB
2026/09/08 12:58:17.302, 0, 0 %, 1017 MiB
2026/09/08 12:58:17.302, 1, 0 %, 9 MiB
2026/09/08 12:58:17.802, 0, 0 %, 1017 MiB
2026/09/08 12:58:17.803, 1, 0 %, 9 MiB
2026/09/08 12:58:18.303, 0, 0 %, 1017 MiB
2026/09/08 12:58:18.353, 1, 0 %, 9 MiB
2026/09/08 12:58:18.979, 0, 0 %, 1017 MiB
2026/09/08 12:58:18.979, 1, 0 %, 9 MiB
2026/09/08 12:58:19.480, 0, 0 %, 1017 MiB
2026/09/08 12:58:19.504, 1, 0 %, 9 MiB
2026/09/08 12:58:20.125, 0, 0 %, 1017 MiB
2026/09/08 12:58:20.125, 1, 0 %, 9 MiB
2026/09/08 12:58:20.625, 0, 0 %, 1017 MiB
2026/09/08 12:58:20.656, 1, 0 %, 9 MiB
2026/09/08 12:58:21.308, 0, 0 %, 1017 MiB
2026/09/08 12:58:21.308, 1, 0 %, 9 MiB
2026/09/08 12:58:21.808, 0, 0 %, 1017 MiB
2026/09/08 12:58:21.808, 1, 0 %, 9 MiB
2026/09/08 12:58:22.309, 0, 0 %, 1017 MiB
2026/09/08 12:58:22.347, 1, 0 %, 9 MiB
2026/09/08 12:58:22.972, 0, 0 %, 1017 MiB
2026/09/08 12:58:22.972, 1, 0 %, 9 MiB
2026/09/08 12:58:23.472, 0, 0 %, 1017 MiB
2026/09/08 12:58:23.494, 1, 0 %, 9 MiB
2026/09/08 12:58:24.115, 0, 0 %, 1017 MiB
2026/09/08 12:58:24.115, 1, 0 %, 9 MiB
2026/09/08 12:58:24.616, 0, 0 %, 1017 MiB
2026/09/08 12:58:24.641, 1, 0 %, 9 MiB
2026/09/08 12:58:25.284, 0, 0 %, 1017 MiB
2026/09/08 12:58:25.284, 1, 0 %, 9 MiB
2026/09/08 12:58:25.785, 0, 0 %, 1017 MiB
2026/09/08 12:58:25.785, 1, 0 %, 9 MiB
2026/09/08 12:58:26.285, 0, 0 %, 1017 MiB
2026/09/08 12:58:26.368, 1, 0 %, 9 MiB
2026/09/08 12:58:26.994, 0, 0 %, 1017 MiB
2026/09/08 12:58:26.994, 1, 0 %, 9 MiB
2026/09/08 12:58:27.495, 0, 0 %, 1017 MiB
2026/09/08 12:58:27.520, 1, 0 %, 9 MiB
2026/09/08 12:58:28.021, 0, 0 %, 1017 MiB
2026/09/08 12:58:28.021, 1, 0 %, 9 MiB
2026/09/08 12:58:28.521, 0, 0 %, 1017 MiB
2026/09/08 12:58:28.521, 1, 0 %, 9 MiB
2026/09/08 12:58:29.021, 0, 0 %, 1017 MiB
2026/09/08 12:58:29.029, 1, 0 %, 9 MiB
2026/09/08 12:58:29.649, 0, 0 %, 1017 MiB
2026/09/08 12:58:29.649, 1, 0 %, 9 MiB
2026/09/08 12:58:30.149, 0, 0 %, 1017 MiB
2026/09/08 12:58:30.231, 1, 0 %, 9 MiB
2026/09/08 12:58:30.853, 0, 0 %, 1017 MiB
2026/09/08 12:58:30.853, 1, 0 %, 9 MiB
2026/09/08 12:58:31.353, 0, 0 %, 1017 MiB
2026/09/08 12:58:31.475, 1, 0 %, 9 MiB
2026/09/08 12:58:32.118, 0, 0 %, 1017 MiB
2026/09/08 12:58:32.118, 1, 0 %, 9 MiB
2026/09/08 12:58:32.618, 0, 0 %, 1017 MiB
2026/09/08 12:58:32.618, 1, 0 %, 9 MiB
2026/09/08 12:58:33.119, 0, 0 %, 1017 MiB
2026/09/08 12:58:33.134, 1, 0 %, 9 MiB
2026/09/08 12:58:33.757, 0, 0 %, 1017 MiB
2026/09/08 12:58:33.757, 1, 0 %, 9 MiB
2026/09/08 12:58:34.257, 0, 0 %, 1017 MiB
2026/09/08 12:58:34.278, 1, 0 %, 9 MiB
2026/09/08 12:58:34.899, 0, 0 %, 1017 MiB
2026/09/08 12:58:34.899, 1, 0 %, 9 MiB
2026/09/08 12:58:35.399, 0, 0 %, 1017 MiB
2026/09/08 12:58:35.476, 1, 0 %, 9 MiB
2026/09/08 12:58:36.127, 0, 0 %, 1017 MiB
2026/09/08 12:58:36.127, 1, 0 %, 9 MiB
2026/09/08 12:58:36.627, 0, 0 %, 1017 MiB
2026/09/08 12:58:36.740, 1, 0 %, 9 MiB
2026/09/08 12:58:37.367, 0, 0 %, 1017 MiB
2026/09/08 12:58:37.368, 1, 0 %, 9 MiB
2026/09/08 12:58:37.868, 0, 0 %, 1017 MiB
2026/09/08 12:58:37.886, 1, 0 %, 9 MiB
2026/09/08 12:58:38.507, 0, 0 %, 1017 MiB
2026/09/08 12:58:38.507, 1, 0 %, 9 MiB
2026/09/08 12:58:39.007, 0, 0 %, 1017 MiB
2026/09/08 12:58:39.031, 1, 0 %, 9 MiB
2026/09/08 12:58:39.669, 0, 0 %, 1017 MiB
2026/09/08 12:58:39.669, 1, 0 %, 9 MiB
2026/09/08 12:58:40.170, 0, 0 %, 1017 MiB
2026/09/08 12:58:40.170, 1, 0 %, 9 MiB
2026/09/08 12:58:40.670, 0, 0 %, 1017 MiB
2026/09/08 12:58:40.757, 1, 0 %, 9 MiB
2026/09/08 12:58:41.385, 0, 0 %, 1017 MiB
2026/09/08 12:58:41.385, 1, 0 %, 9 MiB
2026/09/08 12:58:41.885, 0, 0 %, 1017 MiB
2026/09/08 12:58:41.909, 1, 0 %, 9 MiB
2026/09/08 12:58:42.527, 0, 0 %, 1017 MiB
2026/09/08 12:58:42.527, 1, 0 %, 9 MiB
2026/09/08 12:58:43.027, 0, 0 %, 1017 MiB
2026/09/08 12:58:43.045, 1, 0 %, 9 MiB
2026/09/08 12:58:43.669, 0, 0 %, 1017 MiB
2026/09/08 12:58:43.669, 1, 0 %, 9 MiB
2026/09/08 12:58:44.169, 0, 0 %, 1017 MiB
2026/09/08 12:58:44.281, 1, 0 %, 9 MiB
2026/09/08 12:58:44.932, 0, 0 %, 1017 MiB
2026/09/08 12:58:44.932, 1, 0 %, 9 MiB
2026/09/08 12:58:45.432, 0, 0 %, 1017 MiB
2026/09/08 12:58:45.539, 1, 0 %, 9 MiB
2026/09/08 12:58:46.160, 0, 0 %, 1017 MiB
2026/09/08 12:58:46.160, 1, 0 %, 9 MiB
2026/09/08 12:58:46.660, 0, 0 %, 1017 MiB
2026/09/08 12:58:46.688, 1, 0 %, 9 MiB
2026/09/08 12:58:47.307, 0, 0 %, 1017 MiB
2026/09/08 12:58:47.307, 1, 0 %, 9 MiB
2026/09/08 12:58:47.808, 0, 0 %, 1017 MiB
2026/09/08 12:58:47.833, 1, 0 %, 9 MiB
2026/09/08 12:58:48.477, 0, 0 %, 1017 MiB
2026/09/08 12:58:48.477, 1, 0 %, 9 MiB
2026/09/08 12:58:48.977, 0, 0 %, 1017 MiB
2026/09/08 12:58:48.977, 1, 0 %, 9 MiB
2026/09/08 12:58:49.477, 0, 0 %, 1017 MiB
2026/09/08 12:58:49.548, 1, 0 %, 9 MiB
2026/09/08 12:58:50.176, 0, 0 %, 1017 MiB
2026/09/08 12:58:50.176, 1, 0 %, 9 MiB
2026/09/08 12:58:50.676, 0, 0 %, 1017 MiB
2026/09/08 12:58:50.699, 1, 0 %, 9 MiB
2026/09/08 12:58:51.320, 0, 0 %, 1017 MiB
2026/09/08 12:58:51.320, 1, 0 %, 9 MiB
2026/09/08 12:58:51.820, 0, 0 %, 1017 MiB
2026/09/08 12:58:51.839, 1, 0 %, 9 MiB
2026/09/08 12:58:52.464, 0, 0 %, 1017 MiB
2026/09/08 12:58:52.465, 1, 0 %, 9 MiB
2026/09/08 12:58:52.965, 0, 0 %, 1017 MiB
2026/09/08 12:58:53.099, 1, 0 %, 9 MiB
2026/09/08 12:58:53.752, 0, 0 %, 1017 MiB
2026/09/08 12:58:53.752, 1, 0 %, 9 MiB
2026/09/08 12:58:54.252, 0, 0 %, 1017 MiB
2026/09/08 12:58:54.336, 1, 0 %, 9 MiB
2026/09/08 12:58:54.960, 0, 0 %, 1017 MiB
2026/09/08 12:58:54.961, 1, 0 %, 9 MiB
2026/09/08 12:58:55.461, 0, 0 %, 1017 MiB
2026/09/08 12:58:55.482, 1, 0 %, 9 MiB
2026/09/08 12:58:56.102, 0, 0 %, 1017 MiB
2026/09/08 12:58:56.102, 1, 0 %, 9 MiB
2026/09/08 12:58:56.603, 0, 0 %, 1017 MiB
2026/09/08 12:58:56.637, 1, 0 %, 9 MiB
2026/09/08 12:58:57.275, 0, 0 %, 1017 MiB
2026/09/08 12:58:57.275, 1, 0 %, 9 MiB
2026/09/08 12:58:57.775, 0, 0 %, 1017 MiB
2026/09/08 12:58:57.775, 1, 0 %, 9 MiB
2026/09/08 12:58:58.276, 0, 0 %, 1017 MiB
2026/09/08 12:58:58.346, 1, 0 %, 9 MiB
2026/09/08 12:58:58.972, 0, 0 %, 1017 MiB
2026/09/08 12:58:58.972, 1, 0 %, 9 MiB
2026/09/08 12:58:59.473, 0, 0 %, 1017 MiB
2026/09/08 12:58:59.500, 1, 0 %, 9 MiB
2026/09/08 12:59:00.119, 0, 0 %, 1017 MiB
2026/09/08 12:59:00.119, 1, 0 %, 9 MiB
2026/09/08 12:59:00.620, 0, 0 %, 1017 MiB
2026/09/08 12:59:00.637, 1, 0 %, 9 MiB
2026/09/08 12:59:01.258, 0, 0 %, 1017 MiB
2026/09/08 12:59:01.258, 1, 0 %, 9 MiB
2026/09/08 12:59:01.759, 0, 0 %, 1017 MiB
2026/09/08 12:59:01.885, 1, 0 %, 9 MiB
2026/09/08 12:59:02.538, 0, 0 %, 1017 MiB
2026/09/08 12:59:02.539, 1, 0 %, 9 MiB
2026/09/08 12:59:03.039, 0, 0 %, 1017 MiB
2026/09/08 12:59:03.144, 1, 0 %, 9 MiB
2026/09/08 12:59:03.762, 0, 0 %, 1017 MiB
2026/09/08 12:59:03.762, 1, 0 %, 9 MiB
2026/09/08 12:59:04.263, 0, 0 %, 1017 MiB
2026/09/08 12:59:04.287, 1, 0 %, 9 MiB
2026/09/08 12:59:04.908, 0, 0 %, 1017 MiB
2026/09/08 12:59:04.908, 1, 0 %, 9 MiB
2026/09/08 12:59:05.408, 0, 0 %, 1017 MiB
2026/09/08 12:59:05.458, 1, 0 %, 9 MiB
2026/09/08 12:59:06.111, 0, 0 %, 1017 MiB
2026/09/08 12:59:06.111, 1, 0 %, 9 MiB
2026/09/08 12:59:06.611, 0, 0 %, 1017 MiB
2026/09/08 12:59:06.611, 1, 0 %, 9 MiB
2026/09/08 12:59:07.111, 0, 0 %, 1017 MiB
2026/09/08 12:59:07.147, 1, 0 %, 9 MiB
2026/09/08 12:59:07.767, 0, 0 %, 1017 MiB
2026/09/08 12:59:07.767, 1, 0 %, 9 MiB
2026/09/08 12:59:08.267, 0, 0 %, 1017 MiB
2026/09/08 12:59:08.286, 1, 0 %, 9 MiB
2026/09/08 12:59:08.904, 0, 0 %, 1017 MiB
2026/09/08 12:59:08.905, 1, 0 %, 9 MiB
2026/09/08 12:59:09.405, 0, 0 %, 1017 MiB
2026/09/08 12:59:09.421, 1, 0 %, 9 MiB
2026/09/08 12:59:10.058, 0, 0 %, 1017 MiB
2026/09/08 12:59:10.058, 1, 0 %, 9 MiB
2026/09/08 12:59:10.558, 0, 0 %, 1017 MiB
2026/09/08 12:59:10.709, 1, 0 %, 9 MiB
2026/09/08 12:59:11.364, 0, 0 %, 1017 MiB
2026/09/08 12:59:11.364, 1, 0 %, 9 MiB
2026/09/08 12:59:11.864, 0, 0 %, 1017 MiB
2026/09/08 12:59:11.924, 1, 0 %, 9 MiB
2026/09/08 12:59:12.548, 0, 0 %, 1017 MiB
2026/09/08 12:59:12.549, 1, 0 %, 9 MiB
2026/09/08 12:59:13.049, 0, 0 %, 1017 MiB
2026/09/08 12:59:13.069, 1, 0 %, 9 MiB
2026/09/08 12:59:13.690, 0, 0 %, 1017 MiB
2026/09/08 12:59:13.690, 1, 0 %, 9 MiB
2026/09/08 12:59:14.190, 0, 0 %, 1017 MiB
2026/09/08 12:59:14.244, 1, 0 %, 9 MiB
2026/09/08 12:59:14.896, 0, 0 %, 1017 MiB
2026/09/08 12:59:14.896, 1, 0 %, 9 MiB
2026/09/08 12:59:15.396, 0, 0 %, 1017 MiB
2026/09/08 12:59:15.396, 1, 0 %, 9 MiB
2026/09/08 12:59:15.897, 0, 0 %, 1017 MiB
2026/09/08 12:59:15.938, 1, 0 %, 9 MiB
2026/09/08 12:59:16.559, 0, 0 %, 1017 MiB
2026/09/08 12:59:16.560, 1, 0 %, 9 MiB
2026/09/08 12:59:17.060, 0, 0 %, 1017 MiB
2026/09/08 12:59:17.082, 1, 0 %, 9 MiB
2026/09/08 12:59:17.702, 0, 0 %, 1017 MiB
2026/09/08 12:59:17.702, 1, 0 %, 9 MiB
2026/09/08 12:59:18.202, 0, 0 %, 1017 MiB
2026/09/08 12:59:18.234, 1, 0 %, 9 MiB
2026/09/08 12:59:18.875, 0, 0 %, 1017 MiB
2026/09/08 12:59:18.876, 1, 0 %, 9 MiB
2026/09/08 12:59:19.376, 0, 0 %, 1017 MiB
2026/09/08 12:59:19.376, 1, 0 %, 9 MiB
2026/09/08 12:59:19.876, 0, 0 %, 1017 MiB
2026/09/08 12:59:19.950, 1, 0 %, 9 MiB
2026/09/08 12:59:20.575, 0, 0 %, 1017 MiB
2026/09/08 12:59:20.575, 1, 0 %, 9 MiB
2026/09/08 12:59:21.075, 0, 0 %, 1017 MiB
2026/09/08 12:59:21.096, 1, 0 %, 9 MiB
2026/09/08 12:59:21.596, 0, 0 %, 1017 MiB
2026/09/08 12:59:21.596, 1, 0 %, 9 MiB
2026/09/08 12:59:22.097, 0, 0 %, 1017 MiB
2026/09/08 12:59:22.097, 1, 0 %, 9 MiB
2026/09/08 12:59:22.597, 0, 0 %, 1017 MiB
2026/09/08 12:59:22.622, 1, 0 %, 9 MiB
2026/09/08 12:59:23.262, 0, 0 %, 1017 MiB
2026/09/08 12:59:23.262, 1, 0 %, 9 MiB
2026/09/08 12:59:23.762, 0, 0 %, 1017 MiB
2026/09/08 12:59:23.763, 1, 0 %, 9 MiB
2026/09/08 12:59:24.263, 0, 0 %, 1017 MiB
2026/09/08 12:59:24.350, 1, 0 %, 9 MiB
2026/09/08 12:59:24.974, 0, 0 %, 1017 MiB
2026/09/08 12:59:24.974, 1, 0 %, 9 MiB
2026/09/08 12:59:25.474, 0, 0 %, 1017 MiB
2026/09/08 12:59:25.496, 1, 0 %, 9 MiB
2026/09/08 12:59:26.116, 0, 0 %, 1017 MiB
2026/09/08 12:59:26.116, 1, 0 %, 9 MiB
2026/09/08 12:59:26.616, 0, 0 %, 1017 MiB
2026/09/08 12:59:26.634, 1, 0 %, 9 MiB
2026/09/08 12:59:27.258, 0, 0 %, 1017 MiB
2026/09/08 12:59:27.258, 1, 0 %, 9 MiB
2026/09/08 12:59:27.759, 0, 0 %, 1017 MiB
2026/09/08 12:59:27.881, 1, 0 %, 9 MiB
2026/09/08 12:59:28.534, 0, 0 %, 1017 MiB
2026/09/08 12:59:28.534, 1, 0 %, 9 MiB
2026/09/08 12:59:29.034, 0, 0 %, 1017 MiB
2026/09/08 12:59:29.133, 1, 0 %, 9 MiB
2026/09/08 12:59:29.753, 0, 0 %, 1017 MiB
2026/09/08 12:59:29.753, 1, 0 %, 9 MiB
2026/09/08 12:59:30.253, 0, 0 %, 1017 MiB
2026/09/08 12:59:30.278, 1, 0 %, 9 MiB
2026/09/08 12:59:30.898, 0, 0 %, 1017 MiB
2026/09/08 12:59:30.898, 1, 0 %, 9 MiB
2026/09/08 12:59:31.399, 0, 0 %, 1017 MiB
2026/09/08 12:59:31.423, 1, 0 %, 9 MiB
2026/09/08 12:59:32.064, 0, 0 %, 1017 MiB
2026/09/08 12:59:32.065, 1, 0 %, 9 MiB
2026/09/08 12:59:32.565, 0, 0 %, 1017 MiB
2026/09/08 12:59:32.565, 1, 0 %, 9 MiB
2026/09/08 12:59:33.065, 0, 0 %, 1017 MiB
2026/09/08 12:59:33.145, 1, 0 %, 9 MiB
2026/09/08 12:59:33.770, 0, 0 %, 1017 MiB
2026/09/08 12:59:33.770, 1, 0 %, 9 MiB
2026/09/08 12:59:34.270, 0, 0 %, 1017 MiB
2026/09/08 12:59:34.297, 1, 0 %, 9 MiB
2026/09/08 12:59:34.917, 0, 0 %, 1017 MiB
2026/09/08 12:59:34.918, 1, 0 %, 9 MiB
2026/09/08 12:59:35.418, 0, 0 %, 1017 MiB
2026/09/08 12:59:35.439, 1, 0 %, 9 MiB
2026/09/08 12:59:36.066, 0, 0 %, 1017 MiB
2026/09/08 12:59:36.066, 1, 0 %, 9 MiB
2026/09/08 12:59:36.566, 0, 0 %, 1017 MiB
2026/09/08 12:59:36.699, 1, 0 %, 9 MiB
2026/09/08 12:59:37.356, 0, 0 %, 1017 MiB
2026/09/08 12:59:37.356, 1, 0 %, 9 MiB
2026/09/08 12:59:37.856, 0, 0 %, 1017 MiB
2026/09/08 12:59:37.916, 1, 0 %, 9 MiB
2026/09/08 12:59:38.539, 0, 0 %, 1017 MiB
2026/09/08 12:59:38.539, 1, 0 %, 9 MiB
2026/09/08 12:59:39.039, 0, 0 %, 1017 MiB
2026/09/08 12:59:39.060, 1, 0 %, 9 MiB
2026/09/08 12:59:39.681, 0, 0 %, 1017 MiB
2026/09/08 12:59:39.682, 1, 0 %, 9 MiB
2026/09/08 12:59:40.182, 0, 0 %, 1017 MiB
2026/09/08 12:59:40.223, 1, 0 %, 9 MiB
2026/09/08 12:59:40.861, 0, 0 %, 1017 MiB
2026/09/08 12:59:40.861, 1, 0 %, 9 MiB
2026/09/08 12:59:41.361, 0, 0 %, 1017 MiB
2026/09/08 12:59:41.361, 1, 0 %, 9 MiB
2026/09/08 12:59:41.862, 0, 0 %, 1017 MiB
2026/09/08 12:59:41.926, 1, 0 %, 9 MiB
2026/09/08 12:59:42.554, 0, 0 %, 1017 MiB
2026/09/08 12:59:42.555, 1, 0 %, 9 MiB
2026/09/08 12:59:43.055, 0, 0 %, 1017 MiB
2026/09/08 12:59:43.090, 1, 0 %, 9 MiB
2026/09/08 12:59:43.715, 0, 0 %, 1017 MiB
2026/09/08 12:59:43.715, 1, 0 %, 9 MiB
2026/09/08 12:59:44.215, 0, 0 %, 1017 MiB
2026/09/08 12:59:44.251, 1, 0 %, 9 MiB
2026/09/08 12:59:44.903, 0, 0 %, 1017 MiB
2026/09/08 12:59:44.903, 1, 0 %, 9 MiB
2026/09/08 12:59:45.403, 0, 0 %, 1017 MiB
2026/09/08 12:59:45.515, 1, 0 %, 9 MiB
2026/09/08 12:59:46.149, 0, 0 %, 1017 MiB
2026/09/08 12:59:46.149, 1, 0 %, 9 MiB
2026/09/08 12:59:46.649, 0, 0 %, 1017 MiB
2026/09/08 12:59:46.687, 1, 0 %, 9 MiB
2026/09/08 12:59:47.309, 0, 0 %, 1017 MiB
2026/09/08 12:59:47.310, 1, 0 %, 9 MiB
2026/09/08 12:59:47.810, 0, 0 %, 1017 MiB
2026/09/08 12:59:47.833, 1, 0 %, 9 MiB
2026/09/08 12:59:48.464, 0, 0 %, 1017 MiB
2026/09/08 12:59:48.465, 1, 0 %, 9 MiB
2026/09/08 12:59:48.965, 0, 0 %, 1017 MiB
2026/09/08 12:59:49.103, 1, 0 %, 9 MiB
2026/09/08 12:59:49.758, 0, 0 %, 1017 MiB
2026/09/08 12:59:49.759, 1, 0 %, 9 MiB
2026/09/08 12:59:50.259, 0, 0 %, 1017 MiB
2026/09/08 12:59:50.304, 1, 0 %, 9 MiB
2026/09/08 12:59:50.925, 0, 0 %, 1017 MiB
2026/09/08 12:59:50.925, 1, 0 %, 9 MiB
2026/09/08 12:59:51.425, 0, 0 %, 1017 MiB
2026/09/08 12:59:51.443, 1, 0 %, 9 MiB
2026/09/08 12:59:52.063, 0, 0 %, 1017 MiB
2026/09/08 12:59:52.063, 1, 0 %, 9 MiB
2026/09/08 12:59:52.563, 0, 0 %, 1017 MiB
2026/09/08 12:59:52.648, 1, 0 %, 9 MiB
2026/09/08 12:59:53.301, 0, 0 %, 1017 MiB
2026/09/08 12:59:53.301, 1, 0 %, 9 MiB
2026/09/08 12:59:53.801, 0, 0 %, 1017 MiB
2026/09/08 12:59:53.921, 1, 0 %, 9 MiB
2026/09/08 12:59:54.545, 0, 0 %, 1017 MiB
2026/09/08 12:59:54.545, 1, 0 %, 9 MiB
2026/09/08 12:59:55.045, 0, 0 %, 1017 MiB
2026/09/08 12:59:55.069, 1, 0 %, 9 MiB
2026/09/08 12:59:55.690, 0, 0 %, 1017 MiB
2026/09/08 12:59:55.690, 1, 0 %, 9 MiB
2026/09/08 12:59:56.191, 0, 0 %, 1017 MiB
2026/09/08 12:59:56.225, 1, 0 %, 9 MiB
2026/09/08 12:59:56.877, 0, 0 %, 1017 MiB
2026/09/08 12:59:56.877, 1, 0 %, 9 MiB
2026/09/08 12:59:57.377, 0, 0 %, 1017 MiB
2026/09/08 12:59:57.377, 1, 0 %, 9 MiB
2026/09/08 12:59:57.877, 0, 0 %, 1017 MiB
2026/09/08 12:59:57.921, 1, 0 %, 9 MiB
2026/09/08 12:59:58.546, 0, 0 %, 1017 MiB
2026/09/08 12:59:58.546, 1, 0 %, 9 MiB
2026/09/08 12:59:59.046, 0, 0 %, 1017 MiB
2026/09/08 12:59:59.071, 1, 0 %, 9 MiB
2026/09/08 12:59:59.693, 0, 0 %, 1017 MiB
2026/09/08 12:59:59.693, 1, 0 %, 9 MiB
2026/09/08 13:00:00.193, 0, 0 %, 1017 MiB
2026/09/08 13:00:00.224, 1, 0 %, 9 MiB
2026/09/08 13:00:00.878, 0, 0 %, 1017 MiB
2026/09/08 13:00:00.879, 1, 0 %, 9 MiB
2026/09/08 13:00:01.379, 0, 0 %, 1017 MiB
2026/09/08 13:00:01.379, 1, 0 %, 9 MiB
2026/09/08 13:00:01.879, 0, 0 %, 1017 MiB
2026/09/08 13:00:01.919, 1, 0 %, 9 MiB
2026/09/08 13:00:02.544, 0, 0 %, 1017 MiB
2026/09/08 13:00:02.544, 1, 0 %, 9 MiB
2026/09/08 13:00:03.044, 0, 0 %, 1017 MiB
2026/09/08 13:00:03.067, 1, 0 %, 9 MiB
2026/09/08 13:00:03.689, 0, 0 %, 1017 MiB
2026/09/08 13:00:03.689, 1, 0 %, 9 MiB
2026/09/08 13:00:04.189, 0, 0 %, 1017 MiB
2026/09/08 13:00:04.221, 1, 0 %, 9 MiB
2026/09/08 13:00:04.870, 0, 0 %, 1017 MiB
2026/09/08 13:00:04.871, 1, 0 %, 9 MiB
2026/09/08 13:00:05.371, 0, 0 %, 1017 MiB
2026/09/08 13:00:05.371, 1, 0 %, 9 MiB
2026/09/08 13:00:05.871, 0, 0 %, 1017 MiB
2026/09/08 13:00:05.921, 1, 0 %, 9 MiB
2026/09/08 13:00:06.547, 0, 0 %, 1017 MiB
2026/09/08 13:00:06.547, 1, 0 %, 9 MiB
2026/09/08 13:00:07.047, 0, 0 %, 1017 MiB
2026/09/08 13:00:07.071, 1, 0 %, 9 MiB
2026/09/08 13:00:07.692, 0, 0 %, 1017 MiB
2026/09/08 13:00:07.692, 1, 0 %, 9 MiB
2026/09/08 13:00:08.192, 0, 0 %, 1017 MiB
2026/09/08 13:00:08.225, 1, 0 %, 9 MiB
2026/09/08 13:00:08.879, 0, 0 %, 1017 MiB
2026/09/08 13:00:08.879, 1, 0 %, 9 MiB
2026/09/08 13:00:09.379, 0, 0 %, 1017 MiB
2026/09/08 13:00:09.380, 1, 0 %, 9 MiB
2026/09/08 13:00:09.880, 0, 0 %, 1017 MiB
2026/09/08 13:00:09.920, 1, 0 %, 9 MiB
2026/09/08 13:00:10.543, 0, 0 %, 1017 MiB
2026/09/08 13:00:10.543, 1, 0 %, 9 MiB
2026/09/08 13:00:11.043, 0, 0 %, 1017 MiB
2026/09/08 13:00:11.066, 1, 0 %, 9 MiB
2026/09/08 13:00:11.687, 0, 0 %, 1017 MiB
2026/09/08 13:00:11.687, 1, 0 %, 9 MiB
2026/09/08 13:00:12.187, 0, 0 %, 1017 MiB
2026/09/08 13:00:12.216, 1, 0 %, 9 MiB
2026/09/08 13:00:12.865, 0, 0 %, 1017 MiB
2026/09/08 13:00:12.865, 1, 0 %, 9 MiB
2026/09/08 13:00:13.365, 0, 0 %, 1017 MiB
2026/09/08 13:00:13.366, 1, 0 %, 9 MiB
2026/09/08 13:00:13.866, 0, 0 %, 1017 MiB
2026/09/08 13:00:13.921, 1, 0 %, 9 MiB
2026/09/08 13:00:14.549, 0, 0 %, 1017 MiB
2026/09/08 13:00:14.550, 1, 0 %, 9 MiB
2026/09/08 13:00:15.050, 0, 0 %, 1017 MiB
2026/09/08 13:00:15.075, 1, 0 %, 9 MiB
2026/09/08 13:00:15.694, 0, 0 %, 1017 MiB
2026/09/08 13:00:15.694, 1, 0 %, 9 MiB
2026/09/08 13:00:16.194, 0, 0 %, 1017 MiB
2026/09/08 13:00:16.211, 1, 0 %, 9 MiB
2026/09/08 13:00:16.835, 0, 0 %, 1017 MiB
2026/09/08 13:00:16.835, 1, 0 %, 9 MiB
2026/09/08 13:00:17.335, 0, 0 %, 1017 MiB
2026/09/08 13:00:17.463, 1, 0 %, 9 MiB
2026/09/08 13:00:18.113, 0, 0 %, 1017 MiB
2026/09/08 13:00:18.114, 1, 0 %, 9 MiB
2026/09/08 13:00:18.614, 0, 0 %, 1017 MiB
2026/09/08 13:00:18.713, 1, 0 %, 9 MiB
2026/09/08 13:00:19.337, 0, 0 %, 1017 MiB
2026/09/08 13:00:19.338, 1, 0 %, 9 MiB
2026/09/08 13:00:19.838, 0, 0 %, 1017 MiB
2026/09/08 13:00:19.855, 1, 0 %, 9 MiB
2026/09/08 13:00:20.474, 0, 0 %, 1017 MiB
2026/09/08 13:00:20.475, 1, 0 %, 9 MiB
2026/09/08 13:00:20.975, 0, 0 %, 1017 MiB
2026/09/08 13:00:20.994, 1, 0 %, 9 MiB
2026/09/08 13:00:21.631, 0, 0 %, 1017 MiB
2026/09/08 13:00:21.631, 1, 0 %, 9 MiB
2026/09/08 13:00:22.131, 0, 0 %, 1017 MiB
2026/09/08 13:00:22.276, 1, 0 %, 9 MiB
2026/09/08 13:00:22.928, 0, 0 %, 1017 MiB
2026/09/08 13:00:22.928, 1, 0 %, 9 MiB
2026/09/08 13:00:23.428, 0, 0 %, 1017 MiB
2026/09/08 13:00:23.502, 1, 0 %, 9 MiB
2026/09/08 13:00:24.126, 0, 0 %, 1017 MiB
2026/09/08 13:00:24.126, 1, 0 %, 9 MiB
2026/09/08 13:00:24.626, 0, 0 %, 1017 MiB
2026/09/08 13:00:24.654, 1, 0 %, 9 MiB
2026/09/08 13:00:25.276, 0, 0 %, 1017 MiB
2026/09/08 13:00:25.276, 1, 0 %, 9 MiB
2026/09/08 13:00:25.776, 0, 0 %, 1017 MiB
2026/09/08 13:00:25.813, 1, 0 %, 9 MiB
2026/09/08 13:00:26.458, 0, 0 %, 1017 MiB
2026/09/08 13:00:26.458, 1, 0 %, 9 MiB
2026/09/08 13:00:26.959, 0, 0 %, 1017 MiB
2026/09/08 13:00:26.959, 1, 0 %, 9 MiB
2026/09/08 13:00:27.459, 0, 0 %, 1017 MiB
2026/09/08 13:00:27.510, 1, 0 %, 9 MiB
2026/09/08 13:00:28.134, 0, 0 %, 1017 MiB
2026/09/08 13:00:28.135, 1, 0 %, 9 MiB
2026/09/08 13:00:28.635, 0, 0 %, 1017 MiB
2026/09/08 13:00:28.661, 1, 0 %, 9 MiB
2026/09/08 13:00:29.282, 0, 0 %, 1017 MiB
2026/09/08 13:00:29.282, 1, 0 %, 9 MiB
2026/09/08 13:00:29.782, 0, 0 %, 1017 MiB
2026/09/08 13:00:29.808, 1, 0 %, 9 MiB
2026/09/08 13:00:30.463, 0, 0 %, 1017 MiB
2026/09/08 13:00:30.463, 1, 0 %, 9 MiB
2026/09/08 13:00:30.963, 0, 0 %, 1017 MiB
2026/09/08 13:00:30.963, 1, 0 %, 9 MiB
2026/09/08 13:00:31.464, 0, 0 %, 1017 MiB
2026/09/08 13:00:31.513, 1, 0 %, 9 MiB
2026/09/08 13:00:32.137, 0, 0 %, 1017 MiB
2026/09/08 13:00:32.137, 1, 0 %, 9 MiB
2026/09/08 13:00:32.638, 0, 0 %, 1017 MiB
2026/09/08 13:00:32.668, 1, 0 %, 9 MiB
2026/09/08 13:00:33.290, 0, 0 %, 1017 MiB
2026/09/08 13:00:33.291, 1, 0 %, 9 MiB
2026/09/08 13:00:33.791, 0, 0 %, 1017 MiB
2026/09/08 13:00:33.812, 1, 0 %, 9 MiB
2026/09/08 13:00:34.442, 0, 0 %, 1017 MiB
2026/09/08 13:00:34.442, 1, 0 %, 9 MiB
2026/09/08 13:00:34.943, 0, 0 %, 1017 MiB
2026/09/08 13:00:35.094, 1, 0 %, 9 MiB
2026/09/08 13:00:35.746, 0, 0 %, 1017 MiB
2026/09/08 13:00:35.746, 1, 0 %, 9 MiB
2026/09/08 13:00:36.246, 0, 0 %, 1017 MiB
2026/09/08 13:00:36.286, 1, 0 %, 9 MiB
2026/09/08 13:00:36.908, 0, 0 %, 1017 MiB
2026/09/08 13:00:36.908, 1, 0 %, 9 MiB
2026/09/08 13:00:37.409, 0, 0 %, 1017 MiB
2026/09/08 13:00:37.430, 1, 0 %, 9 MiB
2026/09/08 13:00:38.052, 0, 0 %, 1017 MiB
2026/09/08 13:00:38.052, 1, 0 %, 9 MiB
2026/09/08 13:00:38.552, 0, 0 %, 1017 MiB
2026/09/08 13:00:38.642, 1, 0 %, 9 MiB
2026/09/08 13:00:39.296, 0, 0 %, 1017 MiB
2026/09/08 13:00:39.296, 1, 0 %, 9 MiB
2026/09/08 13:00:39.796, 0, 0 %, 1017 MiB
2026/09/08 13:00:39.905, 1, 0 %, 9 MiB
2026/09/08 13:00:40.528, 0, 0 %, 1017 MiB
2026/09/08 13:00:40.528, 1, 0 %, 9 MiB
2026/09/08 13:00:41.028, 0, 0 %, 1017 MiB
2026/09/08 13:00:41.049, 1, 0 %, 9 MiB
2026/09/08 13:00:41.670, 0, 0 %, 1017 MiB
2026/09/08 13:00:41.670, 1, 0 %, 9 MiB
2026/09/08 13:00:42.171, 0, 0 %, 1017 MiB
2026/09/08 13:00:42.210, 1, 0 %, 9 MiB
2026/09/08 13:00:42.851, 0, 0 %, 1017 MiB
2026/09/08 13:00:42.851, 1, 0 %, 9 MiB
2026/09/08 13:00:43.351, 0, 0 %, 1017 MiB
2026/09/08 13:00:43.351, 1, 0 %, 9 MiB
2026/09/08 13:00:43.852, 0, 0 %, 1017 MiB
2026/09/08 13:00:43.908, 1, 0 %, 9 MiB
2026/09/08 13:00:44.532, 0, 0 %, 1017 MiB
2026/09/08 13:00:44.533, 1, 0 %, 9 MiB
2026/09/08 13:00:45.033, 0, 0 %, 1017 MiB
2026/09/08 13:00:45.056, 1, 0 %, 9 MiB
2026/09/08 13:00:45.677, 0, 0 %, 1017 MiB
2026/09/08 13:00:45.678, 1, 0 %, 9 MiB
2026/09/08 13:00:46.178, 0, 0 %, 1017 MiB
2026/09/08 13:00:46.210, 1, 0 %, 9 MiB
2026/09/08 13:00:46.863, 0, 0 %, 1017 MiB
2026/09/08 13:00:46.863, 1, 0 %, 9 MiB
2026/09/08 13:00:47.363, 0, 0 %, 1017 MiB
2026/09/08 13:00:47.363, 1, 0 %, 9 MiB
2026/09/08 13:00:47.863, 0, 0 %, 1017 MiB
2026/09/08 13:00:47.904, 1, 0 %, 9 MiB
2026/09/08 13:00:48.528, 0, 0 %, 1017 MiB
2026/09/08 13:00:48.529, 1, 0 %, 9 MiB
2026/09/08 13:00:49.029, 0, 0 %, 1017 MiB
2026/09/08 13:00:49.052, 1, 0 %, 9 MiB
2026/09/08 13:00:49.673, 0, 0 %, 1017 MiB
2026/09/08 13:00:49.673, 1, 0 %, 9 MiB
2026/09/08 13:00:50.174, 0, 0 %, 1017 MiB
2026/09/08 13:00:50.209, 1, 0 %, 9 MiB
2026/09/08 13:00:50.859, 0, 0 %, 1017 MiB
2026/09/08 13:00:50.860, 1, 0 %, 9 MiB
2026/09/08 13:00:51.360, 0, 0 %, 1017 MiB
2026/09/08 13:00:51.360, 1, 0 %, 9 MiB
2026/09/08 13:00:51.860, 0, 0 %, 1017 MiB
2026/09/08 13:00:51.903, 1, 0 %, 9 MiB
2026/09/08 13:00:52.529, 0, 0 %, 1017 MiB
2026/09/08 13:00:52.529, 1, 0 %, 9 MiB
2026/09/08 13:00:53.029, 0, 0 %, 1017 MiB
2026/09/08 13:00:53.056, 1, 0 %, 9 MiB
2026/09/08 13:00:53.679, 0, 0 %, 1017 MiB
2026/09/08 13:00:53.679, 1, 0 %, 9 MiB
2026/09/08 13:00:54.179, 0, 0 %, 1017 MiB
2026/09/08 13:00:54.214, 1, 0 %, 9 MiB
2026/09/08 13:00:54.865, 0, 0 %, 1017 MiB
2026/09/08 13:00:54.865, 1, 0 %, 9 MiB
2026/09/08 13:00:55.365, 0, 0 %, 1017 MiB
2026/09/08 13:00:55.365, 1, 0 %, 9 MiB
2026/09/08 13:00:55.866, 0, 0 %, 1017 MiB
2026/09/08 13:00:55.902, 1, 0 %, 9 MiB
2026/09/08 13:00:56.526, 0, 0 %, 1017 MiB
2026/09/08 13:00:56.526, 1, 0 %, 9 MiB
2026/09/08 13:00:57.026, 0, 0 %, 1017 MiB
2026/09/08 13:00:57.047, 1, 0 %, 9 MiB
2026/09/08 13:00:57.669, 0, 0 %, 1017 MiB
2026/09/08 13:00:57.669, 1, 0 %, 9 MiB
2026/09/08 13:00:58.170, 0, 0 %, 1017 MiB
2026/09/08 13:00:58.198, 1, 0 %, 9 MiB
2026/09/08 13:00:58.848, 0, 0 %, 1017 MiB
2026/09/08 13:00:58.848, 1, 0 %, 9 MiB
2026/09/08 13:00:59.349, 0, 0 %, 1017 MiB
2026/09/08 13:00:59.349, 1, 0 %, 9 MiB
2026/09/08 13:00:59.849, 0, 0 %, 1017 MiB
2026/09/08 13:00:59.906, 1, 0 %, 9 MiB
2026/09/08 13:01:00.534, 0, 0 %, 1017 MiB
2026/09/08 13:01:00.534, 1, 0 %, 9 MiB
2026/09/08 13:01:01.035, 0, 0 %, 1017 MiB
2026/09/08 13:01:01.059, 1, 0 %, 9 MiB
2026/09/08 13:01:01.679, 0, 0 %, 1017 MiB
2026/09/08 13:01:01.679, 1, 0 %, 9 MiB
2026/09/08 13:01:02.180, 0, 0 %, 1017 MiB
2026/09/08 13:01:02.198, 1, 0 %, 9 MiB
2026/09/08 13:01:02.823, 0, 0 %, 1017 MiB
2026/09/08 13:01:02.823, 1, 0 %, 9 MiB
2026/09/08 13:01:03.324, 0, 0 %, 1017 MiB
2026/09/08 13:01:03.468, 1, 0 %, 9 MiB
2026/09/08 13:01:04.122, 0, 0 %, 1017 MiB
2026/09/08 13:01:04.122, 1, 0 %, 9 MiB
2026/09/08 13:01:04.623, 0, 0 %, 1017 MiB
2026/09/08 13:01:04.687, 1, 0 %, 9 MiB
2026/09/08 13:01:05.313, 0, 0 %, 1017 MiB
2026/09/08 13:01:05.313, 1, 0 %, 9 MiB
2026/09/08 13:01:05.813, 0, 0 %, 1017 MiB
2026/09/08 13:01:05.838, 1, 0 %, 9 MiB
2026/09/08 13:01:06.460, 0, 0 %, 1017 MiB
2026/09/08 13:01:06.460, 1, 0 %, 9 MiB
2026/09/08 13:01:06.960, 0, 0 %, 1017 MiB
2026/09/08 13:01:06.993, 1, 0 %, 9 MiB
2026/09/08 13:01:07.632, 0, 0 %, 1017 MiB
2026/09/08 13:01:07.632, 1, 0 %, 9 MiB
2026/09/08 13:01:08.132, 0, 0 %, 1017 MiB
2026/09/08 13:01:08.133, 1, 0 %, 9 MiB
2026/09/08 13:01:08.633, 0, 0 %, 1017 MiB
2026/09/08 13:01:08.694, 1, 0 %, 9 MiB
2026/09/08 13:01:09.323, 0, 0 %, 1017 MiB
2026/09/08 13:01:09.323, 1, 0 %, 9 MiB
2026/09/08 13:01:09.823, 0, 0 %, 1017 MiB
2026/09/08 13:01:09.844, 1, 0 %, 9 MiB
2026/09/08 13:01:10.464, 0, 0 %, 1017 MiB
2026/09/08 13:01:10.464, 1, 0 %, 9 MiB
2026/09/08 13:01:10.965, 0, 0 %, 1017 MiB
2026/09/08 13:01:10.989, 1, 0 %, 9 MiB
2026/09/08 13:01:11.631, 0, 0 %, 1017 MiB
2026/09/08 13:01:11.631, 1, 0 %, 9 MiB
2026/09/08 13:01:12.131, 0, 0 %, 1017 MiB
2026/09/08 13:01:12.132, 1, 0 %, 9 MiB
2026/09/08 13:01:12.632, 0, 0 %, 1017 MiB
2026/09/08 13:01:12.714, 1, 0 %, 9 MiB
2026/09/08 13:01:13.341, 0, 0 %, 1017 MiB
2026/09/08 13:01:13.342, 1, 0 %, 9 MiB
2026/09/08 13:01:13.842, 0, 0 %, 1017 MiB
2026/09/08 13:01:13.869, 1, 0 %, 9 MiB
2026/09/08 13:01:14.489, 0, 0 %, 1017 MiB
2026/09/08 13:01:14.489, 1, 0 %, 9 MiB
2026/09/08 13:01:14.989, 0, 0 %, 1017 MiB
2026/09/08 13:01:15.007, 1, 0 %, 9 MiB
2026/09/08 13:01:15.631, 0, 0 %, 1017 MiB
2026/09/08 13:01:15.631, 1, 0 %, 9 MiB
2026/09/08 13:01:16.132, 0, 0 %, 1017 MiB
2026/09/08 13:01:16.251, 1, 0 %, 9 MiB
2026/09/08 13:01:16.905, 0, 0 %, 1017 MiB
2026/09/08 13:01:16.905, 1, 0 %, 9 MiB
2026/09/08 13:01:17.405, 0, 0 %, 1017 MiB
2026/09/08 13:01:17.504, 1, 0 %, 9 MiB
2026/09/08 13:01:18.125, 0, 0 %, 1017 MiB
2026/09/08 13:01:18.125, 1, 0 %, 9 MiB
2026/09/08 13:01:18.625, 0, 0 %, 1017 MiB
2026/09/08 13:01:18.647, 1, 0 %, 9 MiB
2026/09/08 13:01:19.265, 0, 0 %, 1017 MiB
2026/09/08 13:01:19.265, 1, 0 %, 9 MiB
2026/09/08 13:01:19.765, 0, 0 %, 1017 MiB
2026/09/08 13:01:19.779, 1, 0 %, 9 MiB
2026/09/08 13:01:20.405, 0, 0 %, 1017 MiB
2026/09/08 13:01:20.405, 1, 0 %, 9 MiB
2026/09/08 13:01:20.905, 0, 0 %, 1017 MiB
2026/09/08 13:01:21.004, 1, 0 %, 9 MiB
2026/09/08 13:01:21.647, 0, 0 %, 1017 MiB
2026/09/08 13:01:21.647, 1, 0 %, 9 MiB
2026/09/08 13:01:22.147, 0, 0 %, 1017 MiB
2026/09/08 13:01:22.147, 1, 0 %, 9 MiB
2026/09/08 13:01:22.648, 0, 0 %, 1017 MiB
2026/09/08 13:01:22.696, 1, 0 %, 9 MiB
2026/09/08 13:01:23.323, 0, 0 %, 1017 MiB
2026/09/08 13:01:23.323, 1, 0 %, 9 MiB
2026/09/08 13:01:23.823, 0, 0 %, 1017 MiB
2026/09/08 13:01:23.836, 1, 0 %, 9 MiB
2026/09/08 13:01:24.452, 0, 0 %, 1017 MiB
2026/09/08 13:01:24.452, 1, 0 %, 9 MiB
2026/09/08 13:01:24.953, 0, 0 %, 1017 MiB
2026/09/08 13:01:24.971, 1, 0 %, 9 MiB
2026/09/08 13:01:25.603, 0, 0 %, 1017 MiB
2026/09/08 13:01:25.603, 1, 0 %, 9 MiB
2026/09/08 13:01:26.103, 0, 0 %, 1017 MiB
2026/09/08 13:01:26.230, 1, 0 %, 9 MiB
2026/09/08 13:01:26.886, 0, 0 %, 1017 MiB
2026/09/08 13:01:26.886, 1, 0 %, 9 MiB
2026/09/08 13:01:27.386, 0, 0 %, 1017 MiB
2026/09/08 13:01:27.490, 1, 0 %, 9 MiB
2026/09/08 13:01:28.111, 0, 0 %, 1017 MiB
2026/09/08 13:01:28.112, 1, 0 %, 9 MiB
2026/09/08 13:01:28.612, 0, 0 %, 1017 MiB
2026/09/08 13:01:28.638, 1, 0 %, 9 MiB
2026/09/08 13:01:29.258, 0, 0 %, 1017 MiB
2026/09/08 13:01:29.258, 1, 0 %, 9 MiB
2026/09/08 13:01:29.758, 0, 0 %, 1017 MiB
2026/09/08 13:01:29.783, 1, 0 %, 9 MiB
2026/09/08 13:01:30.426, 0, 0 %, 1017 MiB
2026/09/08 13:01:30.426, 1, 0 %, 9 MiB
2026/09/08 13:01:30.926, 0, 0 %, 1017 MiB
2026/09/08 13:01:30.927, 1, 0 %, 9 MiB
2026/09/08 13:01:31.427, 0, 0 %, 1017 MiB
2026/09/08 13:01:31.507, 1, 0 %, 9 MiB
2026/09/08 13:01:32.132, 0, 0 %, 1017 MiB
2026/09/08 13:01:32.132, 1, 0 %, 9 MiB
2026/09/08 13:01:32.632, 0, 0 %, 1017 MiB
2026/09/08 13:01:32.654, 1, 0 %, 9 MiB
2026/09/08 13:01:33.274, 0, 0 %, 1017 MiB
2026/09/08 13:01:33.274, 1, 0 %, 9 MiB
2026/09/08 13:01:33.774, 0, 0 %, 1017 MiB
2026/09/08 13:01:33.793, 1, 0 %, 9 MiB
2026/09/08 13:01:34.421, 0, 0 %, 1017 MiB
2026/09/08 13:01:34.421, 1, 0 %, 9 MiB
2026/09/08 13:01:34.921, 0, 0 %, 1017 MiB
2026/09/08 13:01:35.037, 1, 0 %, 9 MiB
2026/09/08 13:01:35.688, 0, 0 %, 1017 MiB
2026/09/08 13:01:35.688, 1, 0 %, 9 MiB
2026/09/08 13:01:36.188, 0, 0 %, 1017 MiB
2026/09/08 13:01:36.289, 1, 0 %, 9 MiB
2026/09/08 13:01:36.914, 0, 0 %, 1017 MiB
2026/09/08 13:01:36.915, 1, 0 %, 9 MiB
2026/09/08 13:01:37.415, 0, 0 %, 1017 MiB
2026/09/08 13:01:37.437, 1, 0 %, 9 MiB
2026/09/08 13:01:38.057, 0, 0 %, 1017 MiB
2026/09/08 13:01:38.058, 1, 0 %, 9 MiB
2026/09/08 13:01:38.558, 0, 0 %, 1017 MiB
2026/09/08 13:01:38.579, 1, 0 %, 9 MiB
2026/09/08 13:01:39.222, 0, 0 %, 1017 MiB
2026/09/08 13:01:39.223, 1, 0 %, 9 MiB
2026/09/08 13:01:39.723, 0, 0 %, 1017 MiB
2026/09/08 13:01:39.723, 1, 0 %, 9 MiB
2026/09/08 13:01:40.223, 0, 0 %, 1017 MiB
2026/09/08 13:01:40.307, 1, 0 %, 9 MiB
2026/09/08 13:01:40.933, 0, 0 %, 1017 MiB
2026/09/08 13:01:40.933, 1, 0 %, 9 MiB
2026/09/08 13:01:41.433, 0, 0 %, 1017 MiB
2026/09/08 13:01:41.454, 1, 0 %, 9 MiB
2026/09/08 13:01:42.071, 0, 0 %, 1017 MiB
2026/09/08 13:01:42.072, 1, 0 %, 9 MiB
2026/09/08 13:01:42.572, 0, 0 %, 1017 MiB
2026/09/08 13:01:42.589, 1, 0 %, 9 MiB
2026/09/08 13:01:43.213, 0, 0 %, 1017 MiB
2026/09/08 13:01:43.213, 1, 0 %, 9 MiB
2026/09/08 13:01:43.713, 0, 0 %, 1017 MiB
2026/09/08 13:01:43.809, 1, 0 %, 9 MiB
2026/09/08 13:01:44.459, 0, 0 %, 1017 MiB
2026/09/08 13:01:44.460, 1, 0 %, 9 MiB
2026/09/08 13:01:44.960, 0, 0 %, 1017 MiB
2026/09/08 13:01:44.960, 1, 0 %, 9 MiB
2026/09/08 13:01:45.460, 0, 0 %, 1017 MiB
2026/09/08 13:01:45.479, 1, 0 %, 9 MiB
2026/09/08 13:01:46.102, 0, 0 %, 1017 MiB
2026/09/08 13:01:46.102, 1, 0 %, 9 MiB
2026/09/08 13:01:46.603, 0, 0 %, 1017 MiB
2026/09/08 13:01:46.627, 1, 0 %, 9 MiB
2026/09/08 13:01:47.246, 0, 0 %, 1017 MiB
2026/09/08 13:01:47.246, 1, 0 %, 9 MiB
2026/09/08 13:01:47.746, 0, 0 %, 1017 MiB
2026/09/08 13:01:47.777, 1, 0 %, 9 MiB
2026/09/08 13:01:48.416, 0, 0 %, 1017 MiB
2026/09/08 13:01:48.416, 1, 0 %, 9 MiB
2026/09/08 13:01:48.916, 0, 0 %, 1017 MiB
2026/09/08 13:01:48.916, 1, 0 %, 9 MiB
2026/09/08 13:01:49.416, 0, 0 %, 1017 MiB
2026/09/08 13:01:49.494, 1, 0 %, 9 MiB
2026/09/08 13:01:50.121, 0, 0 %, 1017 MiB
2026/09/08 13:01:50.121, 1, 0 %, 9 MiB
2026/09/08 13:01:50.621, 0, 0 %, 1017 MiB
2026/09/08 13:01:50.648, 1, 0 %, 9 MiB
2026/09/08 13:01:51.269, 0, 0 %, 1017 MiB
2026/09/08 13:01:51.269, 1, 0 %, 9 MiB
2026/09/08 13:01:51.770, 0, 0 %, 1017 MiB
2026/09/08 13:01:51.786, 1, 0 %, 9 MiB
2026/09/08 13:01:52.414, 0, 0 %, 1017 MiB
2026/09/08 13:01:52.415, 1, 0 %, 9 MiB
2026/09/08 13:01:52.915, 0, 0 %, 1017 MiB
2026/09/08 13:01:53.032, 1, 0 %, 9 MiB
2026/09/08 13:01:53.685, 0, 0 %, 1017 MiB
2026/09/08 13:01:53.685, 1, 0 %, 9 MiB
2026/09/08 13:01:54.185, 0, 0 %, 1017 MiB
2026/09/08 13:01:54.287, 1, 0 %, 9 MiB
2026/09/08 13:01:54.906, 0, 0 %, 1017 MiB
2026/09/08 13:01:54.906, 1, 0 %, 9 MiB
2026/09/08 13:01:55.406, 0, 0 %, 1017 MiB
2026/09/08 13:01:55.423, 1, 0 %, 9 MiB
2026/09/08 13:01:56.044, 0, 0 %, 1017 MiB
2026/09/08 13:01:56.044, 1, 0 %, 9 MiB
2026/09/08 13:01:56.544, 0, 0 %, 1017 MiB
2026/09/08 13:01:56.581, 1, 0 %, 9 MiB
2026/09/08 13:01:57.220, 0, 0 %, 1017 MiB
2026/09/08 13:01:57.220, 1, 0 %, 9 MiB
2026/09/08 13:01:57.720, 0, 0 %, 1017 MiB
2026/09/08 13:01:57.720, 1, 0 %, 9 MiB
2026/09/08 13:01:58.221, 0, 0 %, 1017 MiB
2026/09/08 13:01:58.285, 1, 0 %, 9 MiB
2026/09/08 13:01:58.913, 0, 0 %, 1017 MiB
2026/09/08 13:01:58.913, 1, 0 %, 9 MiB
2026/09/08 13:01:59.413, 0, 0 %, 1017 MiB
2026/09/08 13:01:59.438, 1, 0 %, 9 MiB
2026/09/08 13:02:00.057, 0, 0 %, 1017 MiB
2026/09/08 13:02:00.058, 1, 0 %, 9 MiB
2026/09/08 13:02:00.558, 0, 0 %, 1017 MiB
2026/09/08 13:02:00.574, 1, 0 %, 9 MiB
2026/09/08 13:02:01.198, 0, 0 %, 1017 MiB
2026/09/08 13:02:01.198, 1, 0 %, 9 MiB
2026/09/08 13:02:01.698, 0, 0 %, 1017 MiB
2026/09/08 13:02:01.833, 1, 0 %, 9 MiB
2026/09/08 13:02:02.486, 0, 0 %, 1017 MiB
2026/09/08 13:02:02.486, 1, 0 %, 9 MiB
2026/09/08 13:02:02.986, 0, 0 %, 1017 MiB
2026/09/08 13:02:03.088, 1, 0 %, 9 MiB
2026/09/08 13:02:03.708, 0, 0 %, 1017 MiB
2026/09/08 13:02:03.708, 1, 0 %, 9 MiB
2026/09/08 13:02:04.208, 0, 0 %, 1017 MiB
2026/09/08 13:02:04.232, 1, 0 %, 9 MiB
2026/09/08 13:02:04.851, 0, 0 %, 1017 MiB
2026/09/08 13:02:04.851, 1, 0 %, 9 MiB
2026/09/08 13:02:05.352, 0, 0 %, 1017 MiB
2026/09/08 13:02:05.377, 1, 0 %, 9 MiB
2026/09/08 13:02:06.021, 0, 0 %, 1017 MiB
2026/09/08 13:02:06.022, 1, 0 %, 9 MiB
2026/09/08 13:02:06.522, 0, 0 %, 1017 MiB
2026/09/08 13:02:06.522, 1, 0 %, 9 MiB
2026/09/08 13:02:07.022, 0, 0 %, 1017 MiB
2026/09/08 13:02:07.106, 1, 0 %, 9 MiB
2026/09/08 13:02:07.729, 0, 0 %, 1017 MiB
2026/09/08 13:02:07.729, 1, 0 %, 9 MiB
2026/09/08 13:02:08.229, 0, 0 %, 1017 MiB
2026/09/08 13:02:08.254, 1, 0 %, 9 MiB
2026/09/08 13:02:08.873, 0, 0 %, 1017 MiB
2026/09/08 13:02:08.873, 1, 0 %, 9 MiB
2026/09/08 13:02:09.373, 0, 0 %, 1017 MiB
2026/09/08 13:02:09.389, 1, 0 %, 9 MiB
2026/09/08 13:02:10.015, 0, 0 %, 1017 MiB
2026/09/08 13:02:10.016, 1, 0 %, 9 MiB
2026/09/08 13:02:10.516, 0, 0 %, 1017 MiB
2026/09/08 13:02:10.651, 1, 0 %, 9 MiB
2026/09/08 13:02:11.312, 0, 0 %, 1017 MiB
2026/09/08 13:02:11.312, 1, 0 %, 9 MiB
2026/09/08 13:02:11.812, 0, 0 %, 1017 MiB
2026/09/08 13:02:11.870, 1, 0 %, 9 MiB
2026/09/08 13:02:12.493, 0, 0 %, 1017 MiB
2026/09/08 13:02:12.493, 1, 0 %, 9 MiB
2026/09/08 13:02:12.994, 0, 0 %, 1017 MiB
2026/09/08 13:02:13.012, 1, 0 %, 9 MiB
2026/09/08 13:02:13.633, 0, 0 %, 1017 MiB
2026/09/08 13:02:13.633, 1, 0 %, 9 MiB
2026/09/08 13:02:14.134, 0, 0 %, 1017 MiB
2026/09/08 13:02:14.167, 1, 0 %, 9 MiB
2026/09/08 13:02:14.803, 0, 0 %, 1017 MiB
2026/09/08 13:02:14.803, 1, 0 %, 9 MiB
2026/09/08 13:02:15.304, 0, 0 %, 1017 MiB
2026/09/08 13:02:15.304, 1, 0 %, 9 MiB
2026/09/08 13:02:15.804, 0, 0 %, 1017 MiB
2026/09/08 13:02:15.892, 1, 0 %, 9 MiB
2026/09/08 13:02:16.519, 0, 0 %, 1017 MiB
2026/09/08 13:02:16.519, 1, 0 %, 9 MiB
2026/09/08 13:02:17.019, 0, 0 %, 1017 MiB
2026/09/08 13:02:17.038, 1, 0 %, 9 MiB
2026/09/08 13:02:17.657, 0, 0 %, 1017 MiB
2026/09/08 13:02:17.658, 1, 0 %, 9 MiB
2026/09/08 13:02:18.158, 0, 0 %, 1017 MiB
2026/09/08 13:02:18.174, 1, 0 %, 9 MiB
2026/09/08 13:02:18.798, 0, 0 %, 1017 MiB
2026/09/08 13:02:18.798, 1, 0 %, 9 MiB
2026/09/08 13:02:19.298, 0, 0 %, 1017 MiB
2026/09/08 13:02:19.430, 1, 0 %, 9 MiB
2026/09/08 13:02:20.081, 0, 0 %, 1017 MiB
2026/09/08 13:02:20.082, 1, 0 %, 9 MiB
2026/09/08 13:02:20.582, 0, 0 %, 1017 MiB
2026/09/08 13:02:20.676, 1, 0 %, 9 MiB
2026/09/08 13:02:21.305, 0, 0 %, 1017 MiB
2026/09/08 13:02:21.305, 1, 0 %, 9 MiB
2026/09/08 13:02:21.805, 0, 0 %, 1017 MiB
2026/09/08 13:02:21.820, 1, 0 %, 9 MiB
2026/09/08 13:02:22.437, 0, 0 %, 1017 MiB
2026/09/08 13:02:22.437, 1, 0 %, 9 MiB
2026/09/08 13:02:22.937, 0, 0 %, 1017 MiB
2026/09/08 13:02:22.954, 1, 0 %, 9 MiB
2026/09/08 13:02:23.588, 0, 0 %, 1017 MiB
2026/09/08 13:02:23.588, 1, 0 %, 9 MiB
2026/09/08 13:02:24.088, 0, 0 %, 1017 MiB
2026/09/08 13:02:24.216, 1, 0 %, 9 MiB
2026/09/08 13:02:24.866, 0, 0 %, 1017 MiB
2026/09/08 13:02:24.866, 1, 0 %, 9 MiB
2026/09/08 13:02:25.366, 0, 0 %, 1017 MiB
2026/09/08 13:02:25.473, 1, 0 %, 9 MiB
2026/09/08 13:02:26.094, 0, 0 %, 1017 MiB
2026/09/08 13:02:26.094, 1, 0 %, 9 MiB
2026/09/08 13:02:26.594, 0, 0 %, 1017 MiB
2026/09/08 13:02:26.616, 1, 0 %, 9 MiB
2026/09/08 13:02:27.234, 0, 0 %, 1017 MiB
2026/09/08 13:02:27.234, 1, 0 %, 9 MiB
2026/09/08 13:02:27.735, 0, 0 %, 1017 MiB
2026/09/08 13:02:27.764, 1, 0 %, 9 MiB
2026/09/08 13:02:28.405, 0, 0 %, 1017 MiB
2026/09/08 13:02:28.405, 1, 0 %, 9 MiB
2026/09/08 13:02:28.906, 0, 0 %, 1017 MiB
2026/09/08 13:02:28.906, 1, 0 %, 9 MiB
2026/09/08 13:02:29.406, 0, 0 %, 1017 MiB
2026/09/08 13:02:29.493, 1, 0 %, 9 MiB
2026/09/08 13:02:30.118, 0, 0 %, 1017 MiB
2026/09/08 13:02:30.119, 1, 0 %, 9 MiB
2026/09/08 13:02:30.619, 0, 0 %, 1017 MiB
2026/09/08 13:02:30.642, 1, 0 %, 9 MiB
2026/09/08 13:02:31.263, 0, 0 %, 1017 MiB
2026/09/08 13:02:31.263, 1, 0 %, 9 MiB
2026/09/08 13:02:31.764, 0, 0 %, 1017 MiB
2026/09/08 13:02:31.785, 1, 0 %, 9 MiB
2026/09/08 13:02:32.416, 0, 0 %, 1017 MiB
2026/09/08 13:02:32.416, 1, 0 %, 9 MiB
2026/09/08 13:02:32.916, 0, 0 %, 1017 MiB
2026/09/08 13:02:33.047, 1, 0 %, 9 MiB
2026/09/08 13:02:33.698, 0, 0 %, 1017 MiB
2026/09/08 13:02:33.698, 1, 0 %, 9 MiB
2026/09/08 13:02:34.198, 0, 0 %, 1017 MiB
2026/09/08 13:02:34.258, 1, 0 %, 9 MiB
2026/09/08 13:02:34.881, 0, 0 %, 1017 MiB
2026/09/08 13:02:34.881, 1, 0 %, 9 MiB
2026/09/08 13:02:35.381, 0, 0 %, 1017 MiB
2026/09/08 13:02:35.407, 1, 0 %, 9 MiB
2026/09/08 13:02:36.030, 0, 0 %, 1017 MiB
2026/09/08 13:02:36.030, 1, 0 %, 9 MiB
2026/09/08 13:02:36.530, 0, 0 %, 1017 MiB
2026/09/08 13:02:36.611, 1, 0 %, 9 MiB
2026/09/08 13:02:37.263, 0, 0 %, 1017 MiB
2026/09/08 13:02:37.264, 1, 0 %, 9 MiB
2026/09/08 13:02:37.764, 0, 0 %, 1017 MiB
2026/09/08 13:02:37.872, 1, 0 %, 9 MiB
2026/09/08 13:02:38.497, 0, 0 %, 1017 MiB
2026/09/08 13:02:38.497, 1, 0 %, 9 MiB
2026/09/08 13:02:38.997, 0, 0 %, 1017 MiB
2026/09/08 13:02:39.021, 1, 0 %, 9 MiB
2026/09/08 13:02:39.642, 0, 0 %, 1017 MiB
2026/09/08 13:02:39.642, 1, 0 %, 9 MiB
2026/09/08 13:02:40.142, 0, 0 %, 1017 MiB
2026/09/08 13:02:40.173, 1, 0 %, 9 MiB
2026/09/08 13:02:40.822, 0, 0 %, 1017 MiB
2026/09/08 13:02:40.822, 1, 0 %, 9 MiB
2026/09/08 13:02:41.323, 0, 0 %, 1017 MiB
2026/09/08 13:02:41.323, 1, 0 %, 9 MiB
2026/09/08 13:02:41.823, 0, 0 %, 1017 MiB
2026/09/08 13:02:41.871, 1, 0 %, 9 MiB
2026/09/08 13:02:42.497, 0, 0 %, 1017 MiB
2026/09/08 13:02:42.497, 1, 0 %, 9 MiB
2026/09/08 13:02:42.997, 0, 0 %, 1017 MiB
2026/09/08 13:02:43.020, 1, 0 %, 9 MiB
2026/09/08 13:02:43.642, 0, 0 %, 1017 MiB
2026/09/08 13:02:43.642, 1, 0 %, 9 MiB
2026/09/08 13:02:44.142, 0, 0 %, 1017 MiB
2026/09/08 13:02:44.175, 1, 0 %, 9 MiB
2026/09/08 13:02:44.828, 0, 0 %, 1017 MiB
2026/09/08 13:02:44.828, 1, 0 %, 9 MiB
2026/09/08 13:02:45.328, 0, 0 %, 1017 MiB
2026/09/08 13:02:45.328, 1, 0 %, 9 MiB
2026/09/08 13:02:45.829, 0, 0 %, 1017 MiB
2026/09/08 13:02:45.868, 1, 0 %, 9 MiB
2026/09/08 13:02:46.494, 0, 0 %, 1017 MiB
2026/09/08 13:02:46.494, 1, 0 %, 9 MiB
2026/09/08 13:02:46.994, 0, 0 %, 1017 MiB
2026/09/08 13:02:47.016, 1, 0 %, 9 MiB
2026/09/08 13:02:47.638, 0, 0 %, 1017 MiB
2026/09/08 13:02:47.638, 1, 0 %, 9 MiB
2026/09/08 13:02:48.138, 0, 0 %, 1017 MiB
2026/09/08 13:02:48.173, 1, 0 %, 9 MiB
2026/09/08 13:02:48.825, 0, 0 %, 1017 MiB
2026/09/08 13:02:48.825, 1, 0 %, 9 MiB
2026/09/08 13:02:49.325, 0, 0 %, 1017 MiB
2026/09/08 13:02:49.325, 1, 0 %, 9 MiB
2026/09/08 13:02:49.825, 0, 0 %, 1017 MiB
2026/09/08 13:02:49.866, 1, 0 %, 9 MiB
2026/09/08 13:02:50.489, 0, 0 %, 1017 MiB
2026/09/08 13:02:50.490, 1, 0 %, 9 MiB
2026/09/08 13:02:50.990, 0, 0 %, 1017 MiB
2026/09/08 13:02:51.016, 1, 0 %, 9 MiB
2026/09/08 13:02:51.637, 0, 0 %, 1017 MiB
2026/09/08 13:02:51.638, 1, 0 %, 9 MiB
2026/09/08 13:02:52.138, 0, 0 %, 1017 MiB
2026/09/08 13:02:52.171, 1, 0 %, 9 MiB
2026/09/08 13:02:52.821, 0, 0 %, 1017 MiB
2026/09/08 13:02:52.821, 1, 0 %, 9 MiB
2026/09/08 13:02:53.321, 0, 0 %, 1017 MiB
2026/09/08 13:02:53.321, 1, 0 %, 9 MiB
2026/09/08 13:02:53.821, 0, 0 %, 1017 MiB
2026/09/08 13:02:53.866, 1, 0 %, 9 MiB
2026/09/08 13:02:54.492, 0, 0 %, 1017 MiB
2026/09/08 13:02:54.492, 1, 0 %, 9 MiB
2026/09/08 13:02:54.992, 0, 0 %, 1017 MiB
2026/09/08 13:02:55.020, 1, 0 %, 9 MiB
2026/09/08 13:02:55.642, 0, 0 %, 1017 MiB
2026/09/08 13:02:55.642, 1, 0 %, 9 MiB
2026/09/08 13:02:56.142, 0, 0 %, 1017 MiB
2026/09/08 13:02:56.174, 1, 0 %, 9 MiB
2026/09/08 13:02:56.828, 0, 0 %, 1017 MiB
2026/09/08 13:02:56.828, 1, 0 %, 9 MiB
2026/09/08 13:02:57.328, 0, 0 %, 1017 MiB
2026/09/08 13:02:57.328, 1, 0 %, 9 MiB
2026/09/08 13:02:57.828, 0, 0 %, 1017 MiB
2026/09/08 13:02:57.868, 1, 0 %, 9 MiB
2026/09/08 13:02:58.489, 0, 0 %, 1017 MiB
2026/09/08 13:02:58.489, 1, 0 %, 9 MiB
2026/09/08 13:02:58.989, 0, 0 %, 1017 MiB
2026/09/08 13:02:59.011, 1, 0 %, 9 MiB
2026/09/08 13:02:59.632, 0, 0 %, 1017 MiB
2026/09/08 13:02:59.632, 1, 0 %, 9 MiB
2026/09/08 13:03:00.132, 0, 0 %, 1017 MiB
2026/09/08 13:03:00.161, 1, 0 %, 9 MiB
2026/09/08 13:03:00.804, 0, 0 %, 1017 MiB
2026/09/08 13:03:00.804, 1, 0 %, 9 MiB
2026/09/08 13:03:01.304, 0, 0 %, 1017 MiB
2026/09/08 13:03:01.304, 1, 0 %, 9 MiB
2026/09/08 13:03:01.804, 0, 0 %, 1017 MiB
2026/09/08 13:03:01.886, 1, 0 %, 9 MiB
2026/09/08 13:03:02.511, 0, 0 %, 1017 MiB
2026/09/08 13:03:02.511, 1, 0 %, 9 MiB
2026/09/08 13:03:03.011, 0, 0 %, 1017 MiB
2026/09/08 13:03:03.031, 1, 0 %, 9 MiB
2026/09/08 13:03:03.652, 0, 0 %, 1017 MiB
2026/09/08 13:03:03.652, 1, 0 %, 9 MiB
2026/09/08 13:03:04.152, 0, 0 %, 1017 MiB
2026/09/08 13:03:04.171, 1, 0 %, 9 MiB
2026/09/08 13:03:04.797, 0, 0 %, 1017 MiB
2026/09/08 13:03:04.797, 1, 0 %, 9 MiB
2026/09/08 13:03:05.297, 0, 0 %, 1017 MiB
2026/09/08 13:03:05.419, 1, 0 %, 9 MiB
2026/09/08 13:03:06.070, 0, 0 %, 1017 MiB
2026/09/08 13:03:06.070, 1, 0 %, 9 MiB
2026/09/08 13:03:06.570, 0, 0 %, 1017 MiB
2026/09/08 13:03:06.669, 1, 0 %, 9 MiB
2026/09/08 13:03:07.293, 0, 0 %, 1017 MiB
2026/09/08 13:03:07.294, 1, 0 %, 9 MiB
2026/09/08 13:03:07.794, 0, 0 %, 1017 MiB
2026/09/08 13:03:07.812, 1, 0 %, 9 MiB
2026/09/08 13:03:08.429, 0, 0 %, 1017 MiB
2026/09/08 13:03:08.429, 1, 0 %, 9 MiB
2026/09/08 13:03:08.929, 0, 0 %, 1017 MiB
2026/09/08 13:03:08.951, 1, 0 %, 9 MiB
2026/09/08 13:03:09.590, 0, 0 %, 1017 MiB
2026/09/08 13:03:09.590, 1, 0 %, 9 MiB
2026/09/08 13:03:10.090, 0, 0 %, 1017 MiB
2026/09/08 13:03:10.090, 1, 0 %, 9 MiB
2026/09/08 13:03:10.590, 0, 0 %, 1017 MiB
2026/09/08 13:03:10.679, 1, 0 %, 9 MiB
2026/09/08 13:03:11.308, 0, 0 %, 1017 MiB
2026/09/08 13:03:11.308, 1, 0 %, 9 MiB
2026/09/08 13:03:11.808, 0, 0 %, 1017 MiB
2026/09/08 13:03:11.831, 1, 0 %, 9 MiB
2026/09/08 13:03:12.449, 0, 0 %, 1017 MiB
2026/09/08 13:03:12.449, 1, 0 %, 9 MiB
2026/09/08 13:03:12.949, 0, 0 %, 1017 MiB
2026/09/08 13:03:12.977, 1, 0 %, 9 MiB
2026/09/08 13:03:13.616, 0, 0 %, 1017 MiB
2026/09/08 13:03:13.616, 1, 0 %, 9 MiB
2026/09/08 13:03:14.116, 0, 0 %, 1017 MiB
2026/09/08 13:03:14.256, 1, 0 %, 9 MiB
2026/09/08 13:03:14.907, 0, 0 %, 1017 MiB
2026/09/08 13:03:14.908, 1, 0 %, 9 MiB
2026/09/08 13:03:15.408, 0, 0 %, 1017 MiB
2026/09/08 13:03:15.440, 1, 0 %, 9 MiB
2026/09/08 13:03:16.060, 0, 0 %, 1017 MiB
2026/09/08 13:03:16.060, 1, 0 %, 9 MiB
2026/09/08 13:03:16.560, 0, 0 %, 1017 MiB
2026/09/08 13:03:16.585, 1, 0 %, 9 MiB
2026/09/08 13:03:17.204, 0, 0 %, 1017 MiB
2026/09/08 13:03:17.204, 1, 0 %, 9 MiB
2026/09/08 13:03:17.704, 0, 0 %, 1017 MiB
2026/09/08 13:03:17.757, 1, 0 %, 9 MiB
2026/09/08 13:03:18.412, 0, 0 %, 1017 MiB
2026/09/08 13:03:18.412, 1, 0 %, 9 MiB
2026/09/08 13:03:18.912, 0, 0 %, 1017 MiB
2026/09/08 13:03:18.913, 1, 0 %, 9 MiB
2026/09/08 13:03:19.413, 0, 0 %, 1017 MiB
2026/09/08 13:03:19.460, 1, 0 %, 9 MiB
2026/09/08 13:03:20.081, 0, 0 %, 1017 MiB
2026/09/08 13:03:20.082, 1, 0 %, 9 MiB
2026/09/08 13:03:20.582, 0, 0 %, 1017 MiB
2026/09/08 13:03:20.608, 1, 0 %, 9 MiB
2026/09/08 13:03:21.229, 0, 0 %, 1017 MiB
2026/09/08 13:03:21.229, 1, 0 %, 9 MiB
2026/09/08 13:03:21.729, 0, 0 %, 1017 MiB
2026/09/08 13:03:21.761, 1, 0 %, 9 MiB
2026/09/08 13:03:22.416, 0, 0 %, 1017 MiB
2026/09/08 13:03:22.416, 1, 0 %, 9 MiB
2026/09/08 13:03:22.917, 0, 0 %, 1017 MiB
2026/09/08 13:03:22.917, 1, 0 %, 9 MiB
2026/09/08 13:03:23.417, 0, 0 %, 1017 MiB
2026/09/08 13:03:23.461, 1, 0 %, 9 MiB
2026/09/08 13:03:24.083, 0, 0 %, 1017 MiB
2026/09/08 13:03:24.084, 1, 0 %, 9 MiB
2026/09/08 13:03:24.584, 0, 0 %, 1017 MiB
2026/09/08 13:03:24.611, 1, 0 %, 9 MiB
2026/09/08 13:03:25.232, 0, 0 %, 1017 MiB
2026/09/08 13:03:25.232, 1, 0 %, 9 MiB
2026/09/08 13:03:25.732, 0, 0 %, 1017 MiB
2026/09/08 13:03:25.753, 1, 0 %, 9 MiB
2026/09/08 13:03:26.379, 0, 0 %, 1017 MiB
2026/09/08 13:03:26.379, 1, 0 %, 9 MiB
2026/09/08 13:03:26.879, 0, 0 %, 1017 MiB
2026/09/08 13:03:27.012, 1, 0 %, 9 MiB
2026/09/08 13:03:27.661, 0, 0 %, 1017 MiB
2026/09/08 13:03:27.662, 1, 0 %, 9 MiB
2026/09/08 13:03:28.162, 0, 0 %, 1017 MiB
2026/09/08 13:03:28.260, 1, 0 %, 9 MiB
2026/09/08 13:03:28.881, 0, 0 %, 1017 MiB
2026/09/08 13:03:28.882, 1, 0 %, 9 MiB
2026/09/08 13:03:29.382, 0, 0 %, 1017 MiB
2026/09/08 13:03:29.407, 1, 0 %, 9 MiB
2026/09/08 13:03:30.029, 0, 0 %, 1017 MiB
2026/09/08 13:03:30.029, 1, 0 %, 9 MiB
2026/09/08 13:03:30.529, 0, 0 %, 1017 MiB
2026/09/08 13:03:30.556, 1, 0 %, 9 MiB
2026/09/08 13:03:31.207, 0, 0 %, 1017 MiB
2026/09/08 13:03:31.208, 1, 0 %, 9 MiB
2026/09/08 13:03:31.708, 0, 0 %, 1017 MiB
2026/09/08 13:03:31.708, 1, 0 %, 9 MiB
2026/09/08 13:03:32.208, 0, 0 %, 1017 MiB
2026/09/08 13:03:32.256, 1, 0 %, 9 MiB
2026/09/08 13:03:32.880, 0, 0 %, 1017 MiB
2026/09/08 13:03:32.881, 1, 0 %, 9 MiB
2026/09/08 13:03:33.381, 0, 0 %, 1017 MiB
2026/09/08 13:03:33.406, 1, 0 %, 9 MiB
2026/09/08 13:03:34.028, 0, 0 %, 1017 MiB
2026/09/08 13:03:34.028, 1, 0 %, 9 MiB
2026/09/08 13:03:34.528, 0, 0 %, 1017 MiB
2026/09/08 13:03:34.564, 1, 0 %, 9 MiB
2026/09/08 13:03:35.215, 0, 0 %, 1017 MiB
2026/09/08 13:03:35.215, 1, 0 %, 9 MiB
2026/09/08 13:03:35.716, 0, 0 %, 1017 MiB
2026/09/08 13:03:35.716, 1, 0 %, 9 MiB
2026/09/08 13:03:36.216, 0, 0 %, 1017 MiB
2026/09/08 13:03:36.253, 1, 0 %, 9 MiB
2026/09/08 13:03:36.878, 0, 0 %, 1017 MiB
2026/09/08 13:03:36.878, 1, 0 %, 9 MiB
2026/09/08 13:03:37.378, 0, 0 %, 1017 MiB
2026/09/08 13:03:37.400, 1, 0 %, 9 MiB
2026/09/08 13:03:38.019, 0, 0 %, 1017 MiB
2026/09/08 13:03:38.019, 1, 0 %, 9 MiB
2026/09/08 13:03:38.520, 0, 0 %, 1017 MiB
2026/09/08 13:03:38.549, 1, 0 %, 9 MiB
2026/09/08 13:03:39.199, 0, 0 %, 1017 MiB
2026/09/08 13:03:39.199, 1, 0 %, 9 MiB
2026/09/08 13:03:39.699, 0, 0 %, 1017 MiB
2026/09/08 13:03:39.699, 1, 0 %, 9 MiB
2026/09/08 13:03:40.199, 0, 0 %, 1017 MiB
2026/09/08 13:03:40.260, 1, 0 %, 9 MiB
2026/09/08 13:03:40.887, 0, 0 %, 1017 MiB
2026/09/08 13:03:40.887, 1, 0 %, 9 MiB
2026/09/08 13:03:41.387, 0, 0 %, 1017 MiB
2026/09/08 13:03:41.414, 1, 0 %, 9 MiB
2026/09/08 13:03:42.033, 0, 0 %, 1017 MiB
2026/09/08 13:03:42.033, 1, 0 %, 9 MiB
2026/09/08 13:03:42.533, 0, 0 %, 1017 MiB
2026/09/08 13:03:42.549, 1, 0 %, 9 MiB
2026/09/08 13:03:43.171, 0, 0 %, 1017 MiB
2026/09/08 13:03:43.171, 1, 0 %, 9 MiB
2026/09/08 13:03:43.672, 0, 0 %, 1017 MiB
2026/09/08 13:03:43.802, 1, 0 %, 9 MiB
2026/09/08 13:03:44.455, 0, 0 %, 1017 MiB
2026/09/08 13:03:44.455, 1, 0 %, 9 MiB
2026/09/08 13:03:44.956, 0, 0 %, 1017 MiB
2026/09/08 13:03:45.059, 1, 0 %, 9 MiB
2026/09/08 13:03:45.679, 0, 0 %, 1017 MiB
2026/09/08 13:03:45.679, 1, 0 %, 9 MiB
2026/09/08 13:03:46.179, 0, 0 %, 1017 MiB
2026/09/08 13:03:46.205, 1, 0 %, 9 MiB
2026/09/08 13:03:46.823, 0, 0 %, 1017 MiB
2026/09/08 13:03:46.824, 1, 0 %, 9 MiB
2026/09/08 13:03:47.324, 0, 0 %, 1017 MiB
2026/09/08 13:03:47.347, 1, 0 %, 9 MiB
2026/09/08 13:03:47.991, 0, 0 %, 1017 MiB
2026/09/08 13:03:47.992, 1, 0 %, 9 MiB
2026/09/08 13:03:48.492, 0, 0 %, 1017 MiB
2026/09/08 13:03:48.492, 1, 0 %, 9 MiB
2026/09/08 13:03:48.993, 0, 0 %, 1017 MiB
2026/09/08 13:03:49.072, 1, 0 %, 9 MiB
2026/09/08 13:03:49.696, 0, 0 %, 1017 MiB
2026/09/08 13:03:49.697, 1, 0 %, 9 MiB
2026/09/08 13:03:50.197, 0, 0 %, 1017 MiB
2026/09/08 13:03:50.223, 1, 0 %, 9 MiB
2026/09/08 13:03:50.843, 0, 0 %, 1017 MiB
2026/09/08 13:03:50.843, 1, 0 %, 9 MiB
2026/09/08 13:03:51.344, 0, 0 %, 1017 MiB
2026/09/08 13:03:51.359, 1, 0 %, 9 MiB
2026/09/08 13:03:51.978, 0, 0 %, 1017 MiB
2026/09/08 13:03:51.978, 1, 0 %, 9 MiB
2026/09/08 13:03:52.479, 0, 0 %, 1017 MiB
2026/09/08 13:03:52.539, 1, 0 %, 9 MiB
2026/09/08 13:03:53.175, 0, 0 %, 1017 MiB
2026/09/08 13:03:53.175, 1, 0 %, 9 MiB
2026/09/08 13:03:53.676, 0, 0 %, 1017 MiB
2026/09/08 13:03:53.676, 1, 0 %, 9 MiB
2026/09/08 13:03:54.176, 0, 0 %, 1017 MiB
2026/09/08 13:03:54.268, 1, 0 %, 9 MiB
2026/09/08 13:03:54.894, 0, 0 %, 1017 MiB
2026/09/08 13:03:54.894, 1, 0 %, 9 MiB
2026/09/08 13:03:55.395, 0, 0 %, 1017 MiB
2026/09/08 13:03:55.419, 1, 0 %, 9 MiB
2026/09/08 13:03:56.037, 0, 0 %, 1017 MiB
2026/09/08 13:03:56.038, 1, 0 %, 9 MiB
2026/09/08 13:03:56.538, 0, 0 %, 1017 MiB
2026/09/08 13:03:56.563, 1, 0 %, 9 MiB
2026/09/08 13:03:57.187, 0, 0 %, 1017 MiB
2026/09/08 13:03:57.187, 1, 0 %, 9 MiB
2026/09/08 13:03:57.688, 0, 0 %, 1017 MiB
2026/09/08 13:03:57.814, 1, 0 %, 9 MiB
2026/09/08 13:03:58.464, 0, 0 %, 1017 MiB
2026/09/08 13:03:58.464, 1, 0 %, 9 MiB
2026/09/08 13:03:58.964, 0, 0 %, 1017 MiB
2026/09/08 13:03:59.040, 1, 0 %, 9 MiB
2026/09/08 13:03:59.660, 0, 0 %, 1017 MiB
2026/09/08 13:03:59.660, 1, 0 %, 9 MiB
2026/09/08 13:04:00.160, 0, 0 %, 1017 MiB
2026/09/08 13:04:00.199, 1, 0 %, 9 MiB
2026/09/08 13:04:00.820, 0, 0 %, 1017 MiB
2026/09/08 13:04:00.820, 1, 0 %, 9 MiB
2026/09/08 13:04:01.320, 0, 0 %, 1017 MiB
2026/09/08 13:04:01.350, 1, 0 %, 9 MiB
2026/09/08 13:04:01.993, 0, 0 %, 1017 MiB
2026/09/08 13:04:01.993, 1, 0 %, 9 MiB
2026/09/08 13:04:02.493, 0, 0 %, 1017 MiB
2026/09/08 13:04:02.493, 1, 0 %, 9 MiB
2026/09/08 13:04:02.994, 0, 0 %, 1017 MiB
2026/09/08 13:04:03.056, 1, 0 %, 9 MiB
2026/09/08 13:04:03.681, 0, 0 %, 1017 MiB
2026/09/08 13:04:03.681, 1, 0 %, 9 MiB
2026/09/08 13:04:04.182, 0, 0 %, 1017 MiB
2026/09/08 13:04:04.209, 1, 0 %, 9 MiB
2026/09/08 13:04:04.830, 0, 0 %, 1017 MiB
2026/09/08 13:04:04.830, 1, 0 %, 9 MiB
2026/09/08 13:04:05.330, 0, 0 %, 1017 MiB
2026/09/08 13:04:05.351, 1, 0 %, 9 MiB
2026/09/08 13:04:05.978, 0, 0 %, 1017 MiB
2026/09/08 13:04:05.978, 1, 0 %, 9 MiB
2026/09/08 13:04:06.478, 0, 0 %, 1017 MiB
2026/09/08 13:04:06.600, 1, 0 %, 9 MiB
2026/09/08 13:04:07.254, 0, 0 %, 1017 MiB
2026/09/08 13:04:07.254, 1, 0 %, 9 MiB
2026/09/08 13:04:07.755, 0, 0 %, 1017 MiB
2026/09/08 13:04:07.853, 1, 0 %, 9 MiB
2026/09/08 13:04:08.474, 0, 0 %, 1017 MiB
2026/09/08 13:04:08.475, 1, 0 %, 9 MiB
2026/09/08 13:04:08.975, 0, 0 %, 1017 MiB
2026/09/08 13:04:08.996, 1, 0 %, 9 MiB
2026/09/08 13:04:09.617, 0, 0 %, 1017 MiB
2026/09/08 13:04:09.617, 1, 0 %, 9 MiB
2026/09/08 13:04:10.118, 0, 0 %, 1017 MiB
2026/09/08 13:04:10.148, 1, 0 %, 9 MiB
2026/09/08 13:04:10.797, 0, 0 %, 1017 MiB
2026/09/08 13:04:10.797, 1, 0 %, 9 MiB
2026/09/08 13:04:11.298, 0, 0 %, 1017 MiB
2026/09/08 13:04:11.298, 1, 0 %, 9 MiB
2026/09/08 13:04:11.798, 0, 0 %, 1017 MiB
2026/09/08 13:04:11.842, 1, 0 %, 9 MiB
2026/09/08 13:04:12.467, 0, 0 %, 1017 MiB
2026/09/08 13:04:12.467, 1, 0 %, 9 MiB
2026/09/08 13:04:12.967, 0, 0 %, 1017 MiB
2026/09/08 13:04:12.991, 1, 0 %, 9 MiB
2026/09/08 13:04:13.612, 0, 0 %, 1017 MiB
2026/09/08 13:04:13.612, 1, 0 %, 9 MiB
2026/09/08 13:04:14.112, 0, 0 %, 1017 MiB
2026/09/08 13:04:14.147, 1, 0 %, 9 MiB
2026/09/08 13:04:14.796, 0, 0 %, 1017 MiB
2026/09/08 13:04:14.796, 1, 0 %, 9 MiB
2026/09/08 13:04:15.296, 0, 0 %, 1017 MiB
2026/09/08 13:04:15.297, 1, 0 %, 9 MiB
2026/09/08 13:04:15.797, 0, 0 %, 1017 MiB
2026/09/08 13:04:15.845, 1, 0 %, 9 MiB
2026/09/08 13:04:16.469, 0, 0 %, 1017 MiB
2026/09/08 13:04:16.469, 1, 0 %, 9 MiB
2026/09/08 13:04:16.969, 0, 0 %, 1017 MiB
2026/09/08 13:04:16.997, 1, 0 %, 9 MiB
2026/09/08 13:04:17.618, 0, 0 %, 1017 MiB
2026/09/08 13:04:17.618, 1, 0 %, 9 MiB
2026/09/08 13:04:18.118, 0, 0 %, 1017 MiB
2026/09/08 13:04:18.142, 1, 0 %, 9 MiB
2026/09/08 13:04:18.767, 0, 0 %, 1017 MiB
2026/09/08 13:04:18.767, 1, 0 %, 9 MiB
2026/09/08 13:04:19.267, 0, 0 %, 1017 MiB
2026/09/08 13:04:19.412, 1, 0 %, 9 MiB
2026/09/08 13:04:20.065, 0, 0 %, 1017 MiB
2026/09/08 13:04:20.065, 1, 0 %, 9 MiB
2026/09/08 13:04:20.565, 0, 0 %, 1017 MiB
2026/09/08 13:04:20.626, 1, 0 %, 9 MiB
2026/09/08 13:04:21.250, 0, 0 %, 1017 MiB
2026/09/08 13:04:21.251, 1, 0 %, 9 MiB
2026/09/08 13:04:21.751, 0, 0 %, 1017 MiB
2026/09/08 13:04:21.772, 1, 0 %, 9 MiB
2026/09/08 13:04:22.395, 0, 0 %, 1017 MiB
2026/09/08 13:04:22.395, 1, 0 %, 9 MiB
2026/09/08 13:04:22.895, 0, 0 %, 1017 MiB
2026/09/08 13:04:22.976, 1, 0 %, 9 MiB
2026/09/08 13:04:23.628, 0, 0 %, 1017 MiB
2026/09/08 13:04:23.628, 1, 0 %, 9 MiB
2026/09/08 13:04:24.128, 0, 0 %, 1017 MiB
2026/09/08 13:04:24.238, 1, 0 %, 9 MiB
2026/09/08 13:04:24.862, 0, 0 %, 1017 MiB
2026/09/08 13:04:24.862, 1, 0 %, 9 MiB
2026/09/08 13:04:25.362, 0, 0 %, 1017 MiB
2026/09/08 13:04:25.382, 1, 0 %, 9 MiB
2026/09/08 13:04:26.004, 0, 0 %, 1017 MiB
2026/09/08 13:04:26.004, 1, 0 %, 9 MiB
2026/09/08 13:04:26.504, 0, 0 %, 1017 MiB
2026/09/08 13:04:26.530, 1, 0 %, 9 MiB
2026/09/08 13:04:27.173, 0, 0 %, 1017 MiB
2026/09/08 13:04:27.173, 1, 0 %, 9 MiB
2026/09/08 13:04:27.674, 0, 0 %, 1017 MiB
2026/09/08 13:04:27.674, 1, 0 %, 9 MiB
2026/09/08 13:04:28.174, 0, 0 %, 1017 MiB
2026/09/08 13:04:28.254, 1, 0 %, 9 MiB
2026/09/08 13:04:28.879, 0, 0 %, 1017 MiB
2026/09/08 13:04:28.879, 1, 0 %, 9 MiB
2026/09/08 13:04:29.379, 0, 0 %, 1017 MiB
2026/09/08 13:04:29.405, 1, 0 %, 9 MiB
2026/09/08 13:04:30.025, 0, 0 %, 1017 MiB
2026/09/08 13:04:30.025, 1, 0 %, 9 MiB
2026/09/08 13:04:30.526, 0, 0 %, 1017 MiB
2026/09/08 13:04:30.542, 1, 0 %, 9 MiB
2026/09/08 13:04:31.166, 0, 0 %, 1017 MiB
2026/09/08 13:04:31.166, 1, 0 %, 9 MiB
2026/09/08 13:04:31.666, 0, 0 %, 1017 MiB
2026/09/08 13:04:31.779, 1, 0 %, 9 MiB
2026/09/08 13:04:32.429, 0, 0 %, 1017 MiB
2026/09/08 13:04:32.429, 1, 0 %, 9 MiB
2026/09/08 13:04:32.929, 0, 0 %, 1017 MiB
2026/09/08 13:04:33.038, 1, 0 %, 9 MiB
2026/09/08 13:04:33.658, 0, 0 %, 1017 MiB
2026/09/08 13:04:33.658, 1, 0 %, 9 MiB
2026/09/08 13:04:34.159, 0, 0 %, 1017 MiB
2026/09/08 13:04:34.184, 1, 0 %, 9 MiB
2026/09/08 13:04:34.803, 0, 0 %, 1017 MiB
2026/09/08 13:04:34.803, 1, 0 %, 9 MiB
2026/09/08 13:04:35.304, 0, 0 %, 1017 MiB
2026/09/08 13:04:35.332, 1, 0 %, 9 MiB
2026/09/08 13:04:35.976, 0, 0 %, 1017 MiB
2026/09/08 13:04:35.976, 1, 0 %, 9 MiB
2026/09/08 13:04:36.476, 0, 0 %, 1017 MiB
2026/09/08 13:04:36.476, 1, 0 %, 9 MiB
2026/09/08 13:04:36.976, 0, 0 %, 1017 MiB
2026/09/08 13:04:37.060, 1, 0 %, 9 MiB
2026/09/08 13:04:37.683, 0, 0 %, 1017 MiB
2026/09/08 13:04:37.683, 1, 0 %, 9 MiB
2026/09/08 13:04:38.183, 0, 0 %, 1017 MiB
2026/09/08 13:04:38.209, 1, 0 %, 9 MiB
2026/09/08 13:04:38.710, 0, 0 %, 1017 MiB
2026/09/08 13:04:38.710, 1, 0 %, 9 MiB
2026/09/08 13:04:39.211, 0, 0 %, 1017 MiB
2026/09/08 13:04:39.211, 1, 0 %, 9 MiB
2026/09/08 13:04:39.711, 0, 0 %, 1017 MiB
2026/09/08 13:04:39.726, 1, 0 %, 9 MiB
2026/09/08 13:04:40.351, 0, 0 %, 1017 MiB
2026/09/08 13:04:40.352, 1, 0 %, 9 MiB
2026/09/08 13:04:40.852, 0, 0 %, 1017 MiB
2026/09/08 13:04:40.980, 1, 0 %, 9 MiB
2026/09/08 13:04:41.632, 0, 0 %, 1017 MiB
2026/09/08 13:04:41.633, 1, 0 %, 9 MiB
2026/09/08 13:04:42.133, 0, 0 %, 1017 MiB
2026/09/08 13:04:42.235, 1, 0 %, 9 MiB
2026/09/08 13:04:42.857, 0, 0 %, 1017 MiB
2026/09/08 13:04:42.857, 1, 0 %, 9 MiB
2026/09/08 13:04:43.357, 0, 0 %, 1017 MiB
2026/09/08 13:04:43.376, 1, 0 %, 9 MiB
2026/09/08 13:04:43.996, 0, 0 %, 1017 MiB
2026/09/08 13:04:43.996, 1, 0 %, 9 MiB
2026/09/08 13:04:44.497, 0, 0 %, 1017 MiB
2026/09/08 13:04:44.525, 1, 0 %, 9 MiB
2026/09/08 13:04:45.168, 0, 0 %, 1017 MiB
2026/09/08 13:04:45.168, 1, 0 %, 9 MiB
2026/09/08 13:04:45.668, 0, 0 %, 1017 MiB
2026/09/08 13:04:45.668, 1, 0 %, 9 MiB
2026/09/08 13:04:46.168, 0, 0 %, 1017 MiB
2026/09/08 13:04:46.244, 1, 0 %, 9 MiB
2026/09/08 13:04:46.871, 0, 0 %, 1017 MiB
2026/09/08 13:04:46.871, 1, 0 %, 9 MiB
2026/09/08 13:04:47.371, 0, 0 %, 1017 MiB
2026/09/08 13:04:47.401, 1, 0 %, 9 MiB
2026/09/08 13:04:48.020, 0, 0 %, 1017 MiB
2026/09/08 13:04:48.020, 1, 0 %, 9 MiB
2026/09/08 13:04:48.521, 0, 0 %, 1017 MiB
2026/09/08 13:04:48.542, 1, 0 %, 9 MiB
2026/09/08 13:04:49.169, 0, 0 %, 1017 MiB
2026/09/08 13:04:49.170, 1, 0 %, 9 MiB
2026/09/08 13:04:49.670, 0, 0 %, 1017 MiB
2026/09/08 13:04:49.819, 1, 0 %, 9 MiB
2026/09/08 13:04:50.474, 0, 0 %, 1017 MiB
2026/09/08 13:04:50.474, 1, 0 %, 9 MiB
2026/09/08 13:04:50.974, 0, 0 %, 1017 MiB
2026/09/08 13:04:51.015, 1, 0 %, 9 MiB
2026/09/08 13:04:51.635, 0, 0 %, 1017 MiB
2026/09/08 13:04:51.635, 1, 0 %, 9 MiB
2026/09/08 13:04:52.135, 0, 0 %, 1017 MiB
2026/09/08 13:04:52.151, 1, 0 %, 9 MiB
2026/09/08 13:04:52.769, 0, 0 %, 1017 MiB
2026/09/08 13:04:52.770, 1, 0 %, 9 MiB
2026/09/08 13:04:53.270, 0, 0 %, 1017 MiB
2026/09/08 13:04:53.313, 1, 0 %, 9 MiB
2026/09/08 13:04:53.955, 0, 0 %, 1017 MiB
2026/09/08 13:04:53.955, 1, 0 %, 9 MiB
2026/09/08 13:04:54.455, 0, 0 %, 1017 MiB
2026/09/08 13:04:54.456, 1, 0 %, 9 MiB
2026/09/08 13:04:54.956, 0, 0 %, 1017 MiB
2026/09/08 13:04:55.032, 1, 0 %, 9 MiB
2026/09/08 13:04:55.660, 0, 0 %, 1017 MiB
2026/09/08 13:04:55.660, 1, 0 %, 9 MiB
2026/09/08 13:04:56.160, 0, 0 %, 1017 MiB
2026/09/08 13:04:56.201, 1, 0 %, 9 MiB
2026/09/08 13:04:56.822, 0, 0 %, 1017 MiB
2026/09/08 13:04:56.822, 1, 0 %, 9 MiB
2026/09/08 13:04:57.322, 0, 0 %, 1017 MiB
2026/09/08 13:04:57.345, 1, 0 %, 9 MiB
2026/09/08 13:04:57.964, 0, 0 %, 1017 MiB
2026/09/08 13:04:57.964, 1, 0 %, 9 MiB
2026/09/08 13:04:58.464, 0, 0 %, 1017 MiB
2026/09/08 13:04:58.544, 1, 0 %, 9 MiB
2026/09/08 13:04:59.185, 0, 0 %, 1017 MiB
2026/09/08 13:04:59.186, 1, 0 %, 9 MiB
2026/09/08 13:04:59.686, 0, 0 %, 1017 MiB
2026/09/08 13:04:59.686, 1, 0 %, 9 MiB
2026/09/08 13:05:00.186, 0, 0 %, 1017 MiB
2026/09/08 13:05:00.231, 1, 0 %, 9 MiB
2026/09/08 13:05:00.852, 0, 0 %, 1017 MiB
2026/09/08 13:05:00.852, 1, 0 %, 9 MiB
2026/09/08 13:05:01.352, 0, 0 %, 1017 MiB
2026/09/08 13:05:01.375, 1, 0 %, 9 MiB
2026/09/08 13:05:01.996, 0, 0 %, 1017 MiB
2026/09/08 13:05:01.997, 1, 0 %, 9 MiB
2026/09/08 13:05:02.497, 0, 0 %, 1017 MiB
2026/09/08 13:05:02.527, 1, 0 %, 9 MiB
2026/09/08 13:05:03.178, 0, 0 %, 1017 MiB
2026/09/08 13:05:03.178, 1, 0 %, 9 MiB
2026/09/08 13:05:03.678, 0, 0 %, 1017 MiB
2026/09/08 13:05:03.679, 1, 0 %, 9 MiB
2026/09/08 13:05:04.179, 0, 0 %, 1017 MiB
2026/09/08 13:05:04.228, 1, 0 %, 9 MiB
2026/09/08 13:05:04.853, 0, 0 %, 1017 MiB
2026/09/08 13:05:04.853, 1, 0 %, 9 MiB
2026/09/08 13:05:05.353, 0, 0 %, 1017 MiB
2026/09/08 13:05:05.375, 1, 0 %, 9 MiB
2026/09/08 13:05:05.997, 0, 0 %, 1017 MiB
2026/09/08 13:05:05.998, 1, 0 %, 9 MiB
2026/09/08 13:05:06.498, 0, 0 %, 1017 MiB
2026/09/08 13:05:06.533, 1, 0 %, 9 MiB
2026/09/08 13:05:07.184, 0, 0 %, 1017 MiB
2026/09/08 13:05:07.185, 1, 0 %, 9 MiB
2026/09/08 13:05:07.685, 0, 0 %, 1017 MiB
2026/09/08 13:05:07.685, 1, 0 %, 9 MiB
2026/09/08 13:05:08.185, 0, 0 %, 1017 MiB
2026/09/08 13:05:08.227, 1, 0 %, 9 MiB
2026/09/08 13:05:08.852, 0, 0 %, 1017 MiB
2026/09/08 13:05:08.852, 1, 0 %, 9 MiB
2026/09/08 13:05:09.353, 0, 0 %, 1017 MiB
2026/09/08 13:05:09.374, 1, 0 %, 9 MiB
2026/09/08 13:05:09.996, 0, 0 %, 1017 MiB
2026/09/08 13:05:09.996, 1, 0 %, 9 MiB
2026/09/08 13:05:10.496, 0, 0 %, 1017 MiB
2026/09/08 13:05:10.522, 1, 0 %, 9 MiB
2026/09/08 13:05:11.173, 0, 0 %, 1017 MiB
2026/09/08 13:05:11.174, 1, 0 %, 9 MiB
2026/09/08 13:05:11.674, 0, 0 %, 1017 MiB
2026/09/08 13:05:11.674, 1, 0 %, 9 MiB
2026/09/08 13:05:12.174, 0, 0 %, 1017 MiB
2026/09/08 13:05:12.229, 1, 0 %, 9 MiB
2026/09/08 13:05:12.855, 0, 0 %, 1017 MiB
2026/09/08 13:05:12.855, 1, 0 %, 9 MiB
2026/09/08 13:05:13.355, 0, 0 %, 1017 MiB
2026/09/08 13:05:13.393, 1, 0 %, 9 MiB
2026/09/08 13:05:14.010, 0, 0 %, 1017 MiB
2026/09/08 13:05:14.010, 1, 0 %, 9 MiB
2026/09/08 13:05:14.510, 0, 0 %, 1017 MiB
2026/09/08 13:05:14.524, 1, 0 %, 9 MiB
2026/09/08 13:05:15.146, 0, 0 %, 1017 MiB
2026/09/08 13:05:15.146, 1, 0 %, 9 MiB
2026/09/08 13:05:15.646, 0, 0 %, 1017 MiB
2026/09/08 13:05:15.746, 1, 0 %, 9 MiB
2026/09/08 13:05:16.399, 0, 0 %, 1017 MiB
2026/09/08 13:05:16.399, 1, 0 %, 9 MiB
2026/09/08 13:05:16.900, 0, 0 %, 1017 MiB
2026/09/08 13:05:16.900, 1, 0 %, 9 MiB
2026/09/08 13:05:17.400, 0, 0 %, 1017 MiB
2026/09/08 13:05:17.407, 1, 0 %, 9 MiB
2026/09/08 13:05:18.029, 0, 0 %, 1017 MiB
2026/09/08 13:05:18.029, 1, 0 %, 9 MiB
2026/09/08 13:05:18.530, 0, 0 %, 1017 MiB
2026/09/08 13:05:18.554, 1, 0 %, 9 MiB
2026/09/08 13:05:19.175, 0, 0 %, 1017 MiB
2026/09/08 13:05:19.175, 1, 0 %, 9 MiB
2026/09/08 13:05:19.675, 0, 0 %, 1017 MiB
2026/09/08 13:05:19.750, 1, 0 %, 9 MiB
2026/09/08 13:05:20.402, 0, 0 %, 1017 MiB
2026/09/08 13:05:20.403, 1, 0 %, 9 MiB
2026/09/08 13:05:20.903, 0, 0 %, 1017 MiB
2026/09/08 13:05:21.023, 1, 0 %, 9 MiB
2026/09/08 13:05:21.647, 0, 0 %, 1017 MiB
2026/09/08 13:05:21.647, 1, 0 %, 9 MiB
2026/09/08 13:05:22.148, 0, 0 %, 1017 MiB
2026/09/08 13:05:22.177, 1, 0 %, 9 MiB
2026/09/08 13:05:22.798, 0, 0 %, 1017 MiB
2026/09/08 13:05:22.799, 1, 0 %, 9 MiB
2026/09/08 13:05:23.299, 0, 0 %, 1017 MiB
2026/09/08 13:05:23.332, 1, 0 %, 9 MiB
2026/09/08 13:05:23.984, 0, 0 %, 1017 MiB
2026/09/08 13:05:23.984, 1, 0 %, 9 MiB
2026/09/08 13:05:24.484, 0, 0 %, 1017 MiB
2026/09/08 13:05:24.484, 1, 0 %, 9 MiB
2026/09/08 13:05:24.985, 0, 0 %, 1017 MiB
2026/09/08 13:05:25.029, 1, 0 %, 9 MiB
2026/09/08 13:05:25.649, 0, 0 %, 1017 MiB
2026/09/08 13:05:25.649, 1, 0 %, 9 MiB
2026/09/08 13:05:26.150, 0, 0 %, 1017 MiB
2026/09/08 13:05:26.171, 1, 0 %, 9 MiB
2026/09/08 13:05:26.788, 0, 0 %, 1017 MiB
2026/09/08 13:05:26.788, 1, 0 %, 9 MiB
2026/09/08 13:05:27.288, 0, 0 %, 1017 MiB
2026/09/08 13:05:27.309, 1, 0 %, 9 MiB
2026/09/08 13:05:27.946, 0, 0 %, 1017 MiB
2026/09/08 13:05:27.947, 1, 0 %, 9 MiB
2026/09/08 13:05:28.447, 0, 0 %, 1017 MiB
2026/09/08 13:05:28.447, 1, 0 %, 9 MiB
2026/09/08 13:05:28.947, 0, 0 %, 1017 MiB
2026/09/08 13:05:29.035, 1, 0 %, 9 MiB
2026/09/08 13:05:29.660, 0, 0 %, 1017 MiB
2026/09/08 13:05:29.660, 1, 0 %, 9 MiB
2026/09/08 13:05:30.160, 0, 0 %, 1017 MiB
2026/09/08 13:05:30.188, 1, 0 %, 9 MiB
2026/09/08 13:05:30.808, 0, 0 %, 1017 MiB
2026/09/08 13:05:30.808, 1, 0 %, 9 MiB
2026/09/08 13:05:31.308, 0, 0 %, 1017 MiB
2026/09/08 13:05:31.332, 1, 0 %, 9 MiB
2026/09/08 13:05:31.958, 0, 0 %, 1017 MiB
2026/09/08 13:05:31.958, 1, 0 %, 9 MiB
2026/09/08 13:05:32.458, 0, 0 %, 1017 MiB
2026/09/08 13:05:32.590, 1, 0 %, 9 MiB
2026/09/08 13:05:33.247, 0, 0 %, 1017 MiB
2026/09/08 13:05:33.248, 1, 0 %, 9 MiB
2026/09/08 13:05:33.748, 0, 0 %, 1017 MiB
2026/09/08 13:05:33.810, 1, 0 %, 9 MiB
2026/09/08 13:05:34.432, 0, 0 %, 1017 MiB
2026/09/08 13:05:34.432, 1, 0 %, 9 MiB
2026/09/08 13:05:34.932, 0, 0 %, 1017 MiB
2026/09/08 13:05:34.953, 1, 0 %, 9 MiB
2026/09/08 13:05:35.575, 0, 0 %, 1017 MiB
2026/09/08 13:05:35.575, 1, 0 %, 9 MiB
2026/09/08 13:05:36.075, 0, 0 %, 1017 MiB
2026/09/08 13:05:36.110, 1, 0 %, 9 MiB
2026/09/08 13:05:36.747, 0, 0 %, 1017 MiB
2026/09/08 13:05:36.747, 1, 0 %, 9 MiB
2026/09/08 13:05:37.247, 0, 0 %, 1017 MiB
2026/09/08 13:05:37.247, 1, 0 %, 9 MiB
2026/09/08 13:05:37.747, 0, 0 %, 1017 MiB
2026/09/08 13:05:37.819, 1, 0 %, 9 MiB
2026/09/08 13:05:38.447, 0, 0 %, 1017 MiB
2026/09/08 13:05:38.447, 1, 0 %, 9 MiB
2026/09/08 13:05:38.947, 0, 0 %, 1017 MiB
2026/09/08 13:05:38.974, 1, 0 %, 9 MiB
2026/09/08 13:05:39.593, 0, 0 %, 1017 MiB
2026/09/08 13:05:39.593, 1, 0 %, 9 MiB
2026/09/08 13:05:40.093, 0, 0 %, 1017 MiB
2026/09/08 13:05:40.113, 1, 0 %, 9 MiB
2026/09/08 13:05:40.738, 0, 0 %, 1017 MiB
2026/09/08 13:05:40.738, 1, 0 %, 9 MiB
2026/09/08 13:05:41.238, 0, 0 %, 1017 MiB
2026/09/08 13:05:41.371, 1, 0 %, 9 MiB
2026/09/08 13:05:42.023, 0, 0 %, 1017 MiB
2026/09/08 13:05:42.024, 1, 0 %, 9 MiB
2026/09/08 13:05:42.524, 0, 0 %, 1017 MiB
2026/09/08 13:05:42.618, 1, 0 %, 9 MiB
2026/09/08 13:05:43.245, 0, 0 %, 1017 MiB
2026/09/08 13:05:43.245, 1, 0 %, 9 MiB
2026/09/08 13:05:43.745, 0, 0 %, 1017 MiB
2026/09/08 13:05:43.761, 1, 0 %, 9 MiB
2026/09/08 13:05:44.378, 0, 0 %, 1017 MiB
2026/09/08 13:05:44.378, 1, 0 %, 9 MiB
2026/09/08 13:05:44.878, 0, 0 %, 1017 MiB
2026/09/08 13:05:44.893, 1, 0 %, 9 MiB
2026/09/08 13:05:45.530, 0, 0 %, 1017 MiB
2026/09/08 13:05:45.530, 1, 0 %, 9 MiB
2026/09/08 13:05:46.030, 0, 0 %, 1017 MiB
2026/09/08 13:05:46.182, 1, 0 %, 9 MiB
2026/09/08 13:05:46.835, 0, 0 %, 1017 MiB
2026/09/08 13:05:46.835, 1, 0 %, 9 MiB
2026/09/08 13:05:47.335, 0, 0 %, 1017 MiB
2026/09/08 13:05:47.401, 1, 0 %, 9 MiB
2026/09/08 13:05:48.025, 0, 0 %, 1017 MiB
2026/09/08 13:05:48.025, 1, 0 %, 9 MiB
2026/09/08 13:05:48.525, 0, 0 %, 1017 MiB
2026/09/08 13:05:48.549, 1, 0 %, 9 MiB
2026/09/08 13:05:49.170, 0, 0 %, 1017 MiB
2026/09/08 13:05:49.171, 1, 0 %, 9 MiB
2026/09/08 13:05:49.671, 0, 0 %, 1017 MiB
2026/09/08 13:05:49.707, 1, 0 %, 9 MiB
2026/09/08 13:05:50.348, 0, 0 %, 1017 MiB
2026/09/08 13:05:50.348, 1, 0 %, 9 MiB
2026/09/08 13:05:50.848, 0, 0 %, 1017 MiB
2026/09/08 13:05:50.849, 1, 0 %, 9 MiB
2026/09/08 13:05:51.349, 0, 0 %, 1017 MiB
2026/09/08 13:05:51.414, 1, 0 %, 9 MiB
2026/09/08 13:05:52.043, 0, 0 %, 1017 MiB
2026/09/08 13:05:52.043, 1, 0 %, 9 MiB
2026/09/08 13:05:52.543, 0, 0 %, 1017 MiB
2026/09/08 13:05:52.570, 1, 0 %, 9 MiB
2026/09/08 13:05:53.192, 0, 0 %, 1017 MiB
2026/09/08 13:05:53.192, 1, 0 %, 9 MiB
2026/09/08 13:05:53.692, 0, 0 %, 1017 MiB
2026/09/08 13:05:53.712, 1, 0 %, 9 MiB
2026/09/08 13:05:54.342, 0, 0 %, 1017 MiB
2026/09/08 13:05:54.342, 1, 0 %, 9 MiB
2026/09/08 13:05:54.843, 0, 0 %, 1017 MiB
2026/09/08 13:05:54.987, 1, 0 %, 9 MiB
2026/09/08 13:05:55.641, 0, 0 %, 1017 MiB
2026/09/08 13:05:55.642, 1, 0 %, 9 MiB
2026/09/08 13:05:56.142, 0, 0 %, 1017 MiB
2026/09/08 13:05:56.197, 1, 0 %, 9 MiB
2026/09/08 13:05:56.820, 0, 0 %, 1017 MiB
2026/09/08 13:05:56.820, 1, 0 %, 9 MiB
2026/09/08 13:05:57.320, 0, 0 %, 1017 MiB
2026/09/08 13:05:57.342, 1, 0 %, 9 MiB
2026/09/08 13:05:57.964, 0, 0 %, 1017 MiB
2026/09/08 13:05:57.964, 1, 0 %, 9 MiB
2026/09/08 13:05:58.464, 0, 0 %, 1017 MiB
2026/09/08 13:05:58.540, 1, 0 %, 9 MiB
2026/09/08 13:05:59.192, 0, 0 %, 1017 MiB
2026/09/08 13:05:59.192, 1, 0 %, 9 MiB
2026/09/08 13:05:59.692, 0, 0 %, 1017 MiB
2026/09/08 13:05:59.812, 1, 0 %, 9 MiB
2026/09/08 13:06:00.437, 0, 0 %, 1017 MiB
2026/09/08 13:06:00.438, 1, 0 %, 9 MiB
2026/09/08 13:06:00.938, 0, 0 %, 1017 MiB
2026/09/08 13:06:00.962, 1, 0 %, 9 MiB
2026/09/08 13:06:01.585, 0, 0 %, 1017 MiB
2026/09/08 13:06:01.585, 1, 0 %, 9 MiB
2026/09/08 13:06:02.085, 0, 0 %, 1017 MiB
2026/09/08 13:06:02.120, 1, 0 %, 9 MiB
2026/09/08 13:06:02.770, 0, 0 %, 1017 MiB
2026/09/08 13:06:02.770, 1, 0 %, 9 MiB
2026/09/08 13:06:03.270, 0, 0 %, 1017 MiB
2026/09/08 13:06:03.270, 1, 0 %, 9 MiB
2026/09/08 13:06:03.771, 0, 0 %, 1017 MiB
2026/09/08 13:06:03.809, 1, 0 %, 9 MiB
2026/09/08 13:06:04.432, 0, 0 %, 1017 MiB
2026/09/08 13:06:04.432, 1, 0 %, 9 MiB
2026/09/08 13:06:04.933, 0, 0 %, 1017 MiB
2026/09/08 13:06:04.958, 1, 0 %, 9 MiB
2026/09/08 13:06:05.579, 0, 0 %, 1017 MiB
2026/09/08 13:06:05.579, 1, 0 %, 9 MiB
2026/09/08 13:06:06.080, 0, 0 %, 1017 MiB
2026/09/08 13:06:06.113, 1, 0 %, 9 MiB
2026/09/08 13:06:06.763, 0, 0 %, 1017 MiB
2026/09/08 13:06:06.763, 1, 0 %, 9 MiB
2026/09/08 13:06:07.264, 0, 0 %, 1017 MiB
2026/09/08 13:06:07.264, 1, 0 %, 9 MiB
2026/09/08 13:06:07.764, 0, 0 %, 1017 MiB
2026/09/08 13:06:07.806, 1, 0 %, 9 MiB
2026/09/08 13:06:08.431, 0, 0 %, 1017 MiB
2026/09/08 13:06:08.432, 1, 0 %, 9 MiB
2026/09/08 13:06:08.932, 0, 0 %, 1017 MiB
2026/09/08 13:06:08.958, 1, 0 %, 9 MiB
2026/09/08 13:06:09.580, 0, 0 %, 1017 MiB
2026/09/08 13:06:09.580, 1, 0 %, 9 MiB
2026/09/08 13:06:10.080, 0, 0 %, 1017 MiB
2026/09/08 13:06:10.112, 1, 0 %, 9 MiB
2026/09/08 13:06:10.763, 0, 0 %, 1017 MiB
2026/09/08 13:06:10.764, 1, 0 %, 9 MiB
2026/09/08 13:06:11.264, 0, 0 %, 1017 MiB
2026/09/08 13:06:11.264, 1, 0 %, 9 MiB
2026/09/08 13:06:11.764, 0, 0 %, 1017 MiB
2026/09/08 13:06:11.807, 1, 0 %, 9 MiB
2026/09/08 13:06:12.430, 0, 0 %, 1017 MiB
2026/09/08 13:06:12.430, 1, 0 %, 9 MiB
2026/09/08 13:06:12.930, 0, 0 %, 1017 MiB
2026/09/08 13:06:12.953, 1, 0 %, 9 MiB
2026/09/08 13:06:13.575, 0, 0 %, 1017 MiB
2026/09/08 13:06:13.575, 1, 0 %, 9 MiB
2026/09/08 13:06:14.076, 0, 0 %, 1017 MiB
2026/09/08 13:06:14.107, 1, 0 %, 9 MiB
2026/09/08 13:06:14.757, 0, 0 %, 1017 MiB
2026/09/08 13:06:14.757, 1, 0 %, 9 MiB
2026/09/08 13:06:15.257, 0, 0 %, 1017 MiB
2026/09/08 13:06:15.257, 1, 0 %, 9 MiB
2026/09/08 13:06:15.758, 0, 0 %, 1017 MiB
2026/09/08 13:06:15.806, 1, 0 %, 9 MiB
2026/09/08 13:06:16.433, 0, 0 %, 1017 MiB
2026/09/08 13:06:16.433, 1, 0 %, 9 MiB
2026/09/08 13:06:16.933, 0, 0 %, 1017 MiB
2026/09/08 13:06:16.957, 1, 0 %, 9 MiB
2026/09/08 13:06:17.578, 0, 0 %, 1017 MiB
2026/09/08 13:06:17.578, 1, 0 %, 9 MiB
2026/09/08 13:06:18.078, 0, 0 %, 1017 MiB
2026/09/08 13:06:18.108, 1, 0 %, 9 MiB
2026/09/08 13:06:18.758, 0, 0 %, 1017 MiB
2026/09/08 13:06:18.758, 1, 0 %, 9 MiB
2026/09/08 13:06:19.258, 0, 0 %, 1017 MiB
2026/09/08 13:06:19.259, 1, 0 %, 9 MiB
2026/09/08 13:06:19.759, 0, 0 %, 1017 MiB
2026/09/08 13:06:19.801, 1, 0 %, 9 MiB
2026/09/08 13:06:20.427, 0, 0 %, 1017 MiB
2026/09/08 13:06:20.427, 1, 0 %, 9 MiB
2026/09/08 13:06:20.928, 0, 0 %, 1017 MiB
2026/09/08 13:06:20.950, 1, 0 %, 9 MiB
2026/09/08 13:06:21.572, 0, 0 %, 1017 MiB
2026/09/08 13:06:21.572, 1, 0 %, 9 MiB
2026/09/08 13:06:22.073, 0, 0 %, 1017 MiB
2026/09/08 13:06:22.108, 1, 0 %, 9 MiB
2026/09/08 13:06:22.758, 0, 0 %, 1017 MiB
2026/09/08 13:06:22.758, 1, 0 %, 9 MiB
2026/09/08 13:06:23.259, 0, 0 %, 1017 MiB
2026/09/08 13:06:23.259, 1, 0 %, 9 MiB
2026/09/08 13:06:23.759, 0, 0 %, 1017 MiB
2026/09/08 13:06:23.805, 1, 0 %, 9 MiB
2026/09/08 13:06:24.429, 0, 0 %, 1017 MiB
2026/09/08 13:06:24.430, 1, 0 %, 9 MiB
2026/09/08 13:06:24.930, 0, 0 %, 1017 MiB
2026/09/08 13:06:24.954, 1, 0 %, 9 MiB
2026/09/08 13:06:25.576, 0, 0 %, 1017 MiB
2026/09/08 13:06:25.577, 1, 0 %, 9 MiB
2026/09/08 13:06:26.077, 0, 0 %, 1017 MiB
2026/09/08 13:06:26.101, 1, 0 %, 9 MiB
2026/09/08 13:06:26.726, 0, 0 %, 1017 MiB
2026/09/08 13:06:26.726, 1, 0 %, 9 MiB
2026/09/08 13:06:27.227, 0, 0 %, 1017 MiB
2026/09/08 13:06:27.376, 1, 0 %, 9 MiB
2026/09/08 13:06:28.030, 0, 0 %, 1017 MiB
2026/09/08 13:06:28.030, 1, 0 %, 9 MiB
2026/09/08 13:06:28.530, 0, 0 %, 1017 MiB
2026/09/08 13:06:28.585, 1, 0 %, 9 MiB
2026/09/08 13:06:29.208, 0, 0 %, 1017 MiB
2026/09/08 13:06:29.208, 1, 0 %, 9 MiB
2026/09/08 13:06:29.708, 0, 0 %, 1017 MiB
2026/09/08 13:06:29.744, 1, 0 %, 9 MiB
2026/09/08 13:06:30.365, 0, 0 %, 1017 MiB
2026/09/08 13:06:30.366, 1, 0 %, 9 MiB
2026/09/08 13:06:30.866, 0, 0 %, 1017 MiB
2026/09/08 13:06:30.953, 1, 0 %, 9 MiB
2026/09/08 13:06:31.606, 0, 0 %, 1017 MiB
2026/09/08 13:06:31.607, 1, 0 %, 9 MiB
2026/09/08 13:06:32.107, 0, 0 %, 1017 MiB
2026/09/08 13:06:32.211, 1, 0 %, 9 MiB
2026/09/08 13:06:32.834, 0, 0 %, 1017 MiB
2026/09/08 13:06:32.834, 1, 0 %, 9 MiB
2026/09/08 13:06:33.334, 0, 0 %, 1017 MiB
2026/09/08 13:06:33.356, 1, 0 %, 9 MiB
2026/09/08 13:06:33.973, 0, 0 %, 1017 MiB
2026/09/08 13:06:33.973, 1, 0 %, 9 MiB
2026/09/08 13:06:34.473, 0, 0 %, 1017 MiB
2026/09/08 13:06:34.486, 1, 0 %, 9 MiB
2026/09/08 13:06:35.107, 0, 0 %, 1017 MiB
2026/09/08 13:06:35.107, 1, 0 %, 9 MiB
2026/09/08 13:06:35.607, 0, 0 %, 1017 MiB
2026/09/08 13:06:35.709, 1, 0 %, 9 MiB
2026/09/08 13:06:36.353, 0, 0 %, 1017 MiB
2026/09/08 13:06:36.353, 1, 0 %, 9 MiB
2026/09/08 13:06:36.853, 0, 0 %, 1017 MiB
2026/09/08 13:06:36.854, 1, 0 %, 9 MiB
2026/09/08 13:06:37.354, 0, 0 %, 1017 MiB
2026/09/08 13:06:37.403, 1, 0 %, 9 MiB
2026/09/08 13:06:38.024, 0, 0 %, 1017 MiB
2026/09/08 13:06:38.024, 1, 0 %, 9 MiB
2026/09/08 13:06:38.524, 0, 0 %, 1017 MiB
2026/09/08 13:06:38.549, 1, 0 %, 9 MiB
2026/09/08 13:06:39.166, 0, 0 %, 1017 MiB
2026/09/08 13:06:39.167, 1, 0 %, 9 MiB
2026/09/08 13:06:39.667, 0, 0 %, 1017 MiB
2026/09/08 13:06:39.681, 1, 0 %, 9 MiB
2026/09/08 13:06:40.304, 0, 0 %, 1017 MiB
2026/09/08 13:06:40.304, 1, 0 %, 9 MiB
2026/09/08 13:06:40.805, 0, 0 %, 1017 MiB
2026/09/08 13:06:40.900, 1, 0 %, 9 MiB
2026/09/08 13:06:41.526, 0, 0 %, 1017 MiB
2026/09/08 13:06:41.526, 1, 0 %, 9 MiB
2026/09/08 13:06:42.027, 0, 0 %, 1017 MiB
2026/09/08 13:06:42.163, 1, 0 %, 9 MiB
2026/09/08 13:06:42.813, 0, 0 %, 1017 MiB
2026/09/08 13:06:42.813, 1, 0 %, 9 MiB
2026/09/08 13:06:43.313, 0, 0 %, 1017 MiB
2026/09/08 13:06:43.383, 1, 0 %, 9 MiB
2026/09/08 13:06:44.008, 0, 0 %, 1017 MiB
2026/09/08 13:06:44.008, 1, 0 %, 9 MiB
2026/09/08 13:06:44.508, 0, 0 %, 1017 MiB
2026/09/08 13:06:44.535, 1, 0 %, 9 MiB
2026/09/08 13:06:45.157, 0, 0 %, 1017 MiB
2026/09/08 13:06:45.157, 1, 0 %, 9 MiB
2026/09/08 13:06:45.657, 0, 0 %, 1017 MiB
2026/09/08 13:06:45.703, 1, 0 %, 9 MiB
2026/09/08 13:06:46.358, 0, 0 %, 1017 MiB
2026/09/08 13:06:46.358, 1, 0 %, 9 MiB
2026/09/08 13:06:46.858, 0, 0 %, 1017 MiB
2026/09/08 13:06:46.859, 1, 0 %, 9 MiB
2026/09/08 13:06:47.359, 0, 0 %, 1017 MiB
2026/09/08 13:06:47.397, 1, 0 %, 9 MiB
2026/09/08 13:06:48.018, 0, 0 %, 1017 MiB
2026/09/08 13:06:48.018, 1, 0 %, 9 MiB
2026/09/08 13:06:48.518, 0, 0 %, 1017 MiB
2026/09/08 13:06:48.548, 1, 0 %, 9 MiB
2026/09/08 13:06:49.168, 0, 0 %, 1017 MiB
2026/09/08 13:06:49.168, 1, 0 %, 9 MiB
2026/09/08 13:06:49.668, 0, 0 %, 1017 MiB
2026/09/08 13:06:49.692, 1, 0 %, 9 MiB
2026/09/08 13:06:50.345, 0, 0 %, 1017 MiB
2026/09/08 13:06:50.345, 1, 0 %, 9 MiB
2026/09/08 13:06:50.846, 0, 0 %, 1017 MiB
2026/09/08 13:06:50.846, 1, 0 %, 9 MiB
2026/09/08 13:06:51.346, 0, 0 %, 1017 MiB
2026/09/08 13:06:51.397, 1, 0 %, 9 MiB
2026/09/08 13:06:52.022, 0, 0 %, 1017 MiB
2026/09/08 13:06:52.022, 1, 0 %, 9 MiB
2026/09/08 13:06:52.522, 0, 0 %, 1017 MiB
2026/09/08 13:06:52.549, 1, 0 %, 9 MiB
2026/09/08 13:06:53.169, 0, 0 %, 1017 MiB
2026/09/08 13:06:53.169, 1, 0 %, 9 MiB
2026/09/08 13:06:53.669, 0, 0 %, 1017 MiB
2026/09/08 13:06:53.688, 1, 0 %, 9 MiB
2026/09/08 13:06:54.313, 0, 0 %, 1017 MiB
2026/09/08 13:06:54.313, 1, 0 %, 9 MiB
2026/09/08 13:06:54.814, 0, 0 %, 1017 MiB
2026/09/08 13:06:54.949, 1, 0 %, 9 MiB
2026/09/08 13:06:55.601, 0, 0 %, 1017 MiB
2026/09/08 13:06:55.601, 1, 0 %, 9 MiB
2026/09/08 13:06:56.101, 0, 0 %, 1017 MiB
2026/09/08 13:06:56.192, 1, 0 %, 9 MiB
2026/09/08 13:06:56.813, 0, 0 %, 1017 MiB
2026/09/08 13:06:56.813, 1, 0 %, 9 MiB
2026/09/08 13:06:57.313, 0, 0 %, 1017 MiB
2026/09/08 13:06:57.335, 1, 0 %, 9 MiB
2026/09/08 13:06:57.955, 0, 0 %, 1017 MiB
2026/09/08 13:06:57.955, 1, 0 %, 9 MiB
2026/09/08 13:06:58.456, 0, 0 %, 1017 MiB
2026/09/08 13:06:58.485, 1, 0 %, 9 MiB
2026/09/08 13:06:59.130, 0, 0 %, 1017 MiB
2026/09/08 13:06:59.130, 1, 0 %, 9 MiB
2026/09/08 13:06:59.630, 0, 0 %, 1017 MiB
2026/09/08 13:06:59.630, 1, 0 %, 9 MiB
2026/09/08 13:07:00.131, 0, 0 %, 1017 MiB
2026/09/08 13:07:00.192, 1, 0 %, 9 MiB
2026/09/08 13:07:00.818, 0, 0 %, 1017 MiB
2026/09/08 13:07:00.818, 1, 0 %, 9 MiB
2026/09/08 13:07:01.318, 0, 0 %, 1017 MiB
2026/09/08 13:07:01.342, 1, 0 %, 9 MiB
2026/09/08 13:07:01.964, 0, 0 %, 1017 MiB
2026/09/08 13:07:01.965, 1, 0 %, 9 MiB
2026/09/08 13:07:02.465, 0, 0 %, 1017 MiB
2026/09/08 13:07:02.500, 1, 0 %, 9 MiB
