/data/hongzefu/robomme_benchmark_MotionJEPANewTask/.venv/lib/python3.11/site-packages/torch/cuda/__init__.py:63: FutureWarning: The pynvml package is deprecated. Please install nvidia-ml-py instead. If you did not install pynvml directly, please report this to the maintainers of the package that installed pynvml for you.
  import pynvml  # type: ignore[import]
/data/hongzefu/robomme_benchmark_MotionJEPANewTask/.venv/lib/python3.11/site-packages/torch/cuda/__init__.py:63: FutureWarning: The pynvml package is deprecated. Please install nvidia-ml-py instead. If you did not install pynvml directly, please report this to the maintainers of the package that installed pynvml for you.
  import pynvml  # type: ignore[import]
/data/hongzefu/robomme_benchmark_MotionJEPANewTask/.venv/lib/python3.11/site-packages/torch/cuda/__init__.py:63: FutureWarning: The pynvml package is deprecated. Please install nvidia-ml-py instead. If you did not install pynvml directly, please report this to the maintainers of the package that installed pynvml for you.
  import pynvml  # type: ignore[import]
/data/hongzefu/robomme_benchmark_MotionJEPANewTask/.venv/lib/python3.11/site-packages/torch/cuda/__init__.py:63: FutureWarning: The pynvml package is deprecated. Please install nvidia-ml-py instead. If you did not install pynvml directly, please report this to the maintainers of the package that installed pynvml for you.
  import pynvml  # type: ignore[import]
/data/hongzefu/robomme_benchmark_MotionJEPANewTask/.venv/lib/python3.11/site-packages/torch/cuda/__init__.py:63: FutureWarning: The pynvml package is deprecated. Please install nvidia-ml-py instead. If you did not install pynvml directly, please report this to the maintainers of the package that installed pynvml for you.
  import pynvml  # type: ignore[import]
/data/hongzefu/robomme_benchmark_MotionJEPANewTask/.venv/lib/python3.11/site-packages/torch/cuda/__init__.py:63: FutureWarning: The pynvml package is deprecated. Please install nvidia-ml-py instead. If you did not install pynvml directly, please report this to the maintainers of the package that installed pynvml for you.
  import pynvml  # type: ignore[import]
/data/hongzefu/robomme_benchmark_MotionJEPANewTask/.venv/lib/python3.11/site-packages/torch/cuda/__init__.py:63: FutureWarning: The pynvml package is deprecated. Please install nvidia-ml-py instead. If you did not install pynvml directly, please report this to the maintainers of the package that installed pynvml for you.
  import pynvml  # type: ignore[import]
/data/hongzefu/robomme_benchmark_MotionJEPANewTask/.venv/lib/python3.11/site-packages/torch/cuda/__init__.py:63: FutureWarning: The pynvml package is deprecated. Please install nvidia-ml-py instead. If you did not install pynvml directly, please report this to the maintainers of the package that installed pynvml for you.
  import pynvml  # type: ignore[import]
/data/hongzefu/robomme_benchmark_MotionJEPANewTask/.venv/lib/python3.11/site-packages/torch/cuda/__init__.py:63: FutureWarning: The pynvml package is deprecated. Please install nvidia-ml-py instead. If you did not install pynvml directly, please report this to the maintainers of the package that installed pynvml for you.
  import pynvml  # type: ignore[import]
/data/hongzefu/robomme_benchmark_MotionJEPANewTask/.venv/lib/python3.11/site-packages/torch/cuda/__init__.py:63: FutureWarning: The pynvml package is deprecated. Please install nvidia-ml-py instead. If you did not install pynvml directly, please report this to the maintainers of the package that installed pynvml for you.
  import pynvml  # type: ignore[import]
/data/hongzefu/robomme_benchmark_MotionJEPANewTask/.venv/lib/python3.11/site-packages/torch/cuda/__init__.py:63: FutureWarning: The pynvml package is deprecated. Please install nvidia-ml-py instead. If you did not install pynvml directly, please report this to the maintainers of the package that installed pynvml for you.
  import pynvml  # type: ignore[import]
/data/hongzefu/robomme_benchmark_MotionJEPANewTask/.venv/lib/python3.11/site-packages/torch/cuda/__init__.py:63: FutureWarning: The pynvml package is deprecated. Please install nvidia-ml-py instead. If you did not install pynvml directly, please report this to the maintainers of the package that installed pynvml for you.
  import pynvml  # type: ignore[import]
/data/hongzefu/robomme_benchmark_MotionJEPANewTask/.venv/lib/python3.11/site-packages/torch/cuda/__init__.py:63: FutureWarning: The pynvml package is deprecated. Please install nvidia-ml-py instead. If you did not install pynvml directly, please report this to the maintainers of the package that installed pynvml for you.
  import pynvml  # type: ignore[import]
/data/hongzefu/robomme_benchmark_MotionJEPANewTask/.venv/lib/python3.11/site-packages/torch/cuda/__init__.py:63: FutureWarning: The pynvml package is deprecated. Please install nvidia-ml-py instead. If you did not install pynvml directly, please report this to the maintainers of the package that installed pynvml for you.
  import pynvml  # type: ignore[import]
/data/hongzefu/robomme_benchmark_MotionJEPANewTask/.venv/lib/python3.11/site-packages/torch/cuda/__init__.py:63: FutureWarning: The pynvml package is deprecated. Please install nvidia-ml-py instead. If you did not install pynvml directly, please report this to the maintainers of the package that installed pynvml for you.
  import pynvml  # type: ignore[import]
/data/hongzefu/robomme_benchmark_MotionJEPANewTask/.venv/lib/python3.11/site-packages/torch/cuda/__init__.py:63: FutureWarning: The pynvml package is deprecated. Please install nvidia-ml-py instead. If you did not install pynvml directly, please report this to the maintainers of the package that installed pynvml for you.
  import pynvml  # type: ignore[import]
/data/hongzefu/robomme_benchmark_MotionJEPANewTask/.venv/lib/python3.11/site-packages/torch/cuda/__init__.py:63: FutureWarning: The pynvml package is deprecated. Please install nvidia-ml-py instead. If you did not install pynvml directly, please report this to the maintainers of the package that installed pynvml for you.
  import pynvml  # type: ignore[import]
/data/hongzefu/robomme_benchmark_MotionJEPANewTask/.venv/lib/python3.11/site-packages/torch/cuda/__init__.py:63: FutureWarning: The pynvml package is deprecated. Please install nvidia-ml-py instead. If you did not install pynvml directly, please report this to the maintainers of the package that installed pynvml for you.
  import pynvml  # type: ignore[import]
/data/hongzefu/robomme_benchmark_MotionJEPANewTask/.venv/lib/python3.11/site-packages/torch/cuda/__init__.py:63: FutureWarning: The pynvml package is deprecated. Please install nvidia-ml-py instead. If you did not install pynvml directly, please report this to the maintainers of the package that installed pynvml for you.
  import pynvml  # type: ignore[import]
/data/hongzefu/robomme_benchmark_MotionJEPANewTask/.venv/lib/python3.11/site-packages/torch/cuda/__init__.py:63: FutureWarning: The pynvml package is deprecated. Please install nvidia-ml-py instead. If you did not install pynvml directly, please report this to the maintainers of the package that installed pynvml for you.
  import pynvml  # type: ignore[import]
/data/hongzefu/robomme_benchmark_MotionJEPANewTask/.venv/lib/python3.11/site-packages/torch/cuda/__init__.py:63: FutureWarning: The pynvml package is deprecated. Please install nvidia-ml-py instead. If you did not install pynvml directly, please report this to the maintainers of the package that installed pynvml for you.
  import pynvml  # type: ignore[import]
/data/hongzefu/robomme_benchmark_MotionJEPANewTask/.venv/lib/python3.11/site-packages/torch/cuda/__init__.py:63: FutureWarning: The pynvml package is deprecated. Please install nvidia-ml-py instead. If you did not install pynvml directly, please report this to the maintainers of the package that installed pynvml for you.
  import pynvml  # type: ignore[import]
/data/hongzefu/robomme_benchmark_MotionJEPANewTask/.venv/lib/python3.11/site-packages/torch/cuda/__init__.py:63: FutureWarning: The pynvml package is deprecated. Please install nvidia-ml-py instead. If you did not install pynvml directly, please report this to the maintainers of the package that installed pynvml for you.
  import pynvml  # type: ignore[import]
/data/hongzefu/robomme_benchmark_MotionJEPANewTask/.venv/lib/python3.11/site-packages/torch/cuda/__init__.py:63: FutureWarning: The pynvml package is deprecated. Please install nvidia-ml-py instead. If you did not install pynvml directly, please report this to the maintainers of the package that installed pynvml for you.
  import pynvml  # type: ignore[import]
/data/hongzefu/robomme_benchmark_MotionJEPANewTask/.venv/lib/python3.11/site-packages/torch/cuda/__init__.py:63: FutureWarning: The pynvml package is deprecated. Please install nvidia-ml-py instead. If you did not install pynvml directly, please report this to the maintainers of the package that installed pynvml for you.
  import pynvml  # type: ignore[import]
/data/hongzefu/robomme_benchmark_MotionJEPANewTask/.venv/lib/python3.11/site-packages/torch/cuda/__init__.py:63: FutureWarning: The pynvml package is deprecated. Please install nvidia-ml-py instead. If you did not install pynvml directly, please report this to the maintainers of the package that installed pynvml for you.
  import pynvml  # type: ignore[import]
/data/hongzefu/robomme_benchmark_MotionJEPANewTask/.venv/lib/python3.11/site-packages/torch/cuda/__init__.py:63: FutureWarning: The pynvml package is deprecated. Please install nvidia-ml-py instead. If you did not install pynvml directly, please report this to the maintainers of the package that installed pynvml for you.
  import pynvml  # type: ignore[import]
/data/hongzefu/robomme_benchmark_MotionJEPANewTask/.venv/lib/python3.11/site-packages/torch/cuda/__init__.py:63: FutureWarning: The pynvml package is deprecated. Please install nvidia-ml-py instead. If you did not install pynvml directly, please report this to the maintainers of the package that installed pynvml for you.
  import pynvml  # type: ignore[import]
/data/hongzefu/robomme_benchmark_MotionJEPANewTask/.venv/lib/python3.11/site-packages/torch/cuda/__init__.py:63: FutureWarning: The pynvml package is deprecated. Please install nvidia-ml-py instead. If you did not install pynvml directly, please report this to the maintainers of the package that installed pynvml for you.
  import pynvml  # type: ignore[import]
/data/hongzefu/robomme_benchmark_MotionJEPANewTask/.venv/lib/python3.11/site-packages/torch/cuda/__init__.py:63: FutureWarning: The pynvml package is deprecated. Please install nvidia-ml-py instead. If you did not install pynvml directly, please report this to the maintainers of the package that installed pynvml for you.
  import pynvml  # type: ignore[import]
/data/hongzefu/robomme_benchmark_MotionJEPANewTask/.venv/lib/python3.11/site-packages/torch/cuda/__init__.py:63: FutureWarning: The pynvml package is deprecated. Please install nvidia-ml-py instead. If you did not install pynvml directly, please report this to the maintainers of the package that installed pynvml for you.
  import pynvml  # type: ignore[import]
/data/hongzefu/robomme_benchmark_MotionJEPANewTask/.venv/lib/python3.11/site-packages/torch/cuda/__init__.py:63: FutureWarning: The pynvml package is deprecated. Please install nvidia-ml-py instead. If you did not install pynvml directly, please report this to the maintainers of the package that installed pynvml for you.
  import pynvml  # type: ignore[import]
/data/hongzefu/robomme_benchmark_MotionJEPANewTask/.venv/lib/python3.11/site-packages/torch/cuda/__init__.py:63: FutureWarning: The pynvml package is deprecated. Please install nvidia-ml-py instead. If you did not install pynvml directly, please report this to the maintainers of the package that installed pynvml for you.
  import pynvml  # type: ignore[import]
/data/hongzefu/robomme_benchmark_MotionJEPANewTask/.venv/lib/python3.11/site-packages/torch/cuda/__init__.py:63: FutureWarning: The pynvml package is deprecated. Please install nvidia-ml-py instead. If you did not install pynvml directly, please report this to the maintainers of the package that installed pynvml for you.
  import pynvml  # type: ignore[import]
/data/hongzefu/robomme_benchmark_MotionJEPANewTask/.venv/lib/python3.11/site-packages/torch/cuda/__init__.py:63: FutureWarning: The pynvml package is deprecated. Please install nvidia-ml-py instead. If you did not install pynvml directly, please report this to the maintainers of the package that installed pynvml for you.
  import pynvml  # type: ignore[import]
/data/hongzefu/robomme_benchmark_MotionJEPANewTask/.venv/lib/python3.11/site-packages/torch/cuda/__init__.py:63: FutureWarning: The pynvml package is deprecated. Please install nvidia-ml-py instead. If you did not install pynvml directly, please report this to the maintainers of the package that installed pynvml for you.
  import pynvml  # type: ignore[import]
/data/hongzefu/robomme_benchmark_MotionJEPANewTask/.venv/lib/python3.11/site-packages/torch/cuda/__init__.py:63: FutureWarning: The pynvml package is deprecated. Please install nvidia-ml-py instead. If you did not install pynvml directly, please report this to the maintainers of the package that installed pynvml for you.
  import pynvml  # type: ignore[import]
/data/hongzefu/robomme_benchmark_MotionJEPANewTask/.venv/lib/python3.11/site-packages/torch/cuda/__init__.py:63: FutureWarning: The pynvml package is deprecated. Please install nvidia-ml-py instead. If you did not install pynvml directly, please report this to the maintainers of the package that installed pynvml for you.
  import pynvml  # type: ignore[import]
/data/hongzefu/robomme_benchmark_MotionJEPANewTask/.venv/lib/python3.11/site-packages/torch/cuda/__init__.py:63: FutureWarning: The pynvml package is deprecated. Please install nvidia-ml-py instead. If you did not install pynvml directly, please report this to the maintainers of the package that installed pynvml for you.
  import pynvml  # type: ignore[import]
/data/hongzefu/robomme_benchmark_MotionJEPANewTask/.venv/lib/python3.11/site-packages/torch/cuda/__init__.py:63: FutureWarning: The pynvml package is deprecated. Please install nvidia-ml-py instead. If you did not install pynvml directly, please report this to the maintainers of the package that installed pynvml for you.
  import pynvml  # type: ignore[import]
/data/hongzefu/robomme_benchmark_MotionJEPANewTask/.venv/lib/python3.11/site-packages/sapien/__init__.py:18: UserWarning: pkg_resources is deprecated as an API. See https://setuptools.pypa.io/en/latest/pkg_resources.html. The pkg_resources package is slated for removal as early as 2025-11-30. Refrain from using this package or pin to Setuptools<81.
  import pkg_resources
/data/hongzefu/robomme_benchmark_MotionJEPANewTask/.venv/lib/python3.11/site-packages/sapien/__init__.py:18: UserWarning: pkg_resources is deprecated as an API. See https://setuptools.pypa.io/en/latest/pkg_resources.html. The pkg_resources package is slated for removal as early as 2025-11-30. Refrain from using this package or pin to Setuptools<81.
  import pkg_resources
/data/hongzefu/robomme_benchmark_MotionJEPANewTask/.venv/lib/python3.11/site-packages/sapien/__init__.py:18: UserWarning: pkg_resources is deprecated as an API. See https://setuptools.pypa.io/en/latest/pkg_resources.html. The pkg_resources package is slated for removal as early as 2025-11-30. Refrain from using this package or pin to Setuptools<81.
  import pkg_resources
/data/hongzefu/robomme_benchmark_MotionJEPANewTask/.venv/lib/python3.11/site-packages/sapien/__init__.py:18: UserWarning: pkg_resources is deprecated as an API. See https://setuptools.pypa.io/en/latest/pkg_resources.html. The pkg_resources package is slated for removal as early as 2025-11-30. Refrain from using this package or pin to Setuptools<81.
  import pkg_resources
/data/hongzefu/robomme_benchmark_MotionJEPANewTask/.venv/lib/python3.11/site-packages/sapien/__init__.py:18: UserWarning: pkg_resources is deprecated as an API. See https://setuptools.pypa.io/en/latest/pkg_resources.html. The pkg_resources package is slated for removal as early as 2025-11-30. Refrain from using this package or pin to Setuptools<81.
  import pkg_resources
/data/hongzefu/robomme_benchmark_MotionJEPANewTask/.venv/lib/python3.11/site-packages/sapien/__init__.py:18: UserWarning: pkg_resources is deprecated as an API. See https://setuptools.pypa.io/en/latest/pkg_resources.html. The pkg_resources package is slated for removal as early as 2025-11-30. Refrain from using this package or pin to Setuptools<81.
  import pkg_resources
/data/hongzefu/robomme_benchmark_MotionJEPANewTask/.venv/lib/python3.11/site-packages/sapien/__init__.py:18: UserWarning: pkg_resources is deprecated as an API. See https://setuptools.pypa.io/en/latest/pkg_resources.html. The pkg_resources package is slated for removal as early as 2025-11-30. Refrain from using this package or pin to Setuptools<81.
  import pkg_resources
/data/hongzefu/robomme_benchmark_MotionJEPANewTask/.venv/lib/python3.11/site-packages/sapien/__init__.py:18: UserWarning: pkg_resources is deprecated as an API. See https://setuptools.pypa.io/en/latest/pkg_resources.html. The pkg_resources package is slated for removal as early as 2025-11-30. Refrain from using this package or pin to Setuptools<81.
  import pkg_resources
/data/hongzefu/robomme_benchmark_MotionJEPANewTask/.venv/lib/python3.11/site-packages/sapien/__init__.py:18: UserWarning: pkg_resources is deprecated as an API. See https://setuptools.pypa.io/en/latest/pkg_resources.html. The pkg_resources package is slated for removal as early as 2025-11-30. Refrain from using this package or pin to Setuptools<81.
  import pkg_resources
/data/hongzefu/robomme_benchmark_MotionJEPANewTask/.venv/lib/python3.11/site-packages/sapien/__init__.py:18: UserWarning: pkg_resources is deprecated as an API. See https://setuptools.pypa.io/en/latest/pkg_resources.html. The pkg_resources package is slated for removal as early as 2025-11-30. Refrain from using this package or pin to Setuptools<81.
  import pkg_resources
/data/hongzefu/robomme_benchmark_MotionJEPANewTask/.venv/lib/python3.11/site-packages/sapien/__init__.py:18: UserWarning: pkg_resources is deprecated as an API. See https://setuptools.pypa.io/en/latest/pkg_resources.html. The pkg_resources package is slated for removal as early as 2025-11-30. Refrain from using this package or pin to Setuptools<81.
  import pkg_resources
/data/hongzefu/robomme_benchmark_MotionJEPANewTask/.venv/lib/python3.11/site-packages/sapien/__init__.py:18: UserWarning: pkg_resources is deprecated as an API. See https://setuptools.pypa.io/en/latest/pkg_resources.html. The pkg_resources package is slated for removal as early as 2025-11-30. Refrain from using this package or pin to Setuptools<81.
  import pkg_resources
/data/hongzefu/robomme_benchmark_MotionJEPANewTask/.venv/lib/python3.11/site-packages/sapien/__init__.py:18: UserWarning: pkg_resources is deprecated as an API. See https://setuptools.pypa.io/en/latest/pkg_resources.html. The pkg_resources package is slated for removal as early as 2025-11-30. Refrain from using this package or pin to Setuptools<81.
  import pkg_resources
/data/hongzefu/robomme_benchmark_MotionJEPANewTask/.venv/lib/python3.11/site-packages/sapien/__init__.py:18: UserWarning: pkg_resources is deprecated as an API. See https://setuptools.pypa.io/en/latest/pkg_resources.html. The pkg_resources package is slated for removal as early as 2025-11-30. Refrain from using this package or pin to Setuptools<81.
  import pkg_resources
/data/hongzefu/robomme_benchmark_MotionJEPANewTask/.venv/lib/python3.11/site-packages/sapien/__init__.py:18: UserWarning: pkg_resources is deprecated as an API. See https://setuptools.pypa.io/en/latest/pkg_resources.html. The pkg_resources package is slated for removal as early as 2025-11-30. Refrain from using this package or pin to Setuptools<81.
  import pkg_resources
/data/hongzefu/robomme_benchmark_MotionJEPANewTask/.venv/lib/python3.11/site-packages/sapien/__init__.py:18: UserWarning: pkg_resources is deprecated as an API. See https://setuptools.pypa.io/en/latest/pkg_resources.html. The pkg_resources package is slated for removal as early as 2025-11-30. Refrain from using this package or pin to Setuptools<81.
  import pkg_resources
/data/hongzefu/robomme_benchmark_MotionJEPANewTask/.venv/lib/python3.11/site-packages/sapien/__init__.py:18: UserWarning: pkg_resources is deprecated as an API. See https://setuptools.pypa.io/en/latest/pkg_resources.html. The pkg_resources package is slated for removal as early as 2025-11-30. Refrain from using this package or pin to Setuptools<81.
  import pkg_resources
/data/hongzefu/robomme_benchmark_MotionJEPANewTask/.venv/lib/python3.11/site-packages/sapien/__init__.py:18: UserWarning: pkg_resources is deprecated as an API. See https://setuptools.pypa.io/en/latest/pkg_resources.html. The pkg_resources package is slated for removal as early as 2025-11-30. Refrain from using this package or pin to Setuptools<81.
  import pkg_resources
/data/hongzefu/robomme_benchmark_MotionJEPANewTask/.venv/lib/python3.11/site-packages/sapien/__init__.py:18: UserWarning: pkg_resources is deprecated as an API. See https://setuptools.pypa.io/en/latest/pkg_resources.html. The pkg_resources package is slated for removal as early as 2025-11-30. Refrain from using this package or pin to Setuptools<81.
  import pkg_resources
/data/hongzefu/robomme_benchmark_MotionJEPANewTask/.venv/lib/python3.11/site-packages/sapien/__init__.py:18: UserWarning: pkg_resources is deprecated as an API. See https://setuptools.pypa.io/en/latest/pkg_resources.html. The pkg_resources package is slated for removal as early as 2025-11-30. Refrain from using this package or pin to Setuptools<81.
  import pkg_resources
/data/hongzefu/robomme_benchmark_MotionJEPANewTask/.venv/lib/python3.11/site-packages/sapien/__init__.py:18: UserWarning: pkg_resources is deprecated as an API. See https://setuptools.pypa.io/en/latest/pkg_resources.html. The pkg_resources package is slated for removal as early as 2025-11-30. Refrain from using this package or pin to Setuptools<81.
  import pkg_resources
/data/hongzefu/robomme_benchmark_MotionJEPANewTask/.venv/lib/python3.11/site-packages/sapien/__init__.py:18: UserWarning: pkg_resources is deprecated as an API. See https://setuptools.pypa.io/en/latest/pkg_resources.html. The pkg_resources package is slated for removal as early as 2025-11-30. Refrain from using this package or pin to Setuptools<81.
  import pkg_resources
/data/hongzefu/robomme_benchmark_MotionJEPANewTask/.venv/lib/python3.11/site-packages/sapien/__init__.py:18: UserWarning: pkg_resources is deprecated as an API. See https://setuptools.pypa.io/en/latest/pkg_resources.html. The pkg_resources package is slated for removal as early as 2025-11-30. Refrain from using this package or pin to Setuptools<81.
  import pkg_resources
/data/hongzefu/robomme_benchmark_MotionJEPANewTask/.venv/lib/python3.11/site-packages/sapien/__init__.py:18: UserWarning: pkg_resources is deprecated as an API. See https://setuptools.pypa.io/en/latest/pkg_resources.html. The pkg_resources package is slated for removal as early as 2025-11-30. Refrain from using this package or pin to Setuptools<81.
  import pkg_resources
/data/hongzefu/robomme_benchmark_MotionJEPANewTask/.venv/lib/python3.11/site-packages/sapien/__init__.py:18: UserWarning: pkg_resources is deprecated as an API. See https://setuptools.pypa.io/en/latest/pkg_resources.html. The pkg_resources package is slated for removal as early as 2025-11-30. Refrain from using this package or pin to Setuptools<81.
  import pkg_resources
/data/hongzefu/robomme_benchmark_MotionJEPANewTask/.venv/lib/python3.11/site-packages/sapien/__init__.py:18: UserWarning: pkg_resources is deprecated as an API. See https://setuptools.pypa.io/en/latest/pkg_resources.html. The pkg_resources package is slated for removal as early as 2025-11-30. Refrain from using this package or pin to Setuptools<81.
  import pkg_resources
/data/hongzefu/robomme_benchmark_MotionJEPANewTask/.venv/lib/python3.11/site-packages/sapien/__init__.py:18: UserWarning: pkg_resources is deprecated as an API. See https://setuptools.pypa.io/en/latest/pkg_resources.html. The pkg_resources package is slated for removal as early as 2025-11-30. Refrain from using this package or pin to Setuptools<81.
  import pkg_resources
/data/hongzefu/robomme_benchmark_MotionJEPANewTask/.venv/lib/python3.11/site-packages/sapien/__init__.py:18: UserWarning: pkg_resources is deprecated as an API. See https://setuptools.pypa.io/en/latest/pkg_resources.html. The pkg_resources package is slated for removal as early as 2025-11-30. Refrain from using this package or pin to Setuptools<81.
  import pkg_resources
/data/hongzefu/robomme_benchmark_MotionJEPANewTask/.venv/lib/python3.11/site-packages/sapien/__init__.py:18: UserWarning: pkg_resources is deprecated as an API. See https://setuptools.pypa.io/en/latest/pkg_resources.html. The pkg_resources package is slated for removal as early as 2025-11-30. Refrain from using this package or pin to Setuptools<81.
  import pkg_resources
/data/hongzefu/robomme_benchmark_MotionJEPANewTask/.venv/lib/python3.11/site-packages/sapien/__init__.py:18: UserWarning: pkg_resources is deprecated as an API. See https://setuptools.pypa.io/en/latest/pkg_resources.html. The pkg_resources package is slated for removal as early as 2025-11-30. Refrain from using this package or pin to Setuptools<81.
  import pkg_resources
/data/hongzefu/robomme_benchmark_MotionJEPANewTask/.venv/lib/python3.11/site-packages/sapien/__init__.py:18: UserWarning: pkg_resources is deprecated as an API. See https://setuptools.pypa.io/en/latest/pkg_resources.html. The pkg_resources package is slated for removal as early as 2025-11-30. Refrain from using this package or pin to Setuptools<81.
  import pkg_resources
/data/hongzefu/robomme_benchmark_MotionJEPANewTask/.venv/lib/python3.11/site-packages/sapien/__init__.py:18: UserWarning: pkg_resources is deprecated as an API. See https://setuptools.pypa.io/en/latest/pkg_resources.html. The pkg_resources package is slated for removal as early as 2025-11-30. Refrain from using this package or pin to Setuptools<81.
  import pkg_resources
/data/hongzefu/robomme_benchmark_MotionJEPANewTask/.venv/lib/python3.11/site-packages/sapien/__init__.py:18: UserWarning: pkg_resources is deprecated as an API. See https://setuptools.pypa.io/en/latest/pkg_resources.html. The pkg_resources package is slated for removal as early as 2025-11-30. Refrain from using this package or pin to Setuptools<81.
  import pkg_resources
/data/hongzefu/robomme_benchmark_MotionJEPANewTask/.venv/lib/python3.11/site-packages/sapien/__init__.py:18: UserWarning: pkg_resources is deprecated as an API. See https://setuptools.pypa.io/en/latest/pkg_resources.html. The pkg_resources package is slated for removal as early as 2025-11-30. Refrain from using this package or pin to Setuptools<81.
  import pkg_resources
/data/hongzefu/robomme_benchmark_MotionJEPANewTask/.venv/lib/python3.11/site-packages/sapien/__init__.py:18: UserWarning: pkg_resources is deprecated as an API. See https://setuptools.pypa.io/en/latest/pkg_resources.html. The pkg_resources package is slated for removal as early as 2025-11-30. Refrain from using this package or pin to Setuptools<81.
  import pkg_resources
/data/hongzefu/robomme_benchmark_MotionJEPANewTask/.venv/lib/python3.11/site-packages/sapien/__init__.py:18: UserWarning: pkg_resources is deprecated as an API. See https://setuptools.pypa.io/en/latest/pkg_resources.html. The pkg_resources package is slated for removal as early as 2025-11-30. Refrain from using this package or pin to Setuptools<81.
  import pkg_resources
/data/hongzefu/robomme_benchmark_MotionJEPANewTask/.venv/lib/python3.11/site-packages/sapien/__init__.py:18: UserWarning: pkg_resources is deprecated as an API. See https://setuptools.pypa.io/en/latest/pkg_resources.html. The pkg_resources package is slated for removal as early as 2025-11-30. Refrain from using this package or pin to Setuptools<81.
  import pkg_resources
/data/hongzefu/robomme_benchmark_MotionJEPANewTask/.venv/lib/python3.11/site-packages/sapien/__init__.py:18: UserWarning: pkg_resources is deprecated as an API. See https://setuptools.pypa.io/en/latest/pkg_resources.html. The pkg_resources package is slated for removal as early as 2025-11-30. Refrain from using this package or pin to Setuptools<81.
  import pkg_resources
/data/hongzefu/robomme_benchmark_MotionJEPANewTask/.venv/lib/python3.11/site-packages/sapien/__init__.py:18: UserWarning: pkg_resources is deprecated as an API. See https://setuptools.pypa.io/en/latest/pkg_resources.html. The pkg_resources package is slated for removal as early as 2025-11-30. Refrain from using this package or pin to Setuptools<81.
  import pkg_resources
/data/hongzefu/robomme_benchmark_MotionJEPANewTask/.venv/lib/python3.11/site-packages/sapien/__init__.py:18: UserWarning: pkg_resources is deprecated as an API. See https://setuptools.pypa.io/en/latest/pkg_resources.html. The pkg_resources package is slated for removal as early as 2025-11-30. Refrain from using this package or pin to Setuptools<81.
  import pkg_resources
Warning: link 'camera_link' material 'aluminum' undefined.
         at line 85 in /workspace/urdfdom/urdf_parser/src/model.cpp
Warning: link 'camera_link' material 'aluminum' undefined.
         at line 85 in /workspace/urdfdom/urdf_parser/src/model.cpp
Warning: link 'camera_link' material 'aluminum' undefined.
         at line 85 in /workspace/urdfdom/urdf_parser/src/model.cpp
Warning: link 'camera_link' material 'aluminum' undefined.
         at line 85 in /workspace/urdfdom/urdf_parser/src/model.cpp
Warning: link 'camera_link' material 'aluminum' undefined.
         at line 85 in /workspace/urdfdom/urdf_parser/src/model.cpp
Warning: link 'camera_link' material 'aluminum' undefined.
         at line 85 in /workspace/urdfdom/urdf_parser/src/model.cpp
Warning: link 'camera_link' material 'aluminum' undefined.
         at line 85 in /workspace/urdfdom/urdf_parser/src/model.cpp
Warning: link 'camera_link' material 'aluminum' undefined.
         at line 85 in /workspace/urdfdom/urdf_parser/src/model.cpp
Warning: link 'camera_link' material 'aluminum' undefined.
         at line 85 in /workspace/urdfdom/urdf_parser/src/model.cpp
Warning: link 'camera_link' material 'aluminum' undefined.
         at line 85 in /workspace/urdfdom/urdf_parser/src/model.cpp
Warning: link 'camera_link' material 'aluminum' undefined.
         at line 85 in /workspace/urdfdom/urdf_parser/src/model.cpp
Warning: link 'camera_link' material 'aluminum' undefined.
         at line 85 in /workspace/urdfdom/urdf_parser/src/model.cpp
Warning: link 'camera_link' material 'aluminum' undefined.
         at line 85 in /workspace/urdfdom/urdf_parser/src/model.cpp
Warning: link 'camera_link' material 'aluminum' undefined.
         at line 85 in /workspace/urdfdom/urdf_parser/src/model.cpp
Warning: link 'camera_link' material 'aluminum' undefined.
         at line 85 in /workspace/urdfdom/urdf_parser/src/model.cpp
Warning: link 'camera_link' material 'aluminum' undefined.
         at line 85 in /workspace/urdfdom/urdf_parser/src/model.cpp
Warning: link 'camera_link' material 'aluminum' undefined.
         at line 85 in /workspace/urdfdom/urdf_parser/src/model.cpp
Warning: link 'camera_link' material 'aluminum' undefined.
         at line 85 in /workspace/urdfdom/urdf_parser/src/model.cpp
Warning: link 'camera_link' material 'aluminum' undefined.
         at line 85 in /workspace/urdfdom/urdf_parser/src/model.cpp
Warning: link 'camera_link' material 'aluminum' undefined.
         at line 85 in /workspace/urdfdom/urdf_parser/src/model.cpp
Warning: link 'camera_link' material 'aluminum' undefined.
         at line 85 in /workspace/urdfdom/urdf_parser/src/model.cpp
Warning: link 'camera_link' material 'aluminum' undefined.
         at line 85 in /workspace/urdfdom/urdf_parser/src/model.cpp
Warning: link 'camera_link' material 'aluminum' undefined.
         at line 85 in /workspace/urdfdom/urdf_parser/src/model.cpp
Warning: link 'camera_link' material 'aluminum' undefined.
         at line 85 in /workspace/urdfdom/urdf_parser/src/model.cpp
Warning: link 'camera_link' material 'aluminum' undefined.
         at line 85 in /workspace/urdfdom/urdf_parser/src/model.cpp
Warning: link 'camera_link' material 'aluminum' undefined.
         at line 85 in /workspace/urdfdom/urdf_parser/src/model.cpp
Warning: link 'camera_link' material 'aluminum' undefined.
         at line 85 in /workspace/urdfdom/urdf_parser/src/model.cpp
Warning: link 'camera_link' material 'aluminum' undefined.
         at line 85 in /workspace/urdfdom/urdf_parser/src/model.cpp
Warning: link 'camera_link' material 'aluminum' undefined.
         at line 85 in /workspace/urdfdom/urdf_parser/src/model.cpp
Warning: link 'camera_link' material 'aluminum' undefined.
         at line 85 in /workspace/urdfdom/urdf_parser/src/model.cpp
Warning: link 'camera_link' material 'aluminum' undefined.
         at line 85 in /workspace/urdfdom/urdf_parser/src/model.cpp
Warning: link 'camera_link' material 'aluminum' undefined.
         at line 85 in /workspace/urdfdom/urdf_parser/src/model.cpp
Warning: link 'camera_link' material 'aluminum' undefined.
         at line 85 in /workspace/urdfdom/urdf_parser/src/model.cpp
Warning: link 'camera_link' material 'aluminum' undefined.
         at line 85 in /workspace/urdfdom/urdf_parser/src/model.cpp
Warning: link 'camera_link' material 'aluminum' undefined.
         at line 85 in /workspace/urdfdom/urdf_parser/src/model.cpp
Warning: link 'camera_link' material 'aluminum' undefined.
         at line 85 in /workspace/urdfdom/urdf_parser/src/model.cpp
Warning: link 'camera_link' material 'aluminum' undefined.
         at line 85 in /workspace/urdfdom/urdf_parser/src/model.cpp
Warning: link 'camera_link' material 'aluminum' undefined.
         at line 85 in /workspace/urdfdom/urdf_parser/src/model.cpp
Warning: link 'camera_link' material 'aluminum' undefined.
         at line 85 in /workspace/urdfdom/urdf_parser/src/model.cpp
Warning: link 'camera_link' material 'aluminum' undefined.
         at line 85 in /workspace/urdfdom/urdf_parser/src/model.cpp
Warning: link 'camera_link' material 'aluminum' undefined.
         at line 85 in /workspace/urdfdom/urdf_parser/src/model.cpp
Warning: link 'camera_link' material 'aluminum' undefined.
         at line 85 in /workspace/urdfdom/urdf_parser/src/model.cpp
Warning: link 'camera_link' material 'aluminum' undefined.
         at line 85 in /workspace/urdfdom/urdf_parser/src/model.cpp
Warning: link 'camera_link' material 'aluminum' undefined.
         at line 85 in /workspace/urdfdom/urdf_parser/src/model.cpp
Warning: link 'camera_link' material 'aluminum' undefined.
         at line 85 in /workspace/urdfdom/urdf_parser/src/model.cpp
Warning: link 'camera_link' material 'aluminum' undefined.
         at line 85 in /workspace/urdfdom/urdf_parser/src/model.cpp
Warning: link 'camera_link' material 'aluminum' undefined.
         at line 85 in /workspace/urdfdom/urdf_parser/src/model.cpp
Warning: link 'camera_link' material 'aluminum' undefined.
         at line 85 in /workspace/urdfdom/urdf_parser/src/model.cpp
Warning: link 'camera_link' material 'aluminum' undefined.
         at line 85 in /workspace/urdfdom/urdf_parser/src/model.cpp
Warning: link 'camera_link' material 'aluminum' undefined.
         at line 85 in /workspace/urdfdom/urdf_parser/src/model.cpp
Warning: link 'camera_link' material 'aluminum' undefined.
         at line 85 in /workspace/urdfdom/urdf_parser/src/model.cpp
Warning: link 'camera_link' material 'aluminum' undefined.
         at line 85 in /workspace/urdfdom/urdf_parser/src/model.cpp
Warning: link 'camera_link' material 'aluminum' undefined.
         at line 85 in /workspace/urdfdom/urdf_parser/src/model.cpp
Warning: link 'camera_link' material 'aluminum' undefined.
         at line 85 in /workspace/urdfdom/urdf_parser/src/model.cpp
Warning: link 'camera_link' material 'aluminum' undefined.
         at line 85 in /workspace/urdfdom/urdf_parser/src/model.cpp
Warning: link 'camera_link' material 'aluminum' undefined.
         at line 85 in /workspace/urdfdom/urdf_parser/src/model.cpp
Warning: link 'camera_link' material 'aluminum' undefined.
         at line 85 in /workspace/urdfdom/urdf_parser/src/model.cpp
Warning: link 'camera_link' material 'aluminum' undefined.
         at line 85 in /workspace/urdfdom/urdf_parser/src/model.cpp
Warning: link 'camera_link' material 'aluminum' undefined.
         at line 85 in /workspace/urdfdom/urdf_parser/src/model.cpp
Warning: link 'camera_link' material 'aluminum' undefined.
         at line 85 in /workspace/urdfdom/urdf_parser/src/model.cpp
Warning: link 'camera_link' material 'aluminum' undefined.
         at line 85 in /workspace/urdfdom/urdf_parser/src/model.cpp
Warning: link 'camera_link' material 'aluminum' undefined.
         at line 85 in /workspace/urdfdom/urdf_parser/src/model.cpp
Warning: link 'camera_link' material 'aluminum' undefined.
         at line 85 in /workspace/urdfdom/urdf_parser/src/model.cpp
Warning: link 'camera_link' material 'aluminum' undefined.
         at line 85 in /workspace/urdfdom/urdf_parser/src/model.cpp
Warning: link 'camera_link' material 'aluminum' undefined.
         at line 85 in /workspace/urdfdom/urdf_parser/src/model.cpp
Warning: link 'camera_link' material 'aluminum' undefined.
         at line 85 in /workspace/urdfdom/urdf_parser/src/model.cpp
Warning: link 'camera_link' material 'aluminum' undefined.
         at line 85 in /workspace/urdfdom/urdf_parser/src/model.cpp
Warning: link 'camera_link' material 'aluminum' undefined.
         at line 85 in /workspace/urdfdom/urdf_parser/src/model.cpp
Warning: link 'camera_link' material 'aluminum' undefined.
         at line 85 in /workspace/urdfdom/urdf_parser/src/model.cpp
Warning: link 'camera_link' material 'aluminum' undefined.
         at line 85 in /workspace/urdfdom/urdf_parser/src/model.cpp
Warning: link 'camera_link' material 'aluminum' undefined.
         at line 85 in /workspace/urdfdom/urdf_parser/src/model.cpp
Warning: link 'camera_link' material 'aluminum' undefined.
         at line 85 in /workspace/urdfdom/urdf_parser/src/model.cpp
Warning: link 'camera_link' material 'aluminum' undefined.
         at line 85 in /workspace/urdfdom/urdf_parser/src/model.cpp
Warning: link 'camera_link' material 'aluminum' undefined.
         at line 85 in /workspace/urdfdom/urdf_parser/src/model.cpp
Warning: link 'camera_link' material 'aluminum' undefined.
         at line 85 in /workspace/urdfdom/urdf_parser/src/model.cpp
Warning: link 'camera_link' material 'aluminum' undefined.
         at line 85 in /workspace/urdfdom/urdf_parser/src/model.cpp
Warning: link 'camera_link' material 'aluminum' undefined.
         at line 85 in /workspace/urdfdom/urdf_parser/src/model.cpp
Warning: link 'camera_link' material 'aluminum' undefined.
         at line 85 in /workspace/urdfdom/urdf_parser/src/model.cpp
Warning: link 'camera_link' material 'aluminum' undefined.
         at line 85 in /workspace/urdfdom/urdf_parser/src/model.cpp
Warning: link 'camera_link' material 'aluminum' undefined.
         at line 85 in /workspace/urdfdom/urdf_parser/src/model.cpp
Warning: link 'camera_link' material 'aluminum' undefined.
         at line 85 in /workspace/urdfdom/urdf_parser/src/model.cpp
Warning: link 'camera_link' material 'aluminum' undefined.
         at line 85 in /workspace/urdfdom/urdf_parser/src/model.cpp
Warning: link 'camera_link' material 'aluminum' undefined.
         at line 85 in /workspace/urdfdom/urdf_parser/src/model.cpp
Warning: link 'camera_link' material 'aluminum' undefined.
         at line 85 in /workspace/urdfdom/urdf_parser/src/model.cpp
Warning: link 'camera_link' material 'aluminum' undefined.
         at line 85 in /workspace/urdfdom/urdf_parser/src/model.cpp
Warning: link 'camera_link' material 'aluminum' undefined.
         at line 85 in /workspace/urdfdom/urdf_parser/src/model.cpp
Warning: link 'camera_link' material 'aluminum' undefined.
         at line 85 in /workspace/urdfdom/urdf_parser/src/model.cpp
Warning: link 'camera_link' material 'aluminum' undefined.
         at line 85 in /workspace/urdfdom/urdf_parser/src/model.cpp
Warning: link 'camera_link' material 'aluminum' undefined.
         at line 85 in /workspace/urdfdom/urdf_parser/src/model.cpp
Warning: link 'camera_link' material 'aluminum' undefined.
         at line 85 in /workspace/urdfdom/urdf_parser/src/model.cpp
Warning: link 'camera_link' material 'aluminum' undefined.
         at line 85 in /workspace/urdfdom/urdf_parser/src/model.cpp
Warning: link 'camera_link' material 'aluminum' undefined.
         at line 85 in /workspace/urdfdom/urdf_parser/src/model.cpp
Warning: link 'camera_link' material 'aluminum' undefined.
         at line 85 in /workspace/urdfdom/urdf_parser/src/model.cpp
Warning: link 'camera_link' material 'aluminum' undefined.
         at line 85 in /workspace/urdfdom/urdf_parser/src/model.cpp
Warning: link 'camera_link' material 'aluminum' undefined.
         at line 85 in /workspace/urdfdom/urdf_parser/src/model.cpp
Warning: link 'camera_link' material 'aluminum' undefined.
         at line 85 in /workspace/urdfdom/urdf_parser/src/model.cpp
[1/1842] VideoUnmaskSwap/episode_0 succeeded with seed 5000 (attempt 0, 62.151s)
[2/1842] VideoUnmaskSwap/episode_1 succeeded with seed 5100 (attempt 0, 65.155s)
[3/1842] VideoUnmaskSwap/episode_0 succeeded with seed 5000 (attempt 0, 69.523s)
[4/1842] BinFill/episode_1 succeeded with seed 4100 (attempt 0, 76.125s)
[5/1842] RouteStick/episode_1 succeeded with seed 16100 (attempt 0, 82.025s)
[6/1842] VideoUnmaskSwap/episode_2 succeeded with seed 5200 (attempt 0, 80.923s)
[7/1842] RouteStick/episode_2 succeeded with seed 16200 (attempt 0, 81.992s)
[8/1842] VideoUnmaskSwap/episode_1 succeeded with seed 5100 (attempt 0, 84.524s)
[9/1842] VideoUnmaskSwap/episode_2 succeeded with seed 5200 (attempt 0, 87.889s)
[10/1842] RouteStick/episode_0 succeeded with seed 16000 (attempt 0, 99.087s)
Warning: link 'camera_link' material 'aluminum' undefined.
         at line 85 in /workspace/urdfdom/urdf_parser/src/model.cpp
Warning: link 'camera_link' material 'aluminum' undefined.
         at line 85 in /workspace/urdfdom/urdf_parser/src/model.cpp
Warning: link 'camera_link' material 'aluminum' undefined.
         at line 85 in /workspace/urdfdom/urdf_parser/src/model.cpp
Warning: link 'camera_link' material 'aluminum' undefined.
         at line 85 in /workspace/urdfdom/urdf_parser/src/model.cpp
Warning: link 'camera_link' material 'aluminum' undefined.
         at line 85 in /workspace/urdfdom/urdf_parser/src/model.cpp
Warning: link 'camera_link' material 'aluminum' undefined.
         at line 85 in /workspace/urdfdom/urdf_parser/src/model.cpp
Warning: link 'camera_link' material 'aluminum' undefined.
         at line 85 in /workspace/urdfdom/urdf_parser/src/model.cpp
Warning: link 'camera_link' material 'aluminum' undefined.
         at line 85 in /workspace/urdfdom/urdf_parser/src/model.cpp
Warning: link 'camera_link' material 'aluminum' undefined.
         at line 85 in /workspace/urdfdom/urdf_parser/src/model.cpp
Warning: link 'camera_link' material 'aluminum' undefined.
         at line 85 in /workspace/urdfdom/urdf_parser/src/model.cpp
Warning: link 'camera_link' material 'aluminum' undefined.
         at line 85 in /workspace/urdfdom/urdf_parser/src/model.cpp
Warning: link 'camera_link' material 'aluminum' undefined.
         at line 85 in /workspace/urdfdom/urdf_parser/src/model.cpp
Warning: link 'camera_link' material 'aluminum' undefined.
         at line 85 in /workspace/urdfdom/urdf_parser/src/model.cpp
Warning: link 'camera_link' material 'aluminum' undefined.
         at line 85 in /workspace/urdfdom/urdf_parser/src/model.cpp
Warning: link 'camera_link' material 'aluminum' undefined.
         at line 85 in /workspace/urdfdom/urdf_parser/src/model.cpp
Warning: link 'camera_link' material 'aluminum' undefined.
         at line 85 in /workspace/urdfdom/urdf_parser/src/model.cpp
Warning: link 'camera_link' material 'aluminum' undefined.
         at line 85 in /workspace/urdfdom/urdf_parser/src/model.cpp
Warning: link 'camera_link' material 'aluminum' undefined.
         at line 85 in /workspace/urdfdom/urdf_parser/src/model.cpp
Warning: link 'camera_link' material 'aluminum' undefined.
         at line 85 in /workspace/urdfdom/urdf_parser/src/model.cpp
Warning: link 'camera_link' material 'aluminum' undefined.
         at line 85 in /workspace/urdfdom/urdf_parser/src/model.cpp
Warning: link 'camera_link' material 'aluminum' undefined.
         at line 85 in /workspace/urdfdom/urdf_parser/src/model.cpp
Warning: link 'camera_link' material 'aluminum' undefined.
         at line 85 in /workspace/urdfdom/urdf_parser/src/model.cpp
Warning: link 'camera_link' material 'aluminum' undefined.
         at line 85 in /workspace/urdfdom/urdf_parser/src/model.cpp
Warning: link 'camera_link' material 'aluminum' undefined.
         at line 85 in /workspace/urdfdom/urdf_parser/src/model.cpp
[11/1842] BinFill/episode_0 succeeded with seed 4000 (attempt 0, 103.965s)
[12/1842] VideoUnmaskSwap/episode_1 succeeded with seed 5100 (attempt 0, 106.952s)
[13/1842] RouteStick/episode_0 succeeded with seed 16000 (attempt 0, 115.044s)
screw plan failed
screw plan failed
screw plan failed
[14/1842] VideoUnmaskSwap/episode_0 succeeded with seed 5000 (attempt 0, 123.334s)
[15/1842] VideoUnmaskSwap/episode_0 succeeded with seed 5000 (attempt 0, 126.765s)
[16/1842] BinFill/episode_0 succeeded with seed 4000 (attempt 0, 129.044s)
[17/1842] VideoRepick/episode_0 succeeded with seed 9000 (attempt 0, 130.305s)
[18/1842] VideoRepick/episode_1 succeeded with seed 9100 (attempt 0, 130.76s)
[19/1842] BinFill/episode_1 succeeded with seed 4100 (attempt 0, 134.288s)
[20/1842] VideoRepick/episode_2 succeeded with seed 9200 (attempt 0, 135.235s)
[21/1842] VideoUnmaskSwap/episode_2 succeeded with seed 5200 (attempt 0, 135.156s)
[22/1842] RouteStick/episode_1 succeeded with seed 16100 (attempt 0, 137.288s)
[23/1842] RouteStick/episode_0 succeeded with seed 16000 (attempt 0, 138.196s)
[24/1842] RouteStick/episode_2 succeeded with seed 16200 (attempt 0, 136.947s)
Warning: link 'camera_link' material 'aluminum' undefined.
         at line 85 in /workspace/urdfdom/urdf_parser/src/model.cpp
Warning: link 'camera_link' material 'aluminum' undefined.
         at line 85 in /workspace/urdfdom/urdf_parser/src/model.cpp
Warning: link 'camera_link' material 'aluminum' undefined.
         at line 85 in /workspace/urdfdom/urdf_parser/src/model.cpp
Warning: link 'camera_link' material 'aluminum' undefined.
         at line 85 in /workspace/urdfdom/urdf_parser/src/model.cpp
Warning: link 'camera_link' material 'aluminum' undefined.
         at line 85 in /workspace/urdfdom/urdf_parser/src/model.cpp
Warning: link 'camera_link' material 'aluminum' undefined.
         at line 85 in /workspace/urdfdom/urdf_parser/src/model.cpp
Warning: link 'camera_link' material 'aluminum' undefined.
         at line 85 in /workspace/urdfdom/urdf_parser/src/model.cpp
Warning: link 'camera_link' material 'aluminum' undefined.
         at line 85 in /workspace/urdfdom/urdf_parser/src/model.cpp
[25/1842] VideoRepick/episode_1 succeeded with seed 9100 (attempt 0, 140.269s)
[26/1842] BinFill/episode_3 succeeded with seed 4300 (attempt 0, 75.288s)
[27/1842] BinFill/episode_2 succeeded with seed 4200 (attempt 0, 143.427s)
[28/1842] RouteStick/episode_2 succeeded with seed 16200 (attempt 0, 147.988s)
[29/1842] RouteStick/episode_1 succeeded with seed 16100 (attempt 0, 150.621s)
[30/1842] VideoRepick/episode_1 succeeded with seed 9100 (attempt 0, 154.52s)
Warning: link 'camera_link' material 'aluminum' undefined.
         at line 85 in /workspace/urdfdom/urdf_parser/src/model.cpp
Warning: link 'camera_link' material 'aluminum' undefined.
         at line 85 in /workspace/urdfdom/urdf_parser/src/model.cpp
Warning: link 'camera_link' material 'aluminum' undefined.
         at line 85 in /workspace/urdfdom/urdf_parser/src/model.cpp
Warning: link 'camera_link' material 'aluminum' undefined.
         at line 85 in /workspace/urdfdom/urdf_parser/src/model.cpp
Warning: link 'camera_link' material 'aluminum' undefined.
         at line 85 in /workspace/urdfdom/urdf_parser/src/model.cpp
Warning: link 'camera_link' material 'aluminum' undefined.
         at line 85 in /workspace/urdfdom/urdf_parser/src/model.cpp
Warning: link 'camera_link' material 'aluminum' undefined.
         at line 85 in /workspace/urdfdom/urdf_parser/src/model.cpp
Warning: link 'camera_link' material 'aluminum' undefined.
         at line 85 in /workspace/urdfdom/urdf_parser/src/model.cpp
Warning: link 'camera_link' material 'aluminum' undefined.
         at line 85 in /workspace/urdfdom/urdf_parser/src/model.cpp
Warning: link 'camera_link' material 'aluminum' undefined.
         at line 85 in /workspace/urdfdom/urdf_parser/src/model.cpp
Warning: link 'camera_link' material 'aluminum' undefined.
         at line 85 in /workspace/urdfdom/urdf_parser/src/model.cpp
Warning: link 'camera_link' material 'aluminum' undefined.
         at line 85 in /workspace/urdfdom/urdf_parser/src/model.cpp
Warning: link 'camera_link' material 'aluminum' undefined.
         at line 85 in /workspace/urdfdom/urdf_parser/src/model.cpp
Warning: link 'camera_link' material 'aluminum' undefined.
         at line 85 in /workspace/urdfdom/urdf_parser/src/model.cpp
Warning: link 'camera_link' material 'aluminum' undefined.
         at line 85 in /workspace/urdfdom/urdf_parser/src/model.cpp
Warning: link 'camera_link' material 'aluminum' undefined.
         at line 85 in /workspace/urdfdom/urdf_parser/src/model.cpp
Warning: link 'camera_link' material 'aluminum' undefined.
         at line 85 in /workspace/urdfdom/urdf_parser/src/model.cpp
Warning: link 'camera_link' material 'aluminum' undefined.
         at line 85 in /workspace/urdfdom/urdf_parser/src/model.cpp
Warning: link 'camera_link' material 'aluminum' undefined.
         at line 85 in /workspace/urdfdom/urdf_parser/src/model.cpp
Warning: link 'camera_link' material 'aluminum' undefined.
         at line 85 in /workspace/urdfdom/urdf_parser/src/model.cpp
Warning: link 'camera_link' material 'aluminum' undefined.
         at line 85 in /workspace/urdfdom/urdf_parser/src/model.cpp
Warning: link 'camera_link' material 'aluminum' undefined.
         at line 85 in /workspace/urdfdom/urdf_parser/src/model.cpp
Warning: link 'camera_link' material 'aluminum' undefined.
         at line 85 in /workspace/urdfdom/urdf_parser/src/model.cpp
Warning: link 'camera_link' material 'aluminum' undefined.
         at line 85 in /workspace/urdfdom/urdf_parser/src/model.cpp
[31/1842] VideoUnmaskSwap/episode_1 succeeded with seed 5100 (attempt 0, 158.649s)
[32/1842] BinFill/episode_2 succeeded with seed 4200 (attempt 0, 160.656s)
Warning: link 'camera_link' material 'aluminum' undefined.
         at line 85 in /workspace/urdfdom/urdf_parser/src/model.cpp
Warning: link 'camera_link' material 'aluminum' undefined.
         at line 85 in /workspace/urdfdom/urdf_parser/src/model.cpp
Warning: link 'camera_link' material 'aluminum' undefined.
         at line 85 in /workspace/urdfdom/urdf_parser/src/model.cpp
Warning: link 'camera_link' material 'aluminum' undefined.
         at line 85 in /workspace/urdfdom/urdf_parser/src/model.cpp
Warning: link 'camera_link' material 'aluminum' undefined.
         at line 85 in /workspace/urdfdom/urdf_parser/src/model.cpp
Warning: link 'camera_link' material 'aluminum' undefined.
         at line 85 in /workspace/urdfdom/urdf_parser/src/model.cpp
Warning: link 'camera_link' material 'aluminum' undefined.
         at line 85 in /workspace/urdfdom/urdf_parser/src/model.cpp
Warning: link 'camera_link' material 'aluminum' undefined.
         at line 85 in /workspace/urdfdom/urdf_parser/src/model.cpp
[33/1842] BinFill/episode_0 succeeded with seed 4000 (attempt 0, 166.289s)
[34/1842] VideoRepick/episode_2 succeeded with seed 9200 (attempt 0, 167.262s)
[35/1842] VideoRepick/episode_0 succeeded with seed 9000 (attempt 0, 171.529s)
[36/1842] BinFill/episode_2 succeeded with seed 4200 (attempt 0, 170.67s)
[37/1842] VideoUnmaskSwap/episode_3 succeeded with seed 5300 (attempt 0, 91.017s)
[38/1842] VideoUnmaskSwap/episode_2 succeeded with seed 5200 (attempt 0, 119.997s)
[39/1842] RouteStick/episode_1 succeeded with seed 16100 (attempt 0, 185.707s)
Warning: link 'camera_link' material 'aluminum' undefined.
         at line 85 in /workspace/urdfdom/urdf_parser/src/model.cpp
Warning: link 'camera_link' material 'aluminum' undefined.
         at line 85 in /workspace/urdfdom/urdf_parser/src/model.cpp
Warning: link 'camera_link' material 'aluminum' undefined.
         at line 85 in /workspace/urdfdom/urdf_parser/src/model.cpp
Warning: link 'camera_link' material 'aluminum' undefined.
         at line 85 in /workspace/urdfdom/urdf_parser/src/model.cpp
Warning: link 'camera_link' material 'aluminum' undefined.
         at line 85 in /workspace/urdfdom/urdf_parser/src/model.cpp
Warning: link 'camera_link' material 'aluminum' undefined.
         at line 85 in /workspace/urdfdom/urdf_parser/src/model.cpp
Warning: link 'camera_link' material 'aluminum' undefined.
         at line 85 in /workspace/urdfdom/urdf_parser/src/model.cpp
Warning: link 'camera_link' material 'aluminum' undefined.
         at line 85 in /workspace/urdfdom/urdf_parser/src/model.cpp
Warning: link 'camera_link' material 'aluminum' undefined.
         at line 85 in /workspace/urdfdom/urdf_parser/src/model.cpp
Warning: link 'camera_link' material 'aluminum' undefined.
         at line 85 in /workspace/urdfdom/urdf_parser/src/model.cpp
Warning: link 'camera_link' material 'aluminum' undefined.
         at line 85 in /workspace/urdfdom/urdf_parser/src/model.cpp
Warning: link 'camera_link' material 'aluminum' undefined.
         at line 85 in /workspace/urdfdom/urdf_parser/src/model.cpp
Warning: link 'camera_link' material 'aluminum' undefined.
         at line 85 in /workspace/urdfdom/urdf_parser/src/model.cpp
Warning: link 'camera_link' material 'aluminum' undefined.
         at line 85 in /workspace/urdfdom/urdf_parser/src/model.cpp
Warning: link 'camera_link' material 'aluminum' undefined.
         at line 85 in /workspace/urdfdom/urdf_parser/src/model.cpp
Warning: link 'camera_link' material 'aluminum' undefined.
         at line 85 in /workspace/urdfdom/urdf_parser/src/model.cpp
[40/1842] VideoUnmaskSwap/episode_3 succeeded with seed 5300 (attempt 0, 91.611s)
Warning: link 'camera_link' material 'aluminum' undefined.
         at line 85 in /workspace/urdfdom/urdf_parser/src/model.cpp
Warning: link 'camera_link' material 'aluminum' undefined.
         at line 85 in /workspace/urdfdom/urdf_parser/src/model.cpp
Warning: link 'camera_link' material 'aluminum' undefined.
         at line 85 in /workspace/urdfdom/urdf_parser/src/model.cpp
Warning: link 'camera_link' material 'aluminum' undefined.
         at line 85 in /workspace/urdfdom/urdf_parser/src/model.cpp
Warning: link 'camera_link' material 'aluminum' undefined.
         at line 85 in /workspace/urdfdom/urdf_parser/src/model.cpp
Warning: link 'camera_link' material 'aluminum' undefined.
         at line 85 in /workspace/urdfdom/urdf_parser/src/model.cpp
Warning: link 'camera_link' material 'aluminum' undefined.
         at line 85 in /workspace/urdfdom/urdf_parser/src/model.cpp
Warning: link 'camera_link' material 'aluminum' undefined.
         at line 85 in /workspace/urdfdom/urdf_parser/src/model.cpp
[41/1842] RouteStick/episode_3 succeeded with seed 16300 (attempt 0, 110.939s)
[42/1842] VideoUnmaskSwap/episode_4 succeeded with seed 5400 (attempt 0, 65.06s)
[43/1842] RouteStick/episode_2 succeeded with seed 16200 (attempt 0, 201.793s)
[44/1842] RouteStick/episode_3 succeeded with seed 16300 (attempt 0, 123.643s)
[45/1842] BinFill/episode_1 succeeded with seed 4100 (attempt 0, 203.492s)
[46/1842] BinFill/episode_4 succeeded with seed 4400 (attempt 0, 79.398s)
[47/1842] VideoUnmaskSwap/episode_4 succeeded with seed 5400 (attempt 0, 75.287s)
[48/1842] VideoUnmaskSwap/episode_3 succeeded with seed 5300 (attempt 0, 115.331s)
[49/1842] RouteStick/episode_0 succeeded with seed 16000 (attempt 0, 221.051s)
Warning: link 'camera_link' material 'aluminum' undefined.
         at line 85 in /workspace/urdfdom/urdf_parser/src/model.cpp
Warning: link 'camera_link' material 'aluminum' undefined.
         at line 85 in /workspace/urdfdom/urdf_parser/src/model.cpp
Warning: link 'camera_link' material 'aluminum' undefined.
         at line 85 in /workspace/urdfdom/urdf_parser/src/model.cpp
Warning: link 'camera_link' material 'aluminum' undefined.
         at line 85 in /workspace/urdfdom/urdf_parser/src/model.cpp
Warning: link 'camera_link' material 'aluminum' undefined.
         at line 85 in /workspace/urdfdom/urdf_parser/src/model.cpp
Warning: link 'camera_link' material 'aluminum' undefined.
         at line 85 in /workspace/urdfdom/urdf_parser/src/model.cpp
Warning: link 'camera_link' material 'aluminum' undefined.
         at line 85 in /workspace/urdfdom/urdf_parser/src/model.cpp
Warning: link 'camera_link' material 'aluminum' undefined.
         at line 85 in /workspace/urdfdom/urdf_parser/src/model.cpp
[50/1842] BinFill/episode_3 succeeded with seed 4300 (attempt 0, 141.82s)
[51/1842] RouteStick/episode_3 succeeded with seed 16300 (attempt 0, 143.363s)
Warning: link 'camera_link' material 'aluminum' undefined.
         at line 85 in /workspace/urdfdom/urdf_parser/src/model.cpp
Warning: link 'camera_link' material 'aluminum' undefined.
         at line 85 in /workspace/urdfdom/urdf_parser/src/model.cpp
Warning: link 'camera_link' material 'aluminum' undefined.
         at line 85 in /workspace/urdfdom/urdf_parser/src/model.cpp
Warning: link 'camera_link' material 'aluminum' undefined.
         at line 85 in /workspace/urdfdom/urdf_parser/src/model.cpp
Warning: link 'camera_link' material 'aluminum' undefined.
         at line 85 in /workspace/urdfdom/urdf_parser/src/model.cpp
Warning: link 'camera_link' material 'aluminum' undefined.
         at line 85 in /workspace/urdfdom/urdf_parser/src/model.cpp
Warning: link 'camera_link' material 'aluminum' undefined.
         at line 85 in /workspace/urdfdom/urdf_parser/src/model.cpp
Warning: link 'camera_link' material 'aluminum' undefined.
         at line 85 in /workspace/urdfdom/urdf_parser/src/model.cpp
Warning: link 'camera_link' material 'aluminum' undefined.
         at line 85 in /workspace/urdfdom/urdf_parser/src/model.cpp
Warning: link 'camera_link' material 'aluminum' undefined.
         at line 85 in /workspace/urdfdom/urdf_parser/src/model.cpp
Warning: link 'camera_link' material 'aluminum' undefined.
         at line 85 in /workspace/urdfdom/urdf_parser/src/model.cpp
Warning: link 'camera_link' material 'aluminum' undefined.
         at line 85 in /workspace/urdfdom/urdf_parser/src/model.cpp
Warning: link 'camera_link' material 'aluminum' undefined.
         at line 85 in /workspace/urdfdom/urdf_parser/src/model.cpp
Warning: link 'camera_link' material 'aluminum' undefined.
         at line 85 in /workspace/urdfdom/urdf_parser/src/model.cpp
Warning: link 'camera_link' material 'aluminum' undefined.
         at line 85 in /workspace/urdfdom/urdf_parser/src/model.cpp
Warning: link 'camera_link' material 'aluminum' undefined.
         at line 85 in /workspace/urdfdom/urdf_parser/src/model.cpp
Warning: link 'camera_link' material 'aluminum' undefined.
         at line 85 in /workspace/urdfdom/urdf_parser/src/model.cpp
Warning: link 'camera_link' material 'aluminum' undefined.
         at line 85 in /workspace/urdfdom/urdf_parser/src/model.cpp
Warning: link 'camera_link' material 'aluminum' undefined.
         at line 85 in /workspace/urdfdom/urdf_parser/src/model.cpp
Warning: link 'camera_link' material 'aluminum' undefined.
         at line 85 in /workspace/urdfdom/urdf_parser/src/model.cpp
Warning: link 'camera_link' material 'aluminum' undefined.
         at line 85 in /workspace/urdfdom/urdf_parser/src/model.cpp
Warning: link 'camera_link' material 'aluminum' undefined.
         at line 85 in /workspace/urdfdom/urdf_parser/src/model.cpp
Warning: link 'camera_link' material 'aluminum' undefined.
         at line 85 in /workspace/urdfdom/urdf_parser/src/model.cpp
Warning: link 'camera_link' material 'aluminum' undefined.
         at line 85 in /workspace/urdfdom/urdf_parser/src/model.cpp
[52/1842] RouteStick/episode_4 succeeded with seed 16400 (attempt 0, 106.364s)
[53/1842] BinFill/episode_4 succeeded with seed 4400 (attempt 0, 111.584s)
[54/1842] VideoUnmaskSwap/episode_4 succeeded with seed 5400 (attempt 0, 106.721s)
[55/1842] BinFill/episode_3 succeeded with seed 4300 (attempt 0, 169.797s)
[56/1842] VideoRepick/episode_2 succeeded with seed 9200 (attempt 0, 184.155s)
[57/1842] VideoUnmaskSwap/episode_5 succeeded with seed 5500 (attempt 0, 73.193s)
[58/1842] RouteStick/episode_4 succeeded with seed 16400 (attempt 0, 119.46s)
[59/1842] VideoRepick/episode_3 succeeded with seed 9300 (attempt 0, 145.699s)
[60/1842] VideoUnmaskSwap/episode_3 succeeded with seed 5300 (attempt 0, 134.686s)
[61/1842] VideoRepick/episode_3 succeeded with seed 9300 (attempt 0, 157.879s)
[62/1842] VideoRepick/episode_4 succeeded with seed 9400 (attempt 0, 123.185s)
[63/1842] VideoRepick/episode_3 succeeded with seed 9300 (attempt 0, 138.357s)
Warning: link 'camera_link' material 'aluminum' undefined.
         at line 85 in /workspace/urdfdom/urdf_parser/src/model.cpp
Warning: link 'camera_link' material 'aluminum' undefined.
         at line 85 in /workspace/urdfdom/urdf_parser/src/model.cpp
Warning: link 'camera_link' material 'aluminum' undefined.
         at line 85 in /workspace/urdfdom/urdf_parser/src/model.cpp
Warning: link 'camera_link' material 'aluminum' undefined.
         at line 85 in /workspace/urdfdom/urdf_parser/src/model.cpp
Warning: link 'camera_link' material 'aluminum' undefined.
         at line 85 in /workspace/urdfdom/urdf_parser/src/model.cpp
Warning: link 'camera_link' material 'aluminum' undefined.
         at line 85 in /workspace/urdfdom/urdf_parser/src/model.cpp
Warning: link 'camera_link' material 'aluminum' undefined.
         at line 85 in /workspace/urdfdom/urdf_parser/src/model.cpp
Warning: link 'camera_link' material 'aluminum' undefined.
         at line 85 in /workspace/urdfdom/urdf_parser/src/model.cpp
[64/1842] VideoRepick/episode_4 succeeded with seed 9400 (attempt 0, 123.116s)
[65/1842] RouteStick/episode_5 succeeded with seed 16500 (attempt 0, 104.489s)
[66/1842] RouteStick/episode_4 succeeded with seed 16400 (attempt 0, 137.051s)
[67/1842] VideoUnmaskSwap/episode_5 succeeded with seed 5500 (attempt 0, 97.146s)
    BinFill/episode_4 用尽 1 次 attempt，放弃
[68/1842] VideoUnmaskSwap/episode_4 succeeded with seed 5400 (attempt 0, 129.882s)
[69/1842] VideoUnmaskSwap/episode_6 succeeded with seed 5600 (attempt 0, 53.65s)
Warning: link 'camera_link' material 'aluminum' undefined.
         at line 85 in /workspace/urdfdom/urdf_parser/src/model.cpp
Warning: link 'camera_link' material 'aluminum' undefined.
         at line 85 in /workspace/urdfdom/urdf_parser/src/model.cpp
Warning: link 'camera_link' material 'aluminum' undefined.
         at line 85 in /workspace/urdfdom/urdf_parser/src/model.cpp
Warning: link 'camera_link' material 'aluminum' undefined.
         at line 85 in /workspace/urdfdom/urdf_parser/src/model.cpp
Warning: link 'camera_link' material 'aluminum' undefined.
         at line 85 in /workspace/urdfdom/urdf_parser/src/model.cpp
Warning: link 'camera_link' material 'aluminum' undefined.
         at line 85 in /workspace/urdfdom/urdf_parser/src/model.cpp
Warning: link 'camera_link' material 'aluminum' undefined.
         at line 85 in /workspace/urdfdom/urdf_parser/src/model.cpp
Warning: link 'camera_link' material 'aluminum' undefined.
         at line 85 in /workspace/urdfdom/urdf_parser/src/model.cpp
Warning: link 'camera_link' material 'aluminum' undefined.
         at line 85 in /workspace/urdfdom/urdf_parser/src/model.cpp
Warning: link 'camera_link' material 'aluminum' undefined.
         at line 85 in /workspace/urdfdom/urdf_parser/src/model.cpp
Warning: link 'camera_link' material 'aluminum' undefined.
         at line 85 in /workspace/urdfdom/urdf_parser/src/model.cpp
Warning: link 'camera_link' material 'aluminum' undefined.
         at line 85 in /workspace/urdfdom/urdf_parser/src/model.cpp
Warning: link 'camera_link' material 'aluminum' undefined.
         at line 85 in /workspace/urdfdom/urdf_parser/src/model.cpp
Warning: link 'camera_link' material 'aluminum' undefined.
         at line 85 in /workspace/urdfdom/urdf_parser/src/model.cpp
Warning: link 'camera_link' material 'aluminum' undefined.
         at line 85 in /workspace/urdfdom/urdf_parser/src/model.cpp
Warning: link 'camera_link' material 'aluminum' undefined.
         at line 85 in /workspace/urdfdom/urdf_parser/src/model.cpp
Warning: link 'camera_link' material 'aluminum' undefined.
         at line 85 in /workspace/urdfdom/urdf_parser/src/model.cpp
Warning: link 'camera_link' material 'aluminum' undefined.
         at line 85 in /workspace/urdfdom/urdf_parser/src/model.cpp
Warning: link 'camera_link' material 'aluminum' undefined.
         at line 85 in /workspace/urdfdom/urdf_parser/src/model.cpp
Warning: link 'camera_link' material 'aluminum' undefined.
         at line 85 in /workspace/urdfdom/urdf_parser/src/model.cpp
Warning: link 'camera_link' material 'aluminum' undefined.
         at line 85 in /workspace/urdfdom/urdf_parser/src/model.cpp
Warning: link 'camera_link' material 'aluminum' undefined.
         at line 85 in /workspace/urdfdom/urdf_parser/src/model.cpp
Warning: link 'camera_link' material 'aluminum' undefined.
         at line 85 in /workspace/urdfdom/urdf_parser/src/model.cpp
Warning: link 'camera_link' material 'aluminum' undefined.
         at line 85 in /workspace/urdfdom/urdf_parser/src/model.cpp
[70/1842] BinFill/episode_5 succeeded with seed 4500 (attempt 0, 129.371s)
[71/1842] RouteStick/episode_5 succeeded with seed 16500 (attempt 0, 119.54s)
[72/1842] RouteStick/episode_5 succeeded with seed 16500 (attempt 0, 120.418s)
Warning: link 'camera_link' material 'aluminum' undefined.
         at line 85 in /workspace/urdfdom/urdf_parser/src/model.cpp
Warning: link 'camera_link' material 'aluminum' undefined.
         at line 85 in /workspace/urdfdom/urdf_parser/src/model.cpp
Warning: link 'camera_link' material 'aluminum' undefined.
         at line 85 in /workspace/urdfdom/urdf_parser/src/model.cpp
Warning: link 'camera_link' material 'aluminum' undefined.
         at line 85 in /workspace/urdfdom/urdf_parser/src/model.cpp
Warning: link 'camera_link' material 'aluminum' undefined.
         at line 85 in /workspace/urdfdom/urdf_parser/src/model.cpp
Warning: link 'camera_link' material 'aluminum' undefined.
         at line 85 in /workspace/urdfdom/urdf_parser/src/model.cpp
Warning: link 'camera_link' material 'aluminum' undefined.
         at line 85 in /workspace/urdfdom/urdf_parser/src/model.cpp
Warning: link 'camera_link' material 'aluminum' undefined.
         at line 85 in /workspace/urdfdom/urdf_parser/src/model.cpp
[73/1842] VideoUnmaskSwap/episode_5 succeeded with seed 5500 (attempt 0, 117.109s)
[74/1842] BinFill/episode_6 succeeded with seed 4600 (attempt 0, 95.736s)
[75/1842] BinFill/episode_6 succeeded with seed 4600 (attempt 0, 92.328s)
[76/1842] RouteStick/episode_6 succeeded with seed 16600 (attempt 0, 88.196s)
[77/1842] VideoUnmaskSwap/episode_6 succeeded with seed 5600 (attempt 0, 65.681s)
[78/1842] RouteStick/episode_3 succeeded with seed 16300 (attempt 0, 187.497s)
[79/1842] BinFill/episode_5 succeeded with seed 4500 (attempt 0, 149.708s)
[80/1842] VideoRepick/episode_5 succeeded with seed 9500 (attempt 0, 130.913s)
Warning: link 'camera_link' material 'aluminum' undefined.
         at line 85 in /workspace/urdfdom/urdf_parser/src/model.cpp
Warning: link 'camera_link' material 'aluminum' undefined.
         at line 85 in /workspace/urdfdom/urdf_parser/src/model.cpp
Warning: link 'camera_link' material 'aluminum' undefined.
         at line 85 in /workspace/urdfdom/urdf_parser/src/model.cpp
Warning: link 'camera_link' material 'aluminum' undefined.
         at line 85 in /workspace/urdfdom/urdf_parser/src/model.cpp
Warning: link 'camera_link' material 'aluminum' undefined.
         at line 85 in /workspace/urdfdom/urdf_parser/src/model.cpp
Warning: link 'camera_link' material 'aluminum' undefined.
         at line 85 in /workspace/urdfdom/urdf_parser/src/model.cpp
Warning: link 'camera_link' material 'aluminum' undefined.
         at line 85 in /workspace/urdfdom/urdf_parser/src/model.cpp
Warning: link 'camera_link' material 'aluminum' undefined.
         at line 85 in /workspace/urdfdom/urdf_parser/src/model.cpp
[81/1842] BinFill/episode_5 succeeded with seed 4500 (attempt 0, 157.918s)
Warning: link 'camera_link' material 'aluminum' undefined.
         at line 85 in /workspace/urdfdom/urdf_parser/src/model.cpp
Warning: link 'camera_link' material 'aluminum' undefined.
         at line 85 in /workspace/urdfdom/urdf_parser/src/model.cpp
Warning: link 'camera_link' material 'aluminum' undefined.
         at line 85 in /workspace/urdfdom/urdf_parser/src/model.cpp
Warning: link 'camera_link' material 'aluminum' undefined.
         at line 85 in /workspace/urdfdom/urdf_parser/src/model.cpp
Warning: link 'camera_link' material 'aluminum' undefined.
         at line 85 in /workspace/urdfdom/urdf_parser/src/model.cpp
Warning: link 'camera_link' material 'aluminum' undefined.
         at line 85 in /workspace/urdfdom/urdf_parser/src/model.cpp
Warning: link 'camera_link' material 'aluminum' undefined.
         at line 85 in /workspace/urdfdom/urdf_parser/src/model.cpp
Warning: link 'camera_link' material 'aluminum' undefined.
         at line 85 in /workspace/urdfdom/urdf_parser/src/model.cpp
Warning: link 'camera_link' material 'aluminum' undefined.
         at line 85 in /workspace/urdfdom/urdf_parser/src/model.cpp
Warning: link 'camera_link' material 'aluminum' undefined.
         at line 85 in /workspace/urdfdom/urdf_parser/src/model.cpp
Warning: link 'camera_link' material 'aluminum' undefined.
         at line 85 in /workspace/urdfdom/urdf_parser/src/model.cpp
Warning: link 'camera_link' material 'aluminum' undefined.
         at line 85 in /workspace/urdfdom/urdf_parser/src/model.cpp
Warning: link 'camera_link' material 'aluminum' undefined.
         at line 85 in /workspace/urdfdom/urdf_parser/src/model.cpp
Warning: link 'camera_link' material 'aluminum' undefined.
         at line 85 in /workspace/urdfdom/urdf_parser/src/model.cpp
Warning: link 'camera_link' material 'aluminum' undefined.
         at line 85 in /workspace/urdfdom/urdf_parser/src/model.cpp
Warning: link 'camera_link' material 'aluminum' undefined.
         at line 85 in /workspace/urdfdom/urdf_parser/src/model.cpp
[82/1842] VideoUnmaskSwap/episode_6 succeeded with seed 5600 (attempt 0, 85.399s)
[83/1842] VideoUnmaskSwap/episode_7 succeeded with seed 5700 (attempt 0, 57.818s)
[84/1842] RouteStick/episode_4 succeeded with seed 16400 (attempt 0, 183.958s)
[85/1842] BinFill/episode_6 succeeded with seed 4600 (attempt 0, 125.495s)
[86/1842] VideoRepick/episode_5 succeeded with seed 9500 (attempt 0, 147.513s)
[87/1842] VideoUnmaskSwap/episode_7 succeeded with seed 5700 (attempt 0, 70.172s)
[88/1842] VideoRepick/episode_6 succeeded with seed 9600 (attempt 0, 101.017s)
Warning: link 'camera_link' material 'aluminum' undefined.
         at line 85 in /workspace/urdfdom/urdf_parser/src/model.cpp
Warning: link 'camera_link' material 'aluminum' undefined.
         at line 85 in /workspace/urdfdom/urdf_parser/src/model.cpp
Warning: link 'camera_link' material 'aluminum' undefined.
         at line 85 in /workspace/urdfdom/urdf_parser/src/model.cpp
Warning: link 'camera_link' material 'aluminum' undefined.
         at line 85 in /workspace/urdfdom/urdf_parser/src/model.cpp
Warning: link 'camera_link' material 'aluminum' undefined.
         at line 85 in /workspace/urdfdom/urdf_parser/src/model.cpp
Warning: link 'camera_link' material 'aluminum' undefined.
         at line 85 in /workspace/urdfdom/urdf_parser/src/model.cpp
Warning: link 'camera_link' material 'aluminum' undefined.
         at line 85 in /workspace/urdfdom/urdf_parser/src/model.cpp
Warning: link 'camera_link' material 'aluminum' undefined.
         at line 85 in /workspace/urdfdom/urdf_parser/src/model.cpp
[89/1842] VideoRepick/episode_4 succeeded with seed 9400 (attempt 0, 194.98s)
screw plan failed
screw plan failed
screw plan failed
[90/1842] RouteStick/episode_7 succeeded with seed 16700 (attempt 0, 87.141s)
[91/1842] RouteStick/episode_6 succeeded with seed 16600 (attempt 0, 134.904s)
[92/1842] BinFill/episode_7 succeeded with seed 4700 (attempt 0, 96.059s)
    VideoRepick/episode_5 用尽 1 次 attempt，放弃
Warning: link 'camera_link' material 'aluminum' undefined.
         at line 85 in /workspace/urdfdom/urdf_parser/src/model.cpp
Warning: link 'camera_link' material 'aluminum' undefined.
         at line 85 in /workspace/urdfdom/urdf_parser/src/model.cpp
Warning: link 'camera_link' material 'aluminum' undefined.
         at line 85 in /workspace/urdfdom/urdf_parser/src/model.cpp
Warning: link 'camera_link' material 'aluminum' undefined.
         at line 85 in /workspace/urdfdom/urdf_parser/src/model.cpp
Warning: link 'camera_link' material 'aluminum' undefined.
         at line 85 in /workspace/urdfdom/urdf_parser/src/model.cpp
Warning: link 'camera_link' material 'aluminum' undefined.
         at line 85 in /workspace/urdfdom/urdf_parser/src/model.cpp
Warning: link 'camera_link' material 'aluminum' undefined.
         at line 85 in /workspace/urdfdom/urdf_parser/src/model.cpp
Warning: link 'camera_link' material 'aluminum' undefined.
         at line 85 in /workspace/urdfdom/urdf_parser/src/model.cpp
[93/1842] VideoRepick/episode_6 succeeded with seed 9600 (attempt 0, 116.941s)
Warning: link 'camera_link' material 'aluminum' undefined.
         at line 85 in /workspace/urdfdom/urdf_parser/src/model.cpp
Warning: link 'camera_link' material 'aluminum' undefined.
         at line 85 in /workspace/urdfdom/urdf_parser/src/model.cpp
Warning: link 'camera_link' material 'aluminum' undefined.
         at line 85 in /workspace/urdfdom/urdf_parser/src/model.cpp
Warning: link 'camera_link' material 'aluminum' undefined.
         at line 85 in /workspace/urdfdom/urdf_parser/src/model.cpp
Warning: link 'camera_link' material 'aluminum' undefined.
         at line 85 in /workspace/urdfdom/urdf_parser/src/model.cpp
Warning: link 'camera_link' material 'aluminum' undefined.
         at line 85 in /workspace/urdfdom/urdf_parser/src/model.cpp
Warning: link 'camera_link' material 'aluminum' undefined.
         at line 85 in /workspace/urdfdom/urdf_parser/src/model.cpp
Warning: link 'camera_link' material 'aluminum' undefined.
         at line 85 in /workspace/urdfdom/urdf_parser/src/model.cpp
Warning: link 'camera_link' material 'aluminum' undefined.
         at line 85 in /workspace/urdfdom/urdf_parser/src/model.cpp
Warning: link 'camera_link' material 'aluminum' undefined.
         at line 85 in /workspace/urdfdom/urdf_parser/src/model.cpp
Warning: link 'camera_link' material 'aluminum' undefined.
         at line 85 in /workspace/urdfdom/urdf_parser/src/model.cpp
Warning: link 'camera_link' material 'aluminum' undefined.
         at line 85 in /workspace/urdfdom/urdf_parser/src/model.cpp
Warning: link 'camera_link' material 'aluminum' undefined.
         at line 85 in /workspace/urdfdom/urdf_parser/src/model.cpp
Warning: link 'camera_link' material 'aluminum' undefined.
         at line 85 in /workspace/urdfdom/urdf_parser/src/model.cpp
Warning: link 'camera_link' material 'aluminum' undefined.
         at line 85 in /workspace/urdfdom/urdf_parser/src/model.cpp
Warning: link 'camera_link' material 'aluminum' undefined.
         at line 85 in /workspace/urdfdom/urdf_parser/src/model.cpp
[94/1842] VideoUnmaskSwap/episode_7 succeeded with seed 5700 (attempt 0, 104.933s)
[95/1842] VideoUnmaskSwap/episode_8 succeeded with seed 5800 (attempt 0, 63.728s)
[96/1842] RouteStick/episode_8 succeeded with seed 16800 (attempt 0, 83.446s)
[97/1842] RouteStick/episode_7 succeeded with seed 16700 (attempt 0, 118.543s)
[98/1842] RouteStick/episode_6 succeeded with seed 16600 (attempt 0, 164.755s)
[99/1842] BinFill/episode_8 succeeded with seed 4800 (attempt 0, 97.418s)
[100/1842] VideoUnmaskSwap/episode_8 succeeded with seed 5800 (attempt 0, 84.11s)
[101/1842] BinFill/episode_7 succeeded with seed 4700 (attempt 0, 135.792s)
[102/1842] VideoUnmaskSwap/episode_8 succeeded with seed 5800 (attempt 0, 81.316s)
[103/1842] VideoUnmaskSwap/episode_6 succeeded with seed 5600 (attempt 0, 150.299s)
Warning: link 'camera_link' material 'aluminum' undefined.
         at line 85 in /workspace/urdfdom/urdf_parser/src/model.cpp
Warning: link 'camera_link' material 'aluminum' undefined.
         at line 85 in /workspace/urdfdom/urdf_parser/src/model.cpp
Warning: link 'camera_link' material 'aluminum' undefined.
         at line 85 in /workspace/urdfdom/urdf_parser/src/model.cpp
Warning: link 'camera_link' material 'aluminum' undefined.
         at line 85 in /workspace/urdfdom/urdf_parser/src/model.cpp
Warning: link 'camera_link' material 'aluminum' undefined.
         at line 85 in /workspace/urdfdom/urdf_parser/src/model.cpp
Warning: link 'camera_link' material 'aluminum' undefined.
         at line 85 in /workspace/urdfdom/urdf_parser/src/model.cpp
Warning: link 'camera_link' material 'aluminum' undefined.
         at line 85 in /workspace/urdfdom/urdf_parser/src/model.cpp
Warning: link 'camera_link' material 'aluminum' undefined.
         at line 85 in /workspace/urdfdom/urdf_parser/src/model.cpp
[104/1842] VideoUnmaskSwap/episode_9 succeeded with seed 5900 (attempt 0, 48.738s)
[105/1842] RouteStick/episode_8 succeeded with seed 16800 (attempt 0, 110.925s)
[106/1842] RouteStick/episode_5 succeeded with seed 16500 (attempt 0, 216.545s)
[107/1842] VideoUnmaskSwap/episode_9 succeeded with seed 5900 (attempt 0, 62.225s)
Warning: link 'camera_link' material 'aluminum' undefined.
         at line 85 in /workspace/urdfdom/urdf_parser/src/model.cpp
Warning: link 'camera_link' material 'aluminum' undefined.
         at line 85 in /workspace/urdfdom/urdf_parser/src/model.cpp
Warning: link 'camera_link' material 'aluminum' undefined.
         at line 85 in /workspace/urdfdom/urdf_parser/src/model.cpp
Warning: link 'camera_link' material 'aluminum' undefined.
         at line 85 in /workspace/urdfdom/urdf_parser/src/model.cpp
Warning: link 'camera_link' material 'aluminum' undefined.
         at line 85 in /workspace/urdfdom/urdf_parser/src/model.cpp
Warning: link 'camera_link' material 'aluminum' undefined.
         at line 85 in /workspace/urdfdom/urdf_parser/src/model.cpp
Warning: link 'camera_link' material 'aluminum' undefined.
         at line 85 in /workspace/urdfdom/urdf_parser/src/model.cpp
Warning: link 'camera_link' material 'aluminum' undefined.
         at line 85 in /workspace/urdfdom/urdf_parser/src/model.cpp
[108/1842] VideoRepick/episode_6 succeeded with seed 9600 (attempt 0, 164.682s)
Warning: link 'camera_link' material 'aluminum' undefined.
         at line 85 in /workspace/urdfdom/urdf_parser/src/model.cpp
Warning: link 'camera_link' material 'aluminum' undefined.
         at line 85 in /workspace/urdfdom/urdf_parser/src/model.cpp
Warning: link 'camera_link' material 'aluminum' undefined.
         at line 85 in /workspace/urdfdom/urdf_parser/src/model.cpp
Warning: link 'camera_link' material 'aluminum' undefined.
         at line 85 in /workspace/urdfdom/urdf_parser/src/model.cpp
Warning: link 'camera_link' material 'aluminum' undefined.
         at line 85 in /workspace/urdfdom/urdf_parser/src/model.cpp
Warning: link 'camera_link' material 'aluminum' undefined.
         at line 85 in /workspace/urdfdom/urdf_parser/src/model.cpp
Warning: link 'camera_link' material 'aluminum' undefined.
         at line 85 in /workspace/urdfdom/urdf_parser/src/model.cpp
Warning: link 'camera_link' material 'aluminum' undefined.
         at line 85 in /workspace/urdfdom/urdf_parser/src/model.cpp
[109/1842] VideoRepick/episode_7 succeeded with seed 9700 (attempt 0, 141.825s)
[110/1842] VideoUnmaskSwap/episode_5 succeeded with seed 5500 (attempt 0, 224.135s)
[111/1842] VideoRepick/episode_7 succeeded with seed 9700 (attempt 0, 138.435s)
Warning: link 'camera_link' material 'aluminum' undefined.
         at line 85 in /workspace/urdfdom/urdf_parser/src/model.cpp
Warning: link 'camera_link' material 'aluminum' undefined.
         at line 85 in /workspace/urdfdom/urdf_parser/src/model.cpp
Warning: link 'camera_link' material 'aluminum' undefined.
         at line 85 in /workspace/urdfdom/urdf_parser/src/model.cpp
Warning: link 'camera_link' material 'aluminum' undefined.
         at line 85 in /workspace/urdfdom/urdf_parser/src/model.cpp
Warning: link 'camera_link' material 'aluminum' undefined.
         at line 85 in /workspace/urdfdom/urdf_parser/src/model.cpp
Warning: link 'camera_link' material 'aluminum' undefined.
         at line 85 in /workspace/urdfdom/urdf_parser/src/model.cpp
Warning: link 'camera_link' material 'aluminum' undefined.
         at line 85 in /workspace/urdfdom/urdf_parser/src/model.cpp
Warning: link 'camera_link' material 'aluminum' undefined.
         at line 85 in /workspace/urdfdom/urdf_parser/src/model.cpp
[112/1842] VideoRepick/episode_7 succeeded with seed 9700 (attempt 0, 151.312s)
[113/1842] RouteStick/episode_7 succeeded with seed 16700 (attempt 0, 165.969s)
[114/1842] BinFill/episode_9 succeeded with seed 4900 (attempt 0, 95.525s)
Warning: link 'camera_link' material 'aluminum' undefined.
         at line 85 in /workspace/urdfdom/urdf_parser/src/model.cpp
Warning: link 'camera_link' material 'aluminum' undefined.
         at line 85 in /workspace/urdfdom/urdf_parser/src/model.cpp
Warning: link 'camera_link' material 'aluminum' undefined.
         at line 85 in /workspace/urdfdom/urdf_parser/src/model.cpp
Warning: link 'camera_link' material 'aluminum' undefined.
         at line 85 in /workspace/urdfdom/urdf_parser/src/model.cpp
Warning: link 'camera_link' material 'aluminum' undefined.
         at line 85 in /workspace/urdfdom/urdf_parser/src/model.cpp
Warning: link 'camera_link' material 'aluminum' undefined.
         at line 85 in /workspace/urdfdom/urdf_parser/src/model.cpp
Warning: link 'camera_link' material 'aluminum' undefined.
         at line 85 in /workspace/urdfdom/urdf_parser/src/model.cpp
Warning: link 'camera_link' material 'aluminum' undefined.
         at line 85 in /workspace/urdfdom/urdf_parser/src/model.cpp
[115/1842] VideoRepick/episode_8 succeeded with seed 9800 (attempt 0, 114.964s)
[116/1842] RouteStick/episode_9 succeeded with seed 16900 (attempt 0, 97.969s)
[117/1842] RouteStick/episode_8 succeeded with seed 16800 (attempt 0, 145.879s)
screw plan failed
screw plan failed
screw plan failed
[118/1842] VideoUnmaskSwap/episode_8 succeeded with seed 5800 (attempt 0, 128.613s)
[119/1842] VideoRepick/episode_8 succeeded with seed 9800 (attempt 0, 138.16s)
Warning: link 'camera_link' material 'aluminum' undefined.
         at line 85 in /workspace/urdfdom/urdf_parser/src/model.cpp
Warning: link 'camera_link' material 'aluminum' undefined.
         at line 85 in /workspace/urdfdom/urdf_parser/src/model.cpp
Warning: link 'camera_link' material 'aluminum' undefined.
         at line 85 in /workspace/urdfdom/urdf_parser/src/model.cpp
Warning: link 'camera_link' material 'aluminum' undefined.
         at line 85 in /workspace/urdfdom/urdf_parser/src/model.cpp
Warning: link 'camera_link' material 'aluminum' undefined.
         at line 85 in /workspace/urdfdom/urdf_parser/src/model.cpp
Warning: link 'camera_link' material 'aluminum' undefined.
         at line 85 in /workspace/urdfdom/urdf_parser/src/model.cpp
Warning: link 'camera_link' material 'aluminum' undefined.
         at line 85 in /workspace/urdfdom/urdf_parser/src/model.cpp
Warning: link 'camera_link' material 'aluminum' undefined.
         at line 85 in /workspace/urdfdom/urdf_parser/src/model.cpp
[120/1842] BinFill/episode_8 succeeded with seed 4800 (attempt 0, 160.199s)
[121/1842] RouteStick/episode_6 succeeded with seed 16600 (attempt 0, 216.971s)
[122/1842] BinFill/episode_7 succeeded with seed 4700 (attempt 0, 199.004s)
Warning: link 'camera_link' material 'aluminum' undefined.
         at line 85 in /workspace/urdfdom/urdf_parser/src/model.cpp
Warning: link 'camera_link' material 'aluminum' undefined.
         at line 85 in /workspace/urdfdom/urdf_parser/src/model.cpp
Warning: link 'camera_link' material 'aluminum' undefined.
         at line 85 in /workspace/urdfdom/urdf_parser/src/model.cpp
Warning: link 'camera_link' material 'aluminum' undefined.
         at line 85 in /workspace/urdfdom/urdf_parser/src/model.cpp
Warning: link 'camera_link' material 'aluminum' undefined.
         at line 85 in /workspace/urdfdom/urdf_parser/src/model.cpp
Warning: link 'camera_link' material 'aluminum' undefined.
         at line 85 in /workspace/urdfdom/urdf_parser/src/model.cpp
Warning: link 'camera_link' material 'aluminum' undefined.
         at line 85 in /workspace/urdfdom/urdf_parser/src/model.cpp
Warning: link 'camera_link' material 'aluminum' undefined.
         at line 85 in /workspace/urdfdom/urdf_parser/src/model.cpp
[123/1842] VideoUnmaskSwap/episode_10 succeeded with seed 6000 (attempt 0, 53.452s)
[124/1842] VideoUnmaskSwap/episode_9 succeeded with seed 5900 (attempt 0, 108.023s)
[125/1842] VideoRepick/episode_8 succeeded with seed 9800 (attempt 0, 134.032s)
Warning: link 'camera_link' material 'aluminum' undefined.
         at line 85 in /workspace/urdfdom/urdf_parser/src/model.cpp
Warning: link 'camera_link' material 'aluminum' undefined.
         at line 85 in /workspace/urdfdom/urdf_parser/src/model.cpp
Warning: link 'camera_link' material 'aluminum' undefined.
         at line 85 in /workspace/urdfdom/urdf_parser/src/model.cpp
Warning: link 'camera_link' material 'aluminum' undefined.
         at line 85 in /workspace/urdfdom/urdf_parser/src/model.cpp
Warning: link 'camera_link' material 'aluminum' undefined.
         at line 85 in /workspace/urdfdom/urdf_parser/src/model.cpp
Warning: link 'camera_link' material 'aluminum' undefined.
         at line 85 in /workspace/urdfdom/urdf_parser/src/model.cpp
Warning: link 'camera_link' material 'aluminum' undefined.
         at line 85 in /workspace/urdfdom/urdf_parser/src/model.cpp
Warning: link 'camera_link' material 'aluminum' undefined.
         at line 85 in /workspace/urdfdom/urdf_parser/src/model.cpp
[126/1842] BinFill/episode_9 succeeded with seed 4900 (attempt 0, 137.068s)
[127/1842] RouteStick/episode_7 succeeded with seed 16700 (attempt 0, 201.925s)
[128/1842] VideoUnmaskSwap/episode_10 succeeded with seed 6000 (attempt 0, 66.057s)
[129/1842] RouteStick/episode_9 succeeded with seed 16900 (attempt 0, 133.708s)
Warning: link 'camera_link' material 'aluminum' undefined.
         at line 85 in /workspace/urdfdom/urdf_parser/src/model.cpp
Warning: link 'camera_link' material 'aluminum' undefined.
         at line 85 in /workspace/urdfdom/urdf_parser/src/model.cpp
Warning: link 'camera_link' material 'aluminum' undefined.
         at line 85 in /workspace/urdfdom/urdf_parser/src/model.cpp
Warning: link 'camera_link' material 'aluminum' undefined.
         at line 85 in /workspace/urdfdom/urdf_parser/src/model.cpp
Warning: link 'camera_link' material 'aluminum' undefined.
         at line 85 in /workspace/urdfdom/urdf_parser/src/model.cpp
Warning: link 'camera_link' material 'aluminum' undefined.
         at line 85 in /workspace/urdfdom/urdf_parser/src/model.cpp
Warning: link 'camera_link' material 'aluminum' undefined.
         at line 85 in /workspace/urdfdom/urdf_parser/src/model.cpp
Warning: link 'camera_link' material 'aluminum' undefined.
         at line 85 in /workspace/urdfdom/urdf_parser/src/model.cpp
[130/1842] RouteStick/episode_10 succeeded with seed 17000 (attempt 0, 90.663s)
[131/1842] RouteStick/episode_9 succeeded with seed 16900 (attempt 0, 139.809s)
[132/1842] BinFill/episode_8 succeeded with seed 4800 (attempt 0, 189.449s)
    BinFill/episode_10 用尽 1 次 attempt，放弃
Warning: link 'camera_link' material 'aluminum' undefined.
         at line 85 in /workspace/urdfdom/urdf_parser/src/model.cpp
Warning: link 'camera_link' material 'aluminum' undefined.
         at line 85 in /workspace/urdfdom/urdf_parser/src/model.cpp
Warning: link 'camera_link' material 'aluminum' undefined.
         at line 85 in /workspace/urdfdom/urdf_parser/src/model.cpp
Warning: link 'camera_link' material 'aluminum' undefined.
         at line 85 in /workspace/urdfdom/urdf_parser/src/model.cpp
Warning: link 'camera_link' material 'aluminum' undefined.
         at line 85 in /workspace/urdfdom/urdf_parser/src/model.cpp
Warning: link 'camera_link' material 'aluminum' undefined.
         at line 85 in /workspace/urdfdom/urdf_parser/src/model.cpp
Warning: link 'camera_link' material 'aluminum' undefined.
         at line 85 in /workspace/urdfdom/urdf_parser/src/model.cpp
Warning: link 'camera_link' material 'aluminum' undefined.
         at line 85 in /workspace/urdfdom/urdf_parser/src/model.cpp
[133/1842] VideoRepick/episode_9 succeeded with seed 9900 (attempt 0, 127.244s)
Warning: link 'camera_link' material 'aluminum' undefined.
         at line 85 in /workspace/urdfdom/urdf_parser/src/model.cpp
Warning: link 'camera_link' material 'aluminum' undefined.
         at line 85 in /workspace/urdfdom/urdf_parser/src/model.cpp
Warning: link 'camera_link' material 'aluminum' undefined.
         at line 85 in /workspace/urdfdom/urdf_parser/src/model.cpp
Warning: link 'camera_link' material 'aluminum' undefined.
         at line 85 in /workspace/urdfdom/urdf_parser/src/model.cpp
Warning: link 'camera_link' material 'aluminum' undefined.
         at line 85 in /workspace/urdfdom/urdf_parser/src/model.cpp
Warning: link 'camera_link' material 'aluminum' undefined.
         at line 85 in /workspace/urdfdom/urdf_parser/src/model.cpp
Warning: link 'camera_link' material 'aluminum' undefined.
         at line 85 in /workspace/urdfdom/urdf_parser/src/model.cpp
Warning: link 'camera_link' material 'aluminum' undefined.
         at line 85 in /workspace/urdfdom/urdf_parser/src/model.cpp
Warning: link 'camera_link' material 'aluminum' undefined.
         at line 85 in /workspace/urdfdom/urdf_parser/src/model.cpp
Warning: link 'camera_link' material 'aluminum' undefined.
         at line 85 in /workspace/urdfdom/urdf_parser/src/model.cpp
Warning: link 'camera_link' material 'aluminum' undefined.
         at line 85 in /workspace/urdfdom/urdf_parser/src/model.cpp
Warning: link 'camera_link' material 'aluminum' undefined.
         at line 85 in /workspace/urdfdom/urdf_parser/src/model.cpp
Warning: link 'camera_link' material 'aluminum' undefined.
         at line 85 in /workspace/urdfdom/urdf_parser/src/model.cpp
Warning: link 'camera_link' material 'aluminum' undefined.
         at line 85 in /workspace/urdfdom/urdf_parser/src/model.cpp
Warning: link 'camera_link' material 'aluminum' undefined.
         at line 85 in /workspace/urdfdom/urdf_parser/src/model.cpp
Warning: link 'camera_link' material 'aluminum' undefined.
         at line 85 in /workspace/urdfdom/urdf_parser/src/model.cpp
[134/1842] BinFill/episode_11 succeeded with seed 5100 (attempt 0, 75.357s)
[135/1842] BinFill/episode_9 succeeded with seed 4900 (attempt 0, 161.942s)
[136/1842] VideoUnmaskSwap/episode_9 succeeded with seed 5900 (attempt 0, 128.517s)
[137/1842] VideoUnmaskSwap/episode_11 succeeded with seed 6100 (attempt 0, 56.354s)
[138/1842] VideoRepick/episode_9 succeeded with seed 9900 (attempt 0, 142.329s)
[139/1842] VideoUnmaskSwap/episode_10 succeeded with seed 6000 (attempt 0, 105.998s)
[140/1842] VideoUnmaskSwap/episode_11 succeeded with seed 6100 (attempt 0, 61.171s)
[141/1842] VideoRepick/episode_10 succeeded with seed 10000 (attempt 0, 106.393s)
[142/1842] BinFill/episode_10 succeeded with seed 5000 (attempt 0, 132.243s)
Warning: link 'camera_link' material 'aluminum' undefined.
         at line 85 in /workspace/urdfdom/urdf_parser/src/model.cpp
Warning: link 'camera_link' material 'aluminum' undefined.
         at line 85 in /workspace/urdfdom/urdf_parser/src/model.cpp
Warning: link 'camera_link' material 'aluminum' undefined.
         at line 85 in /workspace/urdfdom/urdf_parser/src/model.cpp
Warning: link 'camera_link' material 'aluminum' undefined.
         at line 85 in /workspace/urdfdom/urdf_parser/src/model.cpp
Warning: link 'camera_link' material 'aluminum' undefined.
         at line 85 in /workspace/urdfdom/urdf_parser/src/model.cpp
Warning: link 'camera_link' material 'aluminum' undefined.
         at line 85 in /workspace/urdfdom/urdf_parser/src/model.cpp
Warning: link 'camera_link' material 'aluminum' undefined.
         at line 85 in /workspace/urdfdom/urdf_parser/src/model.cpp
Warning: link 'camera_link' material 'aluminum' undefined.
         at line 85 in /workspace/urdfdom/urdf_parser/src/model.cpp
[143/1842] RouteStick/episode_8 succeeded with seed 16800 (attempt 0, 205.939s)
[144/1842] RouteStick/episode_10 succeeded with seed 17000 (attempt 0, 139.29s)
[145/1842] RouteStick/episode_11 succeeded with seed 17100 (attempt 0, 101.157s)
[146/1842] VideoUnmaskSwap/episode_10 succeeded with seed 6000 (attempt 0, 121.043s)
[147/1842] VideoRepick/episode_10 succeeded with seed 10000 (attempt 0, 128.943s)
[148/1842] BinFill/episode_12 succeeded with seed 5200 (attempt 0, 68.108s)
Warning: link 'camera_link' material 'aluminum' undefined.
         at line 85 in /workspace/urdfdom/urdf_parser/src/model.cpp
Warning: link 'camera_link' material 'aluminum' undefined.
         at line 85 in /workspace/urdfdom/urdf_parser/src/model.cpp
Warning: link 'camera_link' material 'aluminum' undefined.
         at line 85 in /workspace/urdfdom/urdf_parser/src/model.cpp
Warning: link 'camera_link' material 'aluminum' undefined.
         at line 85 in /workspace/urdfdom/urdf_parser/src/model.cpp
Warning: link 'camera_link' material 'aluminum' undefined.
         at line 85 in /workspace/urdfdom/urdf_parser/src/model.cpp
Warning: link 'camera_link' material 'aluminum' undefined.
         at line 85 in /workspace/urdfdom/urdf_parser/src/model.cpp
Warning: link 'camera_link' material 'aluminum' undefined.
         at line 85 in /workspace/urdfdom/urdf_parser/src/model.cpp
Warning: link 'camera_link' material 'aluminum' undefined.
         at line 85 in /workspace/urdfdom/urdf_parser/src/model.cpp
[149/1842] VideoUnmaskSwap/episode_11 succeeded with seed 6100 (attempt 0, 94.903s)
Warning: link 'camera_link' material 'aluminum' undefined.
         at line 85 in /workspace/urdfdom/urdf_parser/src/model.cpp
Warning: link 'camera_link' material 'aluminum' undefined.
         at line 85 in /workspace/urdfdom/urdf_parser/src/model.cpp
Warning: link 'camera_link' material 'aluminum' undefined.
         at line 85 in /workspace/urdfdom/urdf_parser/src/model.cpp
Warning: link 'camera_link' material 'aluminum' undefined.
         at line 85 in /workspace/urdfdom/urdf_parser/src/model.cpp
Warning: link 'camera_link' material 'aluminum' undefined.
         at line 85 in /workspace/urdfdom/urdf_parser/src/model.cpp
Warning: link 'camera_link' material 'aluminum' undefined.
         at line 85 in /workspace/urdfdom/urdf_parser/src/model.cpp
Warning: link 'camera_link' material 'aluminum' undefined.
         at line 85 in /workspace/urdfdom/urdf_parser/src/model.cpp
Warning: link 'camera_link' material 'aluminum' undefined.
         at line 85 in /workspace/urdfdom/urdf_parser/src/model.cpp
[150/1842] VideoUnmaskSwap/episode_12 succeeded with seed 6200 (attempt 0, 51.986s)
[151/1842] BinFill/episode_11 succeeded with seed 5100 (attempt 0, 116.985s)
[152/1842] VideoRepick/episode_9 succeeded with seed 9900 (attempt 0, 173.763s)
[153/1842] VideoRepick/episode_11 succeeded with seed 10100 (attempt 0, 96.078s)
[154/1842] VideoUnmaskSwap/episode_12 succeeded with seed 6200 (attempt 0, 59.159s)
Warning: link 'camera_link' material 'aluminum' undefined.
         at line 85 in /workspace/urdfdom/urdf_parser/src/model.cpp
Warning: link 'camera_link' material 'aluminum' undefined.
         at line 85 in /workspace/urdfdom/urdf_parser/src/model.cpp
Warning: link 'camera_link' material 'aluminum' undefined.
         at line 85 in /workspace/urdfdom/urdf_parser/src/model.cpp
Warning: link 'camera_link' material 'aluminum' undefined.
         at line 85 in /workspace/urdfdom/urdf_parser/src/model.cpp
Warning: link 'camera_link' material 'aluminum' undefined.
         at line 85 in /workspace/urdfdom/urdf_parser/src/model.cpp
Warning: link 'camera_link' material 'aluminum' undefined.
         at line 85 in /workspace/urdfdom/urdf_parser/src/model.cpp
Warning: link 'camera_link' material 'aluminum' undefined.
         at line 85 in /workspace/urdfdom/urdf_parser/src/model.cpp
Warning: link 'camera_link' material 'aluminum' undefined.
         at line 85 in /workspace/urdfdom/urdf_parser/src/model.cpp
[155/1842] RouteStick/episode_9 succeeded with seed 16900 (attempt 0, 183.682s)
[156/1842] BinFill/episode_12 succeeded with seed 5200 (attempt 0, 90.256s)
[157/1842] RouteStick/episode_11 succeeded with seed 17100 (attempt 0, 116.489s)
[158/1842] RouteStick/episode_12 succeeded with seed 17200 (attempt 0, 87.638s)
[159/1842] RouteStick/episode_10 succeeded with seed 17000 (attempt 0, 170.026s)
Warning: link 'camera_link' material 'aluminum' undefined.
         at line 85 in /workspace/urdfdom/urdf_parser/src/model.cpp
Warning: link 'camera_link' material 'aluminum' undefined.
         at line 85 in /workspace/urdfdom/urdf_parser/src/model.cpp
Warning: link 'camera_link' material 'aluminum' undefined.
         at line 85 in /workspace/urdfdom/urdf_parser/src/model.cpp
Warning: link 'camera_link' material 'aluminum' undefined.
         at line 85 in /workspace/urdfdom/urdf_parser/src/model.cpp
Warning: link 'camera_link' material 'aluminum' undefined.
         at line 85 in /workspace/urdfdom/urdf_parser/src/model.cpp
Warning: link 'camera_link' material 'aluminum' undefined.
         at line 85 in /workspace/urdfdom/urdf_parser/src/model.cpp
Warning: link 'camera_link' material 'aluminum' undefined.
         at line 85 in /workspace/urdfdom/urdf_parser/src/model.cpp
Warning: link 'camera_link' material 'aluminum' undefined.
         at line 85 in /workspace/urdfdom/urdf_parser/src/model.cpp
[160/1842] RouteStick/episode_11 succeeded with seed 17100 (attempt 0, 131.388s)
    VideoRepick/episode_0 seed 9000 单条墙钟超过 600 秒被终止（实测 626 秒）
    VideoRepick/episode_0 用尽 1 次 attempt，放弃
/data/hongzefu/robomme_benchmark_MotionJEPANewTask/.venv/lib/python3.11/site-packages/torch/cuda/__init__.py:63: FutureWarning: The pynvml package is deprecated. Please install nvidia-ml-py instead. If you did not install pynvml directly, please report this to the maintainers of the package that installed pynvml for you.
  import pynvml  # type: ignore[import]
Warning: link 'camera_link' material 'aluminum' undefined.
         at line 85 in /workspace/urdfdom/urdf_parser/src/model.cpp
Warning: link 'camera_link' material 'aluminum' undefined.
         at line 85 in /workspace/urdfdom/urdf_parser/src/model.cpp
Warning: link 'camera_link' material 'aluminum' undefined.
         at line 85 in /workspace/urdfdom/urdf_parser/src/model.cpp
Warning: link 'camera_link' material 'aluminum' undefined.
         at line 85 in /workspace/urdfdom/urdf_parser/src/model.cpp
Warning: link 'camera_link' material 'aluminum' undefined.
         at line 85 in /workspace/urdfdom/urdf_parser/src/model.cpp
Warning: link 'camera_link' material 'aluminum' undefined.
         at line 85 in /workspace/urdfdom/urdf_parser/src/model.cpp
Warning: link 'camera_link' material 'aluminum' undefined.
         at line 85 in /workspace/urdfdom/urdf_parser/src/model.cpp
Warning: link 'camera_link' material 'aluminum' undefined.
         at line 85 in /workspace/urdfdom/urdf_parser/src/model.cpp
/data/hongzefu/robomme_benchmark_MotionJEPANewTask/.venv/lib/python3.11/site-packages/sapien/__init__.py:18: UserWarning: pkg_resources is deprecated as an API. See https://setuptools.pypa.io/en/latest/pkg_resources.html. The pkg_resources package is slated for removal as early as 2025-11-30. Refrain from using this package or pin to Setuptools<81.
  import pkg_resources
[161/1842] BinFill/episode_10 succeeded with seed 5000 (attempt 0, 195.243s)
[162/1842] VideoUnmaskSwap/episode_11 succeeded with seed 6100 (attempt 0, 121.912s)
Warning: link 'camera_link' material 'aluminum' undefined.
         at line 85 in /workspace/urdfdom/urdf_parser/src/model.cpp
Warning: link 'camera_link' material 'aluminum' undefined.
         at line 85 in /workspace/urdfdom/urdf_parser/src/model.cpp
Warning: link 'camera_link' material 'aluminum' undefined.
         at line 85 in /workspace/urdfdom/urdf_parser/src/model.cpp
Warning: link 'camera_link' material 'aluminum' undefined.
         at line 85 in /workspace/urdfdom/urdf_parser/src/model.cpp
Warning: link 'camera_link' material 'aluminum' undefined.
         at line 85 in /workspace/urdfdom/urdf_parser/src/model.cpp
Warning: link 'camera_link' material 'aluminum' undefined.
         at line 85 in /workspace/urdfdom/urdf_parser/src/model.cpp
Warning: link 'camera_link' material 'aluminum' undefined.
         at line 85 in /workspace/urdfdom/urdf_parser/src/model.cpp
Warning: link 'camera_link' material 'aluminum' undefined.
         at line 85 in /workspace/urdfdom/urdf_parser/src/model.cpp
Warning: link 'camera_link' material 'aluminum' undefined.
         at line 85 in /workspace/urdfdom/urdf_parser/src/model.cpp
Warning: link 'camera_link' material 'aluminum' undefined.
         at line 85 in /workspace/urdfdom/urdf_parser/src/model.cpp
Warning: link 'camera_link' material 'aluminum' undefined.
         at line 85 in /workspace/urdfdom/urdf_parser/src/model.cpp
Warning: link 'camera_link' material 'aluminum' undefined.
         at line 85 in /workspace/urdfdom/urdf_parser/src/model.cpp
Warning: link 'camera_link' material 'aluminum' undefined.
         at line 85 in /workspace/urdfdom/urdf_parser/src/model.cpp
Warning: link 'camera_link' material 'aluminum' undefined.
         at line 85 in /workspace/urdfdom/urdf_parser/src/model.cpp
Warning: link 'camera_link' material 'aluminum' undefined.
         at line 85 in /workspace/urdfdom/urdf_parser/src/model.cpp
Warning: link 'camera_link' material 'aluminum' undefined.
         at line 85 in /workspace/urdfdom/urdf_parser/src/model.cpp
[163/1842] BinFill/episode_11 succeeded with seed 5100 (attempt 0, 158.023s)
[164/1842] VideoRepick/episode_10 succeeded with seed 10000 (attempt 0, 173.087s)
[165/1842] VideoUnmaskSwap/episode_12 succeeded with seed 6200 (attempt 0, 99.039s)
[166/1842] VideoRepick/episode_11 succeeded with seed 10100 (attempt 0, 132.507s)
[167/1842] RouteStick/episode_12 succeeded with seed 17200 (attempt 0, 118.488s)
[168/1842] VideoRepick/episode_11 succeeded with seed 10100 (attempt 0, 148.902s)
[169/1842] VideoUnmaskSwap/episode_13 succeeded with seed 6300 (attempt 0, 71.536s)
Warning: link 'camera_link' material 'aluminum' undefined.
         at line 85 in /workspace/urdfdom/urdf_parser/src/model.cpp
Warning: link 'camera_link' material 'aluminum' undefined.
         at line 85 in /workspace/urdfdom/urdf_parser/src/model.cpp
Warning: link 'camera_link' material 'aluminum' undefined.
         at line 85 in /workspace/urdfdom/urdf_parser/src/model.cpp
Warning: link 'camera_link' material 'aluminum' undefined.
         at line 85 in /workspace/urdfdom/urdf_parser/src/model.cpp
Warning: link 'camera_link' material 'aluminum' undefined.
         at line 85 in /workspace/urdfdom/urdf_parser/src/model.cpp
Warning: link 'camera_link' material 'aluminum' undefined.
         at line 85 in /workspace/urdfdom/urdf_parser/src/model.cpp
Warning: link 'camera_link' material 'aluminum' undefined.
         at line 85 in /workspace/urdfdom/urdf_parser/src/model.cpp
Warning: link 'camera_link' material 'aluminum' undefined.
         at line 85 in /workspace/urdfdom/urdf_parser/src/model.cpp
[170/1842] RouteStick/episode_12 succeeded with seed 17200 (attempt 0, 130.872s)
[171/1842] VideoUnmaskSwap/episode_13 succeeded with seed 6300 (attempt 0, 78.186s)
[172/1842] RouteStick/episode_10 succeeded with seed 17000 (attempt 0, 202.041s)
[173/1842] BinFill/episode_13 succeeded with seed 5300 (attempt 0, 108.518s)
[174/1842] VideoUnmaskSwap/episode_13 succeeded with seed 6300 (attempt 0, 84.523s)
[175/1842] VideoRepick/episode_12 succeeded with seed 10200 (attempt 0, 122.057s)
[176/1842] RouteStick/episode_13 succeeded with seed 17300 (attempt 0, 102.503s)
Warning: link 'camera_link' material 'aluminum' undefined.
         at line 85 in /workspace/urdfdom/urdf_parser/src/model.cpp
Warning: link 'camera_link' material 'aluminum' undefined.
         at line 85 in /workspace/urdfdom/urdf_parser/src/model.cpp
Warning: link 'camera_link' material 'aluminum' undefined.
         at line 85 in /workspace/urdfdom/urdf_parser/src/model.cpp
Warning: link 'camera_link' material 'aluminum' undefined.
         at line 85 in /workspace/urdfdom/urdf_parser/src/model.cpp
Warning: link 'camera_link' material 'aluminum' undefined.
         at line 85 in /workspace/urdfdom/urdf_parser/src/model.cpp
Warning: link 'camera_link' material 'aluminum' undefined.
         at line 85 in /workspace/urdfdom/urdf_parser/src/model.cpp
Warning: link 'camera_link' material 'aluminum' undefined.
         at line 85 in /workspace/urdfdom/urdf_parser/src/model.cpp
Warning: link 'camera_link' material 'aluminum' undefined.
         at line 85 in /workspace/urdfdom/urdf_parser/src/model.cpp
screw plan failed
screw plan failed
screw plan failed
Warning: link 'camera_link' material 'aluminum' undefined.
         at line 85 in /workspace/urdfdom/urdf_parser/src/model.cpp
Warning: link 'camera_link' material 'aluminum' undefined.
         at line 85 in /workspace/urdfdom/urdf_parser/src/model.cpp
Warning: link 'camera_link' material 'aluminum' undefined.
         at line 85 in /workspace/urdfdom/urdf_parser/src/model.cpp
Warning: link 'camera_link' material 'aluminum' undefined.
         at line 85 in /workspace/urdfdom/urdf_parser/src/model.cpp
Warning: link 'camera_link' material 'aluminum' undefined.
         at line 85 in /workspace/urdfdom/urdf_parser/src/model.cpp
Warning: link 'camera_link' material 'aluminum' undefined.
         at line 85 in /workspace/urdfdom/urdf_parser/src/model.cpp
Warning: link 'camera_link' material 'aluminum' undefined.
         at line 85 in /workspace/urdfdom/urdf_parser/src/model.cpp
Warning: link 'camera_link' material 'aluminum' undefined.
         at line 85 in /workspace/urdfdom/urdf_parser/src/model.cpp
Warning: link 'camera_link' material 'aluminum' undefined.
         at line 85 in /workspace/urdfdom/urdf_parser/src/model.cpp
Warning: link 'camera_link' material 'aluminum' undefined.
         at line 85 in /workspace/urdfdom/urdf_parser/src/model.cpp
Warning: link 'camera_link' material 'aluminum' undefined.
         at line 85 in /workspace/urdfdom/urdf_parser/src/model.cpp
Warning: link 'camera_link' material 'aluminum' undefined.
         at line 85 in /workspace/urdfdom/urdf_parser/src/model.cpp
Warning: link 'camera_link' material 'aluminum' undefined.
         at line 85 in /workspace/urdfdom/urdf_parser/src/model.cpp
Warning: link 'camera_link' material 'aluminum' undefined.
         at line 85 in /workspace/urdfdom/urdf_parser/src/model.cpp
Warning: link 'camera_link' material 'aluminum' undefined.
         at line 85 in /workspace/urdfdom/urdf_parser/src/model.cpp
Warning: link 'camera_link' material 'aluminum' undefined.
         at line 85 in /workspace/urdfdom/urdf_parser/src/model.cpp
[177/1842] BinFill/episode_12 succeeded with seed 5200 (attempt 0, 163.712s)
[178/1842] VideoUnmaskSwap/episode_14 succeeded with seed 6400 (attempt 0, 50.818s)
[179/1842] VideoRepick/episode_12 succeeded with seed 10200 (attempt 0, 142.95s)
[180/1842] BinFill/episode_13 succeeded with seed 5300 (attempt 0, 126.502s)
[181/1842] RouteStick/episode_11 succeeded with seed 17100 (attempt 0, 187.468s)
[182/1842] BinFill/episode_14 succeeded with seed 5400 (attempt 0, 95.476s)
[183/1842] VideoUnmaskSwap/episode_14 succeeded with seed 6400 (attempt 0, 85.744s)
Warning: link 'camera_link' material 'aluminum' undefined.
         at line 85 in /workspace/urdfdom/urdf_parser/src/model.cpp
Warning: link 'camera_link' material 'aluminum' undefined.
         at line 85 in /workspace/urdfdom/urdf_parser/src/model.cpp
Warning: link 'camera_link' material 'aluminum' undefined.
         at line 85 in /workspace/urdfdom/urdf_parser/src/model.cpp
Warning: link 'camera_link' material 'aluminum' undefined.
         at line 85 in /workspace/urdfdom/urdf_parser/src/model.cpp
Warning: link 'camera_link' material 'aluminum' undefined.
         at line 85 in /workspace/urdfdom/urdf_parser/src/model.cpp
Warning: link 'camera_link' material 'aluminum' undefined.
         at line 85 in /workspace/urdfdom/urdf_parser/src/model.cpp
Warning: link 'camera_link' material 'aluminum' undefined.
         at line 85 in /workspace/urdfdom/urdf_parser/src/model.cpp
Warning: link 'camera_link' material 'aluminum' undefined.
         at line 85 in /workspace/urdfdom/urdf_parser/src/model.cpp
[184/1842] VideoRepick/episode_12 succeeded with seed 10200 (attempt 0, 150.008s)
[185/1842] VideoRepick/episode_13 succeeded with seed 10300 (attempt 0, 115.283s)
[186/1842] VideoUnmaskSwap/episode_13 succeeded with seed 6300 (attempt 0, 114.542s)
[187/1842] RouteStick/episode_14 succeeded with seed 17400 (attempt 0, 101.918s)
[188/1842] RouteStick/episode_13 succeeded with seed 17300 (attempt 0, 136.953s)
[189/1842] VideoRepick/episode_13 succeeded with seed 10300 (attempt 0, 119.643s)
[190/1842] VideoUnmaskSwap/episode_12 succeeded with seed 6200 (attempt 0, 159.718s)
[191/1842] BinFill/episode_13 succeeded with seed 5300 (attempt 0, 154.467s)
Warning: link 'camera_link' material 'aluminum' undefined.
         at line 85 in /workspace/urdfdom/urdf_parser/src/model.cpp
Warning: link 'camera_link' material 'aluminum' undefined.
         at line 85 in /workspace/urdfdom/urdf_parser/src/model.cpp
Warning: link 'camera_link' material 'aluminum' undefined.
         at line 85 in /workspace/urdfdom/urdf_parser/src/model.cpp
Warning: link 'camera_link' material 'aluminum' undefined.
         at line 85 in /workspace/urdfdom/urdf_parser/src/model.cpp
Warning: link 'camera_link' material 'aluminum' undefined.
         at line 85 in /workspace/urdfdom/urdf_parser/src/model.cpp
Warning: link 'camera_link' material 'aluminum' undefined.
         at line 85 in /workspace/urdfdom/urdf_parser/src/model.cpp
Warning: link 'camera_link' material 'aluminum' undefined.
         at line 85 in /workspace/urdfdom/urdf_parser/src/model.cpp
Warning: link 'camera_link' material 'aluminum' undefined.
         at line 85 in /workspace/urdfdom/urdf_parser/src/model.cpp
[192/1842] VideoUnmaskSwap/episode_14 succeeded with seed 6400 (attempt 0, 95.635s)
Warning: link 'camera_link' material 'aluminum' undefined.
         at line 85 in /workspace/urdfdom/urdf_parser/src/model.cpp
Warning: link 'camera_link' material 'aluminum' undefined.
         at line 85 in /workspace/urdfdom/urdf_parser/src/model.cpp
Warning: link 'camera_link' material 'aluminum' undefined.
         at line 85 in /workspace/urdfdom/urdf_parser/src/model.cpp
Warning: link 'camera_link' material 'aluminum' undefined.
         at line 85 in /workspace/urdfdom/urdf_parser/src/model.cpp
Warning: link 'camera_link' material 'aluminum' undefined.
         at line 85 in /workspace/urdfdom/urdf_parser/src/model.cpp
Warning: link 'camera_link' material 'aluminum' undefined.
         at line 85 in /workspace/urdfdom/urdf_parser/src/model.cpp
Warning: link 'camera_link' material 'aluminum' undefined.
         at line 85 in /workspace/urdfdom/urdf_parser/src/model.cpp
Warning: link 'camera_link' material 'aluminum' undefined.
         at line 85 in /workspace/urdfdom/urdf_parser/src/model.cpp
Warning: link 'camera_link' material 'aluminum' undefined.
         at line 85 in /workspace/urdfdom/urdf_parser/src/model.cpp
Warning: link 'camera_link' material 'aluminum' undefined.
         at line 85 in /workspace/urdfdom/urdf_parser/src/model.cpp
Warning: link 'camera_link' material 'aluminum' undefined.
         at line 85 in /workspace/urdfdom/urdf_parser/src/model.cpp
Warning: link 'camera_link' material 'aluminum' undefined.
         at line 85 in /workspace/urdfdom/urdf_parser/src/model.cpp
Warning: link 'camera_link' material 'aluminum' undefined.
         at line 85 in /workspace/urdfdom/urdf_parser/src/model.cpp
Warning: link 'camera_link' material 'aluminum' undefined.
         at line 85 in /workspace/urdfdom/urdf_parser/src/model.cpp
Warning: link 'camera_link' material 'aluminum' undefined.
         at line 85 in /workspace/urdfdom/urdf_parser/src/model.cpp
Warning: link 'camera_link' material 'aluminum' undefined.
         at line 85 in /workspace/urdfdom/urdf_parser/src/model.cpp
[193/1842] RouteStick/episode_14 succeeded with seed 17400 (attempt 0, 116.299s)
[194/1842] RouteStick/episode_14 succeeded with seed 17400 (attempt 0, 120.751s)
[195/1842] VideoUnmaskSwap/episode_15 succeeded with seed 6500 (attempt 0, 65.759s)
[196/1842] VideoUnmaskSwap/episode_15 succeeded with seed 6500 (attempt 0, 67.995s)
Warning: link 'camera_link' material 'aluminum' undefined.
         at line 85 in /workspace/urdfdom/urdf_parser/src/model.cpp
Warning: link 'camera_link' material 'aluminum' undefined.
         at line 85 in /workspace/urdfdom/urdf_parser/src/model.cpp
Warning: link 'camera_link' material 'aluminum' undefined.
         at line 85 in /workspace/urdfdom/urdf_parser/src/model.cpp
Warning: link 'camera_link' material 'aluminum' undefined.
         at line 85 in /workspace/urdfdom/urdf_parser/src/model.cpp
Warning: link 'camera_link' material 'aluminum' undefined.
         at line 85 in /workspace/urdfdom/urdf_parser/src/model.cpp
Warning: link 'camera_link' material 'aluminum' undefined.
         at line 85 in /workspace/urdfdom/urdf_parser/src/model.cpp
Warning: link 'camera_link' material 'aluminum' undefined.
         at line 85 in /workspace/urdfdom/urdf_parser/src/model.cpp
Warning: link 'camera_link' material 'aluminum' undefined.
         at line 85 in /workspace/urdfdom/urdf_parser/src/model.cpp
[197/1842] RouteStick/episode_15 succeeded with seed 17500 (attempt 0, 86.304s)
[198/1842] VideoUnmaskSwap/episode_14 succeeded with seed 6400 (attempt 0, 103.17s)
[199/1842] RouteStick/episode_13 succeeded with seed 17300 (attempt 0, 168.246s)
[200/1842] BinFill/episode_14 succeeded with seed 5400 (attempt 0, 153.534s)
[201/1842] BinFill/episode_16 succeeded with seed 5600 (attempt 0, 64.506s)
[202/1842] VideoRepick/episode_13 succeeded with seed 10300 (attempt 0, 168.091s)
Warning: link 'camera_link' material 'aluminum' undefined.
         at line 85 in /workspace/urdfdom/urdf_parser/src/model.cpp
Warning: link 'camera_link' material 'aluminum' undefined.
         at line 85 in /workspace/urdfdom/urdf_parser/src/model.cpp
Warning: link 'camera_link' material 'aluminum' undefined.
         at line 85 in /workspace/urdfdom/urdf_parser/src/model.cpp
Warning: link 'camera_link' material 'aluminum' undefined.
         at line 85 in /workspace/urdfdom/urdf_parser/src/model.cpp
Warning: link 'camera_link' material 'aluminum' undefined.
         at line 85 in /workspace/urdfdom/urdf_parser/src/model.cpp
Warning: link 'camera_link' material 'aluminum' undefined.
         at line 85 in /workspace/urdfdom/urdf_parser/src/model.cpp
Warning: link 'camera_link' material 'aluminum' undefined.
         at line 85 in /workspace/urdfdom/urdf_parser/src/model.cpp
Warning: link 'camera_link' material 'aluminum' undefined.
         at line 85 in /workspace/urdfdom/urdf_parser/src/model.cpp
screw plan failed
screw plan failed
screw plan failed
[203/1842] RouteStick/episode_12 succeeded with seed 17200 (attempt 0, 217.796s)
[204/1842] VideoRepick/episode_14 succeeded with seed 10400 (attempt 0, 138.769s)
Warning: link 'camera_link' material 'aluminum' undefined.
         at line 85 in /workspace/urdfdom/urdf_parser/src/model.cpp
Warning: link 'camera_link' material 'aluminum' undefined.
         at line 85 in /workspace/urdfdom/urdf_parser/src/model.cpp
Warning: link 'camera_link' material 'aluminum' undefined.
         at line 85 in /workspace/urdfdom/urdf_parser/src/model.cpp
Warning: link 'camera_link' material 'aluminum' undefined.
         at line 85 in /workspace/urdfdom/urdf_parser/src/model.cpp
Warning: link 'camera_link' material 'aluminum' undefined.
         at line 85 in /workspace/urdfdom/urdf_parser/src/model.cpp
Warning: link 'camera_link' material 'aluminum' undefined.
         at line 85 in /workspace/urdfdom/urdf_parser/src/model.cpp
Warning: link 'camera_link' material 'aluminum' undefined.
         at line 85 in /workspace/urdfdom/urdf_parser/src/model.cpp
Warning: link 'camera_link' material 'aluminum' undefined.
         at line 85 in /workspace/urdfdom/urdf_parser/src/model.cpp
[205/1842] BinFill/episode_15 succeeded with seed 5500 (attempt 0, 115.33s)
[206/1842] VideoUnmaskSwap/episode_16 succeeded with seed 6600 (attempt 0, 63.276s)
[207/1842] BinFill/episode_15 succeeded with seed 5500 (attempt 0, 130.338s)
Warning: link 'camera_link' material 'aluminum' undefined.
         at line 85 in /workspace/urdfdom/urdf_parser/src/model.cpp
Warning: link 'camera_link' material 'aluminum' undefined.
         at line 85 in /workspace/urdfdom/urdf_parser/src/model.cpp
Warning: link 'camera_link' material 'aluminum' undefined.
         at line 85 in /workspace/urdfdom/urdf_parser/src/model.cpp
Warning: link 'camera_link' material 'aluminum' undefined.
         at line 85 in /workspace/urdfdom/urdf_parser/src/model.cpp
Warning: link 'camera_link' material 'aluminum' undefined.
         at line 85 in /workspace/urdfdom/urdf_parser/src/model.cpp
Warning: link 'camera_link' material 'aluminum' undefined.
         at line 85 in /workspace/urdfdom/urdf_parser/src/model.cpp
Warning: link 'camera_link' material 'aluminum' undefined.
         at line 85 in /workspace/urdfdom/urdf_parser/src/model.cpp
Warning: link 'camera_link' material 'aluminum' undefined.
         at line 85 in /workspace/urdfdom/urdf_parser/src/model.cpp
[208/1842] VideoUnmaskSwap/episode_15 succeeded with seed 6500 (attempt 0, 110.195s)
[209/1842] BinFill/episode_14 succeeded with seed 5400 (attempt 0, 169.139s)
[210/1842] RouteStick/episode_15 succeeded with seed 17500 (attempt 0, 124.703s)
[211/1842] VideoUnmaskSwap/episode_16 succeeded with seed 6600 (attempt 0, 75.414s)
[212/1842] VideoRepick/episode_14 succeeded with seed 10400 (attempt 0, 158.711s)
Warning: link 'camera_link' material 'aluminum' undefined.
         at line 85 in /workspace/urdfdom/urdf_parser/src/model.cpp
Warning: link 'camera_link' material 'aluminum' undefined.
         at line 85 in /workspace/urdfdom/urdf_parser/src/model.cpp
Warning: link 'camera_link' material 'aluminum' undefined.
         at line 85 in /workspace/urdfdom/urdf_parser/src/model.cpp
Warning: link 'camera_link' material 'aluminum' undefined.
         at line 85 in /workspace/urdfdom/urdf_parser/src/model.cpp
Warning: link 'camera_link' material 'aluminum' undefined.
         at line 85 in /workspace/urdfdom/urdf_parser/src/model.cpp
Warning: link 'camera_link' material 'aluminum' undefined.
         at line 85 in /workspace/urdfdom/urdf_parser/src/model.cpp
Warning: link 'camera_link' material 'aluminum' undefined.
         at line 85 in /workspace/urdfdom/urdf_parser/src/model.cpp
Warning: link 'camera_link' material 'aluminum' undefined.
         at line 85 in /workspace/urdfdom/urdf_parser/src/model.cpp
[213/1842] RouteStick/episode_15 succeeded with seed 17500 (attempt 0, 137.471s)
[214/1842] VideoRepick/episode_15 succeeded with seed 10500 (attempt 0, 130.035s)
[215/1842] VideoUnmaskSwap/episode_15 succeeded with seed 6500 (attempt 0, 116.363s)
[216/1842] VideoRepick/episode_14 succeeded with seed 10400 (attempt 0, 161.683s)
Warning: link 'camera_link' material 'aluminum' undefined.
         at line 85 in /workspace/urdfdom/urdf_parser/src/model.cpp
Warning: link 'camera_link' material 'aluminum' undefined.
         at line 85 in /workspace/urdfdom/urdf_parser/src/model.cpp
Warning: link 'camera_link' material 'aluminum' undefined.
         at line 85 in /workspace/urdfdom/urdf_parser/src/model.cpp
Warning: link 'camera_link' material 'aluminum' undefined.
         at line 85 in /workspace/urdfdom/urdf_parser/src/model.cpp
Warning: link 'camera_link' material 'aluminum' undefined.
         at line 85 in /workspace/urdfdom/urdf_parser/src/model.cpp
Warning: link 'camera_link' material 'aluminum' undefined.
         at line 85 in /workspace/urdfdom/urdf_parser/src/model.cpp
Warning: link 'camera_link' material 'aluminum' undefined.
         at line 85 in /workspace/urdfdom/urdf_parser/src/model.cpp
Warning: link 'camera_link' material 'aluminum' undefined.
         at line 85 in /workspace/urdfdom/urdf_parser/src/model.cpp
[217/1842] RouteStick/episode_16 succeeded with seed 17600 (attempt 0, 103.954s)
[218/1842] RouteStick/episode_13 succeeded with seed 17300 (attempt 0, 221.216s)
Warning: link 'camera_link' material 'aluminum' undefined.
         at line 85 in /workspace/urdfdom/urdf_parser/src/model.cpp
Warning: link 'camera_link' material 'aluminum' undefined.
         at line 85 in /workspace/urdfdom/urdf_parser/src/model.cpp
Warning: link 'camera_link' material 'aluminum' undefined.
         at line 85 in /workspace/urdfdom/urdf_parser/src/model.cpp
Warning: link 'camera_link' material 'aluminum' undefined.
         at line 85 in /workspace/urdfdom/urdf_parser/src/model.cpp
Warning: link 'camera_link' material 'aluminum' undefined.
         at line 85 in /workspace/urdfdom/urdf_parser/src/model.cpp
Warning: link 'camera_link' material 'aluminum' undefined.
         at line 85 in /workspace/urdfdom/urdf_parser/src/model.cpp
Warning: link 'camera_link' material 'aluminum' undefined.
         at line 85 in /workspace/urdfdom/urdf_parser/src/model.cpp
Warning: link 'camera_link' material 'aluminum' undefined.
         at line 85 in /workspace/urdfdom/urdf_parser/src/model.cpp
[219/1842] VideoRepick/episode_15 succeeded with seed 10500 (attempt 0, 129.899s)
Warning: link 'camera_link' material 'aluminum' undefined.
         at line 85 in /workspace/urdfdom/urdf_parser/src/model.cpp
Warning: link 'camera_link' material 'aluminum' undefined.
         at line 85 in /workspace/urdfdom/urdf_parser/src/model.cpp
Warning: link 'camera_link' material 'aluminum' undefined.
         at line 85 in /workspace/urdfdom/urdf_parser/src/model.cpp
Warning: link 'camera_link' material 'aluminum' undefined.
         at line 85 in /workspace/urdfdom/urdf_parser/src/model.cpp
Warning: link 'camera_link' material 'aluminum' undefined.
         at line 85 in /workspace/urdfdom/urdf_parser/src/model.cpp
Warning: link 'camera_link' material 'aluminum' undefined.
         at line 85 in /workspace/urdfdom/urdf_parser/src/model.cpp
Warning: link 'camera_link' material 'aluminum' undefined.
         at line 85 in /workspace/urdfdom/urdf_parser/src/model.cpp
Warning: link 'camera_link' material 'aluminum' undefined.
         at line 85 in /workspace/urdfdom/urdf_parser/src/model.cpp
[220/1842] VideoUnmaskSwap/episode_17 succeeded with seed 6700 (attempt 0, 64.404s)
[221/1842] VideoRepick/episode_16 succeeded with seed 10600 (attempt 0, 112.262s)
[222/1842] VideoRepick/episode_16 succeeded with seed 10600 (attempt 0, 115.696s)
[223/1842] VideoUnmaskSwap/episode_16 succeeded with seed 6600 (attempt 0, 121.208s)
[224/1842] BinFill/episode_17 succeeded with seed 5700 (attempt 0, 99.295s)
[225/1842] BinFill/episode_16 succeeded with seed 5600 (attempt 0, 131.966s)
[226/1842] RouteStick/episode_16 succeeded with seed 17600 (attempt 0, 126.967s)
[227/1842] BinFill/episode_16 succeeded with seed 5600 (attempt 0, 141.93s)
[228/1842] BinFill/episode_17 succeeded with seed 5700 (attempt 0, 101.185s)
Warning: link 'camera_link' material 'aluminum' undefined.
         at line 85 in /workspace/urdfdom/urdf_parser/src/model.cpp
Warning: link 'camera_link' material 'aluminum' undefined.
         at line 85 in /workspace/urdfdom/urdf_parser/src/model.cpp
Warning: link 'camera_link' material 'aluminum' undefined.
         at line 85 in /workspace/urdfdom/urdf_parser/src/model.cpp
Warning: link 'camera_link' material 'aluminum' undefined.
         at line 85 in /workspace/urdfdom/urdf_parser/src/model.cpp
Warning: link 'camera_link' material 'aluminum' undefined.
         at line 85 in /workspace/urdfdom/urdf_parser/src/model.cpp
Warning: link 'camera_link' material 'aluminum' undefined.
         at line 85 in /workspace/urdfdom/urdf_parser/src/model.cpp
Warning: link 'camera_link' material 'aluminum' undefined.
         at line 85 in /workspace/urdfdom/urdf_parser/src/model.cpp
Warning: link 'camera_link' material 'aluminum' undefined.
         at line 85 in /workspace/urdfdom/urdf_parser/src/model.cpp
/data/hongzefu/robomme_benchmark_MotionJEPANewTask/.venv/lib/python3.11/site-packages/torch/cuda/__init__.py:63: FutureWarning: The pynvml package is deprecated. Please install nvidia-ml-py instead. If you did not install pynvml directly, please report this to the maintainers of the package that installed pynvml for you.
  import pynvml  # type: ignore[import]
[229/1842] RouteStick/episode_17 succeeded with seed 17700 (attempt 0, 96.135s)
/data/hongzefu/robomme_benchmark_MotionJEPANewTask/.venv/lib/python3.11/site-packages/sapien/__init__.py:18: UserWarning: pkg_resources is deprecated as an API. See https://setuptools.pypa.io/en/latest/pkg_resources.html. The pkg_resources package is slated for removal as early as 2025-11-30. Refrain from using this package or pin to Setuptools<81.
  import pkg_resources
[230/1842] RouteStick/episode_14 succeeded with seed 17400 (attempt 0, 205.801s)
[231/1842] VideoUnmaskSwap/episode_17 succeeded with seed 6700 (attempt 0, 78.884s)
[232/1842] VideoUnmaskSwap/episode_16 succeeded with seed 6600 (attempt 0, 115.576s)
[233/1842] VideoRepick/episode_15 succeeded with seed 10500 (attempt 0, 162.706s)
Warning: link 'camera_link' material 'aluminum' undefined.
         at line 85 in /workspace/urdfdom/urdf_parser/src/model.cpp
Warning: link 'camera_link' material 'aluminum' undefined.
         at line 85 in /workspace/urdfdom/urdf_parser/src/model.cpp
Warning: link 'camera_link' material 'aluminum' undefined.
         at line 85 in /workspace/urdfdom/urdf_parser/src/model.cpp
Warning: link 'camera_link' material 'aluminum' undefined.
         at line 85 in /workspace/urdfdom/urdf_parser/src/model.cpp
Warning: link 'camera_link' material 'aluminum' undefined.
         at line 85 in /workspace/urdfdom/urdf_parser/src/model.cpp
Warning: link 'camera_link' material 'aluminum' undefined.
         at line 85 in /workspace/urdfdom/urdf_parser/src/model.cpp
Warning: link 'camera_link' material 'aluminum' undefined.
         at line 85 in /workspace/urdfdom/urdf_parser/src/model.cpp
Warning: link 'camera_link' material 'aluminum' undefined.
         at line 85 in /workspace/urdfdom/urdf_parser/src/model.cpp
[234/1842] BinFill/episode_15 succeeded with seed 5500 (attempt 0, 199.802s)
Warning: link 'camera_link' material 'aluminum' undefined.
         at line 85 in /workspace/urdfdom/urdf_parser/src/model.cpp
Warning: link 'camera_link' material 'aluminum' undefined.
         at line 85 in /workspace/urdfdom/urdf_parser/src/model.cpp
Warning: link 'camera_link' material 'aluminum' undefined.
         at line 85 in /workspace/urdfdom/urdf_parser/src/model.cpp
Warning: link 'camera_link' material 'aluminum' undefined.
         at line 85 in /workspace/urdfdom/urdf_parser/src/model.cpp
Warning: link 'camera_link' material 'aluminum' undefined.
         at line 85 in /workspace/urdfdom/urdf_parser/src/model.cpp
Warning: link 'camera_link' material 'aluminum' undefined.
         at line 85 in /workspace/urdfdom/urdf_parser/src/model.cpp
Warning: link 'camera_link' material 'aluminum' undefined.
         at line 85 in /workspace/urdfdom/urdf_parser/src/model.cpp
Warning: link 'camera_link' material 'aluminum' undefined.
         at line 85 in /workspace/urdfdom/urdf_parser/src/model.cpp
Warning: link 'camera_link' material 'aluminum' undefined.
         at line 85 in /workspace/urdfdom/urdf_parser/src/model.cpp
Warning: link 'camera_link' material 'aluminum' undefined.
         at line 85 in /workspace/urdfdom/urdf_parser/src/model.cpp
Warning: link 'camera_link' material 'aluminum' undefined.
         at line 85 in /workspace/urdfdom/urdf_parser/src/model.cpp
Warning: link 'camera_link' material 'aluminum' undefined.
         at line 85 in /workspace/urdfdom/urdf_parser/src/model.cpp
Warning: link 'camera_link' material 'aluminum' undefined.
         at line 85 in /workspace/urdfdom/urdf_parser/src/model.cpp
Warning: link 'camera_link' material 'aluminum' undefined.
         at line 85 in /workspace/urdfdom/urdf_parser/src/model.cpp
Warning: link 'camera_link' material 'aluminum' undefined.
         at line 85 in /workspace/urdfdom/urdf_parser/src/model.cpp
Warning: link 'camera_link' material 'aluminum' undefined.
         at line 85 in /workspace/urdfdom/urdf_parser/src/model.cpp
[235/1842] VideoUnmaskSwap/episode_17 succeeded with seed 6700 (attempt 0, 93.635s)
[236/1842] VideoUnmaskSwap/episode_18 succeeded with seed 6800 (attempt 0, 57.167s)
[237/1842] RouteStick/episode_16 succeeded with seed 17600 (attempt 0, 157.557s)
[238/1842] VideoRepick/episode_16 succeeded with seed 10600 (attempt 0, 138.861s)
[239/1842] RouteStick/episode_17 succeeded with seed 17700 (attempt 0, 123.858s)
Warning: link 'camera_link' material 'aluminum' undefined.
         at line 85 in /workspace/urdfdom/urdf_parser/src/model.cpp
Warning: link 'camera_link' material 'aluminum' undefined.
         at line 85 in /workspace/urdfdom/urdf_parser/src/model.cpp
Warning: link 'camera_link' material 'aluminum' undefined.
         at line 85 in /workspace/urdfdom/urdf_parser/src/model.cpp
Warning: link 'camera_link' material 'aluminum' undefined.
         at line 85 in /workspace/urdfdom/urdf_parser/src/model.cpp
Warning: link 'camera_link' material 'aluminum' undefined.
         at line 85 in /workspace/urdfdom/urdf_parser/src/model.cpp
Warning: link 'camera_link' material 'aluminum' undefined.
         at line 85 in /workspace/urdfdom/urdf_parser/src/model.cpp
Warning: link 'camera_link' material 'aluminum' undefined.
         at line 85 in /workspace/urdfdom/urdf_parser/src/model.cpp
Warning: link 'camera_link' material 'aluminum' undefined.
         at line 85 in /workspace/urdfdom/urdf_parser/src/model.cpp
/data/hongzefu/robomme_benchmark_MotionJEPANewTask/.venv/lib/python3.11/site-packages/torch/cuda/__init__.py:63: FutureWarning: The pynvml package is deprecated. Please install nvidia-ml-py instead. If you did not install pynvml directly, please report this to the maintainers of the package that installed pynvml for you.
  import pynvml  # type: ignore[import]
/data/hongzefu/robomme_benchmark_MotionJEPANewTask/.venv/lib/python3.11/site-packages/sapien/__init__.py:18: UserWarning: pkg_resources is deprecated as an API. See https://setuptools.pypa.io/en/latest/pkg_resources.html. The pkg_resources package is slated for removal as early as 2025-11-30. Refrain from using this package or pin to Setuptools<81.
  import pkg_resources
screw plan failed
screw plan failed
screw plan failed
[240/1842] BinFill/episode_18 succeeded with seed 5800 (attempt 0, 103.787s)
[241/1842] VideoUnmaskSwap/episode_18 succeeded with seed 6800 (attempt 0, 81.32s)
[242/1842] VideoUnmaskSwap/episode_19 succeeded with seed 6900 (attempt 0, 48.901s)
[243/1842] RouteStick/episode_18 succeeded with seed 17800 (attempt 0, 105.988s)
[244/1842] RouteStick/episode_17 succeeded with seed 17700 (attempt 0, 139.959s)
[245/1842] BinFill/episode_19 succeeded with seed 5900 (attempt 0, 64.209s)
Warning: link 'camera_link' material 'aluminum' undefined.
         at line 85 in /workspace/urdfdom/urdf_parser/src/model.cpp
Warning: link 'camera_link' material 'aluminum' undefined.
         at line 85 in /workspace/urdfdom/urdf_parser/src/model.cpp
Warning: link 'camera_link' material 'aluminum' undefined.
         at line 85 in /workspace/urdfdom/urdf_parser/src/model.cpp
Warning: link 'camera_link' material 'aluminum' undefined.
         at line 85 in /workspace/urdfdom/urdf_parser/src/model.cpp
Warning: link 'camera_link' material 'aluminum' undefined.
         at line 85 in /workspace/urdfdom/urdf_parser/src/model.cpp
Warning: link 'camera_link' material 'aluminum' undefined.
         at line 85 in /workspace/urdfdom/urdf_parser/src/model.cpp
Warning: link 'camera_link' material 'aluminum' undefined.
         at line 85 in /workspace/urdfdom/urdf_parser/src/model.cpp
Warning: link 'camera_link' material 'aluminum' undefined.
         at line 85 in /workspace/urdfdom/urdf_parser/src/model.cpp
Warning: link 'camera_link' material 'aluminum' undefined.
         at line 85 in /workspace/urdfdom/urdf_parser/src/model.cpp
Warning: link 'camera_link' material 'aluminum' undefined.
         at line 85 in /workspace/urdfdom/urdf_parser/src/model.cpp
Warning: link 'camera_link' material 'aluminum' undefined.
         at line 85 in /workspace/urdfdom/urdf_parser/src/model.cpp
Warning: link 'camera_link' material 'aluminum' undefined.
         at line 85 in /workspace/urdfdom/urdf_parser/src/model.cpp
Warning: link 'camera_link' material 'aluminum' undefined.
         at line 85 in /workspace/urdfdom/urdf_parser/src/model.cpp
Warning: link 'camera_link' material 'aluminum' undefined.
         at line 85 in /workspace/urdfdom/urdf_parser/src/model.cpp
Warning: link 'camera_link' material 'aluminum' undefined.
         at line 85 in /workspace/urdfdom/urdf_parser/src/model.cpp
Warning: link 'camera_link' material 'aluminum' undefined.
         at line 85 in /workspace/urdfdom/urdf_parser/src/model.cpp
screw plan failed
screw plan failed
screw plan failed
[246/1842] VideoUnmaskSwap/episode_17 succeeded with seed 6700 (attempt 0, 130.248s)
Warning: link 'camera_link' material 'aluminum' undefined.
         at line 85 in /workspace/urdfdom/urdf_parser/src/model.cpp
Warning: link 'camera_link' material 'aluminum' undefined.
         at line 85 in /workspace/urdfdom/urdf_parser/src/model.cpp
Warning: link 'camera_link' material 'aluminum' undefined.
         at line 85 in /workspace/urdfdom/urdf_parser/src/model.cpp
Warning: link 'camera_link' material 'aluminum' undefined.
         at line 85 in /workspace/urdfdom/urdf_parser/src/model.cpp
Warning: link 'camera_link' material 'aluminum' undefined.
         at line 85 in /workspace/urdfdom/urdf_parser/src/model.cpp
Warning: link 'camera_link' material 'aluminum' undefined.
         at line 85 in /workspace/urdfdom/urdf_parser/src/model.cpp
Warning: link 'camera_link' material 'aluminum' undefined.
         at line 85 in /workspace/urdfdom/urdf_parser/src/model.cpp
Warning: link 'camera_link' material 'aluminum' undefined.
         at line 85 in /workspace/urdfdom/urdf_parser/src/model.cpp
[247/1842] VideoRepick/episode_17 succeeded with seed 10700 (attempt 0, 142.626s)
[248/1842] RouteStick/episode_15 succeeded with seed 17500 (attempt 0, 224.512s)
[249/1842] VideoUnmaskSwap/episode_18 succeeded with seed 6800 (attempt 0, 102.033s)
[250/1842] VideoRepick/episode_17 succeeded with seed 10700 (attempt 0, 145.402s)
    VideoUnmaskSwap/episode_7 seed 5700 单条墙钟超过 600 秒被终止（实测 601 秒）
    VideoUnmaskSwap/episode_7 用尽 1 次 attempt，放弃
/data/hongzefu/robomme_benchmark_MotionJEPANewTask/.venv/lib/python3.11/site-packages/torch/cuda/__init__.py:63: FutureWarning: The pynvml package is deprecated. Please install nvidia-ml-py instead. If you did not install pynvml directly, please report this to the maintainers of the package that installed pynvml for you.
  import pynvml  # type: ignore[import]
/data/hongzefu/robomme_benchmark_MotionJEPANewTask/.venv/lib/python3.11/site-packages/sapien/__init__.py:18: UserWarning: pkg_resources is deprecated as an API. See https://setuptools.pypa.io/en/latest/pkg_resources.html. The pkg_resources package is slated for removal as early as 2025-11-30. Refrain from using this package or pin to Setuptools<81.
  import pkg_resources
/data/hongzefu/robomme_benchmark_MotionJEPANewTask/.venv/lib/python3.11/site-packages/torch/cuda/__init__.py:63: FutureWarning: The pynvml package is deprecated. Please install nvidia-ml-py instead. If you did not install pynvml directly, please report this to the maintainers of the package that installed pynvml for you.
  import pynvml  # type: ignore[import]
/data/hongzefu/robomme_benchmark_MotionJEPANewTask/.venv/lib/python3.11/site-packages/sapien/__init__.py:18: UserWarning: pkg_resources is deprecated as an API. See https://setuptools.pypa.io/en/latest/pkg_resources.html. The pkg_resources package is slated for removal as early as 2025-11-30. Refrain from using this package or pin to Setuptools<81.
  import pkg_resources
/data/hongzefu/robomme_benchmark_MotionJEPANewTask/.venv/lib/python3.11/site-packages/torch/cuda/__init__.py:63: FutureWarning: The pynvml package is deprecated. Please install nvidia-ml-py instead. If you did not install pynvml directly, please report this to the maintainers of the package that installed pynvml for you.
  import pynvml  # type: ignore[import]
/data/hongzefu/robomme_benchmark_MotionJEPANewTask/.venv/lib/python3.11/site-packages/sapien/__init__.py:18: UserWarning: pkg_resources is deprecated as an API. See https://setuptools.pypa.io/en/latest/pkg_resources.html. The pkg_resources package is slated for removal as early as 2025-11-30. Refrain from using this package or pin to Setuptools<81.
  import pkg_resources
[251/1842] RouteStick/episode_19 succeeded with seed 17900 (attempt 0, 85.479s)
/data/hongzefu/robomme_benchmark_MotionJEPANewTask/.venv/lib/python3.11/site-packages/torch/cuda/__init__.py:63: FutureWarning: The pynvml package is deprecated. Please install nvidia-ml-py instead. If you did not install pynvml directly, please report this to the maintainers of the package that installed pynvml for you.
  import pynvml  # type: ignore[import]
/data/hongzefu/robomme_benchmark_MotionJEPANewTask/.venv/lib/python3.11/site-packages/sapien/__init__.py:18: UserWarning: pkg_resources is deprecated as an API. See https://setuptools.pypa.io/en/latest/pkg_resources.html. The pkg_resources package is slated for removal as early as 2025-11-30. Refrain from using this package or pin to Setuptools<81.
  import pkg_resources
[252/1842] VideoUnmaskSwap/episode_19 succeeded with seed 6900 (attempt 0, 88.003s)
[253/1842] VideoRepick/episode_17 succeeded with seed 10700 (attempt 0, 155.04s)
[254/1842] VideoUnmaskSwap/episode_18 succeeded with seed 6800 (attempt 0, 106.823s)
Warning: link 'camera_link' material 'aluminum' undefined.
         at line 85 in /workspace/urdfdom/urdf_parser/src/model.cpp
Warning: link 'camera_link' material 'aluminum' undefined.
         at line 85 in /workspace/urdfdom/urdf_parser/src/model.cpp
Warning: link 'camera_link' material 'aluminum' undefined.
         at line 85 in /workspace/urdfdom/urdf_parser/src/model.cpp
Warning: link 'camera_link' material 'aluminum' undefined.
         at line 85 in /workspace/urdfdom/urdf_parser/src/model.cpp
Warning: link 'camera_link' material 'aluminum' undefined.
         at line 85 in /workspace/urdfdom/urdf_parser/src/model.cpp
Warning: link 'camera_link' material 'aluminum' undefined.
         at line 85 in /workspace/urdfdom/urdf_parser/src/model.cpp
Warning: link 'camera_link' material 'aluminum' undefined.
         at line 85 in /workspace/urdfdom/urdf_parser/src/model.cpp
Warning: link 'camera_link' material 'aluminum' undefined.
         at line 85 in /workspace/urdfdom/urdf_parser/src/model.cpp
[255/1842] RouteStick/episode_16 succeeded with seed 17600 (attempt 0, 212.692s)
[256/1842] BinFill/episode_17 succeeded with seed 5700 (attempt 0, 195.12s)
[257/1842] RouteStick/episode_18 succeeded with seed 17800 (attempt 0, 142.933s)
[258/1842] VideoRepick/episode_18 succeeded with seed 10800 (attempt 0, 130.543s)
/data/hongzefu/robomme_benchmark_MotionJEPANewTask/.venv/lib/python3.11/site-packages/torch/cuda/__init__.py:63: FutureWarning: The pynvml package is deprecated. Please install nvidia-ml-py instead. If you did not install pynvml directly, please report this to the maintainers of the package that installed pynvml for you.
  import pynvml  # type: ignore[import]
/data/hongzefu/robomme_benchmark_MotionJEPANewTask/.venv/lib/python3.11/site-packages/sapien/__init__.py:18: UserWarning: pkg_resources is deprecated as an API. See https://setuptools.pypa.io/en/latest/pkg_resources.html. The pkg_resources package is slated for removal as early as 2025-11-30. Refrain from using this package or pin to Setuptools<81.
  import pkg_resources
Warning: link 'camera_link' material 'aluminum' undefined.
         at line 85 in /workspace/urdfdom/urdf_parser/src/model.cpp
Warning: link 'camera_link' material 'aluminum' undefined.
         at line 85 in /workspace/urdfdom/urdf_parser/src/model.cpp
Warning: link 'camera_link' material 'aluminum' undefined.
         at line 85 in /workspace/urdfdom/urdf_parser/src/model.cpp
Warning: link 'camera_link' material 'aluminum' undefined.
         at line 85 in /workspace/urdfdom/urdf_parser/src/model.cpp
Warning: link 'camera_link' material 'aluminum' undefined.
         at line 85 in /workspace/urdfdom/urdf_parser/src/model.cpp
Warning: link 'camera_link' material 'aluminum' undefined.
         at line 85 in /workspace/urdfdom/urdf_parser/src/model.cpp
Warning: link 'camera_link' material 'aluminum' undefined.
         at line 85 in /workspace/urdfdom/urdf_parser/src/model.cpp
Warning: link 'camera_link' material 'aluminum' undefined.
         at line 85 in /workspace/urdfdom/urdf_parser/src/model.cpp
Warning: link 'camera_link' material 'aluminum' undefined.
         at line 85 in /workspace/urdfdom/urdf_parser/src/model.cpp
Warning: link 'camera_link' material 'aluminum' undefined.
         at line 85 in /workspace/urdfdom/urdf_parser/src/model.cpp
Warning: link 'camera_link' material 'aluminum' undefined.
         at line 85 in /workspace/urdfdom/urdf_parser/src/model.cpp
Warning: link 'camera_link' material 'aluminum' undefined.
         at line 85 in /workspace/urdfdom/urdf_parser/src/model.cpp
Warning: link 'camera_link' material 'aluminum' undefined.
         at line 85 in /workspace/urdfdom/urdf_parser/src/model.cpp
Warning: link 'camera_link' material 'aluminum' undefined.
         at line 85 in /workspace/urdfdom/urdf_parser/src/model.cpp
Warning: link 'camera_link' material 'aluminum' undefined.
         at line 85 in /workspace/urdfdom/urdf_parser/src/model.cpp
Warning: link 'camera_link' material 'aluminum' undefined.
         at line 85 in /workspace/urdfdom/urdf_parser/src/model.cpp
[259/1842] VideoUnmaskSwap/episode_20 succeeded with seed 7000 (attempt 0, 62.646s)
[260/1842] BinFill/episode_18 succeeded with seed 5800 (attempt 0, 171.804s)
Warning: link 'camera_link' material 'aluminum' undefined.
         at line 85 in /workspace/urdfdom/urdf_parser/src/model.cpp
Warning: link 'camera_link' material 'aluminum' undefined.
         at line 85 in /workspace/urdfdom/urdf_parser/src/model.cpp
Warning: link 'camera_link' material 'aluminum' undefined.
         at line 85 in /workspace/urdfdom/urdf_parser/src/model.cpp
Warning: link 'camera_link' material 'aluminum' undefined.
         at line 85 in /workspace/urdfdom/urdf_parser/src/model.cpp
Warning: link 'camera_link' material 'aluminum' undefined.
         at line 85 in /workspace/urdfdom/urdf_parser/src/model.cpp
Warning: link 'camera_link' material 'aluminum' undefined.
         at line 85 in /workspace/urdfdom/urdf_parser/src/model.cpp
Warning: link 'camera_link' material 'aluminum' undefined.
         at line 85 in /workspace/urdfdom/urdf_parser/src/model.cpp
Warning: link 'camera_link' material 'aluminum' undefined.
         at line 85 in /workspace/urdfdom/urdf_parser/src/model.cpp
[261/1842] VideoRepick/episode_19 succeeded with seed 10900 (attempt 0, 116.671s)
/data/hongzefu/robomme_benchmark_MotionJEPANewTask/.venv/lib/python3.11/site-packages/torch/cuda/__init__.py:63: FutureWarning: The pynvml package is deprecated. Please install nvidia-ml-py instead. If you did not install pynvml directly, please report this to the maintainers of the package that installed pynvml for you.
  import pynvml  # type: ignore[import]
[262/1842] RouteStick/episode_19 succeeded with seed 17900 (attempt 0, 124.064s)
[263/1842] VideoUnmaskSwap/episode_19 succeeded with seed 6900 (attempt 0, 111.507s)
/data/hongzefu/robomme_benchmark_MotionJEPANewTask/.venv/lib/python3.11/site-packages/sapien/__init__.py:18: UserWarning: pkg_resources is deprecated as an API. See https://setuptools.pypa.io/en/latest/pkg_resources.html. The pkg_resources package is slated for removal as early as 2025-11-30. Refrain from using this package or pin to Setuptools<81.
  import pkg_resources
/data/hongzefu/robomme_benchmark_MotionJEPANewTask/.venv/lib/python3.11/site-packages/torch/cuda/__init__.py:63: FutureWarning: The pynvml package is deprecated. Please install nvidia-ml-py instead. If you did not install pynvml directly, please report this to the maintainers of the package that installed pynvml for you.
  import pynvml  # type: ignore[import]
/data/hongzefu/robomme_benchmark_MotionJEPANewTask/.venv/lib/python3.11/site-packages/sapien/__init__.py:18: UserWarning: pkg_resources is deprecated as an API. See https://setuptools.pypa.io/en/latest/pkg_resources.html. The pkg_resources package is slated for removal as early as 2025-11-30. Refrain from using this package or pin to Setuptools<81.
  import pkg_resources
[264/1842] BinFill/episode_18 succeeded with seed 5800 (attempt 0, 179.657s)
[265/1842] RouteStick/episode_17 succeeded with seed 17700 (attempt 0, 193.619s)
[266/1842] BinFill/episode_19 succeeded with seed 5900 (attempt 0, 134.628s)
/data/hongzefu/robomme_benchmark_MotionJEPANewTask/.venv/lib/python3.11/site-packages/torch/cuda/__init__.py:63: FutureWarning: The pynvml package is deprecated. Please install nvidia-ml-py instead. If you did not install pynvml directly, please report this to the maintainers of the package that installed pynvml for you.
  import pynvml  # type: ignore[import]
/data/hongzefu/robomme_benchmark_MotionJEPANewTask/.venv/lib/python3.11/site-packages/sapien/__init__.py:18: UserWarning: pkg_resources is deprecated as an API. See https://setuptools.pypa.io/en/latest/pkg_resources.html. The pkg_resources package is slated for removal as early as 2025-11-30. Refrain from using this package or pin to Setuptools<81.
  import pkg_resources
/data/hongzefu/robomme_benchmark_MotionJEPANewTask/.venv/lib/python3.11/site-packages/torch/cuda/__init__.py:63: FutureWarning: The pynvml package is deprecated. Please install nvidia-ml-py instead. If you did not install pynvml directly, please report this to the maintainers of the package that installed pynvml for you.
  import pynvml  # type: ignore[import]
/data/hongzefu/robomme_benchmark_MotionJEPANewTask/.venv/lib/python3.11/site-packages/sapien/__init__.py:18: UserWarning: pkg_resources is deprecated as an API. See https://setuptools.pypa.io/en/latest/pkg_resources.html. The pkg_resources package is slated for removal as early as 2025-11-30. Refrain from using this package or pin to Setuptools<81.
  import pkg_resources
[267/1842] VideoRepick/episode_18 succeeded with seed 10800 (attempt 0, 156.793s)
/data/hongzefu/robomme_benchmark_MotionJEPANewTask/.venv/lib/python3.11/site-packages/torch/cuda/__init__.py:63: FutureWarning: The pynvml package is deprecated. Please install nvidia-ml-py instead. If you did not install pynvml directly, please report this to the maintainers of the package that installed pynvml for you.
  import pynvml  # type: ignore[import]
[268/1842] RouteStick/episode_20 succeeded with seed 18000 (attempt 0, 94.515s)
/data/hongzefu/robomme_benchmark_MotionJEPANewTask/.venv/lib/python3.11/site-packages/sapien/__init__.py:18: UserWarning: pkg_resources is deprecated as an API. See https://setuptools.pypa.io/en/latest/pkg_resources.html. The pkg_resources package is slated for removal as early as 2025-11-30. Refrain from using this package or pin to Setuptools<81.
  import pkg_resources
[269/1842] RouteStick/episode_18 succeeded with seed 17800 (attempt 0, 178.964s)
/data/hongzefu/robomme_benchmark_MotionJEPANewTask/.venv/lib/python3.11/site-packages/torch/cuda/__init__.py:63: FutureWarning: The pynvml package is deprecated. Please install nvidia-ml-py instead. If you did not install pynvml directly, please report this to the maintainers of the package that installed pynvml for you.
  import pynvml  # type: ignore[import]
/data/hongzefu/robomme_benchmark_MotionJEPANewTask/.venv/lib/python3.11/site-packages/sapien/__init__.py:18: UserWarning: pkg_resources is deprecated as an API. See https://setuptools.pypa.io/en/latest/pkg_resources.html. The pkg_resources package is slated for removal as early as 2025-11-30. Refrain from using this package or pin to Setuptools<81.
  import pkg_resources
[270/1842] VideoUnmaskSwap/episode_20 succeeded with seed 7000 (attempt 0, 89.014s)
/data/hongzefu/robomme_benchmark_MotionJEPANewTask/.venv/lib/python3.11/site-packages/torch/cuda/__init__.py:63: FutureWarning: The pynvml package is deprecated. Please install nvidia-ml-py instead. If you did not install pynvml directly, please report this to the maintainers of the package that installed pynvml for you.
  import pynvml  # type: ignore[import]
/data/hongzefu/robomme_benchmark_MotionJEPANewTask/.venv/lib/python3.11/site-packages/sapien/__init__.py:18: UserWarning: pkg_resources is deprecated as an API. See https://setuptools.pypa.io/en/latest/pkg_resources.html. The pkg_resources package is slated for removal as early as 2025-11-30. Refrain from using this package or pin to Setuptools<81.
  import pkg_resources
[271/1842] VideoRepick/episode_18 succeeded with seed 10800 (attempt 0, 163.535s)
[272/1842] VideoRepick/episode_19 succeeded with seed 10900 (attempt 0, 146.991s)
Warning: link 'camera_link' material 'aluminum' undefined.
         at line 85 in /workspace/urdfdom/urdf_parser/src/model.cpp
Warning: link 'camera_link' material 'aluminum' undefined.
         at line 85 in /workspace/urdfdom/urdf_parser/src/model.cpp
Warning: link 'camera_link' material 'aluminum' undefined.
         at line 85 in /workspace/urdfdom/urdf_parser/src/model.cpp
Warning: link 'camera_link' material 'aluminum' undefined.
         at line 85 in /workspace/urdfdom/urdf_parser/src/model.cpp
Warning: link 'camera_link' material 'aluminum' undefined.
         at line 85 in /workspace/urdfdom/urdf_parser/src/model.cpp
Warning: link 'camera_link' material 'aluminum' undefined.
         at line 85 in /workspace/urdfdom/urdf_parser/src/model.cpp
Warning: link 'camera_link' material 'aluminum' undefined.
         at line 85 in /workspace/urdfdom/urdf_parser/src/model.cpp
Warning: link 'camera_link' material 'aluminum' undefined.
         at line 85 in /workspace/urdfdom/urdf_parser/src/model.cpp
[273/1842] BinFill/episode_20 succeeded with seed 6000 (attempt 0, 130.53s)
[274/1842] BinFill/episode_19 succeeded with seed 5900 (attempt 0, 161.821s)
[275/1842] VideoUnmaskSwap/episode_20 succeeded with seed 7000 (attempt 0, 102.035s)
/data/hongzefu/robomme_benchmark_MotionJEPANewTask/.venv/lib/python3.11/site-packages/torch/cuda/__init__.py:63: FutureWarning: The pynvml package is deprecated. Please install nvidia-ml-py instead. If you did not install pynvml directly, please report this to the maintainers of the package that installed pynvml for you.
  import pynvml  # type: ignore[import]
[276/1842] BinFill/episode_21 succeeded with seed 6100 (attempt 0, 73.599s)
/data/hongzefu/robomme_benchmark_MotionJEPANewTask/.venv/lib/python3.11/site-packages/sapien/__init__.py:18: UserWarning: pkg_resources is deprecated as an API. See https://setuptools.pypa.io/en/latest/pkg_resources.html. The pkg_resources package is slated for removal as early as 2025-11-30. Refrain from using this package or pin to Setuptools<81.
  import pkg_resources
Warning: link 'camera_link' material 'aluminum' undefined.
         at line 85 in /workspace/urdfdom/urdf_parser/src/model.cpp
Warning: link 'camera_link' material 'aluminum' undefined.
         at line 85 in /workspace/urdfdom/urdf_parser/src/model.cpp
Warning: link 'camera_link' material 'aluminum' undefined.
         at line 85 in /workspace/urdfdom/urdf_parser/src/model.cpp
Warning: link 'camera_link' material 'aluminum' undefined.
         at line 85 in /workspace/urdfdom/urdf_parser/src/model.cpp
Warning: link 'camera_link' material 'aluminum' undefined.
         at line 85 in /workspace/urdfdom/urdf_parser/src/model.cpp
Warning: link 'camera_link' material 'aluminum' undefined.
         at line 85 in /workspace/urdfdom/urdf_parser/src/model.cpp
Warning: link 'camera_link' material 'aluminum' undefined.
         at line 85 in /workspace/urdfdom/urdf_parser/src/model.cpp
Warning: link 'camera_link' material 'aluminum' undefined.
         at line 85 in /workspace/urdfdom/urdf_parser/src/model.cpp
Warning: link 'camera_link' material 'aluminum' undefined.
         at line 85 in /workspace/urdfdom/urdf_parser/src/model.cpp
Warning: link 'camera_link' material 'aluminum' undefined.
         at line 85 in /workspace/urdfdom/urdf_parser/src/model.cpp
Warning: link 'camera_link' material 'aluminum' undefined.
         at line 85 in /workspace/urdfdom/urdf_parser/src/model.cpp
Warning: link 'camera_link' material 'aluminum' undefined.
         at line 85 in /workspace/urdfdom/urdf_parser/src/model.cpp
Warning: link 'camera_link' material 'aluminum' undefined.
         at line 85 in /workspace/urdfdom/urdf_parser/src/model.cpp
Warning: link 'camera_link' material 'aluminum' undefined.
         at line 85 in /workspace/urdfdom/urdf_parser/src/model.cpp
Warning: link 'camera_link' material 'aluminum' undefined.
         at line 85 in /workspace/urdfdom/urdf_parser/src/model.cpp
Warning: link 'camera_link' material 'aluminum' undefined.
         at line 85 in /workspace/urdfdom/urdf_parser/src/model.cpp
[277/1842] RouteStick/episode_19 succeeded with seed 17900 (attempt 0, 167.211s)
/data/hongzefu/robomme_benchmark_MotionJEPANewTask/.venv/lib/python3.11/site-packages/torch/cuda/__init__.py:63: FutureWarning: The pynvml package is deprecated. Please install nvidia-ml-py instead. If you did not install pynvml directly, please report this to the maintainers of the package that installed pynvml for you.
  import pynvml  # type: ignore[import]
/data/hongzefu/robomme_benchmark_MotionJEPANewTask/.venv/lib/python3.11/site-packages/sapien/__init__.py:18: UserWarning: pkg_resources is deprecated as an API. See https://setuptools.pypa.io/en/latest/pkg_resources.html. The pkg_resources package is slated for removal as early as 2025-11-30. Refrain from using this package or pin to Setuptools<81.
  import pkg_resources
/data/hongzefu/robomme_benchmark_MotionJEPANewTask/.venv/lib/python3.11/site-packages/torch/cuda/__init__.py:63: FutureWarning: The pynvml package is deprecated. Please install nvidia-ml-py instead. If you did not install pynvml directly, please report this to the maintainers of the package that installed pynvml for you.
  import pynvml  # type: ignore[import]
/data/hongzefu/robomme_benchmark_MotionJEPANewTask/.venv/lib/python3.11/site-packages/sapien/__init__.py:18: UserWarning: pkg_resources is deprecated as an API. See https://setuptools.pypa.io/en/latest/pkg_resources.html. The pkg_resources package is slated for removal as early as 2025-11-30. Refrain from using this package or pin to Setuptools<81.
  import pkg_resources
/data/hongzefu/robomme_benchmark_MotionJEPANewTask/.venv/lib/python3.11/site-packages/torch/cuda/__init__.py:63: FutureWarning: The pynvml package is deprecated. Please install nvidia-ml-py instead. If you did not install pynvml directly, please report this to the maintainers of the package that installed pynvml for you.
  import pynvml  # type: ignore[import]
/data/hongzefu/robomme_benchmark_MotionJEPANewTask/.venv/lib/python3.11/site-packages/sapien/__init__.py:18: UserWarning: pkg_resources is deprecated as an API. See https://setuptools.pypa.io/en/latest/pkg_resources.html. The pkg_resources package is slated for removal as early as 2025-11-30. Refrain from using this package or pin to Setuptools<81.
  import pkg_resources
[278/1842] VideoUnmaskSwap/episode_19 succeeded with seed 6900 (attempt 0, 152.211s)
[279/1842] BinFill/episode_20 succeeded with seed 6000 (attempt 0, 140.474s)
Warning: link 'camera_link' material 'aluminum' undefined.
         at line 85 in /workspace/urdfdom/urdf_parser/src/model.cpp
Warning: link 'camera_link' material 'aluminum' undefined.
         at line 85 in /workspace/urdfdom/urdf_parser/src/model.cpp
Warning: link 'camera_link' material 'aluminum' undefined.
         at line 85 in /workspace/urdfdom/urdf_parser/src/model.cpp
Warning: link 'camera_link' material 'aluminum' undefined.
         at line 85 in /workspace/urdfdom/urdf_parser/src/model.cpp
Warning: link 'camera_link' material 'aluminum' undefined.
         at line 85 in /workspace/urdfdom/urdf_parser/src/model.cpp
Warning: link 'camera_link' material 'aluminum' undefined.
         at line 85 in /workspace/urdfdom/urdf_parser/src/model.cpp
Warning: link 'camera_link' material 'aluminum' undefined.
         at line 85 in /workspace/urdfdom/urdf_parser/src/model.cpp
Warning: link 'camera_link' material 'aluminum' undefined.
         at line 85 in /workspace/urdfdom/urdf_parser/src/model.cpp
[280/1842] RouteStick/episode_20 succeeded with seed 18000 (attempt 0, 135.779s)
[281/1842] VideoUnmaskSwap/episode_21 succeeded with seed 7100 (attempt 0, 80.782s)
[282/1842] VideoUnmaskSwap/episode_21 succeeded with seed 7100 (attempt 0, 60.117s)
[283/1842] RouteStick/episode_20 succeeded with seed 18000 (attempt 0, 134.452s)
/data/hongzefu/robomme_benchmark_MotionJEPANewTask/.venv/lib/python3.11/site-packages/torch/cuda/__init__.py:63: FutureWarning: The pynvml package is deprecated. Please install nvidia-ml-py instead. If you did not install pynvml directly, please report this to the maintainers of the package that installed pynvml for you.
  import pynvml  # type: ignore[import]
/data/hongzefu/robomme_benchmark_MotionJEPANewTask/.venv/lib/python3.11/site-packages/sapien/__init__.py:18: UserWarning: pkg_resources is deprecated as an API. See https://setuptools.pypa.io/en/latest/pkg_resources.html. The pkg_resources package is slated for removal as early as 2025-11-30. Refrain from using this package or pin to Setuptools<81.
  import pkg_resources
Warning: link 'camera_link' material 'aluminum' undefined.
         at line 85 in /workspace/urdfdom/urdf_parser/src/model.cpp
Warning: link 'camera_link' material 'aluminum' undefined.
         at line 85 in /workspace/urdfdom/urdf_parser/src/model.cpp
Warning: link 'camera_link' material 'aluminum' undefined.
         at line 85 in /workspace/urdfdom/urdf_parser/src/model.cpp
Warning: link 'camera_link' material 'aluminum' undefined.
         at line 85 in /workspace/urdfdom/urdf_parser/src/model.cpp
Warning: link 'camera_link' material 'aluminum' undefined.
         at line 85 in /workspace/urdfdom/urdf_parser/src/model.cpp
Warning: link 'camera_link' material 'aluminum' undefined.
         at line 85 in /workspace/urdfdom/urdf_parser/src/model.cpp
Warning: link 'camera_link' material 'aluminum' undefined.
         at line 85 in /workspace/urdfdom/urdf_parser/src/model.cpp
Warning: link 'camera_link' material 'aluminum' undefined.
         at line 85 in /workspace/urdfdom/urdf_parser/src/model.cpp
[284/1842] RouteStick/episode_18 succeeded with seed 17800 (attempt 0, 215.688s)
Warning: link 'camera_link' material 'aluminum' undefined.
         at line 85 in /workspace/urdfdom/urdf_parser/src/model.cpp
Warning: link 'camera_link' material 'aluminum' undefined.
         at line 85 in /workspace/urdfdom/urdf_parser/src/model.cpp
Warning: link 'camera_link' material 'aluminum' undefined.
         at line 85 in /workspace/urdfdom/urdf_parser/src/model.cpp
Warning: link 'camera_link' material 'aluminum' undefined.
         at line 85 in /workspace/urdfdom/urdf_parser/src/model.cpp
Warning: link 'camera_link' material 'aluminum' undefined.
         at line 85 in /workspace/urdfdom/urdf_parser/src/model.cpp
Warning: link 'camera_link' material 'aluminum' undefined.
         at line 85 in /workspace/urdfdom/urdf_parser/src/model.cpp
Warning: link 'camera_link' material 'aluminum' undefined.
         at line 85 in /workspace/urdfdom/urdf_parser/src/model.cpp
Warning: link 'camera_link' material 'aluminum' undefined.
         at line 85 in /workspace/urdfdom/urdf_parser/src/model.cpp
/data/hongzefu/robomme_benchmark_MotionJEPANewTask/.venv/lib/python3.11/site-packages/torch/cuda/__init__.py:63: FutureWarning: The pynvml package is deprecated. Please install nvidia-ml-py instead. If you did not install pynvml directly, please report this to the maintainers of the package that installed pynvml for you.
  import pynvml  # type: ignore[import]
/data/hongzefu/robomme_benchmark_MotionJEPANewTask/.venv/lib/python3.11/site-packages/sapien/__init__.py:18: UserWarning: pkg_resources is deprecated as an API. See https://setuptools.pypa.io/en/latest/pkg_resources.html. The pkg_resources package is slated for removal as early as 2025-11-30. Refrain from using this package or pin to Setuptools<81.
  import pkg_resources
Warning: link 'camera_link' material 'aluminum' undefined.
         at line 85 in /workspace/urdfdom/urdf_parser/src/model.cpp
Warning: link 'camera_link' material 'aluminum' undefined.
         at line 85 in /workspace/urdfdom/urdf_parser/src/model.cpp
Warning: link 'camera_link' material 'aluminum' undefined.
         at line 85 in /workspace/urdfdom/urdf_parser/src/model.cpp
Warning: link 'camera_link' material 'aluminum' undefined.
         at line 85 in /workspace/urdfdom/urdf_parser/src/model.cpp
Warning: link 'camera_link' material 'aluminum' undefined.
         at line 85 in /workspace/urdfdom/urdf_parser/src/model.cpp
Warning: link 'camera_link' material 'aluminum' undefined.
         at line 85 in /workspace/urdfdom/urdf_parser/src/model.cpp
Warning: link 'camera_link' material 'aluminum' undefined.
         at line 85 in /workspace/urdfdom/urdf_parser/src/model.cpp
Warning: link 'camera_link' material 'aluminum' undefined.
         at line 85 in /workspace/urdfdom/urdf_parser/src/model.cpp
[285/1842] VideoRepick/episode_19 succeeded with seed 10900 (attempt 0, 184.008s)
[286/1842] BinFill/episode_21 succeeded with seed 6100 (attempt 0, 117.092s)
Warning: link 'camera_link' material 'aluminum' undefined.
         at line 85 in /workspace/urdfdom/urdf_parser/src/model.cpp
Warning: link 'camera_link' material 'aluminum' undefined.
         at line 85 in /workspace/urdfdom/urdf_parser/src/model.cpp
Warning: link 'camera_link' material 'aluminum' undefined.
         at line 85 in /workspace/urdfdom/urdf_parser/src/model.cpp
Warning: link 'camera_link' material 'aluminum' undefined.
         at line 85 in /workspace/urdfdom/urdf_parser/src/model.cpp
Warning: link 'camera_link' material 'aluminum' undefined.
         at line 85 in /workspace/urdfdom/urdf_parser/src/model.cpp
Warning: link 'camera_link' material 'aluminum' undefined.
         at line 85 in /workspace/urdfdom/urdf_parser/src/model.cpp
Warning: link 'camera_link' material 'aluminum' undefined.
         at line 85 in /workspace/urdfdom/urdf_parser/src/model.cpp
Warning: link 'camera_link' material 'aluminum' undefined.
         at line 85 in /workspace/urdfdom/urdf_parser/src/model.cpp
[287/1842] VideoUnmaskSwap/episode_21 succeeded with seed 7100 (attempt 0, 106.08s)
[288/1842] RouteStick/episode_21 succeeded with seed 18100 (attempt 0, 119.276s)
/data/hongzefu/robomme_benchmark_MotionJEPANewTask/.venv/lib/python3.11/site-packages/torch/cuda/__init__.py:63: FutureWarning: The pynvml package is deprecated. Please install nvidia-ml-py instead. If you did not install pynvml directly, please report this to the maintainers of the package that installed pynvml for you.
  import pynvml  # type: ignore[import]
/data/hongzefu/robomme_benchmark_MotionJEPANewTask/.venv/lib/python3.11/site-packages/sapien/__init__.py:18: UserWarning: pkg_resources is deprecated as an API. See https://setuptools.pypa.io/en/latest/pkg_resources.html. The pkg_resources package is slated for removal as early as 2025-11-30. Refrain from using this package or pin to Setuptools<81.
  import pkg_resources
/data/hongzefu/robomme_benchmark_MotionJEPANewTask/.venv/lib/python3.11/site-packages/torch/cuda/__init__.py:63: FutureWarning: The pynvml package is deprecated. Please install nvidia-ml-py instead. If you did not install pynvml directly, please report this to the maintainers of the package that installed pynvml for you.
  import pynvml  # type: ignore[import]
[289/1842] VideoRepick/episode_20 succeeded with seed 11000 (attempt 0, 144.873s)
/data/hongzefu/robomme_benchmark_MotionJEPANewTask/.venv/lib/python3.11/site-packages/sapien/__init__.py:18: UserWarning: pkg_resources is deprecated as an API. See https://setuptools.pypa.io/en/latest/pkg_resources.html. The pkg_resources package is slated for removal as early as 2025-11-30. Refrain from using this package or pin to Setuptools<81.
  import pkg_resources
/data/hongzefu/robomme_benchmark_MotionJEPANewTask/.venv/lib/python3.11/site-packages/torch/cuda/__init__.py:63: FutureWarning: The pynvml package is deprecated. Please install nvidia-ml-py instead. If you did not install pynvml directly, please report this to the maintainers of the package that installed pynvml for you.
  import pynvml  # type: ignore[import]
/data/hongzefu/robomme_benchmark_MotionJEPANewTask/.venv/lib/python3.11/site-packages/torch/cuda/__init__.py:63: FutureWarning: The pynvml package is deprecated. Please install nvidia-ml-py instead. If you did not install pynvml directly, please report this to the maintainers of the package that installed pynvml for you.
  import pynvml  # type: ignore[import]
/data/hongzefu/robomme_benchmark_MotionJEPANewTask/.venv/lib/python3.11/site-packages/sapien/__init__.py:18: UserWarning: pkg_resources is deprecated as an API. See https://setuptools.pypa.io/en/latest/pkg_resources.html. The pkg_resources package is slated for removal as early as 2025-11-30. Refrain from using this package or pin to Setuptools<81.
  import pkg_resources
/data/hongzefu/robomme_benchmark_MotionJEPANewTask/.venv/lib/python3.11/site-packages/sapien/__init__.py:18: UserWarning: pkg_resources is deprecated as an API. See https://setuptools.pypa.io/en/latest/pkg_resources.html. The pkg_resources package is slated for removal as early as 2025-11-30. Refrain from using this package or pin to Setuptools<81.
  import pkg_resources
/data/hongzefu/robomme_benchmark_MotionJEPANewTask/.venv/lib/python3.11/site-packages/torch/cuda/__init__.py:63: FutureWarning: The pynvml package is deprecated. Please install nvidia-ml-py instead. If you did not install pynvml directly, please report this to the maintainers of the package that installed pynvml for you.
  import pynvml  # type: ignore[import]
[290/1842] VideoUnmaskSwap/episode_22 succeeded with seed 7200 (attempt 0, 66.245s)
/data/hongzefu/robomme_benchmark_MotionJEPANewTask/.venv/lib/python3.11/site-packages/sapien/__init__.py:18: UserWarning: pkg_resources is deprecated as an API. See https://setuptools.pypa.io/en/latest/pkg_resources.html. The pkg_resources package is slated for removal as early as 2025-11-30. Refrain from using this package or pin to Setuptools<81.
  import pkg_resources
[291/1842] VideoUnmaskSwap/episode_20 succeeded with seed 7000 (attempt 0, 130.785s)
[292/1842] BinFill/episode_21 succeeded with seed 6100 (attempt 0, 139.824s)
[293/1842] RouteStick/episode_22 succeeded with seed 18200 (attempt 0, 98.214s)
[294/1842] VideoUnmaskSwap/episode_22 succeeded with seed 7200 (attempt 0, 77.531s)
/data/hongzefu/robomme_benchmark_MotionJEPANewTask/.venv/lib/python3.11/site-packages/torch/cuda/__init__.py:63: FutureWarning: The pynvml package is deprecated. Please install nvidia-ml-py instead. If you did not install pynvml directly, please report this to the maintainers of the package that installed pynvml for you.
  import pynvml  # type: ignore[import]
/data/hongzefu/robomme_benchmark_MotionJEPANewTask/.venv/lib/python3.11/site-packages/sapien/__init__.py:18: UserWarning: pkg_resources is deprecated as an API. See https://setuptools.pypa.io/en/latest/pkg_resources.html. The pkg_resources package is slated for removal as early as 2025-11-30. Refrain from using this package or pin to Setuptools<81.
  import pkg_resources
[295/1842] VideoRepick/episode_20 succeeded with seed 11000 (attempt 0, 174.367s)
[296/1842] VideoUnmaskSwap/episode_21 succeeded with seed 7100 (attempt 0, 122.098s)
[297/1842] VideoRepick/episode_20 succeeded with seed 11000 (attempt 0, 151.368s)
/data/hongzefu/robomme_benchmark_MotionJEPANewTask/.venv/lib/python3.11/site-packages/torch/cuda/__init__.py:63: FutureWarning: The pynvml package is deprecated. Please install nvidia-ml-py instead. If you did not install pynvml directly, please report this to the maintainers of the package that installed pynvml for you.
  import pynvml  # type: ignore[import]
/data/hongzefu/robomme_benchmark_MotionJEPANewTask/.venv/lib/python3.11/site-packages/sapien/__init__.py:18: UserWarning: pkg_resources is deprecated as an API. See https://setuptools.pypa.io/en/latest/pkg_resources.html. The pkg_resources package is slated for removal as early as 2025-11-30. Refrain from using this package or pin to Setuptools<81.
  import pkg_resources
[298/1842] BinFill/episode_22 succeeded with seed 6200 (attempt 0, 102.213s)
[299/1842] VideoUnmaskSwap/episode_22 succeeded with seed 7200 (attempt 0, 94.775s)
[300/1842] BinFill/episode_23 succeeded with seed 6300 (attempt 0, 72.951s)
[301/1842] RouteStick/episode_21 succeeded with seed 18100 (attempt 0, 158.411s)
[302/1842] RouteStick/episode_19 succeeded with seed 17900 (attempt 0, 240.702s)
Warning: link 'camera_link' material 'aluminum' undefined.
         at line 85 in /workspace/urdfdom/urdf_parser/src/model.cpp
Warning: link 'camera_link' material 'aluminum' undefined.
         at line 85 in /workspace/urdfdom/urdf_parser/src/model.cpp
Warning: link 'camera_link' material 'aluminum' undefined.
         at line 85 in /workspace/urdfdom/urdf_parser/src/model.cpp
Warning: link 'camera_link' material 'aluminum' undefined.
         at line 85 in /workspace/urdfdom/urdf_parser/src/model.cpp
Warning: link 'camera_link' material 'aluminum' undefined.
         at line 85 in /workspace/urdfdom/urdf_parser/src/model.cpp
Warning: link 'camera_link' material 'aluminum' undefined.
         at line 85 in /workspace/urdfdom/urdf_parser/src/model.cpp
Warning: link 'camera_link' material 'aluminum' undefined.
         at line 85 in /workspace/urdfdom/urdf_parser/src/model.cpp
Warning: link 'camera_link' material 'aluminum' undefined.
         at line 85 in /workspace/urdfdom/urdf_parser/src/model.cpp
[303/1842] BinFill/episode_20 succeeded with seed 6000 (attempt 0, 206.297s)
/data/hongzefu/robomme_benchmark_MotionJEPANewTask/.venv/lib/python3.11/site-packages/torch/cuda/__init__.py:63: FutureWarning: The pynvml package is deprecated. Please install nvidia-ml-py instead. If you did not install pynvml directly, please report this to the maintainers of the package that installed pynvml for you.
  import pynvml  # type: ignore[import]
/data/hongzefu/robomme_benchmark_MotionJEPANewTask/.venv/lib/python3.11/site-packages/sapien/__init__.py:18: UserWarning: pkg_resources is deprecated as an API. See https://setuptools.pypa.io/en/latest/pkg_resources.html. The pkg_resources package is slated for removal as early as 2025-11-30. Refrain from using this package or pin to Setuptools<81.
  import pkg_resources
[304/1842] VideoRepick/episode_21 succeeded with seed 11100 (attempt 0, 137.212s)
Warning: link 'camera_link' material 'aluminum' undefined.
         at line 85 in /workspace/urdfdom/urdf_parser/src/model.cpp
Warning: link 'camera_link' material 'aluminum' undefined.
         at line 85 in /workspace/urdfdom/urdf_parser/src/model.cpp
Warning: link 'camera_link' material 'aluminum' undefined.
         at line 85 in /workspace/urdfdom/urdf_parser/src/model.cpp
Warning: link 'camera_link' material 'aluminum' undefined.
         at line 85 in /workspace/urdfdom/urdf_parser/src/model.cpp
Warning: link 'camera_link' material 'aluminum' undefined.
         at line 85 in /workspace/urdfdom/urdf_parser/src/model.cpp
Warning: link 'camera_link' material 'aluminum' undefined.
         at line 85 in /workspace/urdfdom/urdf_parser/src/model.cpp
Warning: link 'camera_link' material 'aluminum' undefined.
         at line 85 in /workspace/urdfdom/urdf_parser/src/model.cpp
Warning: link 'camera_link' material 'aluminum' undefined.
         at line 85 in /workspace/urdfdom/urdf_parser/src/model.cpp
/data/hongzefu/robomme_benchmark_MotionJEPANewTask/.venv/lib/python3.11/site-packages/torch/cuda/__init__.py:63: FutureWarning: The pynvml package is deprecated. Please install nvidia-ml-py instead. If you did not install pynvml directly, please report this to the maintainers of the package that installed pynvml for you.
  import pynvml  # type: ignore[import]
/data/hongzefu/robomme_benchmark_MotionJEPANewTask/.venv/lib/python3.11/site-packages/sapien/__init__.py:18: UserWarning: pkg_resources is deprecated as an API. See https://setuptools.pypa.io/en/latest/pkg_resources.html. The pkg_resources package is slated for removal as early as 2025-11-30. Refrain from using this package or pin to Setuptools<81.
  import pkg_resources
[305/1842] VideoUnmaskSwap/episode_23 succeeded with seed 7300 (attempt 0, 57.484s)
[306/1842] BinFill/episode_22 succeeded with seed 6200 (attempt 0, 130.897s)
Warning: link 'camera_link' material 'aluminum' undefined.
         at line 85 in /workspace/urdfdom/urdf_parser/src/model.cpp
Warning: link 'camera_link' material 'aluminum' undefined.
         at line 85 in /workspace/urdfdom/urdf_parser/src/model.cpp
Warning: link 'camera_link' material 'aluminum' undefined.
         at line 85 in /workspace/urdfdom/urdf_parser/src/model.cpp
Warning: link 'camera_link' material 'aluminum' undefined.
         at line 85 in /workspace/urdfdom/urdf_parser/src/model.cpp
Warning: link 'camera_link' material 'aluminum' undefined.
         at line 85 in /workspace/urdfdom/urdf_parser/src/model.cpp
Warning: link 'camera_link' material 'aluminum' undefined.
         at line 85 in /workspace/urdfdom/urdf_parser/src/model.cpp
Warning: link 'camera_link' material 'aluminum' undefined.
         at line 85 in /workspace/urdfdom/urdf_parser/src/model.cpp
Warning: link 'camera_link' material 'aluminum' undefined.
         at line 85 in /workspace/urdfdom/urdf_parser/src/model.cpp
[307/1842] VideoRepick/episode_21 succeeded with seed 11100 (attempt 0, 153.431s)
Warning: link 'camera_link' material 'aluminum' undefined.
         at line 85 in /workspace/urdfdom/urdf_parser/src/model.cpp
Warning: link 'camera_link' material 'aluminum' undefined.
         at line 85 in /workspace/urdfdom/urdf_parser/src/model.cpp
Warning: link 'camera_link' material 'aluminum' undefined.
         at line 85 in /workspace/urdfdom/urdf_parser/src/model.cpp
Warning: link 'camera_link' material 'aluminum' undefined.
         at line 85 in /workspace/urdfdom/urdf_parser/src/model.cpp
Warning: link 'camera_link' material 'aluminum' undefined.
         at line 85 in /workspace/urdfdom/urdf_parser/src/model.cpp
Warning: link 'camera_link' material 'aluminum' undefined.
         at line 85 in /workspace/urdfdom/urdf_parser/src/model.cpp
Warning: link 'camera_link' material 'aluminum' undefined.
         at line 85 in /workspace/urdfdom/urdf_parser/src/model.cpp
Warning: link 'camera_link' material 'aluminum' undefined.
         at line 85 in /workspace/urdfdom/urdf_parser/src/model.cpp
[308/1842] RouteStick/episode_23 succeeded with seed 18300 (attempt 0, 96.882s)
/data/hongzefu/robomme_benchmark_MotionJEPANewTask/.venv/lib/python3.11/site-packages/torch/cuda/__init__.py:63: FutureWarning: The pynvml package is deprecated. Please install nvidia-ml-py instead. If you did not install pynvml directly, please report this to the maintainers of the package that installed pynvml for you.
  import pynvml  # type: ignore[import]
/data/hongzefu/robomme_benchmark_MotionJEPANewTask/.venv/lib/python3.11/site-packages/sapien/__init__.py:18: UserWarning: pkg_resources is deprecated as an API. See https://setuptools.pypa.io/en/latest/pkg_resources.html. The pkg_resources package is slated for removal as early as 2025-11-30. Refrain from using this package or pin to Setuptools<81.
  import pkg_resources
[309/1842] VideoRepick/episode_21 succeeded with seed 11100 (attempt 0, 150.216s)
[310/1842] VideoRepick/episode_22 succeeded with seed 11200 (attempt 0, 119.637s)
screw plan failed
screw plan failed
screw plan failed
screw plan failed
screw plan failed
screw plan failed
Warning: link 'camera_link' material 'aluminum' undefined.
         at line 85 in /workspace/urdfdom/urdf_parser/src/model.cpp
Warning: link 'camera_link' material 'aluminum' undefined.
         at line 85 in /workspace/urdfdom/urdf_parser/src/model.cpp
Warning: link 'camera_link' material 'aluminum' undefined.
         at line 85 in /workspace/urdfdom/urdf_parser/src/model.cpp
Warning: link 'camera_link' material 'aluminum' undefined.
         at line 85 in /workspace/urdfdom/urdf_parser/src/model.cpp
Warning: link 'camera_link' material 'aluminum' undefined.
         at line 85 in /workspace/urdfdom/urdf_parser/src/model.cpp
Warning: link 'camera_link' material 'aluminum' undefined.
         at line 85 in /workspace/urdfdom/urdf_parser/src/model.cpp
Warning: link 'camera_link' material 'aluminum' undefined.
         at line 85 in /workspace/urdfdom/urdf_parser/src/model.cpp
Warning: link 'camera_link' material 'aluminum' undefined.
         at line 85 in /workspace/urdfdom/urdf_parser/src/model.cpp
[311/1842] RouteStick/episode_22 succeeded with seed 18200 (attempt 0, 132.268s)
/data/hongzefu/robomme_benchmark_MotionJEPANewTask/.venv/lib/python3.11/site-packages/torch/cuda/__init__.py:63: FutureWarning: The pynvml package is deprecated. Please install nvidia-ml-py instead. If you did not install pynvml directly, please report this to the maintainers of the package that installed pynvml for you.
  import pynvml  # type: ignore[import]
[312/1842] VideoUnmaskSwap/episode_22 succeeded with seed 7200 (attempt 0, 109.442s)
/data/hongzefu/robomme_benchmark_MotionJEPANewTask/.venv/lib/python3.11/site-packages/sapien/__init__.py:18: UserWarning: pkg_resources is deprecated as an API. See https://setuptools.pypa.io/en/latest/pkg_resources.html. The pkg_resources package is slated for removal as early as 2025-11-30. Refrain from using this package or pin to Setuptools<81.
  import pkg_resources
[313/1842] RouteStick/episode_21 succeeded with seed 18100 (attempt 0, 191.294s)
[314/1842] RouteStick/episode_22 succeeded with seed 18200 (attempt 0, 149.998s)
[315/1842] VideoUnmaskSwap/episode_23 succeeded with seed 7300 (attempt 0, 69.553s)
[316/1842] RouteStick/episode_20 succeeded with seed 18000 (attempt 0, 230.14s)
Warning: link 'camera_link' material 'aluminum' undefined.
         at line 85 in /workspace/urdfdom/urdf_parser/src/model.cpp
Warning: link 'camera_link' material 'aluminum' undefined.
         at line 85 in /workspace/urdfdom/urdf_parser/src/model.cpp
Warning: link 'camera_link' material 'aluminum' undefined.
         at line 85 in /workspace/urdfdom/urdf_parser/src/model.cpp
Warning: link 'camera_link' material 'aluminum' undefined.
         at line 85 in /workspace/urdfdom/urdf_parser/src/model.cpp
Warning: link 'camera_link' material 'aluminum' undefined.
         at line 85 in /workspace/urdfdom/urdf_parser/src/model.cpp
Warning: link 'camera_link' material 'aluminum' undefined.
         at line 85 in /workspace/urdfdom/urdf_parser/src/model.cpp
Warning: link 'camera_link' material 'aluminum' undefined.
         at line 85 in /workspace/urdfdom/urdf_parser/src/model.cpp
Warning: link 'camera_link' material 'aluminum' undefined.
         at line 85 in /workspace/urdfdom/urdf_parser/src/model.cpp
Warning: link 'camera_link' material 'aluminum' undefined.
         at line 85 in /workspace/urdfdom/urdf_parser/src/model.cpp
Warning: link 'camera_link' material 'aluminum' undefined.
         at line 85 in /workspace/urdfdom/urdf_parser/src/model.cpp
Warning: link 'camera_link' material 'aluminum' undefined.
         at line 85 in /workspace/urdfdom/urdf_parser/src/model.cpp
Warning: link 'camera_link' material 'aluminum' undefined.
         at line 85 in /workspace/urdfdom/urdf_parser/src/model.cpp
Warning: link 'camera_link' material 'aluminum' undefined.
         at line 85 in /workspace/urdfdom/urdf_parser/src/model.cpp
Warning: link 'camera_link' material 'aluminum' undefined.
         at line 85 in /workspace/urdfdom/urdf_parser/src/model.cpp
Warning: link 'camera_link' material 'aluminum' undefined.
         at line 85 in /workspace/urdfdom/urdf_parser/src/model.cpp
Warning: link 'camera_link' material 'aluminum' undefined.
         at line 85 in /workspace/urdfdom/urdf_parser/src/model.cpp
[317/1842] BinFill/episode_23 succeeded with seed 6300 (attempt 0, 124.801s)
Warning: link 'camera_link' material 'aluminum' undefined.
         at line 85 in /workspace/urdfdom/urdf_parser/src/model.cpp
Warning: link 'camera_link' material 'aluminum' undefined.
         at line 85 in /workspace/urdfdom/urdf_parser/src/model.cpp
Warning: link 'camera_link' material 'aluminum' undefined.
         at line 85 in /workspace/urdfdom/urdf_parser/src/model.cpp
Warning: link 'camera_link' material 'aluminum' undefined.
         at line 85 in /workspace/urdfdom/urdf_parser/src/model.cpp
Warning: link 'camera_link' material 'aluminum' undefined.
         at line 85 in /workspace/urdfdom/urdf_parser/src/model.cpp
Warning: link 'camera_link' material 'aluminum' undefined.
         at line 85 in /workspace/urdfdom/urdf_parser/src/model.cpp
Warning: link 'camera_link' material 'aluminum' undefined.
         at line 85 in /workspace/urdfdom/urdf_parser/src/model.cpp
Warning: link 'camera_link' material 'aluminum' undefined.
         at line 85 in /workspace/urdfdom/urdf_parser/src/model.cpp
[318/1842] VideoRepick/episode_22 succeeded with seed 11200 (attempt 0, 138.461s)
[319/1842] VideoUnmaskSwap/episode_24 succeeded with seed 7400 (attempt 0, 65.218s)
[320/1842] RouteStick/episode_23 succeeded with seed 18300 (attempt 0, 124.174s)
[321/1842] VideoUnmaskSwap/episode_24 succeeded with seed 7400 (attempt 0, 69.471s)
[322/1842] VideoUnmaskSwap/episode_23 succeeded with seed 7300 (attempt 0, 94.385s)
Warning: link 'camera_link' material 'aluminum' undefined.
         at line 85 in /workspace/urdfdom/urdf_parser/src/model.cpp
Warning: link 'camera_link' material 'aluminum' undefined.
         at line 85 in /workspace/urdfdom/urdf_parser/src/model.cpp
Warning: link 'camera_link' material 'aluminum' undefined.
         at line 85 in /workspace/urdfdom/urdf_parser/src/model.cpp
Warning: link 'camera_link' material 'aluminum' undefined.
         at line 85 in /workspace/urdfdom/urdf_parser/src/model.cpp
Warning: link 'camera_link' material 'aluminum' undefined.
         at line 85 in /workspace/urdfdom/urdf_parser/src/model.cpp
Warning: link 'camera_link' material 'aluminum' undefined.
         at line 85 in /workspace/urdfdom/urdf_parser/src/model.cpp
Warning: link 'camera_link' material 'aluminum' undefined.
         at line 85 in /workspace/urdfdom/urdf_parser/src/model.cpp
Warning: link 'camera_link' material 'aluminum' undefined.
         at line 85 in /workspace/urdfdom/urdf_parser/src/model.cpp
[323/1842] VideoRepick/episode_22 succeeded with seed 11200 (attempt 0, 154.782s)
[324/1842] BinFill/episode_22 succeeded with seed 6200 (attempt 0, 173.388s)
/data/hongzefu/robomme_benchmark_MotionJEPANewTask/.venv/lib/python3.11/site-packages/torch/cuda/__init__.py:63: FutureWarning: The pynvml package is deprecated. Please install nvidia-ml-py instead. If you did not install pynvml directly, please report this to the maintainers of the package that installed pynvml for you.
  import pynvml  # type: ignore[import]
/data/hongzefu/robomme_benchmark_MotionJEPANewTask/.venv/lib/python3.11/site-packages/sapien/__init__.py:18: UserWarning: pkg_resources is deprecated as an API. See https://setuptools.pypa.io/en/latest/pkg_resources.html. The pkg_resources package is slated for removal as early as 2025-11-30. Refrain from using this package or pin to Setuptools<81.
  import pkg_resources
[325/1842] VideoRepick/episode_23 succeeded with seed 11300 (attempt 0, 112.029s)
[326/1842] BinFill/episode_24 succeeded with seed 6400 (attempt 0, 97.046s)
[327/1842] RouteStick/episode_21 succeeded with seed 18100 (attempt 0, 201.721s)
/data/hongzefu/robomme_benchmark_MotionJEPANewTask/.venv/lib/python3.11/site-packages/torch/cuda/__init__.py:63: FutureWarning: The pynvml package is deprecated. Please install nvidia-ml-py instead. If you did not install pynvml directly, please report this to the maintainers of the package that installed pynvml for you.
  import pynvml  # type: ignore[import]
/data/hongzefu/robomme_benchmark_MotionJEPANewTask/.venv/lib/python3.11/site-packages/sapien/__init__.py:18: UserWarning: pkg_resources is deprecated as an API. See https://setuptools.pypa.io/en/latest/pkg_resources.html. The pkg_resources package is slated for removal as early as 2025-11-30. Refrain from using this package or pin to Setuptools<81.
  import pkg_resources
[328/1842] BinFill/episode_24 succeeded with seed 6400 (attempt 0, 105.374s)
Warning: link 'camera_link' material 'aluminum' undefined.
         at line 85 in /workspace/urdfdom/urdf_parser/src/model.cpp
Warning: link 'camera_link' material 'aluminum' undefined.
         at line 85 in /workspace/urdfdom/urdf_parser/src/model.cpp
Warning: link 'camera_link' material 'aluminum' undefined.
         at line 85 in /workspace/urdfdom/urdf_parser/src/model.cpp
Warning: link 'camera_link' material 'aluminum' undefined.
         at line 85 in /workspace/urdfdom/urdf_parser/src/model.cpp
Warning: link 'camera_link' material 'aluminum' undefined.
         at line 85 in /workspace/urdfdom/urdf_parser/src/model.cpp
Warning: link 'camera_link' material 'aluminum' undefined.
         at line 85 in /workspace/urdfdom/urdf_parser/src/model.cpp
Warning: link 'camera_link' material 'aluminum' undefined.
         at line 85 in /workspace/urdfdom/urdf_parser/src/model.cpp
Warning: link 'camera_link' material 'aluminum' undefined.
         at line 85 in /workspace/urdfdom/urdf_parser/src/model.cpp
[329/1842] VideoUnmaskSwap/episode_25 succeeded with seed 7500 (attempt 0, 57.117s)
[330/1842] VideoUnmaskSwap/episode_23 succeeded with seed 7300 (attempt 0, 128.341s)
[331/1842] RouteStick/episode_23 succeeded with seed 18300 (attempt 0, 167.649s)
/data/hongzefu/robomme_benchmark_MotionJEPANewTask/.venv/lib/python3.11/site-packages/torch/cuda/__init__.py:63: FutureWarning: The pynvml package is deprecated. Please install nvidia-ml-py instead. If you did not install pynvml directly, please report this to the maintainers of the package that installed pynvml for you.
  import pynvml  # type: ignore[import]
/data/hongzefu/robomme_benchmark_MotionJEPANewTask/.venv/lib/python3.11/site-packages/sapien/__init__.py:18: UserWarning: pkg_resources is deprecated as an API. See https://setuptools.pypa.io/en/latest/pkg_resources.html. The pkg_resources package is slated for removal as early as 2025-11-30. Refrain from using this package or pin to Setuptools<81.
  import pkg_resources
Warning: link 'camera_link' material 'aluminum' undefined.
         at line 85 in /workspace/urdfdom/urdf_parser/src/model.cpp
Warning: link 'camera_link' material 'aluminum' undefined.
         at line 85 in /workspace/urdfdom/urdf_parser/src/model.cpp
Warning: link 'camera_link' material 'aluminum' undefined.
         at line 85 in /workspace/urdfdom/urdf_parser/src/model.cpp
Warning: link 'camera_link' material 'aluminum' undefined.
         at line 85 in /workspace/urdfdom/urdf_parser/src/model.cpp
Warning: link 'camera_link' material 'aluminum' undefined.
         at line 85 in /workspace/urdfdom/urdf_parser/src/model.cpp
Warning: link 'camera_link' material 'aluminum' undefined.
         at line 85 in /workspace/urdfdom/urdf_parser/src/model.cpp
Warning: link 'camera_link' material 'aluminum' undefined.
         at line 85 in /workspace/urdfdom/urdf_parser/src/model.cpp
Warning: link 'camera_link' material 'aluminum' undefined.
         at line 85 in /workspace/urdfdom/urdf_parser/src/model.cpp
[332/1842] VideoRepick/episode_23 succeeded with seed 11300 (attempt 0, 126.367s)
/data/hongzefu/robomme_benchmark_MotionJEPANewTask/.venv/lib/python3.11/site-packages/torch/cuda/__init__.py:63: FutureWarning: The pynvml package is deprecated. Please install nvidia-ml-py instead. If you did not install pynvml directly, please report this to the maintainers of the package that installed pynvml for you.
  import pynvml  # type: ignore[import]
/data/hongzefu/robomme_benchmark_MotionJEPANewTask/.venv/lib/python3.11/site-packages/sapien/__init__.py:18: UserWarning: pkg_resources is deprecated as an API. See https://setuptools.pypa.io/en/latest/pkg_resources.html. The pkg_resources package is slated for removal as early as 2025-11-30. Refrain from using this package or pin to Setuptools<81.
  import pkg_resources
Warning: link 'camera_link' material 'aluminum' undefined.
         at line 85 in /workspace/urdfdom/urdf_parser/src/model.cpp
Warning: link 'camera_link' material 'aluminum' undefined.
         at line 85 in /workspace/urdfdom/urdf_parser/src/model.cpp
Warning: link 'camera_link' material 'aluminum' undefined.
         at line 85 in /workspace/urdfdom/urdf_parser/src/model.cpp
Warning: link 'camera_link' material 'aluminum' undefined.
         at line 85 in /workspace/urdfdom/urdf_parser/src/model.cpp
Warning: link 'camera_link' material 'aluminum' undefined.
         at line 85 in /workspace/urdfdom/urdf_parser/src/model.cpp
Warning: link 'camera_link' material 'aluminum' undefined.
         at line 85 in /workspace/urdfdom/urdf_parser/src/model.cpp
Warning: link 'camera_link' material 'aluminum' undefined.
         at line 85 in /workspace/urdfdom/urdf_parser/src/model.cpp
Warning: link 'camera_link' material 'aluminum' undefined.
         at line 85 in /workspace/urdfdom/urdf_parser/src/model.cpp
[333/1842] RouteStick/episode_24 succeeded with seed 18400 (attempt 0, 111.422s)
[334/1842] VideoUnmaskSwap/episode_24 succeeded with seed 7400 (attempt 0, 111.493s)
    BinFill/episode_23 用尽 1 次 attempt，放弃
/data/hongzefu/robomme_benchmark_MotionJEPANewTask/.venv/lib/python3.11/site-packages/torch/cuda/__init__.py:63: FutureWarning: The pynvml package is deprecated. Please install nvidia-ml-py instead. If you did not install pynvml directly, please report this to the maintainers of the package that installed pynvml for you.
  import pynvml  # type: ignore[import]
/data/hongzefu/robomme_benchmark_MotionJEPANewTask/.venv/lib/python3.11/site-packages/sapien/__init__.py:18: UserWarning: pkg_resources is deprecated as an API. See https://setuptools.pypa.io/en/latest/pkg_resources.html. The pkg_resources package is slated for removal as early as 2025-11-30. Refrain from using this package or pin to Setuptools<81.
  import pkg_resources
[335/1842] RouteStick/episode_22 succeeded with seed 18200 (attempt 0, 197.751s)
/data/hongzefu/robomme_benchmark_MotionJEPANewTask/.venv/lib/python3.11/site-packages/torch/cuda/__init__.py:63: FutureWarning: The pynvml package is deprecated. Please install nvidia-ml-py instead. If you did not install pynvml directly, please report this to the maintainers of the package that installed pynvml for you.
  import pynvml  # type: ignore[import]
/data/hongzefu/robomme_benchmark_MotionJEPANewTask/.venv/lib/python3.11/site-packages/sapien/__init__.py:18: UserWarning: pkg_resources is deprecated as an API. See https://setuptools.pypa.io/en/latest/pkg_resources.html. The pkg_resources package is slated for removal as early as 2025-11-30. Refrain from using this package or pin to Setuptools<81.
  import pkg_resources
[336/1842] VideoUnmaskSwap/episode_24 succeeded with seed 7400 (attempt 0, 110.541s)
Warning: link 'camera_link' material 'aluminum' undefined.
         at line 85 in /workspace/urdfdom/urdf_parser/src/model.cpp
Warning: link 'camera_link' material 'aluminum' undefined.
         at line 85 in /workspace/urdfdom/urdf_parser/src/model.cpp
Warning: link 'camera_link' material 'aluminum' undefined.
         at line 85 in /workspace/urdfdom/urdf_parser/src/model.cpp
Warning: link 'camera_link' material 'aluminum' undefined.
         at line 85 in /workspace/urdfdom/urdf_parser/src/model.cpp
Warning: link 'camera_link' material 'aluminum' undefined.
         at line 85 in /workspace/urdfdom/urdf_parser/src/model.cpp
Warning: link 'camera_link' material 'aluminum' undefined.
         at line 85 in /workspace/urdfdom/urdf_parser/src/model.cpp
Warning: link 'camera_link' material 'aluminum' undefined.
         at line 85 in /workspace/urdfdom/urdf_parser/src/model.cpp
Warning: link 'camera_link' material 'aluminum' undefined.
         at line 85 in /workspace/urdfdom/urdf_parser/src/model.cpp
[337/1842] VideoUnmaskSwap/episode_25 succeeded with seed 7500 (attempt 0, 95.442s)
[338/1842] RouteStick/episode_25 succeeded with seed 18500 (attempt 0, 104.973s)
[339/1842] RouteStick/episode_24 succeeded with seed 18400 (attempt 0, 143.703s)
[340/1842] VideoRepick/episode_24 succeeded with seed 11400 (attempt 0, 136.858s)
[341/1842] VideoRepick/episode_23 succeeded with seed 11300 (attempt 0, 160.51s)
[342/1842] RouteStick/episode_24 succeeded with seed 18400 (attempt 0, 141.529s)
/data/hongzefu/robomme_benchmark_MotionJEPANewTask/.venv/lib/python3.11/site-packages/torch/cuda/__init__.py:63: FutureWarning: The pynvml package is deprecated. Please install nvidia-ml-py instead. If you did not install pynvml directly, please report this to the maintainers of the package that installed pynvml for you.
  import pynvml  # type: ignore[import]
/data/hongzefu/robomme_benchmark_MotionJEPANewTask/.venv/lib/python3.11/site-packages/sapien/__init__.py:18: UserWarning: pkg_resources is deprecated as an API. See https://setuptools.pypa.io/en/latest/pkg_resources.html. The pkg_resources package is slated for removal as early as 2025-11-30. Refrain from using this package or pin to Setuptools<81.
  import pkg_resources
[343/1842] VideoUnmaskSwap/episode_25 succeeded with seed 7500 (attempt 0, 106.139s)
Warning: link 'camera_link' material 'aluminum' undefined.
         at line 85 in /workspace/urdfdom/urdf_parser/src/model.cpp
Warning: link 'camera_link' material 'aluminum' undefined.
         at line 85 in /workspace/urdfdom/urdf_parser/src/model.cpp
Warning: link 'camera_link' material 'aluminum' undefined.
         at line 85 in /workspace/urdfdom/urdf_parser/src/model.cpp
Warning: link 'camera_link' material 'aluminum' undefined.
         at line 85 in /workspace/urdfdom/urdf_parser/src/model.cpp
Warning: link 'camera_link' material 'aluminum' undefined.
         at line 85 in /workspace/urdfdom/urdf_parser/src/model.cpp
Warning: link 'camera_link' material 'aluminum' undefined.
         at line 85 in /workspace/urdfdom/urdf_parser/src/model.cpp
Warning: link 'camera_link' material 'aluminum' undefined.
         at line 85 in /workspace/urdfdom/urdf_parser/src/model.cpp
Warning: link 'camera_link' material 'aluminum' undefined.
         at line 85 in /workspace/urdfdom/urdf_parser/src/model.cpp
[344/1842] VideoRepick/episode_24 succeeded with seed 11400 (attempt 0, 144.16s)
Warning: link 'camera_link' material 'aluminum' undefined.
         at line 85 in /workspace/urdfdom/urdf_parser/src/model.cpp
Warning: link 'camera_link' material 'aluminum' undefined.
         at line 85 in /workspace/urdfdom/urdf_parser/src/model.cpp
Warning: link 'camera_link' material 'aluminum' undefined.
         at line 85 in /workspace/urdfdom/urdf_parser/src/model.cpp
Warning: link 'camera_link' material 'aluminum' undefined.
         at line 85 in /workspace/urdfdom/urdf_parser/src/model.cpp
Warning: link 'camera_link' material 'aluminum' undefined.
         at line 85 in /workspace/urdfdom/urdf_parser/src/model.cpp
Warning: link 'camera_link' material 'aluminum' undefined.
         at line 85 in /workspace/urdfdom/urdf_parser/src/model.cpp
Warning: link 'camera_link' material 'aluminum' undefined.
         at line 85 in /workspace/urdfdom/urdf_parser/src/model.cpp
Warning: link 'camera_link' material 'aluminum' undefined.
         at line 85 in /workspace/urdfdom/urdf_parser/src/model.cpp
Warning: link 'camera_link' material 'aluminum' undefined.
         at line 85 in /workspace/urdfdom/urdf_parser/src/model.cpp
Warning: link 'camera_link' material 'aluminum' undefined.
         at line 85 in /workspace/urdfdom/urdf_parser/src/model.cpp
Warning: link 'camera_link' material 'aluminum' undefined.
         at line 85 in /workspace/urdfdom/urdf_parser/src/model.cpp
Warning: link 'camera_link' material 'aluminum' undefined.
         at line 85 in /workspace/urdfdom/urdf_parser/src/model.cpp
Warning: link 'camera_link' material 'aluminum' undefined.
         at line 85 in /workspace/urdfdom/urdf_parser/src/model.cpp
Warning: link 'camera_link' material 'aluminum' undefined.
         at line 85 in /workspace/urdfdom/urdf_parser/src/model.cpp
Warning: link 'camera_link' material 'aluminum' undefined.
         at line 85 in /workspace/urdfdom/urdf_parser/src/model.cpp
Warning: link 'camera_link' material 'aluminum' undefined.
         at line 85 in /workspace/urdfdom/urdf_parser/src/model.cpp
[345/1842] RouteStick/episode_25 succeeded with seed 18500 (attempt 0, 125.388s)
[346/1842] VideoUnmaskSwap/episode_26 succeeded with seed 7600 (attempt 0, 65.517s)
[347/1842] BinFill/episode_25 succeeded with seed 6500 (attempt 0, 134.241s)
[348/1842] BinFill/episode_24 succeeded with seed 6400 (attempt 0, 171.246s)
[349/1842] BinFill/episode_25 succeeded with seed 6500 (attempt 0, 139.532s)
[350/1842] RouteStick/episode_26 succeeded with seed 18600 (attempt 0, 94.592s)
[351/1842] VideoRepick/episode_25 succeeded with seed 11500 (attempt 0, 117.007s)
Warning: link 'camera_link' material 'aluminum' undefined.
         at line 85 in /workspace/urdfdom/urdf_parser/src/model.cpp
Warning: link 'camera_link' material 'aluminum' undefined.
         at line 85 in /workspace/urdfdom/urdf_parser/src/model.cpp
Warning: link 'camera_link' material 'aluminum' undefined.
         at line 85 in /workspace/urdfdom/urdf_parser/src/model.cpp
Warning: link 'camera_link' material 'aluminum' undefined.
         at line 85 in /workspace/urdfdom/urdf_parser/src/model.cpp
Warning: link 'camera_link' material 'aluminum' undefined.
         at line 85 in /workspace/urdfdom/urdf_parser/src/model.cpp
Warning: link 'camera_link' material 'aluminum' undefined.
         at line 85 in /workspace/urdfdom/urdf_parser/src/model.cpp
Warning: link 'camera_link' material 'aluminum' undefined.
         at line 85 in /workspace/urdfdom/urdf_parser/src/model.cpp
Warning: link 'camera_link' material 'aluminum' undefined.
         at line 85 in /workspace/urdfdom/urdf_parser/src/model.cpp
[352/1842] BinFill/episode_25 succeeded with seed 6500 (attempt 0, 132.05s)
[353/1842] BinFill/episode_26 succeeded with seed 6600 (attempt 0, 106.656s)
[354/1842] VideoUnmaskSwap/episode_26 succeeded with seed 7600 (attempt 0, 94.284s)
[355/1842] RouteStick/episode_23 succeeded with seed 18300 (attempt 0, 198.07s)
Warning: link 'camera_link' material 'aluminum' undefined.
         at line 85 in /workspace/urdfdom/urdf_parser/src/model.cpp
Warning: link 'camera_link' material 'aluminum' undefined.
         at line 85 in /workspace/urdfdom/urdf_parser/src/model.cpp
Warning: link 'camera_link' material 'aluminum' undefined.
         at line 85 in /workspace/urdfdom/urdf_parser/src/model.cpp
Warning: link 'camera_link' material 'aluminum' undefined.
         at line 85 in /workspace/urdfdom/urdf_parser/src/model.cpp
Warning: link 'camera_link' material 'aluminum' undefined.
         at line 85 in /workspace/urdfdom/urdf_parser/src/model.cpp
Warning: link 'camera_link' material 'aluminum' undefined.
         at line 85 in /workspace/urdfdom/urdf_parser/src/model.cpp
Warning: link 'camera_link' material 'aluminum' undefined.
         at line 85 in /workspace/urdfdom/urdf_parser/src/model.cpp
Warning: link 'camera_link' material 'aluminum' undefined.
         at line 85 in /workspace/urdfdom/urdf_parser/src/model.cpp
Warning: link 'camera_link' material 'aluminum' undefined.
         at line 85 in /workspace/urdfdom/urdf_parser/src/model.cpp
Warning: link 'camera_link' material 'aluminum' undefined.
         at line 85 in /workspace/urdfdom/urdf_parser/src/model.cpp
Warning: link 'camera_link' material 'aluminum' undefined.
         at line 85 in /workspace/urdfdom/urdf_parser/src/model.cpp
Warning: link 'camera_link' material 'aluminum' undefined.
         at line 85 in /workspace/urdfdom/urdf_parser/src/model.cpp
Warning: link 'camera_link' material 'aluminum' undefined.
         at line 85 in /workspace/urdfdom/urdf_parser/src/model.cpp
Warning: link 'camera_link' material 'aluminum' undefined.
         at line 85 in /workspace/urdfdom/urdf_parser/src/model.cpp
Warning: link 'camera_link' material 'aluminum' undefined.
         at line 85 in /workspace/urdfdom/urdf_parser/src/model.cpp
Warning: link 'camera_link' material 'aluminum' undefined.
         at line 85 in /workspace/urdfdom/urdf_parser/src/model.cpp
[356/1842] BinFill/episode_27 succeeded with seed 6700 (attempt 0, 67.439s)
Warning: link 'camera_link' material 'aluminum' undefined.
         at line 85 in /workspace/urdfdom/urdf_parser/src/model.cpp
Warning: link 'camera_link' material 'aluminum' undefined.
         at line 85 in /workspace/urdfdom/urdf_parser/src/model.cpp
Warning: link 'camera_link' material 'aluminum' undefined.
         at line 85 in /workspace/urdfdom/urdf_parser/src/model.cpp
Warning: link 'camera_link' material 'aluminum' undefined.
         at line 85 in /workspace/urdfdom/urdf_parser/src/model.cpp
Warning: link 'camera_link' material 'aluminum' undefined.
         at line 85 in /workspace/urdfdom/urdf_parser/src/model.cpp
Warning: link 'camera_link' material 'aluminum' undefined.
         at line 85 in /workspace/urdfdom/urdf_parser/src/model.cpp
Warning: link 'camera_link' material 'aluminum' undefined.
         at line 85 in /workspace/urdfdom/urdf_parser/src/model.cpp
Warning: link 'camera_link' material 'aluminum' undefined.
         at line 85 in /workspace/urdfdom/urdf_parser/src/model.cpp
[357/1842] VideoUnmaskSwap/episode_25 succeeded with seed 7500 (attempt 0, 132.52s)
[358/1842] VideoRepick/episode_24 succeeded with seed 11400 (attempt 0, 177.324s)
[359/1842] VideoUnmaskSwap/episode_27 succeeded with seed 7700 (attempt 0, 56.027s)
[360/1842] VideoRepick/episode_25 succeeded with seed 11500 (attempt 0, 153.111s)
[361/1842] VideoUnmaskSwap/episode_26 succeeded with seed 7600 (attempt 0, 107.127s)
[362/1842] RouteStick/episode_26 succeeded with seed 18600 (attempt 0, 123.635s)
[363/1842] RouteStick/episode_25 succeeded with seed 18500 (attempt 0, 175.854s)
Warning: link 'camera_link' material 'aluminum' undefined.
         at line 85 in /workspace/urdfdom/urdf_parser/src/model.cpp
Warning: link 'camera_link' material 'aluminum' undefined.
         at line 85 in /workspace/urdfdom/urdf_parser/src/model.cpp
Warning: link 'camera_link' material 'aluminum' undefined.
         at line 85 in /workspace/urdfdom/urdf_parser/src/model.cpp
Warning: link 'camera_link' material 'aluminum' undefined.
         at line 85 in /workspace/urdfdom/urdf_parser/src/model.cpp
Warning: link 'camera_link' material 'aluminum' undefined.
         at line 85 in /workspace/urdfdom/urdf_parser/src/model.cpp
Warning: link 'camera_link' material 'aluminum' undefined.
         at line 85 in /workspace/urdfdom/urdf_parser/src/model.cpp
Warning: link 'camera_link' material 'aluminum' undefined.
         at line 85 in /workspace/urdfdom/urdf_parser/src/model.cpp
Warning: link 'camera_link' material 'aluminum' undefined.
         at line 85 in /workspace/urdfdom/urdf_parser/src/model.cpp
[364/1842] BinFill/episode_26 succeeded with seed 6600 (attempt 0, 147.519s)
screw plan failed
screw plan failed
screw plan failed
[365/1842] VideoRepick/episode_25 succeeded with seed 11500 (attempt 0, 162.547s)
[366/1842] BinFill/episode_26 succeeded with seed 6600 (attempt 0, 157.499s)
[367/1842] VideoUnmaskSwap/episode_27 succeeded with seed 7700 (attempt 0, 92.054s)
[368/1842] RouteStick/episode_26 succeeded with seed 18600 (attempt 0, 137.084s)
[369/1842] VideoUnmaskSwap/episode_27 succeeded with seed 7700 (attempt 0, 94.351s)
Warning: link 'camera_link' material 'aluminum' undefined.
         at line 85 in /workspace/urdfdom/urdf_parser/src/model.cpp
Warning: link 'camera_link' material 'aluminum' undefined.
         at line 85 in /workspace/urdfdom/urdf_parser/src/model.cpp
Warning: link 'camera_link' material 'aluminum' undefined.
         at line 85 in /workspace/urdfdom/urdf_parser/src/model.cpp
Warning: link 'camera_link' material 'aluminum' undefined.
         at line 85 in /workspace/urdfdom/urdf_parser/src/model.cpp
Warning: link 'camera_link' material 'aluminum' undefined.
         at line 85 in /workspace/urdfdom/urdf_parser/src/model.cpp
Warning: link 'camera_link' material 'aluminum' undefined.
         at line 85 in /workspace/urdfdom/urdf_parser/src/model.cpp
Warning: link 'camera_link' material 'aluminum' undefined.
         at line 85 in /workspace/urdfdom/urdf_parser/src/model.cpp
Warning: link 'camera_link' material 'aluminum' undefined.
         at line 85 in /workspace/urdfdom/urdf_parser/src/model.cpp
[370/1842] RouteStick/episode_25 succeeded with seed 18500 (attempt 0, 187.743s)
Warning: link 'camera_link' material 'aluminum' undefined.
         at line 85 in /workspace/urdfdom/urdf_parser/src/model.cpp
Warning: link 'camera_link' material 'aluminum' undefined.
         at line 85 in /workspace/urdfdom/urdf_parser/src/model.cpp
Warning: link 'camera_link' material 'aluminum' undefined.
         at line 85 in /workspace/urdfdom/urdf_parser/src/model.cpp
Warning: link 'camera_link' material 'aluminum' undefined.
         at line 85 in /workspace/urdfdom/urdf_parser/src/model.cpp
Warning: link 'camera_link' material 'aluminum' undefined.
         at line 85 in /workspace/urdfdom/urdf_parser/src/model.cpp
Warning: link 'camera_link' material 'aluminum' undefined.
         at line 85 in /workspace/urdfdom/urdf_parser/src/model.cpp
Warning: link 'camera_link' material 'aluminum' undefined.
         at line 85 in /workspace/urdfdom/urdf_parser/src/model.cpp
Warning: link 'camera_link' material 'aluminum' undefined.
         at line 85 in /workspace/urdfdom/urdf_parser/src/model.cpp
[371/1842] RouteStick/episode_27 succeeded with seed 18700 (attempt 0, 107.128s)
[372/1842] RouteStick/episode_24 succeeded with seed 18400 (attempt 0, 224.039s)
Warning: link 'camera_link' material 'aluminum' undefined.
         at line 85 in /workspace/urdfdom/urdf_parser/src/model.cpp
Warning: link 'camera_link' material 'aluminum' undefined.
         at line 85 in /workspace/urdfdom/urdf_parser/src/model.cpp
Warning: link 'camera_link' material 'aluminum' undefined.
         at line 85 in /workspace/urdfdom/urdf_parser/src/model.cpp
Warning: link 'camera_link' material 'aluminum' undefined.
         at line 85 in /workspace/urdfdom/urdf_parser/src/model.cpp
Warning: link 'camera_link' material 'aluminum' undefined.
         at line 85 in /workspace/urdfdom/urdf_parser/src/model.cpp
Warning: link 'camera_link' material 'aluminum' undefined.
         at line 85 in /workspace/urdfdom/urdf_parser/src/model.cpp
Warning: link 'camera_link' material 'aluminum' undefined.
         at line 85 in /workspace/urdfdom/urdf_parser/src/model.cpp
Warning: link 'camera_link' material 'aluminum' undefined.
         at line 85 in /workspace/urdfdom/urdf_parser/src/model.cpp
/data/hongzefu/robomme_benchmark_MotionJEPANewTask/.venv/lib/python3.11/site-packages/torch/cuda/__init__.py:63: FutureWarning: The pynvml package is deprecated. Please install nvidia-ml-py instead. If you did not install pynvml directly, please report this to the maintainers of the package that installed pynvml for you.
  import pynvml  # type: ignore[import]
/data/hongzefu/robomme_benchmark_MotionJEPANewTask/.venv/lib/python3.11/site-packages/sapien/__init__.py:18: UserWarning: pkg_resources is deprecated as an API. See https://setuptools.pypa.io/en/latest/pkg_resources.html. The pkg_resources package is slated for removal as early as 2025-11-30. Refrain from using this package or pin to Setuptools<81.
  import pkg_resources
[373/1842] VideoUnmaskSwap/episode_28 succeeded with seed 7800 (attempt 0, 74.41s)
[374/1842] VideoRepick/episode_27 succeeded with seed 11700 (attempt 0, 101.417s)
[375/1842] VideoRepick/episode_26 succeeded with seed 11600 (attempt 0, 136.056s)
[376/1842] BinFill/episode_27 succeeded with seed 6700 (attempt 0, 121.225s)
[377/1842] RouteStick/episode_27 succeeded with seed 18700 (attempt 0, 121.074s)
[378/1842] VideoUnmaskSwap/episode_28 succeeded with seed 7800 (attempt 0, 86.556s)
[379/1842] RouteStick/episode_28 succeeded with seed 18800 (attempt 0, 101.261s)
Warning: link 'camera_link' material 'aluminum' undefined.
         at line 85 in /workspace/urdfdom/urdf_parser/src/model.cpp
Warning: link 'camera_link' material 'aluminum' undefined.
         at line 85 in /workspace/urdfdom/urdf_parser/src/model.cpp
Warning: link 'camera_link' material 'aluminum' undefined.
         at line 85 in /workspace/urdfdom/urdf_parser/src/model.cpp
Warning: link 'camera_link' material 'aluminum' undefined.
         at line 85 in /workspace/urdfdom/urdf_parser/src/model.cpp
Warning: link 'camera_link' material 'aluminum' undefined.
         at line 85 in /workspace/urdfdom/urdf_parser/src/model.cpp
Warning: link 'camera_link' material 'aluminum' undefined.
         at line 85 in /workspace/urdfdom/urdf_parser/src/model.cpp
Warning: link 'camera_link' material 'aluminum' undefined.
         at line 85 in /workspace/urdfdom/urdf_parser/src/model.cpp
Warning: link 'camera_link' material 'aluminum' undefined.
         at line 85 in /workspace/urdfdom/urdf_parser/src/model.cpp
[380/1842] VideoUnmaskSwap/episode_27 succeeded with seed 7700 (attempt 0, 117.384s)
    BinFill/episode_28 用尽 1 次 attempt，放弃
Warning: link 'camera_link' material 'aluminum' undefined.
         at line 85 in /workspace/urdfdom/urdf_parser/src/model.cpp
Warning: link 'camera_link' material 'aluminum' undefined.
         at line 85 in /workspace/urdfdom/urdf_parser/src/model.cpp
Warning: link 'camera_link' material 'aluminum' undefined.
         at line 85 in /workspace/urdfdom/urdf_parser/src/model.cpp
Warning: link 'camera_link' material 'aluminum' undefined.
         at line 85 in /workspace/urdfdom/urdf_parser/src/model.cpp
Warning: link 'camera_link' material 'aluminum' undefined.
         at line 85 in /workspace/urdfdom/urdf_parser/src/model.cpp
Warning: link 'camera_link' material 'aluminum' undefined.
         at line 85 in /workspace/urdfdom/urdf_parser/src/model.cpp
Warning: link 'camera_link' material 'aluminum' undefined.
         at line 85 in /workspace/urdfdom/urdf_parser/src/model.cpp
Warning: link 'camera_link' material 'aluminum' undefined.
         at line 85 in /workspace/urdfdom/urdf_parser/src/model.cpp
[381/1842] VideoUnmaskSwap/episode_29 succeeded with seed 7900 (attempt 0, 53.701s)
[382/1842] VideoUnmaskSwap/episode_29 succeeded with seed 7900 (attempt 0, 53.727s)
[383/1842] VideoUnmaskSwap/episode_28 succeeded with seed 7800 (attempt 0, 104.373s)
[384/1842] BinFill/episode_28 succeeded with seed 6800 (attempt 0, 118.6s)
Warning: link 'camera_link' material 'aluminum' undefined.
         at line 85 in /workspace/urdfdom/urdf_parser/src/model.cpp
Warning: link 'camera_link' material 'aluminum' undefined.
         at line 85 in /workspace/urdfdom/urdf_parser/src/model.cpp
Warning: link 'camera_link' material 'aluminum' undefined.
         at line 85 in /workspace/urdfdom/urdf_parser/src/model.cpp
Warning: link 'camera_link' material 'aluminum' undefined.
         at line 85 in /workspace/urdfdom/urdf_parser/src/model.cpp
Warning: link 'camera_link' material 'aluminum' undefined.
         at line 85 in /workspace/urdfdom/urdf_parser/src/model.cpp
Warning: link 'camera_link' material 'aluminum' undefined.
         at line 85 in /workspace/urdfdom/urdf_parser/src/model.cpp
Warning: link 'camera_link' material 'aluminum' undefined.
         at line 85 in /workspace/urdfdom/urdf_parser/src/model.cpp
Warning: link 'camera_link' material 'aluminum' undefined.
         at line 85 in /workspace/urdfdom/urdf_parser/src/model.cpp
[385/1842] RouteStick/episode_27 succeeded with seed 18700 (attempt 0, 152.966s)
Warning: link 'camera_link' material 'aluminum' undefined.
         at line 85 in /workspace/urdfdom/urdf_parser/src/model.cpp
Warning: link 'camera_link' material 'aluminum' undefined.
         at line 85 in /workspace/urdfdom/urdf_parser/src/model.cpp
Warning: link 'camera_link' material 'aluminum' undefined.
         at line 85 in /workspace/urdfdom/urdf_parser/src/model.cpp
Warning: link 'camera_link' material 'aluminum' undefined.
         at line 85 in /workspace/urdfdom/urdf_parser/src/model.cpp
Warning: link 'camera_link' material 'aluminum' undefined.
         at line 85 in /workspace/urdfdom/urdf_parser/src/model.cpp
Warning: link 'camera_link' material 'aluminum' undefined.
         at line 85 in /workspace/urdfdom/urdf_parser/src/model.cpp
Warning: link 'camera_link' material 'aluminum' undefined.
         at line 85 in /workspace/urdfdom/urdf_parser/src/model.cpp
Warning: link 'camera_link' material 'aluminum' undefined.
         at line 85 in /workspace/urdfdom/urdf_parser/src/model.cpp
[386/1842] BinFill/episode_28 succeeded with seed 6800 (attempt 0, 128.014s)
[387/1842] RouteStick/episode_28 succeeded with seed 18800 (attempt 0, 132.052s)
[388/1842] RouteStick/episode_29 succeeded with seed 18900 (attempt 0, 86.794s)
Warning: link 'camera_link' material 'aluminum' undefined.
         at line 85 in /workspace/urdfdom/urdf_parser/src/model.cpp
Warning: link 'camera_link' material 'aluminum' undefined.
         at line 85 in /workspace/urdfdom/urdf_parser/src/model.cpp
Warning: link 'camera_link' material 'aluminum' undefined.
         at line 85 in /workspace/urdfdom/urdf_parser/src/model.cpp
Warning: link 'camera_link' material 'aluminum' undefined.
         at line 85 in /workspace/urdfdom/urdf_parser/src/model.cpp
Warning: link 'camera_link' material 'aluminum' undefined.
         at line 85 in /workspace/urdfdom/urdf_parser/src/model.cpp
Warning: link 'camera_link' material 'aluminum' undefined.
         at line 85 in /workspace/urdfdom/urdf_parser/src/model.cpp
Warning: link 'camera_link' material 'aluminum' undefined.
         at line 85 in /workspace/urdfdom/urdf_parser/src/model.cpp
Warning: link 'camera_link' material 'aluminum' undefined.
         at line 85 in /workspace/urdfdom/urdf_parser/src/model.cpp
[389/1842] VideoRepick/episode_27 succeeded with seed 11700 (attempt 0, 158.139s)
[390/1842] VideoRepick/episode_28 succeeded with seed 11800 (attempt 0, 127.365s)
[391/1842] BinFill/episode_30 succeeded with seed 7000 (attempt 0, 62.92s)
[392/1842] RouteStick/episode_26 succeeded with seed 18600 (attempt 0, 203.348s)
[393/1842] VideoRepick/episode_28 succeeded with seed 11800 (attempt 0, 131.493s)
[394/1842] VideoUnmaskSwap/episode_29 succeeded with seed 7900 (attempt 0, 92.652s)
[395/1842] BinFill/episode_29 succeeded with seed 6900 (attempt 0, 122.224s)
[396/1842] VideoRepick/episode_28 succeeded with seed 11800 (attempt 0, 127.283s)
[397/1842] VideoRepick/episode_27 succeeded with seed 11700 (attempt 0, 166.14s)
[398/1842] VideoUnmaskSwap/episode_28 succeeded with seed 7800 (attempt 0, 133.204s)
Warning: link 'camera_link' material 'aluminum' undefined.
         at line 85 in /workspace/urdfdom/urdf_parser/src/model.cpp
Warning: link 'camera_link' material 'aluminum' undefined.
         at line 85 in /workspace/urdfdom/urdf_parser/src/model.cpp
Warning: link 'camera_link' material 'aluminum' undefined.
         at line 85 in /workspace/urdfdom/urdf_parser/src/model.cpp
Warning: link 'camera_link' material 'aluminum' undefined.
         at line 85 in /workspace/urdfdom/urdf_parser/src/model.cpp
Warning: link 'camera_link' material 'aluminum' undefined.
         at line 85 in /workspace/urdfdom/urdf_parser/src/model.cpp
Warning: link 'camera_link' material 'aluminum' undefined.
         at line 85 in /workspace/urdfdom/urdf_parser/src/model.cpp
Warning: link 'camera_link' material 'aluminum' undefined.
         at line 85 in /workspace/urdfdom/urdf_parser/src/model.cpp
Warning: link 'camera_link' material 'aluminum' undefined.
         at line 85 in /workspace/urdfdom/urdf_parser/src/model.cpp
Warning: link 'camera_link' material 'aluminum' undefined.
         at line 85 in /workspace/urdfdom/urdf_parser/src/model.cpp
Warning: link 'camera_link' material 'aluminum' undefined.
         at line 85 in /workspace/urdfdom/urdf_parser/src/model.cpp
Warning: link 'camera_link' material 'aluminum' undefined.
         at line 85 in /workspace/urdfdom/urdf_parser/src/model.cpp
Warning: link 'camera_link' material 'aluminum' undefined.
         at line 85 in /workspace/urdfdom/urdf_parser/src/model.cpp
Warning: link 'camera_link' material 'aluminum' undefined.
         at line 85 in /workspace/urdfdom/urdf_parser/src/model.cpp
Warning: link 'camera_link' material 'aluminum' undefined.
         at line 85 in /workspace/urdfdom/urdf_parser/src/model.cpp
Warning: link 'camera_link' material 'aluminum' undefined.
         at line 85 in /workspace/urdfdom/urdf_parser/src/model.cpp
Warning: link 'camera_link' material 'aluminum' undefined.
         at line 85 in /workspace/urdfdom/urdf_parser/src/model.cpp
[399/1842] BinFill/episode_27 succeeded with seed 6700 (attempt 0, 204.498s)
[400/1842] BinFill/episode_29 succeeded with seed 6900 (attempt 0, 122.897s)
[401/1842] RouteStick/episode_28 succeeded with seed 18800 (attempt 0, 166.903s)
[402/1842] VideoRepick/episode_29 succeeded with seed 11900 (attempt 0, 100.27s)
Warning: link 'camera_link' material 'aluminum' undefined.
         at line 85 in /workspace/urdfdom/urdf_parser/src/model.cpp
Warning: link 'camera_link' material 'aluminum' undefined.
         at line 85 in /workspace/urdfdom/urdf_parser/src/model.cpp
Warning: link 'camera_link' material 'aluminum' undefined.
         at line 85 in /workspace/urdfdom/urdf_parser/src/model.cpp
Warning: link 'camera_link' material 'aluminum' undefined.
         at line 85 in /workspace/urdfdom/urdf_parser/src/model.cpp
Warning: link 'camera_link' material 'aluminum' undefined.
         at line 85 in /workspace/urdfdom/urdf_parser/src/model.cpp
Warning: link 'camera_link' material 'aluminum' undefined.
         at line 85 in /workspace/urdfdom/urdf_parser/src/model.cpp
Warning: link 'camera_link' material 'aluminum' undefined.
         at line 85 in /workspace/urdfdom/urdf_parser/src/model.cpp
Warning: link 'camera_link' material 'aluminum' undefined.
         at line 85 in /workspace/urdfdom/urdf_parser/src/model.cpp
[403/1842] VideoUnmaskSwap/episode_30 succeeded with seed 8000 (attempt 0, 71.106s)
Warning: link 'camera_link' material 'aluminum' undefined.
         at line 85 in /workspace/urdfdom/urdf_parser/src/model.cpp
Warning: link 'camera_link' material 'aluminum' undefined.
         at line 85 in /workspace/urdfdom/urdf_parser/src/model.cpp
Warning: link 'camera_link' material 'aluminum' undefined.
         at line 85 in /workspace/urdfdom/urdf_parser/src/model.cpp
Warning: link 'camera_link' material 'aluminum' undefined.
         at line 85 in /workspace/urdfdom/urdf_parser/src/model.cpp
Warning: link 'camera_link' material 'aluminum' undefined.
         at line 85 in /workspace/urdfdom/urdf_parser/src/model.cpp
Warning: link 'camera_link' material 'aluminum' undefined.
         at line 85 in /workspace/urdfdom/urdf_parser/src/model.cpp
Warning: link 'camera_link' material 'aluminum' undefined.
         at line 85 in /workspace/urdfdom/urdf_parser/src/model.cpp
Warning: link 'camera_link' material 'aluminum' undefined.
         at line 85 in /workspace/urdfdom/urdf_parser/src/model.cpp
[404/1842] RouteStick/episode_29 succeeded with seed 18900 (attempt 0, 135.788s)
[405/1842] BinFill/episode_29 succeeded with seed 6900 (attempt 0, 148.699s)
[406/1842] VideoUnmaskSwap/episode_29 succeeded with seed 7900 (attempt 0, 114.702s)
[407/1842] RouteStick/episode_30 succeeded with seed 19000 (attempt 0, 104.902s)
[408/1842] RouteStick/episode_27 succeeded with seed 18700 (attempt 0, 215.106s)
[409/1842] BinFill/episode_31 succeeded with seed 7100 (attempt 0, 66.324s)
[410/1842] VideoUnmaskSwap/episode_30 succeeded with seed 8000 (attempt 0, 90.583s)
[411/1842] VideoUnmaskSwap/episode_30 succeeded with seed 8000 (attempt 0, 95.572s)
[412/1842] VideoUnmaskSwap/episode_31 succeeded with seed 8100 (attempt 0, 52.026s)
Warning: link 'camera_link' material 'aluminum' undefined.
         at line 85 in /workspace/urdfdom/urdf_parser/src/model.cpp
Warning: link 'camera_link' material 'aluminum' undefined.
         at line 85 in /workspace/urdfdom/urdf_parser/src/model.cpp
Warning: link 'camera_link' material 'aluminum' undefined.
         at line 85 in /workspace/urdfdom/urdf_parser/src/model.cpp
Warning: link 'camera_link' material 'aluminum' undefined.
         at line 85 in /workspace/urdfdom/urdf_parser/src/model.cpp
Warning: link 'camera_link' material 'aluminum' undefined.
         at line 85 in /workspace/urdfdom/urdf_parser/src/model.cpp
Warning: link 'camera_link' material 'aluminum' undefined.
         at line 85 in /workspace/urdfdom/urdf_parser/src/model.cpp
Warning: link 'camera_link' material 'aluminum' undefined.
         at line 85 in /workspace/urdfdom/urdf_parser/src/model.cpp
Warning: link 'camera_link' material 'aluminum' undefined.
         at line 85 in /workspace/urdfdom/urdf_parser/src/model.cpp
[413/1842] RouteStick/episode_29 succeeded with seed 18900 (attempt 0, 151.835s)
    BinFill/episode_30 用尽 1 次 attempt，放弃
Warning: link 'camera_link' material 'aluminum' undefined.
         at line 85 in /workspace/urdfdom/urdf_parser/src/model.cpp
Warning: link 'camera_link' material 'aluminum' undefined.
         at line 85 in /workspace/urdfdom/urdf_parser/src/model.cpp
Warning: link 'camera_link' material 'aluminum' undefined.
         at line 85 in /workspace/urdfdom/urdf_parser/src/model.cpp
Warning: link 'camera_link' material 'aluminum' undefined.
         at line 85 in /workspace/urdfdom/urdf_parser/src/model.cpp
Warning: link 'camera_link' material 'aluminum' undefined.
         at line 85 in /workspace/urdfdom/urdf_parser/src/model.cpp
Warning: link 'camera_link' material 'aluminum' undefined.
         at line 85 in /workspace/urdfdom/urdf_parser/src/model.cpp
Warning: link 'camera_link' material 'aluminum' undefined.
         at line 85 in /workspace/urdfdom/urdf_parser/src/model.cpp
Warning: link 'camera_link' material 'aluminum' undefined.
         at line 85 in /workspace/urdfdom/urdf_parser/src/model.cpp
[414/1842] VideoUnmaskSwap/episode_31 succeeded with seed 8100 (attempt 0, 58.876s)
Warning: link 'camera_link' material 'aluminum' undefined.
         at line 85 in /workspace/urdfdom/urdf_parser/src/model.cpp
Warning: link 'camera_link' material 'aluminum' undefined.
         at line 85 in /workspace/urdfdom/urdf_parser/src/model.cpp
Warning: link 'camera_link' material 'aluminum' undefined.
         at line 85 in /workspace/urdfdom/urdf_parser/src/model.cpp
Warning: link 'camera_link' material 'aluminum' undefined.
         at line 85 in /workspace/urdfdom/urdf_parser/src/model.cpp
Warning: link 'camera_link' material 'aluminum' undefined.
         at line 85 in /workspace/urdfdom/urdf_parser/src/model.cpp
Warning: link 'camera_link' material 'aluminum' undefined.
         at line 85 in /workspace/urdfdom/urdf_parser/src/model.cpp
Warning: link 'camera_link' material 'aluminum' undefined.
         at line 85 in /workspace/urdfdom/urdf_parser/src/model.cpp
Warning: link 'camera_link' material 'aluminum' undefined.
         at line 85 in /workspace/urdfdom/urdf_parser/src/model.cpp
[415/1842] VideoRepick/episode_30 succeeded with seed 12000 (attempt 0, 108.262s)
[416/1842] RouteStick/episode_28 succeeded with seed 18800 (attempt 0, 196.868s)
[417/1842] VideoUnmaskSwap/episode_30 succeeded with seed 8000 (attempt 0, 99.228s)
[418/1842] VideoRepick/episode_29 succeeded with seed 11900 (attempt 0, 147.897s)
Warning: link 'camera_link' material 'aluminum' undefined.
         at line 85 in /workspace/urdfdom/urdf_parser/src/model.cpp
Warning: link 'camera_link' material 'aluminum' undefined.
         at line 85 in /workspace/urdfdom/urdf_parser/src/model.cpp
Warning: link 'camera_link' material 'aluminum' undefined.
         at line 85 in /workspace/urdfdom/urdf_parser/src/model.cpp
Warning: link 'camera_link' material 'aluminum' undefined.
         at line 85 in /workspace/urdfdom/urdf_parser/src/model.cpp
Warning: link 'camera_link' material 'aluminum' undefined.
         at line 85 in /workspace/urdfdom/urdf_parser/src/model.cpp
Warning: link 'camera_link' material 'aluminum' undefined.
         at line 85 in /workspace/urdfdom/urdf_parser/src/model.cpp
Warning: link 'camera_link' material 'aluminum' undefined.
         at line 85 in /workspace/urdfdom/urdf_parser/src/model.cpp
Warning: link 'camera_link' material 'aluminum' undefined.
         at line 85 in /workspace/urdfdom/urdf_parser/src/model.cpp
[419/1842] RouteStick/episode_31 succeeded with seed 19100 (attempt 0, 84.806s)
[420/1842] VideoRepick/episode_29 succeeded with seed 11900 (attempt 0, 157.641s)
[421/1842] RouteStick/episode_30 succeeded with seed 19000 (attempt 0, 136.133s)
[422/1842] BinFill/episode_32 succeeded with seed 7200 (attempt 0, 64.456s)
[423/1842] RouteStick/episode_30 succeeded with seed 19000 (attempt 0, 130.021s)
Warning: link 'camera_link' material 'aluminum' undefined.
         at line 85 in /workspace/urdfdom/urdf_parser/src/model.cpp
Warning: link 'camera_link' material 'aluminum' undefined.
         at line 85 in /workspace/urdfdom/urdf_parser/src/model.cpp
Warning: link 'camera_link' material 'aluminum' undefined.
         at line 85 in /workspace/urdfdom/urdf_parser/src/model.cpp
Warning: link 'camera_link' material 'aluminum' undefined.
         at line 85 in /workspace/urdfdom/urdf_parser/src/model.cpp
Warning: link 'camera_link' material 'aluminum' undefined.
         at line 85 in /workspace/urdfdom/urdf_parser/src/model.cpp
Warning: link 'camera_link' material 'aluminum' undefined.
         at line 85 in /workspace/urdfdom/urdf_parser/src/model.cpp
Warning: link 'camera_link' material 'aluminum' undefined.
         at line 85 in /workspace/urdfdom/urdf_parser/src/model.cpp
Warning: link 'camera_link' material 'aluminum' undefined.
         at line 85 in /workspace/urdfdom/urdf_parser/src/model.cpp
Warning: link 'camera_link' material 'aluminum' undefined.
         at line 85 in /workspace/urdfdom/urdf_parser/src/model.cpp
Warning: link 'camera_link' material 'aluminum' undefined.
         at line 85 in /workspace/urdfdom/urdf_parser/src/model.cpp
Warning: link 'camera_link' material 'aluminum' undefined.
         at line 85 in /workspace/urdfdom/urdf_parser/src/model.cpp
Warning: link 'camera_link' material 'aluminum' undefined.
         at line 85 in /workspace/urdfdom/urdf_parser/src/model.cpp
Warning: link 'camera_link' material 'aluminum' undefined.
         at line 85 in /workspace/urdfdom/urdf_parser/src/model.cpp
Warning: link 'camera_link' material 'aluminum' undefined.
         at line 85 in /workspace/urdfdom/urdf_parser/src/model.cpp
Warning: link 'camera_link' material 'aluminum' undefined.
         at line 85 in /workspace/urdfdom/urdf_parser/src/model.cpp
Warning: link 'camera_link' material 'aluminum' undefined.
         at line 85 in /workspace/urdfdom/urdf_parser/src/model.cpp
Warning: link 'camera_link' material 'aluminum' undefined.
         at line 85 in /workspace/urdfdom/urdf_parser/src/model.cpp
Warning: link 'camera_link' material 'aluminum' undefined.
         at line 85 in /workspace/urdfdom/urdf_parser/src/model.cpp
Warning: link 'camera_link' material 'aluminum' undefined.
         at line 85 in /workspace/urdfdom/urdf_parser/src/model.cpp
Warning: link 'camera_link' material 'aluminum' undefined.
         at line 85 in /workspace/urdfdom/urdf_parser/src/model.cpp
Warning: link 'camera_link' material 'aluminum' undefined.
         at line 85 in /workspace/urdfdom/urdf_parser/src/model.cpp
Warning: link 'camera_link' material 'aluminum' undefined.
         at line 85 in /workspace/urdfdom/urdf_parser/src/model.cpp
Warning: link 'camera_link' material 'aluminum' undefined.
         at line 85 in /workspace/urdfdom/urdf_parser/src/model.cpp
Warning: link 'camera_link' material 'aluminum' undefined.
         at line 85 in /workspace/urdfdom/urdf_parser/src/model.cpp
[424/1842] VideoUnmaskSwap/episode_31 succeeded with seed 8100 (attempt 0, 90.696s)
[425/1842] VideoRepick/episode_30 succeeded with seed 12000 (attempt 0, 141.0s)
[426/1842] VideoRepick/episode_31 succeeded with seed 12100 (attempt 0, 99.479s)
[427/1842] RouteStick/episode_31 succeeded with seed 19100 (attempt 0, 114.052s)
[428/1842] RouteStick/episode_29 succeeded with seed 18900 (attempt 0, 178.757s)
    BinFill/episode_32 用尽 1 次 attempt，放弃
screw plan failed
screw plan failed
screw plan failed
[429/1842] VideoUnmaskSwap/episode_32 succeeded with seed 8200 (attempt 0, 70.659s)
[430/1842] VideoUnmaskSwap/episode_31 succeeded with seed 8100 (attempt 0, 106.658s)
    BinFill/episode_31 用尽 1 次 attempt，放弃
Warning: link 'camera_link' material 'aluminum' undefined.
         at line 85 in /workspace/urdfdom/urdf_parser/src/model.cpp
Warning: link 'camera_link' material 'aluminum' undefined.
         at line 85 in /workspace/urdfdom/urdf_parser/src/model.cpp
Warning: link 'camera_link' material 'aluminum' undefined.
         at line 85 in /workspace/urdfdom/urdf_parser/src/model.cpp
Warning: link 'camera_link' material 'aluminum' undefined.
         at line 85 in /workspace/urdfdom/urdf_parser/src/model.cpp
Warning: link 'camera_link' material 'aluminum' undefined.
         at line 85 in /workspace/urdfdom/urdf_parser/src/model.cpp
Warning: link 'camera_link' material 'aluminum' undefined.
         at line 85 in /workspace/urdfdom/urdf_parser/src/model.cpp
Warning: link 'camera_link' material 'aluminum' undefined.
         at line 85 in /workspace/urdfdom/urdf_parser/src/model.cpp
Warning: link 'camera_link' material 'aluminum' undefined.
         at line 85 in /workspace/urdfdom/urdf_parser/src/model.cpp
[431/1842] RouteStick/episode_32 succeeded with seed 19200 (attempt 0, 87.266s)
[432/1842] VideoUnmaskSwap/episode_32 succeeded with seed 8200 (attempt 0, 78.4s)
[433/1842] BinFill/episode_30 succeeded with seed 7000 (attempt 0, 193.964s)
[434/1842] RouteStick/episode_31 succeeded with seed 19100 (attempt 0, 129.389s)
[435/1842] VideoUnmaskSwap/episode_33 succeeded with seed 8300 (attempt 0, 51.701s)
Warning: link 'camera_link' material 'aluminum' undefined.
         at line 85 in /workspace/urdfdom/urdf_parser/src/model.cpp
Warning: link 'camera_link' material 'aluminum' undefined.
         at line 85 in /workspace/urdfdom/urdf_parser/src/model.cpp
Warning: link 'camera_link' material 'aluminum' undefined.
         at line 85 in /workspace/urdfdom/urdf_parser/src/model.cpp
Warning: link 'camera_link' material 'aluminum' undefined.
         at line 85 in /workspace/urdfdom/urdf_parser/src/model.cpp
Warning: link 'camera_link' material 'aluminum' undefined.
         at line 85 in /workspace/urdfdom/urdf_parser/src/model.cpp
Warning: link 'camera_link' material 'aluminum' undefined.
         at line 85 in /workspace/urdfdom/urdf_parser/src/model.cpp
Warning: link 'camera_link' material 'aluminum' undefined.
         at line 85 in /workspace/urdfdom/urdf_parser/src/model.cpp
Warning: link 'camera_link' material 'aluminum' undefined.
         at line 85 in /workspace/urdfdom/urdf_parser/src/model.cpp
[436/1842] VideoUnmaskSwap/episode_32 succeeded with seed 8200 (attempt 0, 90.023s)
Warning: link 'camera_link' material 'aluminum' undefined.
         at line 85 in /workspace/urdfdom/urdf_parser/src/model.cpp
Warning: link 'camera_link' material 'aluminum' undefined.
         at line 85 in /workspace/urdfdom/urdf_parser/src/model.cpp
Warning: link 'camera_link' material 'aluminum' undefined.
         at line 85 in /workspace/urdfdom/urdf_parser/src/model.cpp
Warning: link 'camera_link' material 'aluminum' undefined.
         at line 85 in /workspace/urdfdom/urdf_parser/src/model.cpp
Warning: link 'camera_link' material 'aluminum' undefined.
         at line 85 in /workspace/urdfdom/urdf_parser/src/model.cpp
Warning: link 'camera_link' material 'aluminum' undefined.
         at line 85 in /workspace/urdfdom/urdf_parser/src/model.cpp
Warning: link 'camera_link' material 'aluminum' undefined.
         at line 85 in /workspace/urdfdom/urdf_parser/src/model.cpp
Warning: link 'camera_link' material 'aluminum' undefined.
         at line 85 in /workspace/urdfdom/urdf_parser/src/model.cpp
Warning: link 'camera_link' material 'aluminum' undefined.
         at line 85 in /workspace/urdfdom/urdf_parser/src/model.cpp
Warning: link 'camera_link' material 'aluminum' undefined.
         at line 85 in /workspace/urdfdom/urdf_parser/src/model.cpp
Warning: link 'camera_link' material 'aluminum' undefined.
         at line 85 in /workspace/urdfdom/urdf_parser/src/model.cpp
Warning: link 'camera_link' material 'aluminum' undefined.
         at line 85 in /workspace/urdfdom/urdf_parser/src/model.cpp
Warning: link 'camera_link' material 'aluminum' undefined.
         at line 85 in /workspace/urdfdom/urdf_parser/src/model.cpp
Warning: link 'camera_link' material 'aluminum' undefined.
         at line 85 in /workspace/urdfdom/urdf_parser/src/model.cpp
Warning: link 'camera_link' material 'aluminum' undefined.
         at line 85 in /workspace/urdfdom/urdf_parser/src/model.cpp
Warning: link 'camera_link' material 'aluminum' undefined.
         at line 85 in /workspace/urdfdom/urdf_parser/src/model.cpp
[437/1842] VideoRepick/episode_30 succeeded with seed 12000 (attempt 0, 165.496s)
[438/1842] BinFill/episode_31 succeeded with seed 7100 (attempt 0, 156.751s)
[439/1842] VideoUnmaskSwap/episode_33 succeeded with seed 8300 (attempt 0, 67.461s)
[440/1842] BinFill/episode_33 succeeded with seed 7300 (attempt 0, 86.895s)
[441/1842] RouteStick/episode_32 succeeded with seed 19200 (attempt 0, 116.891s)
[442/1842] VideoRepick/episode_31 succeeded with seed 12100 (attempt 0, 151.824s)
Warning: link 'camera_link' material 'aluminum' undefined.
         at line 85 in /workspace/urdfdom/urdf_parser/src/model.cpp
Warning: link 'camera_link' material 'aluminum' undefined.
         at line 85 in /workspace/urdfdom/urdf_parser/src/model.cpp
Warning: link 'camera_link' material 'aluminum' undefined.
         at line 85 in /workspace/urdfdom/urdf_parser/src/model.cpp
Warning: link 'camera_link' material 'aluminum' undefined.
         at line 85 in /workspace/urdfdom/urdf_parser/src/model.cpp
Warning: link 'camera_link' material 'aluminum' undefined.
         at line 85 in /workspace/urdfdom/urdf_parser/src/model.cpp
Warning: link 'camera_link' material 'aluminum' undefined.
         at line 85 in /workspace/urdfdom/urdf_parser/src/model.cpp
Warning: link 'camera_link' material 'aluminum' undefined.
         at line 85 in /workspace/urdfdom/urdf_parser/src/model.cpp
Warning: link 'camera_link' material 'aluminum' undefined.
         at line 85 in /workspace/urdfdom/urdf_parser/src/model.cpp
[443/1842] RouteStick/episode_30 succeeded with seed 19000 (attempt 0, 199.309s)
[444/1842] VideoRepick/episode_31 succeeded with seed 12100 (attempt 0, 151.295s)
[445/1842] VideoRepick/episode_32 succeeded with seed 12200 (attempt 0, 112.21s)
[446/1842] VideoRepick/episode_32 succeeded with seed 12200 (attempt 0, 118.088s)
[447/1842] VideoUnmaskSwap/episode_32 succeeded with seed 8200 (attempt 0, 117.353s)
[448/1842] RouteStick/episode_33 succeeded with seed 19300 (attempt 0, 100.473s)
    BinFill/episode_32 用尽 1 次 attempt，放弃
Warning: link 'camera_link' material 'aluminum' undefined.
         at line 85 in /workspace/urdfdom/urdf_parser/src/model.cpp
Warning: link 'camera_link' material 'aluminum' undefined.
         at line 85 in /workspace/urdfdom/urdf_parser/src/model.cpp
Warning: link 'camera_link' material 'aluminum' undefined.
         at line 85 in /workspace/urdfdom/urdf_parser/src/model.cpp
Warning: link 'camera_link' material 'aluminum' undefined.
         at line 85 in /workspace/urdfdom/urdf_parser/src/model.cpp
Warning: link 'camera_link' material 'aluminum' undefined.
         at line 85 in /workspace/urdfdom/urdf_parser/src/model.cpp
Warning: link 'camera_link' material 'aluminum' undefined.
         at line 85 in /workspace/urdfdom/urdf_parser/src/model.cpp
Warning: link 'camera_link' material 'aluminum' undefined.
         at line 85 in /workspace/urdfdom/urdf_parser/src/model.cpp
Warning: link 'camera_link' material 'aluminum' undefined.
         at line 85 in /workspace/urdfdom/urdf_parser/src/model.cpp
[449/1842] VideoUnmaskSwap/episode_33 succeeded with seed 8300 (attempt 0, 100.948s)
Warning: link 'camera_link' material 'aluminum' undefined.
         at line 85 in /workspace/urdfdom/urdf_parser/src/model.cpp
Warning: link 'camera_link' material 'aluminum' undefined.
         at line 85 in /workspace/urdfdom/urdf_parser/src/model.cpp
Warning: link 'camera_link' material 'aluminum' undefined.
         at line 85 in /workspace/urdfdom/urdf_parser/src/model.cpp
Warning: link 'camera_link' material 'aluminum' undefined.
         at line 85 in /workspace/urdfdom/urdf_parser/src/model.cpp
Warning: link 'camera_link' material 'aluminum' undefined.
         at line 85 in /workspace/urdfdom/urdf_parser/src/model.cpp
Warning: link 'camera_link' material 'aluminum' undefined.
         at line 85 in /workspace/urdfdom/urdf_parser/src/model.cpp
Warning: link 'camera_link' material 'aluminum' undefined.
         at line 85 in /workspace/urdfdom/urdf_parser/src/model.cpp
Warning: link 'camera_link' material 'aluminum' undefined.
         at line 85 in /workspace/urdfdom/urdf_parser/src/model.cpp
Warning: link 'camera_link' material 'aluminum' undefined.
         at line 85 in /workspace/urdfdom/urdf_parser/src/model.cpp
Warning: link 'camera_link' material 'aluminum' undefined.
         at line 85 in /workspace/urdfdom/urdf_parser/src/model.cpp
Warning: link 'camera_link' material 'aluminum' undefined.
         at line 85 in /workspace/urdfdom/urdf_parser/src/model.cpp
Warning: link 'camera_link' material 'aluminum' undefined.
         at line 85 in /workspace/urdfdom/urdf_parser/src/model.cpp
Warning: link 'camera_link' material 'aluminum' undefined.
         at line 85 in /workspace/urdfdom/urdf_parser/src/model.cpp
Warning: link 'camera_link' material 'aluminum' undefined.
         at line 85 in /workspace/urdfdom/urdf_parser/src/model.cpp
Warning: link 'camera_link' material 'aluminum' undefined.
         at line 85 in /workspace/urdfdom/urdf_parser/src/model.cpp
Warning: link 'camera_link' material 'aluminum' undefined.
         at line 85 in /workspace/urdfdom/urdf_parser/src/model.cpp
[450/1842] RouteStick/episode_31 succeeded with seed 19100 (attempt 0, 178.628s)
[451/1842] RouteStick/episode_33 succeeded with seed 19300 (attempt 0, 114.798s)
[452/1842] VideoUnmaskSwap/episode_34 succeeded with seed 8400 (attempt 0, 62.802s)
[453/1842] BinFill/episode_33 succeeded with seed 7300 (attempt 0, 122.526s)
[454/1842] VideoUnmaskSwap/episode_34 succeeded with seed 8400 (attempt 0, 72.003s)
[455/1842] RouteStick/episode_32 succeeded with seed 19200 (attempt 0, 163.83s)
Warning: link 'camera_link' material 'aluminum' undefined.
         at line 85 in /workspace/urdfdom/urdf_parser/src/model.cpp
Warning: link 'camera_link' material 'aluminum' undefined.
         at line 85 in /workspace/urdfdom/urdf_parser/src/model.cpp
Warning: link 'camera_link' material 'aluminum' undefined.
         at line 85 in /workspace/urdfdom/urdf_parser/src/model.cpp
Warning: link 'camera_link' material 'aluminum' undefined.
         at line 85 in /workspace/urdfdom/urdf_parser/src/model.cpp
Warning: link 'camera_link' material 'aluminum' undefined.
         at line 85 in /workspace/urdfdom/urdf_parser/src/model.cpp
Warning: link 'camera_link' material 'aluminum' undefined.
         at line 85 in /workspace/urdfdom/urdf_parser/src/model.cpp
Warning: link 'camera_link' material 'aluminum' undefined.
         at line 85 in /workspace/urdfdom/urdf_parser/src/model.cpp
Warning: link 'camera_link' material 'aluminum' undefined.
         at line 85 in /workspace/urdfdom/urdf_parser/src/model.cpp
[456/1842] BinFill/episode_34 succeeded with seed 7400 (attempt 0, 94.233s)
[457/1842] BinFill/episode_34 succeeded with seed 7400 (attempt 0, 91.369s)
[458/1842] RouteStick/episode_33 succeeded with seed 19300 (attempt 0, 136.545s)
[459/1842] VideoRepick/episode_32 succeeded with seed 12200 (attempt 0, 159.985s)
[460/1842] RouteStick/episode_34 succeeded with seed 19400 (attempt 0, 101.712s)
Warning: link 'camera_link' material 'aluminum' undefined.
         at line 85 in /workspace/urdfdom/urdf_parser/src/model.cpp
Warning: link 'camera_link' material 'aluminum' undefined.
         at line 85 in /workspace/urdfdom/urdf_parser/src/model.cpp
Warning: link 'camera_link' material 'aluminum' undefined.
         at line 85 in /workspace/urdfdom/urdf_parser/src/model.cpp
Warning: link 'camera_link' material 'aluminum' undefined.
         at line 85 in /workspace/urdfdom/urdf_parser/src/model.cpp
Warning: link 'camera_link' material 'aluminum' undefined.
         at line 85 in /workspace/urdfdom/urdf_parser/src/model.cpp
Warning: link 'camera_link' material 'aluminum' undefined.
         at line 85 in /workspace/urdfdom/urdf_parser/src/model.cpp
Warning: link 'camera_link' material 'aluminum' undefined.
         at line 85 in /workspace/urdfdom/urdf_parser/src/model.cpp
Warning: link 'camera_link' material 'aluminum' undefined.
         at line 85 in /workspace/urdfdom/urdf_parser/src/model.cpp
screw plan failed
screw plan failed
screw plan failed
[461/1842] BinFill/episode_33 succeeded with seed 7300 (attempt 0, 154.768s)
Warning: link 'camera_link' material 'aluminum' undefined.
         at line 85 in /workspace/urdfdom/urdf_parser/src/model.cpp
Warning: link 'camera_link' material 'aluminum' undefined.
         at line 85 in /workspace/urdfdom/urdf_parser/src/model.cpp
Warning: link 'camera_link' material 'aluminum' undefined.
         at line 85 in /workspace/urdfdom/urdf_parser/src/model.cpp
Warning: link 'camera_link' material 'aluminum' undefined.
         at line 85 in /workspace/urdfdom/urdf_parser/src/model.cpp
Warning: link 'camera_link' material 'aluminum' undefined.
         at line 85 in /workspace/urdfdom/urdf_parser/src/model.cpp
Warning: link 'camera_link' material 'aluminum' undefined.
         at line 85 in /workspace/urdfdom/urdf_parser/src/model.cpp
Warning: link 'camera_link' material 'aluminum' undefined.
         at line 85 in /workspace/urdfdom/urdf_parser/src/model.cpp
Warning: link 'camera_link' material 'aluminum' undefined.
         at line 85 in /workspace/urdfdom/urdf_parser/src/model.cpp
[462/1842] VideoUnmaskSwap/episode_34 succeeded with seed 8400 (attempt 0, 104.593s)
Warning: link 'camera_link' material 'aluminum' undefined.
         at line 85 in /workspace/urdfdom/urdf_parser/src/model.cpp
Warning: link 'camera_link' material 'aluminum' undefined.
         at line 85 in /workspace/urdfdom/urdf_parser/src/model.cpp
Warning: link 'camera_link' material 'aluminum' undefined.
         at line 85 in /workspace/urdfdom/urdf_parser/src/model.cpp
Warning: link 'camera_link' material 'aluminum' undefined.
         at line 85 in /workspace/urdfdom/urdf_parser/src/model.cpp
Warning: link 'camera_link' material 'aluminum' undefined.
         at line 85 in /workspace/urdfdom/urdf_parser/src/model.cpp
Warning: link 'camera_link' material 'aluminum' undefined.
         at line 85 in /workspace/urdfdom/urdf_parser/src/model.cpp
Warning: link 'camera_link' material 'aluminum' undefined.
         at line 85 in /workspace/urdfdom/urdf_parser/src/model.cpp
Warning: link 'camera_link' material 'aluminum' undefined.
         at line 85 in /workspace/urdfdom/urdf_parser/src/model.cpp
[463/1842] RouteStick/episode_34 succeeded with seed 19400 (attempt 0, 116.094s)
[464/1842] VideoUnmaskSwap/episode_35 succeeded with seed 8500 (attempt 0, 67.508s)
[465/1842] RouteStick/episode_34 succeeded with seed 19400 (attempt 0, 116.059s)
[466/1842] VideoRepick/episode_33 succeeded with seed 12300 (attempt 0, 146.908s)
[467/1842] VideoRepick/episode_34 succeeded with seed 12400 (attempt 0, 105.302s)
[468/1842] BinFill/episode_34 succeeded with seed 7400 (attempt 0, 125.167s)
[469/1842] VideoUnmaskSwap/episode_33 succeeded with seed 8300 (attempt 0, 139.658s)
[470/1842] VideoRepick/episode_33 succeeded with seed 12300 (attempt 0, 150.75s)
[471/1842] RouteStick/episode_35 succeeded with seed 19500 (attempt 0, 85.243s)
[472/1842] VideoUnmaskSwap/episode_35 succeeded with seed 8500 (attempt 0, 78.97s)
Warning: link 'camera_link' material 'aluminum' undefined.
         at line 85 in /workspace/urdfdom/urdf_parser/src/model.cpp
Warning: link 'camera_link' material 'aluminum' undefined.
         at line 85 in /workspace/urdfdom/urdf_parser/src/model.cpp
Warning: link 'camera_link' material 'aluminum' undefined.
         at line 85 in /workspace/urdfdom/urdf_parser/src/model.cpp
Warning: link 'camera_link' material 'aluminum' undefined.
         at line 85 in /workspace/urdfdom/urdf_parser/src/model.cpp
Warning: link 'camera_link' material 'aluminum' undefined.
         at line 85 in /workspace/urdfdom/urdf_parser/src/model.cpp
Warning: link 'camera_link' material 'aluminum' undefined.
         at line 85 in /workspace/urdfdom/urdf_parser/src/model.cpp
Warning: link 'camera_link' material 'aluminum' undefined.
         at line 85 in /workspace/urdfdom/urdf_parser/src/model.cpp
Warning: link 'camera_link' material 'aluminum' undefined.
         at line 85 in /workspace/urdfdom/urdf_parser/src/model.cpp
[473/1842] BinFill/episode_35 succeeded with seed 7500 (attempt 0, 109.163s)
[474/1842] RouteStick/episode_32 succeeded with seed 19200 (attempt 0, 211.886s)
[475/1842] VideoRepick/episode_33 succeeded with seed 12300 (attempt 0, 154.987s)
Warning: link 'camera_link' material 'aluminum' undefined.
         at line 85 in /workspace/urdfdom/urdf_parser/src/model.cpp
Warning: link 'camera_link' material 'aluminum' undefined.
         at line 85 in /workspace/urdfdom/urdf_parser/src/model.cpp
Warning: link 'camera_link' material 'aluminum' undefined.
         at line 85 in /workspace/urdfdom/urdf_parser/src/model.cpp
Warning: link 'camera_link' material 'aluminum' undefined.
         at line 85 in /workspace/urdfdom/urdf_parser/src/model.cpp
Warning: link 'camera_link' material 'aluminum' undefined.
         at line 85 in /workspace/urdfdom/urdf_parser/src/model.cpp
Warning: link 'camera_link' material 'aluminum' undefined.
         at line 85 in /workspace/urdfdom/urdf_parser/src/model.cpp
Warning: link 'camera_link' material 'aluminum' undefined.
         at line 85 in /workspace/urdfdom/urdf_parser/src/model.cpp
Warning: link 'camera_link' material 'aluminum' undefined.
         at line 85 in /workspace/urdfdom/urdf_parser/src/model.cpp
Warning: link 'camera_link' material 'aluminum' undefined.
         at line 85 in /workspace/urdfdom/urdf_parser/src/model.cpp
Warning: link 'camera_link' material 'aluminum' undefined.
         at line 85 in /workspace/urdfdom/urdf_parser/src/model.cpp
Warning: link 'camera_link' material 'aluminum' undefined.
         at line 85 in /workspace/urdfdom/urdf_parser/src/model.cpp
Warning: link 'camera_link' material 'aluminum' undefined.
         at line 85 in /workspace/urdfdom/urdf_parser/src/model.cpp
Warning: link 'camera_link' material 'aluminum' undefined.
         at line 85 in /workspace/urdfdom/urdf_parser/src/model.cpp
Warning: link 'camera_link' material 'aluminum' undefined.
         at line 85 in /workspace/urdfdom/urdf_parser/src/model.cpp
Warning: link 'camera_link' material 'aluminum' undefined.
         at line 85 in /workspace/urdfdom/urdf_parser/src/model.cpp
Warning: link 'camera_link' material 'aluminum' undefined.
         at line 85 in /workspace/urdfdom/urdf_parser/src/model.cpp
[476/1842] VideoUnmaskSwap/episode_36 succeeded with seed 8600 (attempt 0, 50.101s)
[477/1842] VideoUnmaskSwap/episode_35 succeeded with seed 8500 (attempt 0, 92.263s)
[478/1842] VideoUnmaskSwap/episode_36 succeeded with seed 8600 (attempt 0, 50.12s)
[479/1842] VideoRepick/episode_34 succeeded with seed 12400 (attempt 0, 136.073s)
[480/1842] RouteStick/episode_35 succeeded with seed 19500 (attempt 0, 116.003s)
Warning: link 'camera_link' material 'aluminum' undefined.
         at line 85 in /workspace/urdfdom/urdf_parser/src/model.cpp
Warning: link 'camera_link' material 'aluminum' undefined.
         at line 85 in /workspace/urdfdom/urdf_parser/src/model.cpp
Warning: link 'camera_link' material 'aluminum' undefined.
         at line 85 in /workspace/urdfdom/urdf_parser/src/model.cpp
Warning: link 'camera_link' material 'aluminum' undefined.
         at line 85 in /workspace/urdfdom/urdf_parser/src/model.cpp
Warning: link 'camera_link' material 'aluminum' undefined.
         at line 85 in /workspace/urdfdom/urdf_parser/src/model.cpp
Warning: link 'camera_link' material 'aluminum' undefined.
         at line 85 in /workspace/urdfdom/urdf_parser/src/model.cpp
Warning: link 'camera_link' material 'aluminum' undefined.
         at line 85 in /workspace/urdfdom/urdf_parser/src/model.cpp
Warning: link 'camera_link' material 'aluminum' undefined.
         at line 85 in /workspace/urdfdom/urdf_parser/src/model.cpp
[481/1842] VideoUnmaskSwap/episode_34 succeeded with seed 8400 (attempt 0, 134.773s)
Warning: link 'camera_link' material 'aluminum' undefined.
         at line 85 in /workspace/urdfdom/urdf_parser/src/model.cpp
Warning: link 'camera_link' material 'aluminum' undefined.
         at line 85 in /workspace/urdfdom/urdf_parser/src/model.cpp
Warning: link 'camera_link' material 'aluminum' undefined.
         at line 85 in /workspace/urdfdom/urdf_parser/src/model.cpp
Warning: link 'camera_link' material 'aluminum' undefined.
         at line 85 in /workspace/urdfdom/urdf_parser/src/model.cpp
Warning: link 'camera_link' material 'aluminum' undefined.
         at line 85 in /workspace/urdfdom/urdf_parser/src/model.cpp
Warning: link 'camera_link' material 'aluminum' undefined.
         at line 85 in /workspace/urdfdom/urdf_parser/src/model.cpp
Warning: link 'camera_link' material 'aluminum' undefined.
         at line 85 in /workspace/urdfdom/urdf_parser/src/model.cpp
Warning: link 'camera_link' material 'aluminum' undefined.
         at line 85 in /workspace/urdfdom/urdf_parser/src/model.cpp
[482/1842] BinFill/episode_36 succeeded with seed 7600 (attempt 0, 93.635s)
[483/1842] RouteStick/episode_36 succeeded with seed 19600 (attempt 0, 84.535s)
[484/1842] VideoRepick/episode_34 succeeded with seed 12400 (attempt 0, 150.136s)
[485/1842] BinFill/episode_35 succeeded with seed 7500 (attempt 0, 150.113s)
[486/1842] VideoRepick/episode_35 succeeded with seed 12500 (attempt 0, 123.852s)
[487/1842] RouteStick/episode_33 succeeded with seed 19300 (attempt 0, 209.808s)
[488/1842] VideoUnmaskSwap/episode_37 succeeded with seed 8700 (attempt 0, 49.149s)
[489/1842] RouteStick/episode_36 succeeded with seed 19600 (attempt 0, 113.621s)
Warning: link 'camera_link' material 'aluminum' undefined.
         at line 85 in /workspace/urdfdom/urdf_parser/src/model.cpp
Warning: link 'camera_link' material 'aluminum' undefined.
         at line 85 in /workspace/urdfdom/urdf_parser/src/model.cpp
Warning: link 'camera_link' material 'aluminum' undefined.
         at line 85 in /workspace/urdfdom/urdf_parser/src/model.cpp
Warning: link 'camera_link' material 'aluminum' undefined.
         at line 85 in /workspace/urdfdom/urdf_parser/src/model.cpp
Warning: link 'camera_link' material 'aluminum' undefined.
         at line 85 in /workspace/urdfdom/urdf_parser/src/model.cpp
Warning: link 'camera_link' material 'aluminum' undefined.
         at line 85 in /workspace/urdfdom/urdf_parser/src/model.cpp
Warning: link 'camera_link' material 'aluminum' undefined.
         at line 85 in /workspace/urdfdom/urdf_parser/src/model.cpp
Warning: link 'camera_link' material 'aluminum' undefined.
         at line 85 in /workspace/urdfdom/urdf_parser/src/model.cpp
[490/1842] VideoRepick/episode_35 succeeded with seed 12500 (attempt 0, 135.469s)
[491/1842] RouteStick/episode_35 succeeded with seed 19500 (attempt 0, 160.29s)
Warning: link 'camera_link' material 'aluminum' undefined.
         at line 85 in /workspace/urdfdom/urdf_parser/src/model.cpp
Warning: link 'camera_link' material 'aluminum' undefined.
         at line 85 in /workspace/urdfdom/urdf_parser/src/model.cpp
Warning: link 'camera_link' material 'aluminum' undefined.
         at line 85 in /workspace/urdfdom/urdf_parser/src/model.cpp
Warning: link 'camera_link' material 'aluminum' undefined.
         at line 85 in /workspace/urdfdom/urdf_parser/src/model.cpp
Warning: link 'camera_link' material 'aluminum' undefined.
         at line 85 in /workspace/urdfdom/urdf_parser/src/model.cpp
Warning: link 'camera_link' material 'aluminum' undefined.
         at line 85 in /workspace/urdfdom/urdf_parser/src/model.cpp
Warning: link 'camera_link' material 'aluminum' undefined.
         at line 85 in /workspace/urdfdom/urdf_parser/src/model.cpp
Warning: link 'camera_link' material 'aluminum' undefined.
         at line 85 in /workspace/urdfdom/urdf_parser/src/model.cpp
Warning: link 'camera_link' material 'aluminum' undefined.
         at line 85 in /workspace/urdfdom/urdf_parser/src/model.cpp
Warning: link 'camera_link' material 'aluminum' undefined.
         at line 85 in /workspace/urdfdom/urdf_parser/src/model.cpp
Warning: link 'camera_link' material 'aluminum' undefined.
         at line 85 in /workspace/urdfdom/urdf_parser/src/model.cpp
Warning: link 'camera_link' material 'aluminum' undefined.
         at line 85 in /workspace/urdfdom/urdf_parser/src/model.cpp
Warning: link 'camera_link' material 'aluminum' undefined.
         at line 85 in /workspace/urdfdom/urdf_parser/src/model.cpp
Warning: link 'camera_link' material 'aluminum' undefined.
         at line 85 in /workspace/urdfdom/urdf_parser/src/model.cpp
Warning: link 'camera_link' material 'aluminum' undefined.
         at line 85 in /workspace/urdfdom/urdf_parser/src/model.cpp
Warning: link 'camera_link' material 'aluminum' undefined.
         at line 85 in /workspace/urdfdom/urdf_parser/src/model.cpp
[492/1842] VideoUnmaskSwap/episode_35 succeeded with seed 8500 (attempt 0, 141.818s)
[493/1842] VideoUnmaskSwap/episode_37 succeeded with seed 8700 (attempt 0, 72.365s)
[494/1842] RouteStick/episode_34 succeeded with seed 19400 (attempt 0, 194.644s)
[495/1842] VideoRepick/episode_35 succeeded with seed 12500 (attempt 0, 159.861s)
[496/1842] BinFill/episode_37 succeeded with seed 7700 (attempt 0, 97.602s)
screw plan failed
screw plan failed
screw plan failed
[497/1842] RouteStick/episode_37 succeeded with seed 19700 (attempt 0, 101.038s)
[498/1842] VideoUnmaskSwap/episode_36 succeeded with seed 8600 (attempt 0, 121.094s)
Warning: link 'camera_link' material 'aluminum' undefined.
         at line 85 in /workspace/urdfdom/urdf_parser/src/model.cpp
Warning: link 'camera_link' material 'aluminum' undefined.
         at line 85 in /workspace/urdfdom/urdf_parser/src/model.cpp
Warning: link 'camera_link' material 'aluminum' undefined.
         at line 85 in /workspace/urdfdom/urdf_parser/src/model.cpp
Warning: link 'camera_link' material 'aluminum' undefined.
         at line 85 in /workspace/urdfdom/urdf_parser/src/model.cpp
Warning: link 'camera_link' material 'aluminum' undefined.
         at line 85 in /workspace/urdfdom/urdf_parser/src/model.cpp
Warning: link 'camera_link' material 'aluminum' undefined.
         at line 85 in /workspace/urdfdom/urdf_parser/src/model.cpp
Warning: link 'camera_link' material 'aluminum' undefined.
         at line 85 in /workspace/urdfdom/urdf_parser/src/model.cpp
Warning: link 'camera_link' material 'aluminum' undefined.
         at line 85 in /workspace/urdfdom/urdf_parser/src/model.cpp
[499/1842] VideoUnmaskSwap/episode_36 succeeded with seed 8600 (attempt 0, 121.125s)
[500/1842] BinFill/episode_36 succeeded with seed 7600 (attempt 0, 154.496s)
[501/1842] BinFill/episode_35 succeeded with seed 7500 (attempt 0, 198.381s)
/data/hongzefu/robomme_benchmark_MotionJEPANewTask/.venv/lib/python3.11/site-packages/torch/cuda/__init__.py:63: FutureWarning: The pynvml package is deprecated. Please install nvidia-ml-py instead. If you did not install pynvml directly, please report this to the maintainers of the package that installed pynvml for you.
  import pynvml  # type: ignore[import]
/data/hongzefu/robomme_benchmark_MotionJEPANewTask/.venv/lib/python3.11/site-packages/sapien/__init__.py:18: UserWarning: pkg_resources is deprecated as an API. See https://setuptools.pypa.io/en/latest/pkg_resources.html. The pkg_resources package is slated for removal as early as 2025-11-30. Refrain from using this package or pin to Setuptools<81.
  import pkg_resources
    VideoRepick/episode_26 seed 11600 单条墙钟超过 600 秒被终止（实测 602 秒）
    VideoRepick/episode_26 用尽 1 次 attempt，放弃
/data/hongzefu/robomme_benchmark_MotionJEPANewTask/.venv/lib/python3.11/site-packages/torch/cuda/__init__.py:63: FutureWarning: The pynvml package is deprecated. Please install nvidia-ml-py instead. If you did not install pynvml directly, please report this to the maintainers of the package that installed pynvml for you.
  import pynvml  # type: ignore[import]
/data/hongzefu/robomme_benchmark_MotionJEPANewTask/.venv/lib/python3.11/site-packages/torch/cuda/__init__.py:63: FutureWarning: The pynvml package is deprecated. Please install nvidia-ml-py instead. If you did not install pynvml directly, please report this to the maintainers of the package that installed pynvml for you.
  import pynvml  # type: ignore[import]
[502/1842] VideoRepick/episode_36 succeeded with seed 12600 (attempt 0, 124.631s)
/data/hongzefu/robomme_benchmark_MotionJEPANewTask/.venv/lib/python3.11/site-packages/sapien/__init__.py:18: UserWarning: pkg_resources is deprecated as an API. See https://setuptools.pypa.io/en/latest/pkg_resources.html. The pkg_resources package is slated for removal as early as 2025-11-30. Refrain from using this package or pin to Setuptools<81.
  import pkg_resources
/data/hongzefu/robomme_benchmark_MotionJEPANewTask/.venv/lib/python3.11/site-packages/sapien/__init__.py:18: UserWarning: pkg_resources is deprecated as an API. See https://setuptools.pypa.io/en/latest/pkg_resources.html. The pkg_resources package is slated for removal as early as 2025-11-30. Refrain from using this package or pin to Setuptools<81.
  import pkg_resources
[503/1842] RouteStick/episode_36 succeeded with seed 19600 (attempt 0, 153.605s)
    VideoRepick/episode_26 seed 11600 单条墙钟超过 600 秒被终止（实测 611 秒）
    VideoRepick/episode_26 用尽 1 次 attempt，放弃
/data/hongzefu/robomme_benchmark_MotionJEPANewTask/.venv/lib/python3.11/site-packages/torch/cuda/__init__.py:63: FutureWarning: The pynvml package is deprecated. Please install nvidia-ml-py instead. If you did not install pynvml directly, please report this to the maintainers of the package that installed pynvml for you.
  import pynvml  # type: ignore[import]
/data/hongzefu/robomme_benchmark_MotionJEPANewTask/.venv/lib/python3.11/site-packages/sapien/__init__.py:18: UserWarning: pkg_resources is deprecated as an API. See https://setuptools.pypa.io/en/latest/pkg_resources.html. The pkg_resources package is slated for removal as early as 2025-11-30. Refrain from using this package or pin to Setuptools<81.
  import pkg_resources
[504/1842] VideoRepick/episode_36 succeeded with seed 12600 (attempt 0, 138.209s)
[505/1842] VideoUnmaskSwap/episode_37 succeeded with seed 8700 (attempt 0, 109.75s)
    VideoUnmaskSwap/episode_26 seed 7600 单条墙钟超过 600 秒被终止（实测 608 秒）
    VideoUnmaskSwap/episode_26 用尽 1 次 attempt，放弃
/data/hongzefu/robomme_benchmark_MotionJEPANewTask/.venv/lib/python3.11/site-packages/torch/cuda/__init__.py:63: FutureWarning: The pynvml package is deprecated. Please install nvidia-ml-py instead. If you did not install pynvml directly, please report this to the maintainers of the package that installed pynvml for you.
  import pynvml  # type: ignore[import]
[506/1842] VideoRepick/episode_36 succeeded with seed 12600 (attempt 0, 142.37s)
/data/hongzefu/robomme_benchmark_MotionJEPANewTask/.venv/lib/python3.11/site-packages/sapien/__init__.py:18: UserWarning: pkg_resources is deprecated as an API. See https://setuptools.pypa.io/en/latest/pkg_resources.html. The pkg_resources package is slated for removal as early as 2025-11-30. Refrain from using this package or pin to Setuptools<81.
  import pkg_resources
[507/1842] BinFill/episode_37 succeeded with seed 7700 (attempt 0, 135.58s)
[508/1842] VideoUnmaskSwap/episode_38 succeeded with seed 8800 (attempt 0, 68.802s)
Warning: link 'camera_link' material 'aluminum' undefined.
         at line 85 in /workspace/urdfdom/urdf_parser/src/model.cpp
Warning: link 'camera_link' material 'aluminum' undefined.
         at line 85 in /workspace/urdfdom/urdf_parser/src/model.cpp
Warning: link 'camera_link' material 'aluminum' undefined.
         at line 85 in /workspace/urdfdom/urdf_parser/src/model.cpp
Warning: link 'camera_link' material 'aluminum' undefined.
         at line 85 in /workspace/urdfdom/urdf_parser/src/model.cpp
Warning: link 'camera_link' material 'aluminum' undefined.
         at line 85 in /workspace/urdfdom/urdf_parser/src/model.cpp
Warning: link 'camera_link' material 'aluminum' undefined.
         at line 85 in /workspace/urdfdom/urdf_parser/src/model.cpp
Warning: link 'camera_link' material 'aluminum' undefined.
         at line 85 in /workspace/urdfdom/urdf_parser/src/model.cpp
Warning: link 'camera_link' material 'aluminum' undefined.
         at line 85 in /workspace/urdfdom/urdf_parser/src/model.cpp
[509/1842] BinFill/episode_36 succeeded with seed 7600 (attempt 0, 175.9s)
Warning: link 'camera_link' material 'aluminum' undefined.
         at line 85 in /workspace/urdfdom/urdf_parser/src/model.cpp
Warning: link 'camera_link' material 'aluminum' undefined.
         at line 85 in /workspace/urdfdom/urdf_parser/src/model.cpp
Warning: link 'camera_link' material 'aluminum' undefined.
         at line 85 in /workspace/urdfdom/urdf_parser/src/model.cpp
Warning: link 'camera_link' material 'aluminum' undefined.
         at line 85 in /workspace/urdfdom/urdf_parser/src/model.cpp
Warning: link 'camera_link' material 'aluminum' undefined.
         at line 85 in /workspace/urdfdom/urdf_parser/src/model.cpp
Warning: link 'camera_link' material 'aluminum' undefined.
         at line 85 in /workspace/urdfdom/urdf_parser/src/model.cpp
Warning: link 'camera_link' material 'aluminum' undefined.
         at line 85 in /workspace/urdfdom/urdf_parser/src/model.cpp
Warning: link 'camera_link' material 'aluminum' undefined.
         at line 85 in /workspace/urdfdom/urdf_parser/src/model.cpp
[510/1842] VideoUnmaskSwap/episode_38 succeeded with seed 8800 (attempt 0, 65.091s)
[511/1842] RouteStick/episode_37 succeeded with seed 19700 (attempt 0, 125.529s)
screw plan failed
screw plan failed
screw plan failed
[512/1842] RouteStick/episode_37 succeeded with seed 19700 (attempt 0, 140.964s)
/data/hongzefu/robomme_benchmark_MotionJEPANewTask/.venv/lib/python3.11/site-packages/torch/cuda/__init__.py:63: FutureWarning: The pynvml package is deprecated. Please install nvidia-ml-py instead. If you did not install pynvml directly, please report this to the maintainers of the package that installed pynvml for you.
  import pynvml  # type: ignore[import]
/data/hongzefu/robomme_benchmark_MotionJEPANewTask/.venv/lib/python3.11/site-packages/sapien/__init__.py:18: UserWarning: pkg_resources is deprecated as an API. See https://setuptools.pypa.io/en/latest/pkg_resources.html. The pkg_resources package is slated for removal as early as 2025-11-30. Refrain from using this package or pin to Setuptools<81.
  import pkg_resources
/data/hongzefu/robomme_benchmark_MotionJEPANewTask/.venv/lib/python3.11/site-packages/torch/cuda/__init__.py:63: FutureWarning: The pynvml package is deprecated. Please install nvidia-ml-py instead. If you did not install pynvml directly, please report this to the maintainers of the package that installed pynvml for you.
  import pynvml  # type: ignore[import]
/data/hongzefu/robomme_benchmark_MotionJEPANewTask/.venv/lib/python3.11/site-packages/sapien/__init__.py:18: UserWarning: pkg_resources is deprecated as an API. See https://setuptools.pypa.io/en/latest/pkg_resources.html. The pkg_resources package is slated for removal as early as 2025-11-30. Refrain from using this package or pin to Setuptools<81.
  import pkg_resources
[513/1842] VideoUnmaskSwap/episode_37 succeeded with seed 8700 (attempt 0, 116.439s)
[514/1842] VideoRepick/episode_37 succeeded with seed 12700 (attempt 0, 127.501s)
Warning: link 'camera_link' material 'aluminum' undefined.
         at line 85 in /workspace/urdfdom/urdf_parser/src/model.cpp
Warning: link 'camera_link' material 'aluminum' undefined.
         at line 85 in /workspace/urdfdom/urdf_parser/src/model.cpp
Warning: link 'camera_link' material 'aluminum' undefined.
         at line 85 in /workspace/urdfdom/urdf_parser/src/model.cpp
Warning: link 'camera_link' material 'aluminum' undefined.
         at line 85 in /workspace/urdfdom/urdf_parser/src/model.cpp
Warning: link 'camera_link' material 'aluminum' undefined.
         at line 85 in /workspace/urdfdom/urdf_parser/src/model.cpp
Warning: link 'camera_link' material 'aluminum' undefined.
         at line 85 in /workspace/urdfdom/urdf_parser/src/model.cpp
Warning: link 'camera_link' material 'aluminum' undefined.
         at line 85 in /workspace/urdfdom/urdf_parser/src/model.cpp
Warning: link 'camera_link' material 'aluminum' undefined.
         at line 85 in /workspace/urdfdom/urdf_parser/src/model.cpp
Warning: link 'camera_link' material 'aluminum' undefined.
         at line 85 in /workspace/urdfdom/urdf_parser/src/model.cpp
Warning: link 'camera_link' material 'aluminum' undefined.
         at line 85 in /workspace/urdfdom/urdf_parser/src/model.cpp
Warning: link 'camera_link' material 'aluminum' undefined.
         at line 85 in /workspace/urdfdom/urdf_parser/src/model.cpp
Warning: link 'camera_link' material 'aluminum' undefined.
         at line 85 in /workspace/urdfdom/urdf_parser/src/model.cpp
Warning: link 'camera_link' material 'aluminum' undefined.
         at line 85 in /workspace/urdfdom/urdf_parser/src/model.cpp
Warning: link 'camera_link' material 'aluminum' undefined.
         at line 85 in /workspace/urdfdom/urdf_parser/src/model.cpp
Warning: link 'camera_link' material 'aluminum' undefined.
         at line 85 in /workspace/urdfdom/urdf_parser/src/model.cpp
Warning: link 'camera_link' material 'aluminum' undefined.
         at line 85 in /workspace/urdfdom/urdf_parser/src/model.cpp
[515/1842] BinFill/episode_38 succeeded with seed 7800 (attempt 0, 109.89s)
/data/hongzefu/robomme_benchmark_MotionJEPANewTask/.venv/lib/python3.11/site-packages/torch/cuda/__init__.py:63: FutureWarning: The pynvml package is deprecated. Please install nvidia-ml-py instead. If you did not install pynvml directly, please report this to the maintainers of the package that installed pynvml for you.
  import pynvml  # type: ignore[import]
/data/hongzefu/robomme_benchmark_MotionJEPANewTask/.venv/lib/python3.11/site-packages/sapien/__init__.py:18: UserWarning: pkg_resources is deprecated as an API. See https://setuptools.pypa.io/en/latest/pkg_resources.html. The pkg_resources package is slated for removal as early as 2025-11-30. Refrain from using this package or pin to Setuptools<81.
  import pkg_resources
[516/1842] RouteStick/episode_35 succeeded with seed 19500 (attempt 0, 222.921s)
Warning: link 'camera_link' material 'aluminum' undefined.
         at line 85 in /workspace/urdfdom/urdf_parser/src/model.cpp
Warning: link 'camera_link' material 'aluminum' undefined.
         at line 85 in /workspace/urdfdom/urdf_parser/src/model.cpp
Warning: link 'camera_link' material 'aluminum' undefined.
         at line 85 in /workspace/urdfdom/urdf_parser/src/model.cpp
Warning: link 'camera_link' material 'aluminum' undefined.
         at line 85 in /workspace/urdfdom/urdf_parser/src/model.cpp
Warning: link 'camera_link' material 'aluminum' undefined.
         at line 85 in /workspace/urdfdom/urdf_parser/src/model.cpp
Warning: link 'camera_link' material 'aluminum' undefined.
         at line 85 in /workspace/urdfdom/urdf_parser/src/model.cpp
Warning: link 'camera_link' material 'aluminum' undefined.
         at line 85 in /workspace/urdfdom/urdf_parser/src/model.cpp
Warning: link 'camera_link' material 'aluminum' undefined.
         at line 85 in /workspace/urdfdom/urdf_parser/src/model.cpp
Warning: link 'camera_link' material 'aluminum' undefined.
         at line 85 in /workspace/urdfdom/urdf_parser/src/model.cpp
Warning: link 'camera_link' material 'aluminum' undefined.
         at line 85 in /workspace/urdfdom/urdf_parser/src/model.cpp
Warning: link 'camera_link' material 'aluminum' undefined.
         at line 85 in /workspace/urdfdom/urdf_parser/src/model.cpp
Warning: link 'camera_link' material 'aluminum' undefined.
         at line 85 in /workspace/urdfdom/urdf_parser/src/model.cpp
Warning: link 'camera_link' material 'aluminum' undefined.
         at line 85 in /workspace/urdfdom/urdf_parser/src/model.cpp
Warning: link 'camera_link' material 'aluminum' undefined.
         at line 85 in /workspace/urdfdom/urdf_parser/src/model.cpp
Warning: link 'camera_link' material 'aluminum' undefined.
         at line 85 in /workspace/urdfdom/urdf_parser/src/model.cpp
Warning: link 'camera_link' material 'aluminum' undefined.
         at line 85 in /workspace/urdfdom/urdf_parser/src/model.cpp
Warning: link 'camera_link' material 'aluminum' undefined.
         at line 85 in /workspace/urdfdom/urdf_parser/src/model.cpp
Warning: link 'camera_link' material 'aluminum' undefined.
         at line 85 in /workspace/urdfdom/urdf_parser/src/model.cpp
Warning: link 'camera_link' material 'aluminum' undefined.
         at line 85 in /workspace/urdfdom/urdf_parser/src/model.cpp
Warning: link 'camera_link' material 'aluminum' undefined.
         at line 85 in /workspace/urdfdom/urdf_parser/src/model.cpp
Warning: link 'camera_link' material 'aluminum' undefined.
         at line 85 in /workspace/urdfdom/urdf_parser/src/model.cpp
Warning: link 'camera_link' material 'aluminum' undefined.
         at line 85 in /workspace/urdfdom/urdf_parser/src/model.cpp
Warning: link 'camera_link' material 'aluminum' undefined.
         at line 85 in /workspace/urdfdom/urdf_parser/src/model.cpp
Warning: link 'camera_link' material 'aluminum' undefined.
         at line 85 in /workspace/urdfdom/urdf_parser/src/model.cpp
[517/1842] RouteStick/episode_38 succeeded with seed 19800 (attempt 0, 115.02s)
[518/1842] BinFill/episode_38 succeeded with seed 7800 (attempt 0, 134.883s)
/data/hongzefu/robomme_benchmark_MotionJEPANewTask/.venv/lib/python3.11/site-packages/torch/cuda/__init__.py:63: FutureWarning: The pynvml package is deprecated. Please install nvidia-ml-py instead. If you did not install pynvml directly, please report this to the maintainers of the package that installed pynvml for you.
  import pynvml  # type: ignore[import]
[519/1842] VideoUnmaskSwap/episode_38 succeeded with seed 8800 (attempt 0, 108.978s)
/data/hongzefu/robomme_benchmark_MotionJEPANewTask/.venv/lib/python3.11/site-packages/sapien/__init__.py:18: UserWarning: pkg_resources is deprecated as an API. See https://setuptools.pypa.io/en/latest/pkg_resources.html. The pkg_resources package is slated for removal as early as 2025-11-30. Refrain from using this package or pin to Setuptools<81.
  import pkg_resources
[520/1842] VideoUnmaskSwap/episode_39 succeeded with seed 8900 (attempt 0, 63.522s)
[521/1842] BinFill/episode_39 succeeded with seed 7900 (attempt 0, 97.347s)
[522/1842] VideoRepick/episode_37 succeeded with seed 12700 (attempt 0, 171.43s)
/data/hongzefu/robomme_benchmark_MotionJEPANewTask/.venv/lib/python3.11/site-packages/torch/cuda/__init__.py:63: FutureWarning: The pynvml package is deprecated. Please install nvidia-ml-py instead. If you did not install pynvml directly, please report this to the maintainers of the package that installed pynvml for you.
  import pynvml  # type: ignore[import]
/data/hongzefu/robomme_benchmark_MotionJEPANewTask/.venv/lib/python3.11/site-packages/sapien/__init__.py:18: UserWarning: pkg_resources is deprecated as an API. See https://setuptools.pypa.io/en/latest/pkg_resources.html. The pkg_resources package is slated for removal as early as 2025-11-30. Refrain from using this package or pin to Setuptools<81.
  import pkg_resources
[523/1842] VideoRepick/episode_38 succeeded with seed 12800 (attempt 0, 121.4s)
[524/1842] VideoRepick/episode_38 succeeded with seed 12800 (attempt 0, 127.665s)
Warning: link 'camera_link' material 'aluminum' undefined.
         at line 85 in /workspace/urdfdom/urdf_parser/src/model.cpp
Warning: link 'camera_link' material 'aluminum' undefined.
         at line 85 in /workspace/urdfdom/urdf_parser/src/model.cpp
Warning: link 'camera_link' material 'aluminum' undefined.
         at line 85 in /workspace/urdfdom/urdf_parser/src/model.cpp
Warning: link 'camera_link' material 'aluminum' undefined.
         at line 85 in /workspace/urdfdom/urdf_parser/src/model.cpp
Warning: link 'camera_link' material 'aluminum' undefined.
         at line 85 in /workspace/urdfdom/urdf_parser/src/model.cpp
Warning: link 'camera_link' material 'aluminum' undefined.
         at line 85 in /workspace/urdfdom/urdf_parser/src/model.cpp
Warning: link 'camera_link' material 'aluminum' undefined.
         at line 85 in /workspace/urdfdom/urdf_parser/src/model.cpp
Warning: link 'camera_link' material 'aluminum' undefined.
         at line 85 in /workspace/urdfdom/urdf_parser/src/model.cpp
[525/1842] RouteStick/episode_38 succeeded with seed 19800 (attempt 0, 143.903s)
[526/1842] RouteStick/episode_38 succeeded with seed 19800 (attempt 0, 146.184s)
[527/1842] VideoUnmaskSwap/episode_38 succeeded with seed 8800 (attempt 0, 120.078s)
[528/1842] BinFill/episode_37 succeeded with seed 7700 (attempt 0, 206.892s)
[529/1842] VideoUnmaskSwap/episode_40 succeeded with seed 9000 (attempt 0, 52.454s)
[530/1842] RouteStick/episode_39 succeeded with seed 19900 (attempt 0, 92.886s)
[531/1842] VideoUnmaskSwap/episode_39 succeeded with seed 8900 (attempt 0, 91.451s)
[532/1842] VideoUnmaskSwap/episode_40 succeeded with seed 9000 (attempt 0, 58.466s)
[533/1842] RouteStick/episode_36 succeeded with seed 19600 (attempt 0, 228.778s)
[534/1842] VideoRepick/episode_37 succeeded with seed 12700 (attempt 0, 187.08s)
    BinFill/episode_38 用尽 1 次 attempt，放弃
Warning: link 'camera_link' material 'aluminum' undefined.
         at line 85 in /workspace/urdfdom/urdf_parser/src/model.cpp
Warning: link 'camera_link' material 'aluminum' undefined.
         at line 85 in /workspace/urdfdom/urdf_parser/src/model.cpp
Warning: link 'camera_link' material 'aluminum' undefined.
         at line 85 in /workspace/urdfdom/urdf_parser/src/model.cpp
Warning: link 'camera_link' material 'aluminum' undefined.
         at line 85 in /workspace/urdfdom/urdf_parser/src/model.cpp
Warning: link 'camera_link' material 'aluminum' undefined.
         at line 85 in /workspace/urdfdom/urdf_parser/src/model.cpp
Warning: link 'camera_link' material 'aluminum' undefined.
         at line 85 in /workspace/urdfdom/urdf_parser/src/model.cpp
Warning: link 'camera_link' material 'aluminum' undefined.
         at line 85 in /workspace/urdfdom/urdf_parser/src/model.cpp
Warning: link 'camera_link' material 'aluminum' undefined.
         at line 85 in /workspace/urdfdom/urdf_parser/src/model.cpp
Warning: link 'camera_link' material 'aluminum' undefined.
         at line 85 in /workspace/urdfdom/urdf_parser/src/model.cpp
Warning: link 'camera_link' material 'aluminum' undefined.
         at line 85 in /workspace/urdfdom/urdf_parser/src/model.cpp
Warning: link 'camera_link' material 'aluminum' undefined.
         at line 85 in /workspace/urdfdom/urdf_parser/src/model.cpp
Warning: link 'camera_link' material 'aluminum' undefined.
         at line 85 in /workspace/urdfdom/urdf_parser/src/model.cpp
Warning: link 'camera_link' material 'aluminum' undefined.
         at line 85 in /workspace/urdfdom/urdf_parser/src/model.cpp
Warning: link 'camera_link' material 'aluminum' undefined.
         at line 85 in /workspace/urdfdom/urdf_parser/src/model.cpp
Warning: link 'camera_link' material 'aluminum' undefined.
         at line 85 in /workspace/urdfdom/urdf_parser/src/model.cpp
Warning: link 'camera_link' material 'aluminum' undefined.
         at line 85 in /workspace/urdfdom/urdf_parser/src/model.cpp
[535/1842] VideoUnmaskSwap/episode_39 succeeded with seed 8900 (attempt 0, 98.332s)
Warning: link 'camera_link' material 'aluminum' undefined.
         at line 85 in /workspace/urdfdom/urdf_parser/src/model.cpp
Warning: link 'camera_link' material 'aluminum' undefined.
         at line 85 in /workspace/urdfdom/urdf_parser/src/model.cpp
Warning: link 'camera_link' material 'aluminum' undefined.
         at line 85 in /workspace/urdfdom/urdf_parser/src/model.cpp
Warning: link 'camera_link' material 'aluminum' undefined.
         at line 85 in /workspace/urdfdom/urdf_parser/src/model.cpp
Warning: link 'camera_link' material 'aluminum' undefined.
         at line 85 in /workspace/urdfdom/urdf_parser/src/model.cpp
Warning: link 'camera_link' material 'aluminum' undefined.
         at line 85 in /workspace/urdfdom/urdf_parser/src/model.cpp
Warning: link 'camera_link' material 'aluminum' undefined.
         at line 85 in /workspace/urdfdom/urdf_parser/src/model.cpp
Warning: link 'camera_link' material 'aluminum' undefined.
         at line 85 in /workspace/urdfdom/urdf_parser/src/model.cpp
[536/1842] BinFill/episode_40 succeeded with seed 8000 (attempt 0, 94.369s)
Warning: link 'camera_link' material 'aluminum' undefined.
         at line 85 in /workspace/urdfdom/urdf_parser/src/model.cpp
Warning: link 'camera_link' material 'aluminum' undefined.
         at line 85 in /workspace/urdfdom/urdf_parser/src/model.cpp
Warning: link 'camera_link' material 'aluminum' undefined.
         at line 85 in /workspace/urdfdom/urdf_parser/src/model.cpp
Warning: link 'camera_link' material 'aluminum' undefined.
         at line 85 in /workspace/urdfdom/urdf_parser/src/model.cpp
Warning: link 'camera_link' material 'aluminum' undefined.
         at line 85 in /workspace/urdfdom/urdf_parser/src/model.cpp
Warning: link 'camera_link' material 'aluminum' undefined.
         at line 85 in /workspace/urdfdom/urdf_parser/src/model.cpp
Warning: link 'camera_link' material 'aluminum' undefined.
         at line 85 in /workspace/urdfdom/urdf_parser/src/model.cpp
Warning: link 'camera_link' material 'aluminum' undefined.
         at line 85 in /workspace/urdfdom/urdf_parser/src/model.cpp
[537/1842] VideoRepick/episode_38 succeeded with seed 12800 (attempt 0, 142.316s)
[538/1842] RouteStick/episode_37 succeeded with seed 19700 (attempt 0, 213.417s)
[539/1842] BinFill/episode_39 succeeded with seed 7900 (attempt 0, 139.867s)
[540/1842] BinFill/episode_40 succeeded with seed 8000 (attempt 0, 113.28s)
[541/1842] RouteStick/episode_40 succeeded with seed 20000 (attempt 0, 109.157s)
Warning: link 'camera_link' material 'aluminum' undefined.
         at line 85 in /workspace/urdfdom/urdf_parser/src/model.cpp
Warning: link 'camera_link' material 'aluminum' undefined.
         at line 85 in /workspace/urdfdom/urdf_parser/src/model.cpp
Warning: link 'camera_link' material 'aluminum' undefined.
         at line 85 in /workspace/urdfdom/urdf_parser/src/model.cpp
Warning: link 'camera_link' material 'aluminum' undefined.
         at line 85 in /workspace/urdfdom/urdf_parser/src/model.cpp
Warning: link 'camera_link' material 'aluminum' undefined.
         at line 85 in /workspace/urdfdom/urdf_parser/src/model.cpp
Warning: link 'camera_link' material 'aluminum' undefined.
         at line 85 in /workspace/urdfdom/urdf_parser/src/model.cpp
Warning: link 'camera_link' material 'aluminum' undefined.
         at line 85 in /workspace/urdfdom/urdf_parser/src/model.cpp
Warning: link 'camera_link' material 'aluminum' undefined.
         at line 85 in /workspace/urdfdom/urdf_parser/src/model.cpp
Warning: link 'camera_link' material 'aluminum' undefined.
         at line 85 in /workspace/urdfdom/urdf_parser/src/model.cpp
Warning: link 'camera_link' material 'aluminum' undefined.
         at line 85 in /workspace/urdfdom/urdf_parser/src/model.cpp
Warning: link 'camera_link' material 'aluminum' undefined.
         at line 85 in /workspace/urdfdom/urdf_parser/src/model.cpp
Warning: link 'camera_link' material 'aluminum' undefined.
         at line 85 in /workspace/urdfdom/urdf_parser/src/model.cpp
Warning: link 'camera_link' material 'aluminum' undefined.
         at line 85 in /workspace/urdfdom/urdf_parser/src/model.cpp
Warning: link 'camera_link' material 'aluminum' undefined.
         at line 85 in /workspace/urdfdom/urdf_parser/src/model.cpp
Warning: link 'camera_link' material 'aluminum' undefined.
         at line 85 in /workspace/urdfdom/urdf_parser/src/model.cpp
Warning: link 'camera_link' material 'aluminum' undefined.
         at line 85 in /workspace/urdfdom/urdf_parser/src/model.cpp
/data/hongzefu/robomme_benchmark_MotionJEPANewTask/.venv/lib/python3.11/site-packages/torch/cuda/__init__.py:63: FutureWarning: The pynvml package is deprecated. Please install nvidia-ml-py instead. If you did not install pynvml directly, please report this to the maintainers of the package that installed pynvml for you.
  import pynvml  # type: ignore[import]
/data/hongzefu/robomme_benchmark_MotionJEPANewTask/.venv/lib/python3.11/site-packages/sapien/__init__.py:18: UserWarning: pkg_resources is deprecated as an API. See https://setuptools.pypa.io/en/latest/pkg_resources.html. The pkg_resources package is slated for removal as early as 2025-11-30. Refrain from using this package or pin to Setuptools<81.
  import pkg_resources
[542/1842] BinFill/episode_41 succeeded with seed 8100 (attempt 0, 61.895s)
[543/1842] RouteStick/episode_39 succeeded with seed 19900 (attempt 0, 146.493s)
Warning: link 'camera_link' material 'aluminum' undefined.
         at line 85 in /workspace/urdfdom/urdf_parser/src/model.cpp
Warning: link 'camera_link' material 'aluminum' undefined.
         at line 85 in /workspace/urdfdom/urdf_parser/src/model.cpp
Warning: link 'camera_link' material 'aluminum' undefined.
         at line 85 in /workspace/urdfdom/urdf_parser/src/model.cpp
Warning: link 'camera_link' material 'aluminum' undefined.
         at line 85 in /workspace/urdfdom/urdf_parser/src/model.cpp
Warning: link 'camera_link' material 'aluminum' undefined.
         at line 85 in /workspace/urdfdom/urdf_parser/src/model.cpp
Warning: link 'camera_link' material 'aluminum' undefined.
         at line 85 in /workspace/urdfdom/urdf_parser/src/model.cpp
Warning: link 'camera_link' material 'aluminum' undefined.
         at line 85 in /workspace/urdfdom/urdf_parser/src/model.cpp
Warning: link 'camera_link' material 'aluminum' undefined.
         at line 85 in /workspace/urdfdom/urdf_parser/src/model.cpp
[544/1842] VideoUnmaskSwap/episode_39 succeeded with seed 8900 (attempt 0, 135.787s)
[545/1842] VideoUnmaskSwap/episode_41 succeeded with seed 9100 (attempt 0, 64.718s)
[546/1842] VideoRepick/episode_39 succeeded with seed 12900 (attempt 0, 146.03s)
screw plan failed
screw plan failed
screw plan failed
[547/1842] RouteStick/episode_40 succeeded with seed 20000 (attempt 0, 137.855s)
[548/1842] VideoUnmaskSwap/episode_40 succeeded with seed 9000 (attempt 0, 118.86s)
[549/1842] VideoRepick/episode_40 succeeded with seed 13000 (attempt 0, 110.539s)
[550/1842] RouteStick/episode_38 succeeded with seed 19800 (attempt 0, 197.544s)
[551/1842] BinFill/episode_39 succeeded with seed 7900 (attempt 0, 179.381s)
[552/1842] RouteStick/episode_39 succeeded with seed 19900 (attempt 0, 155.779s)
[553/1842] VideoUnmaskSwap/episode_41 succeeded with seed 9100 (attempt 0, 80.846s)
Warning: link 'camera_link' material 'aluminum' undefined.
         at line 85 in /workspace/urdfdom/urdf_parser/src/model.cpp
Warning: link 'camera_link' material 'aluminum' undefined.
         at line 85 in /workspace/urdfdom/urdf_parser/src/model.cpp
Warning: link 'camera_link' material 'aluminum' undefined.
         at line 85 in /workspace/urdfdom/urdf_parser/src/model.cpp
Warning: link 'camera_link' material 'aluminum' undefined.
         at line 85 in /workspace/urdfdom/urdf_parser/src/model.cpp
Warning: link 'camera_link' material 'aluminum' undefined.
         at line 85 in /workspace/urdfdom/urdf_parser/src/model.cpp
Warning: link 'camera_link' material 'aluminum' undefined.
         at line 85 in /workspace/urdfdom/urdf_parser/src/model.cpp
Warning: link 'camera_link' material 'aluminum' undefined.
         at line 85 in /workspace/urdfdom/urdf_parser/src/model.cpp
Warning: link 'camera_link' material 'aluminum' undefined.
         at line 85 in /workspace/urdfdom/urdf_parser/src/model.cpp
/data/hongzefu/robomme_benchmark_MotionJEPANewTask/.venv/lib/python3.11/site-packages/torch/cuda/__init__.py:63: FutureWarning: The pynvml package is deprecated. Please install nvidia-ml-py instead. If you did not install pynvml directly, please report this to the maintainers of the package that installed pynvml for you.
  import pynvml  # type: ignore[import]
/data/hongzefu/robomme_benchmark_MotionJEPANewTask/.venv/lib/python3.11/site-packages/sapien/__init__.py:18: UserWarning: pkg_resources is deprecated as an API. See https://setuptools.pypa.io/en/latest/pkg_resources.html. The pkg_resources package is slated for removal as early as 2025-11-30. Refrain from using this package or pin to Setuptools<81.
  import pkg_resources
[554/1842] BinFill/episode_42 succeeded with seed 8200 (attempt 0, 73.244s)
[555/1842] BinFill/episode_41 succeeded with seed 8100 (attempt 0, 93.172s)
[556/1842] VideoRepick/episode_39 succeeded with seed 12900 (attempt 0, 162.665s)
Warning: link 'camera_link' material 'aluminum' undefined.
         at line 85 in /workspace/urdfdom/urdf_parser/src/model.cpp
Warning: link 'camera_link' material 'aluminum' undefined.
         at line 85 in /workspace/urdfdom/urdf_parser/src/model.cpp
Warning: link 'camera_link' material 'aluminum' undefined.
         at line 85 in /workspace/urdfdom/urdf_parser/src/model.cpp
Warning: link 'camera_link' material 'aluminum' undefined.
         at line 85 in /workspace/urdfdom/urdf_parser/src/model.cpp
Warning: link 'camera_link' material 'aluminum' undefined.
         at line 85 in /workspace/urdfdom/urdf_parser/src/model.cpp
Warning: link 'camera_link' material 'aluminum' undefined.
         at line 85 in /workspace/urdfdom/urdf_parser/src/model.cpp
Warning: link 'camera_link' material 'aluminum' undefined.
         at line 85 in /workspace/urdfdom/urdf_parser/src/model.cpp
Warning: link 'camera_link' material 'aluminum' undefined.
         at line 85 in /workspace/urdfdom/urdf_parser/src/model.cpp
[557/1842] VideoRepick/episode_40 succeeded with seed 13000 (attempt 0, 144.346s)
Warning: link 'camera_link' material 'aluminum' undefined.
         at line 85 in /workspace/urdfdom/urdf_parser/src/model.cpp
Warning: link 'camera_link' material 'aluminum' undefined.
         at line 85 in /workspace/urdfdom/urdf_parser/src/model.cpp
Warning: link 'camera_link' material 'aluminum' undefined.
         at line 85 in /workspace/urdfdom/urdf_parser/src/model.cpp
Warning: link 'camera_link' material 'aluminum' undefined.
         at line 85 in /workspace/urdfdom/urdf_parser/src/model.cpp
Warning: link 'camera_link' material 'aluminum' undefined.
         at line 85 in /workspace/urdfdom/urdf_parser/src/model.cpp
Warning: link 'camera_link' material 'aluminum' undefined.
         at line 85 in /workspace/urdfdom/urdf_parser/src/model.cpp
Warning: link 'camera_link' material 'aluminum' undefined.
         at line 85 in /workspace/urdfdom/urdf_parser/src/model.cpp
Warning: link 'camera_link' material 'aluminum' undefined.
         at line 85 in /workspace/urdfdom/urdf_parser/src/model.cpp
/data/hongzefu/robomme_benchmark_MotionJEPANewTask/.venv/lib/python3.11/site-packages/torch/cuda/__init__.py:63: FutureWarning: The pynvml package is deprecated. Please install nvidia-ml-py instead. If you did not install pynvml directly, please report this to the maintainers of the package that installed pynvml for you.
  import pynvml  # type: ignore[import]
/data/hongzefu/robomme_benchmark_MotionJEPANewTask/.venv/lib/python3.11/site-packages/sapien/__init__.py:18: UserWarning: pkg_resources is deprecated as an API. See https://setuptools.pypa.io/en/latest/pkg_resources.html. The pkg_resources package is slated for removal as early as 2025-11-30. Refrain from using this package or pin to Setuptools<81.
  import pkg_resources
[558/1842] VideoUnmaskSwap/episode_41 succeeded with seed 9100 (attempt 0, 96.94s)
[559/1842] VideoUnmaskSwap/episode_40 succeeded with seed 9000 (attempt 0, 127.316s)
[560/1842] BinFill/episode_40 succeeded with seed 8000 (attempt 0, 160.729s)
[561/1842] RouteStick/episode_41 succeeded with seed 20100 (attempt 0, 108.435s)
[562/1842] VideoUnmaskSwap/episode_42 succeeded with seed 9200 (attempt 0, 69.569s)
/data/hongzefu/robomme_benchmark_MotionJEPANewTask/.venv/lib/python3.11/site-packages/torch/cuda/__init__.py:63: FutureWarning: The pynvml package is deprecated. Please install nvidia-ml-py instead. If you did not install pynvml directly, please report this to the maintainers of the package that installed pynvml for you.
  import pynvml  # type: ignore[import]
/data/hongzefu/robomme_benchmark_MotionJEPANewTask/.venv/lib/python3.11/site-packages/sapien/__init__.py:18: UserWarning: pkg_resources is deprecated as an API. See https://setuptools.pypa.io/en/latest/pkg_resources.html. The pkg_resources package is slated for removal as early as 2025-11-30. Refrain from using this package or pin to Setuptools<81.
  import pkg_resources
[563/1842] BinFill/episode_42 succeeded with seed 8200 (attempt 0, 92.658s)
[564/1842] VideoUnmaskSwap/episode_42 succeeded with seed 9200 (attempt 0, 61.631s)
/data/hongzefu/robomme_benchmark_MotionJEPANewTask/.venv/lib/python3.11/site-packages/torch/cuda/__init__.py:63: FutureWarning: The pynvml package is deprecated. Please install nvidia-ml-py instead. If you did not install pynvml directly, please report this to the maintainers of the package that installed pynvml for you.
  import pynvml  # type: ignore[import]
/data/hongzefu/robomme_benchmark_MotionJEPANewTask/.venv/lib/python3.11/site-packages/sapien/__init__.py:18: UserWarning: pkg_resources is deprecated as an API. See https://setuptools.pypa.io/en/latest/pkg_resources.html. The pkg_resources package is slated for removal as early as 2025-11-30. Refrain from using this package or pin to Setuptools<81.
  import pkg_resources
Warning: link 'camera_link' material 'aluminum' undefined.
         at line 85 in /workspace/urdfdom/urdf_parser/src/model.cpp
Warning: link 'camera_link' material 'aluminum' undefined.
         at line 85 in /workspace/urdfdom/urdf_parser/src/model.cpp
Warning: link 'camera_link' material 'aluminum' undefined.
         at line 85 in /workspace/urdfdom/urdf_parser/src/model.cpp
Warning: link 'camera_link' material 'aluminum' undefined.
         at line 85 in /workspace/urdfdom/urdf_parser/src/model.cpp
Warning: link 'camera_link' material 'aluminum' undefined.
         at line 85 in /workspace/urdfdom/urdf_parser/src/model.cpp
Warning: link 'camera_link' material 'aluminum' undefined.
         at line 85 in /workspace/urdfdom/urdf_parser/src/model.cpp
Warning: link 'camera_link' material 'aluminum' undefined.
         at line 85 in /workspace/urdfdom/urdf_parser/src/model.cpp
Warning: link 'camera_link' material 'aluminum' undefined.
         at line 85 in /workspace/urdfdom/urdf_parser/src/model.cpp
/data/hongzefu/robomme_benchmark_MotionJEPANewTask/.venv/lib/python3.11/site-packages/torch/cuda/__init__.py:63: FutureWarning: The pynvml package is deprecated. Please install nvidia-ml-py instead. If you did not install pynvml directly, please report this to the maintainers of the package that installed pynvml for you.
  import pynvml  # type: ignore[import]
/data/hongzefu/robomme_benchmark_MotionJEPANewTask/.venv/lib/python3.11/site-packages/sapien/__init__.py:18: UserWarning: pkg_resources is deprecated as an API. See https://setuptools.pypa.io/en/latest/pkg_resources.html. The pkg_resources package is slated for removal as early as 2025-11-30. Refrain from using this package or pin to Setuptools<81.
  import pkg_resources
[565/1842] VideoRepick/episode_41 succeeded with seed 13100 (attempt 0, 112.655s)
[566/1842] RouteStick/episode_42 succeeded with seed 20200 (attempt 0, 93.384s)
[567/1842] RouteStick/episode_40 succeeded with seed 20000 (attempt 0, 176.488s)
/data/hongzefu/robomme_benchmark_MotionJEPANewTask/.venv/lib/python3.11/site-packages/torch/cuda/__init__.py:63: FutureWarning: The pynvml package is deprecated. Please install nvidia-ml-py instead. If you did not install pynvml directly, please report this to the maintainers of the package that installed pynvml for you.
  import pynvml  # type: ignore[import]
/data/hongzefu/robomme_benchmark_MotionJEPANewTask/.venv/lib/python3.11/site-packages/sapien/__init__.py:18: UserWarning: pkg_resources is deprecated as an API. See https://setuptools.pypa.io/en/latest/pkg_resources.html. The pkg_resources package is slated for removal as early as 2025-11-30. Refrain from using this package or pin to Setuptools<81.
  import pkg_resources
Warning: link 'camera_link' material 'aluminum' undefined.
         at line 85 in /workspace/urdfdom/urdf_parser/src/model.cpp
Warning: link 'camera_link' material 'aluminum' undefined.
         at line 85 in /workspace/urdfdom/urdf_parser/src/model.cpp
Warning: link 'camera_link' material 'aluminum' undefined.
         at line 85 in /workspace/urdfdom/urdf_parser/src/model.cpp
Warning: link 'camera_link' material 'aluminum' undefined.
         at line 85 in /workspace/urdfdom/urdf_parser/src/model.cpp
Warning: link 'camera_link' material 'aluminum' undefined.
         at line 85 in /workspace/urdfdom/urdf_parser/src/model.cpp
Warning: link 'camera_link' material 'aluminum' undefined.
         at line 85 in /workspace/urdfdom/urdf_parser/src/model.cpp
Warning: link 'camera_link' material 'aluminum' undefined.
         at line 85 in /workspace/urdfdom/urdf_parser/src/model.cpp
Warning: link 'camera_link' material 'aluminum' undefined.
         at line 85 in /workspace/urdfdom/urdf_parser/src/model.cpp
[568/1842] RouteStick/episode_41 succeeded with seed 20100 (attempt 0, 126.41s)
[569/1842] VideoUnmaskSwap/episode_41 succeeded with seed 9100 (attempt 0, 115.134s)
/data/hongzefu/robomme_benchmark_MotionJEPANewTask/.venv/lib/python3.11/site-packages/torch/cuda/__init__.py:63: FutureWarning: The pynvml package is deprecated. Please install nvidia-ml-py instead. If you did not install pynvml directly, please report this to the maintainers of the package that installed pynvml for you.
  import pynvml  # type: ignore[import]
/data/hongzefu/robomme_benchmark_MotionJEPANewTask/.venv/lib/python3.11/site-packages/sapien/__init__.py:18: UserWarning: pkg_resources is deprecated as an API. See https://setuptools.pypa.io/en/latest/pkg_resources.html. The pkg_resources package is slated for removal as early as 2025-11-30. Refrain from using this package or pin to Setuptools<81.
  import pkg_resources
/data/hongzefu/robomme_benchmark_MotionJEPANewTask/.venv/lib/python3.11/site-packages/torch/cuda/__init__.py:63: FutureWarning: The pynvml package is deprecated. Please install nvidia-ml-py instead. If you did not install pynvml directly, please report this to the maintainers of the package that installed pynvml for you.
  import pynvml  # type: ignore[import]
/data/hongzefu/robomme_benchmark_MotionJEPANewTask/.venv/lib/python3.11/site-packages/sapien/__init__.py:18: UserWarning: pkg_resources is deprecated as an API. See https://setuptools.pypa.io/en/latest/pkg_resources.html. The pkg_resources package is slated for removal as early as 2025-11-30. Refrain from using this package or pin to Setuptools<81.
  import pkg_resources
[570/1842] BinFill/episode_41 succeeded with seed 8100 (attempt 0, 132.038s)
/data/hongzefu/robomme_benchmark_MotionJEPANewTask/.venv/lib/python3.11/site-packages/torch/cuda/__init__.py:63: FutureWarning: The pynvml package is deprecated. Please install nvidia-ml-py instead. If you did not install pynvml directly, please report this to the maintainers of the package that installed pynvml for you.
  import pynvml  # type: ignore[import]
/data/hongzefu/robomme_benchmark_MotionJEPANewTask/.venv/lib/python3.11/site-packages/sapien/__init__.py:18: UserWarning: pkg_resources is deprecated as an API. See https://setuptools.pypa.io/en/latest/pkg_resources.html. The pkg_resources package is slated for removal as early as 2025-11-30. Refrain from using this package or pin to Setuptools<81.
  import pkg_resources
[571/1842] RouteStick/episode_39 succeeded with seed 19900 (attempt 0, 208.853s)
/data/hongzefu/robomme_benchmark_MotionJEPANewTask/.venv/lib/python3.11/site-packages/torch/cuda/__init__.py:63: FutureWarning: The pynvml package is deprecated. Please install nvidia-ml-py instead. If you did not install pynvml directly, please report this to the maintainers of the package that installed pynvml for you.
  import pynvml  # type: ignore[import]
/data/hongzefu/robomme_benchmark_MotionJEPANewTask/.venv/lib/python3.11/site-packages/sapien/__init__.py:18: UserWarning: pkg_resources is deprecated as an API. See https://setuptools.pypa.io/en/latest/pkg_resources.html. The pkg_resources package is slated for removal as early as 2025-11-30. Refrain from using this package or pin to Setuptools<81.
  import pkg_resources
[572/1842] VideoUnmaskSwap/episode_42 succeeded with seed 9200 (attempt 0, 92.475s)
[573/1842] VideoRepick/episode_41 succeeded with seed 13100 (attempt 0, 138.62s)
Warning: link 'camera_link' material 'aluminum' undefined.
         at line 85 in /workspace/urdfdom/urdf_parser/src/model.cpp
Warning: link 'camera_link' material 'aluminum' undefined.
         at line 85 in /workspace/urdfdom/urdf_parser/src/model.cpp
Warning: link 'camera_link' material 'aluminum' undefined.
         at line 85 in /workspace/urdfdom/urdf_parser/src/model.cpp
Warning: link 'camera_link' material 'aluminum' undefined.
         at line 85 in /workspace/urdfdom/urdf_parser/src/model.cpp
Warning: link 'camera_link' material 'aluminum' undefined.
         at line 85 in /workspace/urdfdom/urdf_parser/src/model.cpp
Warning: link 'camera_link' material 'aluminum' undefined.
         at line 85 in /workspace/urdfdom/urdf_parser/src/model.cpp
Warning: link 'camera_link' material 'aluminum' undefined.
         at line 85 in /workspace/urdfdom/urdf_parser/src/model.cpp
Warning: link 'camera_link' material 'aluminum' undefined.
         at line 85 in /workspace/urdfdom/urdf_parser/src/model.cpp
[574/1842] RouteStick/episode_41 succeeded with seed 20100 (attempt 0, 146.773s)
Warning: link 'camera_link' material 'aluminum' undefined.
         at line 85 in /workspace/urdfdom/urdf_parser/src/model.cpp
Warning: link 'camera_link' material 'aluminum' undefined.
         at line 85 in /workspace/urdfdom/urdf_parser/src/model.cpp
Warning: link 'camera_link' material 'aluminum' undefined.
         at line 85 in /workspace/urdfdom/urdf_parser/src/model.cpp
Warning: link 'camera_link' material 'aluminum' undefined.
         at line 85 in /workspace/urdfdom/urdf_parser/src/model.cpp
Warning: link 'camera_link' material 'aluminum' undefined.
         at line 85 in /workspace/urdfdom/urdf_parser/src/model.cpp
Warning: link 'camera_link' material 'aluminum' undefined.
         at line 85 in /workspace/urdfdom/urdf_parser/src/model.cpp
Warning: link 'camera_link' material 'aluminum' undefined.
         at line 85 in /workspace/urdfdom/urdf_parser/src/model.cpp
Warning: link 'camera_link' material 'aluminum' undefined.
         at line 85 in /workspace/urdfdom/urdf_parser/src/model.cpp
/data/hongzefu/robomme_benchmark_MotionJEPANewTask/.venv/lib/python3.11/site-packages/torch/cuda/__init__.py:63: FutureWarning: The pynvml package is deprecated. Please install nvidia-ml-py instead. If you did not install pynvml directly, please report this to the maintainers of the package that installed pynvml for you.
  import pynvml  # type: ignore[import]
/data/hongzefu/robomme_benchmark_MotionJEPANewTask/.venv/lib/python3.11/site-packages/sapien/__init__.py:18: UserWarning: pkg_resources is deprecated as an API. See https://setuptools.pypa.io/en/latest/pkg_resources.html. The pkg_resources package is slated for removal as early as 2025-11-30. Refrain from using this package or pin to Setuptools<81.
  import pkg_resources
[575/1842] VideoRepick/episode_40 succeeded with seed 13000 (attempt 0, 173.411s)
Warning: link 'camera_link' material 'aluminum' undefined.
         at line 85 in /workspace/urdfdom/urdf_parser/src/model.cpp
Warning: link 'camera_link' material 'aluminum' undefined.
         at line 85 in /workspace/urdfdom/urdf_parser/src/model.cpp
Warning: link 'camera_link' material 'aluminum' undefined.
         at line 85 in /workspace/urdfdom/urdf_parser/src/model.cpp
Warning: link 'camera_link' material 'aluminum' undefined.
         at line 85 in /workspace/urdfdom/urdf_parser/src/model.cpp
Warning: link 'camera_link' material 'aluminum' undefined.
         at line 85 in /workspace/urdfdom/urdf_parser/src/model.cpp
Warning: link 'camera_link' material 'aluminum' undefined.
         at line 85 in /workspace/urdfdom/urdf_parser/src/model.cpp
Warning: link 'camera_link' material 'aluminum' undefined.
         at line 85 in /workspace/urdfdom/urdf_parser/src/model.cpp
Warning: link 'camera_link' material 'aluminum' undefined.
         at line 85 in /workspace/urdfdom/urdf_parser/src/model.cpp
/data/hongzefu/robomme_benchmark_MotionJEPANewTask/.venv/lib/python3.11/site-packages/torch/cuda/__init__.py:63: FutureWarning: The pynvml package is deprecated. Please install nvidia-ml-py instead. If you did not install pynvml directly, please report this to the maintainers of the package that installed pynvml for you.
  import pynvml  # type: ignore[import]
/data/hongzefu/robomme_benchmark_MotionJEPANewTask/.venv/lib/python3.11/site-packages/sapien/__init__.py:18: UserWarning: pkg_resources is deprecated as an API. See https://setuptools.pypa.io/en/latest/pkg_resources.html. The pkg_resources package is slated for removal as early as 2025-11-30. Refrain from using this package or pin to Setuptools<81.
  import pkg_resources
[576/1842] RouteStick/episode_42 succeeded with seed 20200 (attempt 0, 129.135s)
Warning: link 'camera_link' material 'aluminum' undefined.
         at line 85 in /workspace/urdfdom/urdf_parser/src/model.cpp
Warning: link 'camera_link' material 'aluminum' undefined.
         at line 85 in /workspace/urdfdom/urdf_parser/src/model.cpp
Warning: link 'camera_link' material 'aluminum' undefined.
         at line 85 in /workspace/urdfdom/urdf_parser/src/model.cpp
Warning: link 'camera_link' material 'aluminum' undefined.
         at line 85 in /workspace/urdfdom/urdf_parser/src/model.cpp
Warning: link 'camera_link' material 'aluminum' undefined.
         at line 85 in /workspace/urdfdom/urdf_parser/src/model.cpp
Warning: link 'camera_link' material 'aluminum' undefined.
         at line 85 in /workspace/urdfdom/urdf_parser/src/model.cpp
Warning: link 'camera_link' material 'aluminum' undefined.
         at line 85 in /workspace/urdfdom/urdf_parser/src/model.cpp
Warning: link 'camera_link' material 'aluminum' undefined.
         at line 85 in /workspace/urdfdom/urdf_parser/src/model.cpp
[577/1842] VideoRepick/episode_41 succeeded with seed 13100 (attempt 0, 157.236s)
[578/1842] VideoUnmaskSwap/episode_43 succeeded with seed 9300 (attempt 0, 84.119s)
[579/1842] VideoUnmaskSwap/episode_43 succeeded with seed 9300 (attempt 0, 77.463s)
[580/1842] RouteStick/episode_42 succeeded with seed 20200 (attempt 0, 143.25s)
/data/hongzefu/robomme_benchmark_MotionJEPANewTask/.venv/lib/python3.11/site-packages/torch/cuda/__init__.py:63: FutureWarning: The pynvml package is deprecated. Please install nvidia-ml-py instead. If you did not install pynvml directly, please report this to the maintainers of the package that installed pynvml for you.
  import pynvml  # type: ignore[import]
/data/hongzefu/robomme_benchmark_MotionJEPANewTask/.venv/lib/python3.11/site-packages/sapien/__init__.py:18: UserWarning: pkg_resources is deprecated as an API. See https://setuptools.pypa.io/en/latest/pkg_resources.html. The pkg_resources package is slated for removal as early as 2025-11-30. Refrain from using this package or pin to Setuptools<81.
  import pkg_resources
[581/1842] RouteStick/episode_40 succeeded with seed 20000 (attempt 0, 195.059s)
/data/hongzefu/robomme_benchmark_MotionJEPANewTask/.venv/lib/python3.11/site-packages/torch/cuda/__init__.py:63: FutureWarning: The pynvml package is deprecated. Please install nvidia-ml-py instead. If you did not install pynvml directly, please report this to the maintainers of the package that installed pynvml for you.
  import pynvml  # type: ignore[import]
/data/hongzefu/robomme_benchmark_MotionJEPANewTask/.venv/lib/python3.11/site-packages/sapien/__init__.py:18: UserWarning: pkg_resources is deprecated as an API. See https://setuptools.pypa.io/en/latest/pkg_resources.html. The pkg_resources package is slated for removal as early as 2025-11-30. Refrain from using this package or pin to Setuptools<81.
  import pkg_resources
[582/1842] VideoUnmaskSwap/episode_42 succeeded with seed 9200 (attempt 0, 115.66s)
[583/1842] BinFill/episode_43 succeeded with seed 8300 (attempt 0, 108.978s)
Warning: link 'camera_link' material 'aluminum' undefined.
         at line 85 in /workspace/urdfdom/urdf_parser/src/model.cpp
Warning: link 'camera_link' material 'aluminum' undefined.
         at line 85 in /workspace/urdfdom/urdf_parser/src/model.cpp
Warning: link 'camera_link' material 'aluminum' undefined.
         at line 85 in /workspace/urdfdom/urdf_parser/src/model.cpp
Warning: link 'camera_link' material 'aluminum' undefined.
         at line 85 in /workspace/urdfdom/urdf_parser/src/model.cpp
Warning: link 'camera_link' material 'aluminum' undefined.
         at line 85 in /workspace/urdfdom/urdf_parser/src/model.cpp
Warning: link 'camera_link' material 'aluminum' undefined.
         at line 85 in /workspace/urdfdom/urdf_parser/src/model.cpp
Warning: link 'camera_link' material 'aluminum' undefined.
         at line 85 in /workspace/urdfdom/urdf_parser/src/model.cpp
Warning: link 'camera_link' material 'aluminum' undefined.
         at line 85 in /workspace/urdfdom/urdf_parser/src/model.cpp
[584/1842] BinFill/episode_43 succeeded with seed 8300 (attempt 0, 113.861s)
/data/hongzefu/robomme_benchmark_MotionJEPANewTask/.venv/lib/python3.11/site-packages/torch/cuda/__init__.py:63: FutureWarning: The pynvml package is deprecated. Please install nvidia-ml-py instead. If you did not install pynvml directly, please report this to the maintainers of the package that installed pynvml for you.
  import pynvml  # type: ignore[import]
/data/hongzefu/robomme_benchmark_MotionJEPANewTask/.venv/lib/python3.11/site-packages/sapien/__init__.py:18: UserWarning: pkg_resources is deprecated as an API. See https://setuptools.pypa.io/en/latest/pkg_resources.html. The pkg_resources package is slated for removal as early as 2025-11-30. Refrain from using this package or pin to Setuptools<81.
  import pkg_resources
[585/1842] VideoRepick/episode_42 succeeded with seed 13200 (attempt 0, 138.467s)
Warning: link 'camera_link' material 'aluminum' undefined.
         at line 85 in /workspace/urdfdom/urdf_parser/src/model.cpp
Warning: link 'camera_link' material 'aluminum' undefined.
         at line 85 in /workspace/urdfdom/urdf_parser/src/model.cpp
Warning: link 'camera_link' material 'aluminum' undefined.
         at line 85 in /workspace/urdfdom/urdf_parser/src/model.cpp
Warning: link 'camera_link' material 'aluminum' undefined.
         at line 85 in /workspace/urdfdom/urdf_parser/src/model.cpp
Warning: link 'camera_link' material 'aluminum' undefined.
         at line 85 in /workspace/urdfdom/urdf_parser/src/model.cpp
Warning: link 'camera_link' material 'aluminum' undefined.
         at line 85 in /workspace/urdfdom/urdf_parser/src/model.cpp
Warning: link 'camera_link' material 'aluminum' undefined.
         at line 85 in /workspace/urdfdom/urdf_parser/src/model.cpp
Warning: link 'camera_link' material 'aluminum' undefined.
         at line 85 in /workspace/urdfdom/urdf_parser/src/model.cpp
[586/1842] VideoUnmaskSwap/episode_44 succeeded with seed 9400 (attempt 0, 62.944s)
Warning: link 'camera_link' material 'aluminum' undefined.
         at line 85 in /workspace/urdfdom/urdf_parser/src/model.cpp
Warning: link 'camera_link' material 'aluminum' undefined.
         at line 85 in /workspace/urdfdom/urdf_parser/src/model.cpp
Warning: link 'camera_link' material 'aluminum' undefined.
         at line 85 in /workspace/urdfdom/urdf_parser/src/model.cpp
Warning: link 'camera_link' material 'aluminum' undefined.
         at line 85 in /workspace/urdfdom/urdf_parser/src/model.cpp
Warning: link 'camera_link' material 'aluminum' undefined.
         at line 85 in /workspace/urdfdom/urdf_parser/src/model.cpp
Warning: link 'camera_link' material 'aluminum' undefined.
         at line 85 in /workspace/urdfdom/urdf_parser/src/model.cpp
Warning: link 'camera_link' material 'aluminum' undefined.
         at line 85 in /workspace/urdfdom/urdf_parser/src/model.cpp
Warning: link 'camera_link' material 'aluminum' undefined.
         at line 85 in /workspace/urdfdom/urdf_parser/src/model.cpp
[587/1842] VideoUnmaskSwap/episode_43 succeeded with seed 9300 (attempt 0, 103.012s)
[588/1842] RouteStick/episode_43 succeeded with seed 20300 (attempt 0, 111.599s)
[589/1842] VideoRepick/episode_42 succeeded with seed 13200 (attempt 0, 142.74s)
[590/1842] VideoRepick/episode_42 succeeded with seed 13200 (attempt 0, 140.568s)
[591/1842] RouteStick/episode_41 succeeded with seed 20100 (attempt 0, 212.366s)
[592/1842] RouteStick/episode_44 succeeded with seed 20400 (attempt 0, 93.311s)
[593/1842] BinFill/episode_42 succeeded with seed 8200 (attempt 0, 200.138s)
Warning: link 'camera_link' material 'aluminum' undefined.
         at line 85 in /workspace/urdfdom/urdf_parser/src/model.cpp
Warning: link 'camera_link' material 'aluminum' undefined.
         at line 85 in /workspace/urdfdom/urdf_parser/src/model.cpp
Warning: link 'camera_link' material 'aluminum' undefined.
         at line 85 in /workspace/urdfdom/urdf_parser/src/model.cpp
Warning: link 'camera_link' material 'aluminum' undefined.
         at line 85 in /workspace/urdfdom/urdf_parser/src/model.cpp
Warning: link 'camera_link' material 'aluminum' undefined.
         at line 85 in /workspace/urdfdom/urdf_parser/src/model.cpp
Warning: link 'camera_link' material 'aluminum' undefined.
         at line 85 in /workspace/urdfdom/urdf_parser/src/model.cpp
Warning: link 'camera_link' material 'aluminum' undefined.
         at line 85 in /workspace/urdfdom/urdf_parser/src/model.cpp
Warning: link 'camera_link' material 'aluminum' undefined.
         at line 85 in /workspace/urdfdom/urdf_parser/src/model.cpp
[594/1842] RouteStick/episode_43 succeeded with seed 20300 (attempt 0, 146.776s)
[595/1842] VideoUnmaskSwap/episode_44 succeeded with seed 9400 (attempt 0, 89.536s)
[596/1842] RouteStick/episode_43 succeeded with seed 20300 (attempt 0, 146.062s)
[597/1842] VideoRepick/episode_43 succeeded with seed 13300 (attempt 0, 132.731s)
[598/1842] VideoUnmaskSwap/episode_43 succeeded with seed 9300 (attempt 0, 124.902s)
Warning: link 'camera_link' material 'aluminum' undefined.
         at line 85 in /workspace/urdfdom/urdf_parser/src/model.cpp
Warning: link 'camera_link' material 'aluminum' undefined.
         at line 85 in /workspace/urdfdom/urdf_parser/src/model.cpp
Warning: link 'camera_link' material 'aluminum' undefined.
         at line 85 in /workspace/urdfdom/urdf_parser/src/model.cpp
Warning: link 'camera_link' material 'aluminum' undefined.
         at line 85 in /workspace/urdfdom/urdf_parser/src/model.cpp
Warning: link 'camera_link' material 'aluminum' undefined.
         at line 85 in /workspace/urdfdom/urdf_parser/src/model.cpp
Warning: link 'camera_link' material 'aluminum' undefined.
         at line 85 in /workspace/urdfdom/urdf_parser/src/model.cpp
Warning: link 'camera_link' material 'aluminum' undefined.
         at line 85 in /workspace/urdfdom/urdf_parser/src/model.cpp
Warning: link 'camera_link' material 'aluminum' undefined.
         at line 85 in /workspace/urdfdom/urdf_parser/src/model.cpp
Warning: link 'camera_link' material 'aluminum' undefined.
         at line 85 in /workspace/urdfdom/urdf_parser/src/model.cpp
Warning: link 'camera_link' material 'aluminum' undefined.
         at line 85 in /workspace/urdfdom/urdf_parser/src/model.cpp
Warning: link 'camera_link' material 'aluminum' undefined.
         at line 85 in /workspace/urdfdom/urdf_parser/src/model.cpp
Warning: link 'camera_link' material 'aluminum' undefined.
         at line 85 in /workspace/urdfdom/urdf_parser/src/model.cpp
Warning: link 'camera_link' material 'aluminum' undefined.
         at line 85 in /workspace/urdfdom/urdf_parser/src/model.cpp
Warning: link 'camera_link' material 'aluminum' undefined.
         at line 85 in /workspace/urdfdom/urdf_parser/src/model.cpp
Warning: link 'camera_link' material 'aluminum' undefined.
         at line 85 in /workspace/urdfdom/urdf_parser/src/model.cpp
Warning: link 'camera_link' material 'aluminum' undefined.
         at line 85 in /workspace/urdfdom/urdf_parser/src/model.cpp
[599/1842] BinFill/episode_45 succeeded with seed 8500 (attempt 0, 72.252s)
Warning: link 'camera_link' material 'aluminum' undefined.
         at line 85 in /workspace/urdfdom/urdf_parser/src/model.cpp
Warning: link 'camera_link' material 'aluminum' undefined.
         at line 85 in /workspace/urdfdom/urdf_parser/src/model.cpp
Warning: link 'camera_link' material 'aluminum' undefined.
         at line 85 in /workspace/urdfdom/urdf_parser/src/model.cpp
Warning: link 'camera_link' material 'aluminum' undefined.
         at line 85 in /workspace/urdfdom/urdf_parser/src/model.cpp
Warning: link 'camera_link' material 'aluminum' undefined.
         at line 85 in /workspace/urdfdom/urdf_parser/src/model.cpp
Warning: link 'camera_link' material 'aluminum' undefined.
         at line 85 in /workspace/urdfdom/urdf_parser/src/model.cpp
Warning: link 'camera_link' material 'aluminum' undefined.
         at line 85 in /workspace/urdfdom/urdf_parser/src/model.cpp
Warning: link 'camera_link' material 'aluminum' undefined.
         at line 85 in /workspace/urdfdom/urdf_parser/src/model.cpp
/data/hongzefu/robomme_benchmark_MotionJEPANewTask/.venv/lib/python3.11/site-packages/torch/cuda/__init__.py:63: FutureWarning: The pynvml package is deprecated. Please install nvidia-ml-py instead. If you did not install pynvml directly, please report this to the maintainers of the package that installed pynvml for you.
  import pynvml  # type: ignore[import]
/data/hongzefu/robomme_benchmark_MotionJEPANewTask/.venv/lib/python3.11/site-packages/sapien/__init__.py:18: UserWarning: pkg_resources is deprecated as an API. See https://setuptools.pypa.io/en/latest/pkg_resources.html. The pkg_resources package is slated for removal as early as 2025-11-30. Refrain from using this package or pin to Setuptools<81.
  import pkg_resources
[600/1842] RouteStick/episode_44 succeeded with seed 20400 (attempt 0, 125.834s)
[601/1842] BinFill/episode_44 succeeded with seed 8400 (attempt 0, 125.911s)
[602/1842] VideoUnmaskSwap/episode_45 succeeded with seed 9500 (attempt 0, 59.092s)
[603/1842] BinFill/episode_44 succeeded with seed 8400 (attempt 0, 137.841s)
[604/1842] RouteStick/episode_45 succeeded with seed 20500 (attempt 0, 85.716s)
[605/1842] VideoUnmaskSwap/episode_44 succeeded with seed 9400 (attempt 0, 117.423s)
[606/1842] RouteStick/episode_42 succeeded with seed 20200 (attempt 0, 194.308s)
[607/1842] BinFill/episode_44 succeeded with seed 8400 (attempt 0, 137.554s)
[608/1842] VideoRepick/episode_43 succeeded with seed 13300 (attempt 0, 154.128s)
[609/1842] VideoUnmaskSwap/episode_45 succeeded with seed 9500 (attempt 0, 74.965s)
Warning: link 'camera_link' material 'aluminum' undefined.
         at line 85 in /workspace/urdfdom/urdf_parser/src/model.cpp
Warning: link 'camera_link' material 'aluminum' undefined.
         at line 85 in /workspace/urdfdom/urdf_parser/src/model.cpp
Warning: link 'camera_link' material 'aluminum' undefined.
         at line 85 in /workspace/urdfdom/urdf_parser/src/model.cpp
Warning: link 'camera_link' material 'aluminum' undefined.
         at line 85 in /workspace/urdfdom/urdf_parser/src/model.cpp
Warning: link 'camera_link' material 'aluminum' undefined.
         at line 85 in /workspace/urdfdom/urdf_parser/src/model.cpp
Warning: link 'camera_link' material 'aluminum' undefined.
         at line 85 in /workspace/urdfdom/urdf_parser/src/model.cpp
Warning: link 'camera_link' material 'aluminum' undefined.
         at line 85 in /workspace/urdfdom/urdf_parser/src/model.cpp
Warning: link 'camera_link' material 'aluminum' undefined.
         at line 85 in /workspace/urdfdom/urdf_parser/src/model.cpp
[610/1842] BinFill/episode_46 succeeded with seed 8600 (attempt 0, 65.82s)
[611/1842] VideoRepick/episode_44 succeeded with seed 13400 (attempt 0, 135.103s)
[612/1842] VideoUnmaskSwap/episode_46 succeeded with seed 9600 (attempt 0, 52.225s)
Warning: link 'camera_link' material 'aluminum' undefined.
         at line 85 in /workspace/urdfdom/urdf_parser/src/model.cpp
Warning: link 'camera_link' material 'aluminum' undefined.
         at line 85 in /workspace/urdfdom/urdf_parser/src/model.cpp
Warning: link 'camera_link' material 'aluminum' undefined.
         at line 85 in /workspace/urdfdom/urdf_parser/src/model.cpp
Warning: link 'camera_link' material 'aluminum' undefined.
         at line 85 in /workspace/urdfdom/urdf_parser/src/model.cpp
Warning: link 'camera_link' material 'aluminum' undefined.
         at line 85 in /workspace/urdfdom/urdf_parser/src/model.cpp
Warning: link 'camera_link' material 'aluminum' undefined.
         at line 85 in /workspace/urdfdom/urdf_parser/src/model.cpp
Warning: link 'camera_link' material 'aluminum' undefined.
         at line 85 in /workspace/urdfdom/urdf_parser/src/model.cpp
Warning: link 'camera_link' material 'aluminum' undefined.
         at line 85 in /workspace/urdfdom/urdf_parser/src/model.cpp
Warning: link 'camera_link' material 'aluminum' undefined.
         at line 85 in /workspace/urdfdom/urdf_parser/src/model.cpp
Warning: link 'camera_link' material 'aluminum' undefined.
         at line 85 in /workspace/urdfdom/urdf_parser/src/model.cpp
Warning: link 'camera_link' material 'aluminum' undefined.
         at line 85 in /workspace/urdfdom/urdf_parser/src/model.cpp
Warning: link 'camera_link' material 'aluminum' undefined.
         at line 85 in /workspace/urdfdom/urdf_parser/src/model.cpp
Warning: link 'camera_link' material 'aluminum' undefined.
         at line 85 in /workspace/urdfdom/urdf_parser/src/model.cpp
Warning: link 'camera_link' material 'aluminum' undefined.
         at line 85 in /workspace/urdfdom/urdf_parser/src/model.cpp
Warning: link 'camera_link' material 'aluminum' undefined.
         at line 85 in /workspace/urdfdom/urdf_parser/src/model.cpp
Warning: link 'camera_link' material 'aluminum' undefined.
         at line 85 in /workspace/urdfdom/urdf_parser/src/model.cpp
Warning: link 'camera_link' material 'aluminum' undefined.
         at line 85 in /workspace/urdfdom/urdf_parser/src/model.cpp
Warning: link 'camera_link' material 'aluminum' undefined.
         at line 85 in /workspace/urdfdom/urdf_parser/src/model.cpp
Warning: link 'camera_link' material 'aluminum' undefined.
         at line 85 in /workspace/urdfdom/urdf_parser/src/model.cpp
Warning: link 'camera_link' material 'aluminum' undefined.
         at line 85 in /workspace/urdfdom/urdf_parser/src/model.cpp
Warning: link 'camera_link' material 'aluminum' undefined.
         at line 85 in /workspace/urdfdom/urdf_parser/src/model.cpp
Warning: link 'camera_link' material 'aluminum' undefined.
         at line 85 in /workspace/urdfdom/urdf_parser/src/model.cpp
Warning: link 'camera_link' material 'aluminum' undefined.
         at line 85 in /workspace/urdfdom/urdf_parser/src/model.cpp
Warning: link 'camera_link' material 'aluminum' undefined.
         at line 85 in /workspace/urdfdom/urdf_parser/src/model.cpp
[613/1842] BinFill/episode_43 succeeded with seed 8300 (attempt 0, 204.597s)
/data/hongzefu/robomme_benchmark_MotionJEPANewTask/.venv/lib/python3.11/site-packages/torch/cuda/__init__.py:63: FutureWarning: The pynvml package is deprecated. Please install nvidia-ml-py instead. If you did not install pynvml directly, please report this to the maintainers of the package that installed pynvml for you.
  import pynvml  # type: ignore[import]
/data/hongzefu/robomme_benchmark_MotionJEPANewTask/.venv/lib/python3.11/site-packages/sapien/__init__.py:18: UserWarning: pkg_resources is deprecated as an API. See https://setuptools.pypa.io/en/latest/pkg_resources.html. The pkg_resources package is slated for removal as early as 2025-11-30. Refrain from using this package or pin to Setuptools<81.
  import pkg_resources
[614/1842] VideoUnmaskSwap/episode_46 succeeded with seed 9600 (attempt 0, 61.422s)
/data/hongzefu/robomme_benchmark_MotionJEPANewTask/.venv/lib/python3.11/site-packages/torch/cuda/__init__.py:63: FutureWarning: The pynvml package is deprecated. Please install nvidia-ml-py instead. If you did not install pynvml directly, please report this to the maintainers of the package that installed pynvml for you.
  import pynvml  # type: ignore[import]
[615/1842] VideoUnmaskSwap/episode_44 succeeded with seed 9400 (attempt 0, 128.103s)
/data/hongzefu/robomme_benchmark_MotionJEPANewTask/.venv/lib/python3.11/site-packages/sapien/__init__.py:18: UserWarning: pkg_resources is deprecated as an API. See https://setuptools.pypa.io/en/latest/pkg_resources.html. The pkg_resources package is slated for removal as early as 2025-11-30. Refrain from using this package or pin to Setuptools<81.
  import pkg_resources
[616/1842] VideoUnmaskSwap/episode_45 succeeded with seed 9500 (attempt 0, 93.439s)
[617/1842] RouteStick/episode_44 succeeded with seed 20400 (attempt 0, 153.852s)
/data/hongzefu/robomme_benchmark_MotionJEPANewTask/.venv/lib/python3.11/site-packages/torch/cuda/__init__.py:63: FutureWarning: The pynvml package is deprecated. Please install nvidia-ml-py instead. If you did not install pynvml directly, please report this to the maintainers of the package that installed pynvml for you.
  import pynvml  # type: ignore[import]
/data/hongzefu/robomme_benchmark_MotionJEPANewTask/.venv/lib/python3.11/site-packages/sapien/__init__.py:18: UserWarning: pkg_resources is deprecated as an API. See https://setuptools.pypa.io/en/latest/pkg_resources.html. The pkg_resources package is slated for removal as early as 2025-11-30. Refrain from using this package or pin to Setuptools<81.
  import pkg_resources
[618/1842] VideoRepick/episode_44 succeeded with seed 13400 (attempt 0, 135.497s)
[619/1842] VideoRepick/episode_45 succeeded with seed 13500 (attempt 0, 103.255s)
[620/1842] VideoRepick/episode_43 succeeded with seed 13300 (attempt 0, 183.294s)
[621/1842] BinFill/episode_45 succeeded with seed 8500 (attempt 0, 133.623s)
[622/1842] VideoRepick/episode_45 succeeded with seed 13500 (attempt 0, 114.364s)
Warning: link 'camera_link' material 'aluminum' undefined.
         at line 85 in /workspace/urdfdom/urdf_parser/src/model.cpp
Warning: link 'camera_link' material 'aluminum' undefined.
         at line 85 in /workspace/urdfdom/urdf_parser/src/model.cpp
Warning: link 'camera_link' material 'aluminum' undefined.
         at line 85 in /workspace/urdfdom/urdf_parser/src/model.cpp
Warning: link 'camera_link' material 'aluminum' undefined.
         at line 85 in /workspace/urdfdom/urdf_parser/src/model.cpp
Warning: link 'camera_link' material 'aluminum' undefined.
         at line 85 in /workspace/urdfdom/urdf_parser/src/model.cpp
Warning: link 'camera_link' material 'aluminum' undefined.
         at line 85 in /workspace/urdfdom/urdf_parser/src/model.cpp
Warning: link 'camera_link' material 'aluminum' undefined.
         at line 85 in /workspace/urdfdom/urdf_parser/src/model.cpp
Warning: link 'camera_link' material 'aluminum' undefined.
         at line 85 in /workspace/urdfdom/urdf_parser/src/model.cpp
[623/1842] RouteStick/episode_45 succeeded with seed 20500 (attempt 0, 138.301s)
Warning: link 'camera_link' material 'aluminum' undefined.
         at line 85 in /workspace/urdfdom/urdf_parser/src/model.cpp
Warning: link 'camera_link' material 'aluminum' undefined.
         at line 85 in /workspace/urdfdom/urdf_parser/src/model.cpp
Warning: link 'camera_link' material 'aluminum' undefined.
         at line 85 in /workspace/urdfdom/urdf_parser/src/model.cpp
Warning: link 'camera_link' material 'aluminum' undefined.
         at line 85 in /workspace/urdfdom/urdf_parser/src/model.cpp
Warning: link 'camera_link' material 'aluminum' undefined.
         at line 85 in /workspace/urdfdom/urdf_parser/src/model.cpp
Warning: link 'camera_link' material 'aluminum' undefined.
         at line 85 in /workspace/urdfdom/urdf_parser/src/model.cpp
Warning: link 'camera_link' material 'aluminum' undefined.
         at line 85 in /workspace/urdfdom/urdf_parser/src/model.cpp
Warning: link 'camera_link' material 'aluminum' undefined.
         at line 85 in /workspace/urdfdom/urdf_parser/src/model.cpp
[624/1842] RouteStick/episode_46 succeeded with seed 20600 (attempt 0, 106.202s)
[625/1842] RouteStick/episode_43 succeeded with seed 20300 (attempt 0, 227.804s)
[626/1842] VideoUnmaskSwap/episode_47 succeeded with seed 9700 (attempt 0, 53.577s)
[627/1842] VideoUnmaskSwap/episode_45 succeeded with seed 9500 (attempt 0, 126.384s)
Warning: link 'camera_link' material 'aluminum' undefined.
         at line 85 in /workspace/urdfdom/urdf_parser/src/model.cpp
Warning: link 'camera_link' material 'aluminum' undefined.
         at line 85 in /workspace/urdfdom/urdf_parser/src/model.cpp
Warning: link 'camera_link' material 'aluminum' undefined.
         at line 85 in /workspace/urdfdom/urdf_parser/src/model.cpp
Warning: link 'camera_link' material 'aluminum' undefined.
         at line 85 in /workspace/urdfdom/urdf_parser/src/model.cpp
Warning: link 'camera_link' material 'aluminum' undefined.
         at line 85 in /workspace/urdfdom/urdf_parser/src/model.cpp
Warning: link 'camera_link' material 'aluminum' undefined.
         at line 85 in /workspace/urdfdom/urdf_parser/src/model.cpp
Warning: link 'camera_link' material 'aluminum' undefined.
         at line 85 in /workspace/urdfdom/urdf_parser/src/model.cpp
Warning: link 'camera_link' material 'aluminum' undefined.
         at line 85 in /workspace/urdfdom/urdf_parser/src/model.cpp
screw plan failed
screw plan failed
screw plan failed
/data/hongzefu/robomme_benchmark_MotionJEPANewTask/.venv/lib/python3.11/site-packages/torch/cuda/__init__.py:63: FutureWarning: The pynvml package is deprecated. Please install nvidia-ml-py instead. If you did not install pynvml directly, please report this to the maintainers of the package that installed pynvml for you.
  import pynvml  # type: ignore[import]
/data/hongzefu/robomme_benchmark_MotionJEPANewTask/.venv/lib/python3.11/site-packages/sapien/__init__.py:18: UserWarning: pkg_resources is deprecated as an API. See https://setuptools.pypa.io/en/latest/pkg_resources.html. The pkg_resources package is slated for removal as early as 2025-11-30. Refrain from using this package or pin to Setuptools<81.
  import pkg_resources
[628/1842] VideoUnmaskSwap/episode_46 succeeded with seed 9600 (attempt 0, 101.349s)
[629/1842] RouteStick/episode_44 succeeded with seed 20400 (attempt 0, 191.526s)
Warning: link 'camera_link' material 'aluminum' undefined.
         at line 85 in /workspace/urdfdom/urdf_parser/src/model.cpp
Warning: link 'camera_link' material 'aluminum' undefined.
         at line 85 in /workspace/urdfdom/urdf_parser/src/model.cpp
Warning: link 'camera_link' material 'aluminum' undefined.
         at line 85 in /workspace/urdfdom/urdf_parser/src/model.cpp
Warning: link 'camera_link' material 'aluminum' undefined.
         at line 85 in /workspace/urdfdom/urdf_parser/src/model.cpp
Warning: link 'camera_link' material 'aluminum' undefined.
         at line 85 in /workspace/urdfdom/urdf_parser/src/model.cpp
Warning: link 'camera_link' material 'aluminum' undefined.
         at line 85 in /workspace/urdfdom/urdf_parser/src/model.cpp
Warning: link 'camera_link' material 'aluminum' undefined.
         at line 85 in /workspace/urdfdom/urdf_parser/src/model.cpp
Warning: link 'camera_link' material 'aluminum' undefined.
         at line 85 in /workspace/urdfdom/urdf_parser/src/model.cpp
[630/1842] RouteStick/episode_46 succeeded with seed 20600 (attempt 0, 120.662s)
    BinFill/episode_45 用尽 1 次 attempt，放弃
[631/1842] RouteStick/episode_46 succeeded with seed 20600 (attempt 0, 123.633s)
/data/hongzefu/robomme_benchmark_MotionJEPANewTask/.venv/lib/python3.11/site-packages/torch/cuda/__init__.py:63: FutureWarning: The pynvml package is deprecated. Please install nvidia-ml-py instead. If you did not install pynvml directly, please report this to the maintainers of the package that installed pynvml for you.
  import pynvml  # type: ignore[import]
/data/hongzefu/robomme_benchmark_MotionJEPANewTask/.venv/lib/python3.11/site-packages/sapien/__init__.py:18: UserWarning: pkg_resources is deprecated as an API. See https://setuptools.pypa.io/en/latest/pkg_resources.html. The pkg_resources package is slated for removal as early as 2025-11-30. Refrain from using this package or pin to Setuptools<81.
  import pkg_resources
/data/hongzefu/robomme_benchmark_MotionJEPANewTask/.venv/lib/python3.11/site-packages/torch/cuda/__init__.py:63: FutureWarning: The pynvml package is deprecated. Please install nvidia-ml-py instead. If you did not install pynvml directly, please report this to the maintainers of the package that installed pynvml for you.
  import pynvml  # type: ignore[import]
/data/hongzefu/robomme_benchmark_MotionJEPANewTask/.venv/lib/python3.11/site-packages/sapien/__init__.py:18: UserWarning: pkg_resources is deprecated as an API. See https://setuptools.pypa.io/en/latest/pkg_resources.html. The pkg_resources package is slated for removal as early as 2025-11-30. Refrain from using this package or pin to Setuptools<81.
  import pkg_resources
[632/1842] BinFill/episode_46 succeeded with seed 8600 (attempt 0, 127.74s)
[633/1842] RouteStick/episode_45 succeeded with seed 20500 (attempt 0, 167.546s)
[634/1842] RouteStick/episode_47 succeeded with seed 20700 (attempt 0, 91.989s)
[635/1842] VideoRepick/episode_45 succeeded with seed 13500 (attempt 0, 147.791s)
[636/1842] VideoRepick/episode_46 succeeded with seed 13600 (attempt 0, 107.802s)
[637/1842] VideoUnmaskSwap/episode_47 succeeded with seed 9700 (attempt 0, 76.797s)
Warning: link 'camera_link' material 'aluminum' undefined.
         at line 85 in /workspace/urdfdom/urdf_parser/src/model.cpp
Warning: link 'camera_link' material 'aluminum' undefined.
         at line 85 in /workspace/urdfdom/urdf_parser/src/model.cpp
Warning: link 'camera_link' material 'aluminum' undefined.
         at line 85 in /workspace/urdfdom/urdf_parser/src/model.cpp
Warning: link 'camera_link' material 'aluminum' undefined.
         at line 85 in /workspace/urdfdom/urdf_parser/src/model.cpp
Warning: link 'camera_link' material 'aluminum' undefined.
         at line 85 in /workspace/urdfdom/urdf_parser/src/model.cpp
Warning: link 'camera_link' material 'aluminum' undefined.
         at line 85 in /workspace/urdfdom/urdf_parser/src/model.cpp
Warning: link 'camera_link' material 'aluminum' undefined.
         at line 85 in /workspace/urdfdom/urdf_parser/src/model.cpp
Warning: link 'camera_link' material 'aluminum' undefined.
         at line 85 in /workspace/urdfdom/urdf_parser/src/model.cpp
/data/hongzefu/robomme_benchmark_MotionJEPANewTask/.venv/lib/python3.11/site-packages/torch/cuda/__init__.py:63: FutureWarning: The pynvml package is deprecated. Please install nvidia-ml-py instead. If you did not install pynvml directly, please report this to the maintainers of the package that installed pynvml for you.
  import pynvml  # type: ignore[import]
/data/hongzefu/robomme_benchmark_MotionJEPANewTask/.venv/lib/python3.11/site-packages/sapien/__init__.py:18: UserWarning: pkg_resources is deprecated as an API. See https://setuptools.pypa.io/en/latest/pkg_resources.html. The pkg_resources package is slated for removal as early as 2025-11-30. Refrain from using this package or pin to Setuptools<81.
  import pkg_resources
Warning: link 'camera_link' material 'aluminum' undefined.
         at line 85 in /workspace/urdfdom/urdf_parser/src/model.cpp
Warning: link 'camera_link' material 'aluminum' undefined.
         at line 85 in /workspace/urdfdom/urdf_parser/src/model.cpp
Warning: link 'camera_link' material 'aluminum' undefined.
         at line 85 in /workspace/urdfdom/urdf_parser/src/model.cpp
Warning: link 'camera_link' material 'aluminum' undefined.
         at line 85 in /workspace/urdfdom/urdf_parser/src/model.cpp
Warning: link 'camera_link' material 'aluminum' undefined.
         at line 85 in /workspace/urdfdom/urdf_parser/src/model.cpp
Warning: link 'camera_link' material 'aluminum' undefined.
         at line 85 in /workspace/urdfdom/urdf_parser/src/model.cpp
Warning: link 'camera_link' material 'aluminum' undefined.
         at line 85 in /workspace/urdfdom/urdf_parser/src/model.cpp
Warning: link 'camera_link' material 'aluminum' undefined.
         at line 85 in /workspace/urdfdom/urdf_parser/src/model.cpp
Warning: link 'camera_link' material 'aluminum' undefined.
         at line 85 in /workspace/urdfdom/urdf_parser/src/model.cpp
Warning: link 'camera_link' material 'aluminum' undefined.
         at line 85 in /workspace/urdfdom/urdf_parser/src/model.cpp
Warning: link 'camera_link' material 'aluminum' undefined.
         at line 85 in /workspace/urdfdom/urdf_parser/src/model.cpp
Warning: link 'camera_link' material 'aluminum' undefined.
         at line 85 in /workspace/urdfdom/urdf_parser/src/model.cpp
Warning: link 'camera_link' material 'aluminum' undefined.
         at line 85 in /workspace/urdfdom/urdf_parser/src/model.cpp
Warning: link 'camera_link' material 'aluminum' undefined.
         at line 85 in /workspace/urdfdom/urdf_parser/src/model.cpp
Warning: link 'camera_link' material 'aluminum' undefined.
         at line 85 in /workspace/urdfdom/urdf_parser/src/model.cpp
Warning: link 'camera_link' material 'aluminum' undefined.
         at line 85 in /workspace/urdfdom/urdf_parser/src/model.cpp
Warning: link 'camera_link' material 'aluminum' undefined.
         at line 85 in /workspace/urdfdom/urdf_parser/src/model.cpp
Warning: link 'camera_link' material 'aluminum' undefined.
         at line 85 in /workspace/urdfdom/urdf_parser/src/model.cpp
Warning: link 'camera_link' material 'aluminum' undefined.
         at line 85 in /workspace/urdfdom/urdf_parser/src/model.cpp
Warning: link 'camera_link' material 'aluminum' undefined.
         at line 85 in /workspace/urdfdom/urdf_parser/src/model.cpp
Warning: link 'camera_link' material 'aluminum' undefined.
         at line 85 in /workspace/urdfdom/urdf_parser/src/model.cpp
Warning: link 'camera_link' material 'aluminum' undefined.
         at line 85 in /workspace/urdfdom/urdf_parser/src/model.cpp
Warning: link 'camera_link' material 'aluminum' undefined.
         at line 85 in /workspace/urdfdom/urdf_parser/src/model.cpp
Warning: link 'camera_link' material 'aluminum' undefined.
         at line 85 in /workspace/urdfdom/urdf_parser/src/model.cpp
[638/1842] VideoUnmaskSwap/episode_46 succeeded with seed 9600 (attempt 0, 127.48s)
[639/1842] BinFill/episode_46 succeeded with seed 8600 (attempt 0, 164.634s)
[640/1842] VideoRepick/episode_47 succeeded with seed 13700 (attempt 0, 95.306s)
[641/1842] VideoUnmaskSwap/episode_48 succeeded with seed 9800 (attempt 0, 62.059s)
[642/1842] RouteStick/episode_48 succeeded with seed 20800 (attempt 0, 89.011s)
[643/1842] RouteStick/episode_47 succeeded with seed 20700 (attempt 0, 136.831s)
[644/1842] BinFill/episode_47 succeeded with seed 8700 (attempt 0, 142.813s)
[645/1842] RouteStick/episode_45 succeeded with seed 20500 (attempt 0, 200.721s)
[646/1842] VideoUnmaskSwap/episode_47 succeeded with seed 9700 (attempt 0, 111.034s)
/data/hongzefu/robomme_benchmark_MotionJEPANewTask/.venv/lib/python3.11/site-packages/torch/cuda/__init__.py:63: FutureWarning: The pynvml package is deprecated. Please install nvidia-ml-py instead. If you did not install pynvml directly, please report this to the maintainers of the package that installed pynvml for you.
  import pynvml  # type: ignore[import]
[647/1842] VideoUnmaskSwap/episode_47 succeeded with seed 9700 (attempt 0, 119.018s)
/data/hongzefu/robomme_benchmark_MotionJEPANewTask/.venv/lib/python3.11/site-packages/sapien/__init__.py:18: UserWarning: pkg_resources is deprecated as an API. See https://setuptools.pypa.io/en/latest/pkg_resources.html. The pkg_resources package is slated for removal as early as 2025-11-30. Refrain from using this package or pin to Setuptools<81.
  import pkg_resources
[648/1842] VideoUnmaskSwap/episode_48 succeeded with seed 9800 (attempt 0, 82.982s)
[649/1842] BinFill/episode_49 succeeded with seed 8900 (attempt 0, 64.343s)
/data/hongzefu/robomme_benchmark_MotionJEPANewTask/.venv/lib/python3.11/site-packages/torch/cuda/__init__.py:63: FutureWarning: The pynvml package is deprecated. Please install nvidia-ml-py instead. If you did not install pynvml directly, please report this to the maintainers of the package that installed pynvml for you.
  import pynvml  # type: ignore[import]
Warning: link 'camera_link' material 'aluminum' undefined.
         at line 85 in /workspace/urdfdom/urdf_parser/src/model.cpp
Warning: link 'camera_link' material 'aluminum' undefined.
         at line 85 in /workspace/urdfdom/urdf_parser/src/model.cpp
Warning: link 'camera_link' material 'aluminum' undefined.
         at line 85 in /workspace/urdfdom/urdf_parser/src/model.cpp
Warning: link 'camera_link' material 'aluminum' undefined.
         at line 85 in /workspace/urdfdom/urdf_parser/src/model.cpp
Warning: link 'camera_link' material 'aluminum' undefined.
         at line 85 in /workspace/urdfdom/urdf_parser/src/model.cpp
Warning: link 'camera_link' material 'aluminum' undefined.
         at line 85 in /workspace/urdfdom/urdf_parser/src/model.cpp
Warning: link 'camera_link' material 'aluminum' undefined.
         at line 85 in /workspace/urdfdom/urdf_parser/src/model.cpp
Warning: link 'camera_link' material 'aluminum' undefined.
         at line 85 in /workspace/urdfdom/urdf_parser/src/model.cpp
/data/hongzefu/robomme_benchmark_MotionJEPANewTask/.venv/lib/python3.11/site-packages/sapien/__init__.py:18: UserWarning: pkg_resources is deprecated as an API. See https://setuptools.pypa.io/en/latest/pkg_resources.html. The pkg_resources package is slated for removal as early as 2025-11-30. Refrain from using this package or pin to Setuptools<81.
  import pkg_resources
[650/1842] RouteStick/episode_47 succeeded with seed 20700 (attempt 0, 152.983s)
[651/1842] VideoRepick/episode_46 succeeded with seed 13600 (attempt 0, 170.118s)
[652/1842] VideoUnmaskSwap/episode_48 succeeded with seed 9800 (attempt 0, 93.878s)
[653/1842] BinFill/episode_47 succeeded with seed 8700 (attempt 0, 165.984s)
[654/1842] BinFill/episode_47 succeeded with seed 8700 (attempt 0, 166.564s)
Warning: link 'camera_link' material 'aluminum' undefined.
         at line 85 in /workspace/urdfdom/urdf_parser/src/model.cpp
Warning: link 'camera_link' material 'aluminum' undefined.
         at line 85 in /workspace/urdfdom/urdf_parser/src/model.cpp
Warning: link 'camera_link' material 'aluminum' undefined.
         at line 85 in /workspace/urdfdom/urdf_parser/src/model.cpp
Warning: link 'camera_link' material 'aluminum' undefined.
         at line 85 in /workspace/urdfdom/urdf_parser/src/model.cpp
Warning: link 'camera_link' material 'aluminum' undefined.
         at line 85 in /workspace/urdfdom/urdf_parser/src/model.cpp
Warning: link 'camera_link' material 'aluminum' undefined.
         at line 85 in /workspace/urdfdom/urdf_parser/src/model.cpp
Warning: link 'camera_link' material 'aluminum' undefined.
         at line 85 in /workspace/urdfdom/urdf_parser/src/model.cpp
Warning: link 'camera_link' material 'aluminum' undefined.
         at line 85 in /workspace/urdfdom/urdf_parser/src/model.cpp
[655/1842] VideoRepick/episode_47 succeeded with seed 13700 (attempt 0, 138.544s)
/data/hongzefu/robomme_benchmark_MotionJEPANewTask/.venv/lib/python3.11/site-packages/torch/cuda/__init__.py:63: FutureWarning: The pynvml package is deprecated. Please install nvidia-ml-py instead. If you did not install pynvml directly, please report this to the maintainers of the package that installed pynvml for you.
  import pynvml  # type: ignore[import]
/data/hongzefu/robomme_benchmark_MotionJEPANewTask/.venv/lib/python3.11/site-packages/sapien/__init__.py:18: UserWarning: pkg_resources is deprecated as an API. See https://setuptools.pypa.io/en/latest/pkg_resources.html. The pkg_resources package is slated for removal as early as 2025-11-30. Refrain from using this package or pin to Setuptools<81.
  import pkg_resources
Warning: link 'camera_link' material 'aluminum' undefined.
         at line 85 in /workspace/urdfdom/urdf_parser/src/model.cpp
Warning: link 'camera_link' material 'aluminum' undefined.
         at line 85 in /workspace/urdfdom/urdf_parser/src/model.cpp
Warning: link 'camera_link' material 'aluminum' undefined.
         at line 85 in /workspace/urdfdom/urdf_parser/src/model.cpp
Warning: link 'camera_link' material 'aluminum' undefined.
         at line 85 in /workspace/urdfdom/urdf_parser/src/model.cpp
Warning: link 'camera_link' material 'aluminum' undefined.
         at line 85 in /workspace/urdfdom/urdf_parser/src/model.cpp
Warning: link 'camera_link' material 'aluminum' undefined.
         at line 85 in /workspace/urdfdom/urdf_parser/src/model.cpp
Warning: link 'camera_link' material 'aluminum' undefined.
         at line 85 in /workspace/urdfdom/urdf_parser/src/model.cpp
Warning: link 'camera_link' material 'aluminum' undefined.
         at line 85 in /workspace/urdfdom/urdf_parser/src/model.cpp
[656/1842] BinFill/episode_48 succeeded with seed 8800 (attempt 0, 129.007s)
[657/1842] RouteStick/episode_48 succeeded with seed 20800 (attempt 0, 122.812s)
[658/1842] BinFill/episode_48 succeeded with seed 8800 (attempt 0, 133.55s)
Warning: link 'camera_link' material 'aluminum' undefined.
         at line 85 in /workspace/urdfdom/urdf_parser/src/model.cpp
Warning: link 'camera_link' material 'aluminum' undefined.
         at line 85 in /workspace/urdfdom/urdf_parser/src/model.cpp
Warning: link 'camera_link' material 'aluminum' undefined.
         at line 85 in /workspace/urdfdom/urdf_parser/src/model.cpp
Warning: link 'camera_link' material 'aluminum' undefined.
         at line 85 in /workspace/urdfdom/urdf_parser/src/model.cpp
Warning: link 'camera_link' material 'aluminum' undefined.
         at line 85 in /workspace/urdfdom/urdf_parser/src/model.cpp
Warning: link 'camera_link' material 'aluminum' undefined.
         at line 85 in /workspace/urdfdom/urdf_parser/src/model.cpp
Warning: link 'camera_link' material 'aluminum' undefined.
         at line 85 in /workspace/urdfdom/urdf_parser/src/model.cpp
Warning: link 'camera_link' material 'aluminum' undefined.
         at line 85 in /workspace/urdfdom/urdf_parser/src/model.cpp
[659/1842] VideoRepick/episode_48 succeeded with seed 13800 (attempt 0, 107.061s)
[660/1842] VideoRepick/episode_47 succeeded with seed 13700 (attempt 0, 160.25s)
[661/1842] VideoUnmaskSwap/episode_49 succeeded with seed 9900 (attempt 0, 75.899s)
screw plan failed
screw plan failed
screw plan failed
[662/1842] VideoUnmaskSwap/episode_49 succeeded with seed 9900 (attempt 0, 74.344s)
Warning: link 'camera_link' material 'aluminum' undefined.
         at line 85 in /workspace/urdfdom/urdf_parser/src/model.cpp
Warning: link 'camera_link' material 'aluminum' undefined.
         at line 85 in /workspace/urdfdom/urdf_parser/src/model.cpp
Warning: link 'camera_link' material 'aluminum' undefined.
         at line 85 in /workspace/urdfdom/urdf_parser/src/model.cpp
Warning: link 'camera_link' material 'aluminum' undefined.
         at line 85 in /workspace/urdfdom/urdf_parser/src/model.cpp
Warning: link 'camera_link' material 'aluminum' undefined.
         at line 85 in /workspace/urdfdom/urdf_parser/src/model.cpp
Warning: link 'camera_link' material 'aluminum' undefined.
         at line 85 in /workspace/urdfdom/urdf_parser/src/model.cpp
Warning: link 'camera_link' material 'aluminum' undefined.
         at line 85 in /workspace/urdfdom/urdf_parser/src/model.cpp
Warning: link 'camera_link' material 'aluminum' undefined.
         at line 85 in /workspace/urdfdom/urdf_parser/src/model.cpp
[663/1842] BinFill/episode_48 succeeded with seed 8800 (attempt 0, 152.317s)
[664/1842] BinFill/episode_49 succeeded with seed 8900 (attempt 0, 107.646s)
[665/1842] RouteStick/episode_49 succeeded with seed 20900 (attempt 0, 108.522s)
[666/1842] RouteStick/episode_48 succeeded with seed 20800 (attempt 0, 144.353s)
Warning: link 'camera_link' material 'aluminum' undefined.
         at line 85 in /workspace/urdfdom/urdf_parser/src/model.cpp
Warning: link 'camera_link' material 'aluminum' undefined.
         at line 85 in /workspace/urdfdom/urdf_parser/src/model.cpp
Warning: link 'camera_link' material 'aluminum' undefined.
         at line 85 in /workspace/urdfdom/urdf_parser/src/model.cpp
Warning: link 'camera_link' material 'aluminum' undefined.
         at line 85 in /workspace/urdfdom/urdf_parser/src/model.cpp
Warning: link 'camera_link' material 'aluminum' undefined.
         at line 85 in /workspace/urdfdom/urdf_parser/src/model.cpp
Warning: link 'camera_link' material 'aluminum' undefined.
         at line 85 in /workspace/urdfdom/urdf_parser/src/model.cpp
Warning: link 'camera_link' material 'aluminum' undefined.
         at line 85 in /workspace/urdfdom/urdf_parser/src/model.cpp
Warning: link 'camera_link' material 'aluminum' undefined.
         at line 85 in /workspace/urdfdom/urdf_parser/src/model.cpp
Warning: link 'camera_link' material 'aluminum' undefined.
         at line 85 in /workspace/urdfdom/urdf_parser/src/model.cpp
Warning: link 'camera_link' material 'aluminum' undefined.
         at line 85 in /workspace/urdfdom/urdf_parser/src/model.cpp
Warning: link 'camera_link' material 'aluminum' undefined.
         at line 85 in /workspace/urdfdom/urdf_parser/src/model.cpp
Warning: link 'camera_link' material 'aluminum' undefined.
         at line 85 in /workspace/urdfdom/urdf_parser/src/model.cpp
Warning: link 'camera_link' material 'aluminum' undefined.
         at line 85 in /workspace/urdfdom/urdf_parser/src/model.cpp
Warning: link 'camera_link' material 'aluminum' undefined.
         at line 85 in /workspace/urdfdom/urdf_parser/src/model.cpp
Warning: link 'camera_link' material 'aluminum' undefined.
         at line 85 in /workspace/urdfdom/urdf_parser/src/model.cpp
Warning: link 'camera_link' material 'aluminum' undefined.
         at line 85 in /workspace/urdfdom/urdf_parser/src/model.cpp
Warning: link 'camera_link' material 'aluminum' undefined.
         at line 85 in /workspace/urdfdom/urdf_parser/src/model.cpp
Warning: link 'camera_link' material 'aluminum' undefined.
         at line 85 in /workspace/urdfdom/urdf_parser/src/model.cpp
Warning: link 'camera_link' material 'aluminum' undefined.
         at line 85 in /workspace/urdfdom/urdf_parser/src/model.cpp
Warning: link 'camera_link' material 'aluminum' undefined.
         at line 85 in /workspace/urdfdom/urdf_parser/src/model.cpp
Warning: link 'camera_link' material 'aluminum' undefined.
         at line 85 in /workspace/urdfdom/urdf_parser/src/model.cpp
Warning: link 'camera_link' material 'aluminum' undefined.
         at line 85 in /workspace/urdfdom/urdf_parser/src/model.cpp
Warning: link 'camera_link' material 'aluminum' undefined.
         at line 85 in /workspace/urdfdom/urdf_parser/src/model.cpp
Warning: link 'camera_link' material 'aluminum' undefined.
         at line 85 in /workspace/urdfdom/urdf_parser/src/model.cpp
[667/1842] RouteStick/episode_46 succeeded with seed 20600 (attempt 0, 221.561s)
[668/1842] VideoUnmaskSwap/episode_50 succeeded with seed 10000 (attempt 0, 58.968s)
[669/1842] VideoUnmaskSwap/episode_49 succeeded with seed 9900 (attempt 0, 98.844s)
[670/1842] RouteStick/episode_49 succeeded with seed 20900 (attempt 0, 124.256s)
[671/1842] RouteStick/episode_47 succeeded with seed 20700 (attempt 0, 187.359s)
[672/1842] VideoRepick/episode_48 succeeded with seed 13800 (attempt 0, 134.646s)
[673/1842] VideoUnmaskSwap/episode_50 succeeded with seed 10000 (attempt 0, 68.967s)
[674/1842] VideoUnmaskSwap/episode_48 succeeded with seed 9800 (attempt 0, 143.489s)
[675/1842] RouteStick/episode_50 succeeded with seed 21000 (attempt 0, 85.91s)
[676/1842] VideoRepick/episode_48 succeeded with seed 13800 (attempt 0, 161.816s)
Warning: link 'camera_link' material 'aluminum' undefined.
         at line 85 in /workspace/urdfdom/urdf_parser/src/model.cpp
Warning: link 'camera_link' material 'aluminum' undefined.
         at line 85 in /workspace/urdfdom/urdf_parser/src/model.cpp
Warning: link 'camera_link' material 'aluminum' undefined.
         at line 85 in /workspace/urdfdom/urdf_parser/src/model.cpp
Warning: link 'camera_link' material 'aluminum' undefined.
         at line 85 in /workspace/urdfdom/urdf_parser/src/model.cpp
Warning: link 'camera_link' material 'aluminum' undefined.
         at line 85 in /workspace/urdfdom/urdf_parser/src/model.cpp
Warning: link 'camera_link' material 'aluminum' undefined.
         at line 85 in /workspace/urdfdom/urdf_parser/src/model.cpp
Warning: link 'camera_link' material 'aluminum' undefined.
         at line 85 in /workspace/urdfdom/urdf_parser/src/model.cpp
Warning: link 'camera_link' material 'aluminum' undefined.
         at line 85 in /workspace/urdfdom/urdf_parser/src/model.cpp
[677/1842] BinFill/episode_50 succeeded with seed 9000 (attempt 0, 94.157s)
[678/1842] BinFill/episode_50 succeeded with seed 9000 (attempt 0, 100.018s)
[679/1842] BinFill/episode_51 succeeded with seed 9100 (attempt 0, 66.264s)
[680/1842] VideoRepick/episode_49 succeeded with seed 13900 (attempt 0, 116.904s)
    VideoRepick/episode_39 seed 12900 单条墙钟超过 600 秒被终止（实测 604 秒）
    VideoRepick/episode_39 用尽 1 次 attempt，放弃
/data/hongzefu/robomme_benchmark_MotionJEPANewTask/.venv/lib/python3.11/site-packages/torch/cuda/__init__.py:63: FutureWarning: The pynvml package is deprecated. Please install nvidia-ml-py instead. If you did not install pynvml directly, please report this to the maintainers of the package that installed pynvml for you.
  import pynvml  # type: ignore[import]
/data/hongzefu/robomme_benchmark_MotionJEPANewTask/.venv/lib/python3.11/site-packages/sapien/__init__.py:18: UserWarning: pkg_resources is deprecated as an API. See https://setuptools.pypa.io/en/latest/pkg_resources.html. The pkg_resources package is slated for removal as early as 2025-11-30. Refrain from using this package or pin to Setuptools<81.
  import pkg_resources
Warning: link 'camera_link' material 'aluminum' undefined.
         at line 85 in /workspace/urdfdom/urdf_parser/src/model.cpp
Warning: link 'camera_link' material 'aluminum' undefined.
         at line 85 in /workspace/urdfdom/urdf_parser/src/model.cpp
Warning: link 'camera_link' material 'aluminum' undefined.
         at line 85 in /workspace/urdfdom/urdf_parser/src/model.cpp
Warning: link 'camera_link' material 'aluminum' undefined.
         at line 85 in /workspace/urdfdom/urdf_parser/src/model.cpp
Warning: link 'camera_link' material 'aluminum' undefined.
         at line 85 in /workspace/urdfdom/urdf_parser/src/model.cpp
Warning: link 'camera_link' material 'aluminum' undefined.
         at line 85 in /workspace/urdfdom/urdf_parser/src/model.cpp
Warning: link 'camera_link' material 'aluminum' undefined.
         at line 85 in /workspace/urdfdom/urdf_parser/src/model.cpp
Warning: link 'camera_link' material 'aluminum' undefined.
         at line 85 in /workspace/urdfdom/urdf_parser/src/model.cpp
[681/1842] RouteStick/episode_49 succeeded with seed 20900 (attempt 0, 155.455s)
[682/1842] VideoUnmaskSwap/episode_49 succeeded with seed 9900 (attempt 0, 117.686s)
[683/1842] BinFill/episode_49 succeeded with seed 8900 (attempt 0, 160.067s)
Warning: link 'camera_link' material 'aluminum' undefined.
         at line 85 in /workspace/urdfdom/urdf_parser/src/model.cpp
Warning: link 'camera_link' material 'aluminum' undefined.
         at line 85 in /workspace/urdfdom/urdf_parser/src/model.cpp
Warning: link 'camera_link' material 'aluminum' undefined.
         at line 85 in /workspace/urdfdom/urdf_parser/src/model.cpp
Warning: link 'camera_link' material 'aluminum' undefined.
         at line 85 in /workspace/urdfdom/urdf_parser/src/model.cpp
Warning: link 'camera_link' material 'aluminum' undefined.
         at line 85 in /workspace/urdfdom/urdf_parser/src/model.cpp
Warning: link 'camera_link' material 'aluminum' undefined.
         at line 85 in /workspace/urdfdom/urdf_parser/src/model.cpp
Warning: link 'camera_link' material 'aluminum' undefined.
         at line 85 in /workspace/urdfdom/urdf_parser/src/model.cpp
Warning: link 'camera_link' material 'aluminum' undefined.
         at line 85 in /workspace/urdfdom/urdf_parser/src/model.cpp
/data/hongzefu/robomme_benchmark_MotionJEPANewTask/.venv/lib/python3.11/site-packages/torch/cuda/__init__.py:63: FutureWarning: The pynvml package is deprecated. Please install nvidia-ml-py instead. If you did not install pynvml directly, please report this to the maintainers of the package that installed pynvml for you.
  import pynvml  # type: ignore[import]
[684/1842] VideoUnmaskSwap/episode_51 succeeded with seed 10100 (attempt 0, 58.47s)
/data/hongzefu/robomme_benchmark_MotionJEPANewTask/.venv/lib/python3.11/site-packages/sapien/__init__.py:18: UserWarning: pkg_resources is deprecated as an API. See https://setuptools.pypa.io/en/latest/pkg_resources.html. The pkg_resources package is slated for removal as early as 2025-11-30. Refrain from using this package or pin to Setuptools<81.
  import pkg_resources
Warning: link 'camera_link' material 'aluminum' undefined.
         at line 85 in /workspace/urdfdom/urdf_parser/src/model.cpp
Warning: link 'camera_link' material 'aluminum' undefined.
         at line 85 in /workspace/urdfdom/urdf_parser/src/model.cpp
Warning: link 'camera_link' material 'aluminum' undefined.
         at line 85 in /workspace/urdfdom/urdf_parser/src/model.cpp
Warning: link 'camera_link' material 'aluminum' undefined.
         at line 85 in /workspace/urdfdom/urdf_parser/src/model.cpp
Warning: link 'camera_link' material 'aluminum' undefined.
         at line 85 in /workspace/urdfdom/urdf_parser/src/model.cpp
Warning: link 'camera_link' material 'aluminum' undefined.
         at line 85 in /workspace/urdfdom/urdf_parser/src/model.cpp
Warning: link 'camera_link' material 'aluminum' undefined.
         at line 85 in /workspace/urdfdom/urdf_parser/src/model.cpp
Warning: link 'camera_link' material 'aluminum' undefined.
         at line 85 in /workspace/urdfdom/urdf_parser/src/model.cpp
[685/1842] VideoUnmaskSwap/episode_50 succeeded with seed 10000 (attempt 0, 96.867s)
[686/1842] VideoUnmaskSwap/episode_51 succeeded with seed 10100 (attempt 0, 71.242s)
[687/1842] RouteStick/episode_50 succeeded with seed 21000 (attempt 0, 114.471s)
[688/1842] VideoRepick/episode_49 succeeded with seed 13900 (attempt 0, 145.349s)
screw plan failed
screw plan failed
screw plan failed
Warning: link 'camera_link' material 'aluminum' undefined.
         at line 85 in /workspace/urdfdom/urdf_parser/src/model.cpp
Warning: link 'camera_link' material 'aluminum' undefined.
         at line 85 in /workspace/urdfdom/urdf_parser/src/model.cpp
Warning: link 'camera_link' material 'aluminum' undefined.
         at line 85 in /workspace/urdfdom/urdf_parser/src/model.cpp
Warning: link 'camera_link' material 'aluminum' undefined.
         at line 85 in /workspace/urdfdom/urdf_parser/src/model.cpp
Warning: link 'camera_link' material 'aluminum' undefined.
         at line 85 in /workspace/urdfdom/urdf_parser/src/model.cpp
Warning: link 'camera_link' material 'aluminum' undefined.
         at line 85 in /workspace/urdfdom/urdf_parser/src/model.cpp
Warning: link 'camera_link' material 'aluminum' undefined.
         at line 85 in /workspace/urdfdom/urdf_parser/src/model.cpp
Warning: link 'camera_link' material 'aluminum' undefined.
         at line 85 in /workspace/urdfdom/urdf_parser/src/model.cpp
[689/1842] VideoRepick/episode_50 succeeded with seed 14000 (attempt 0, 108.366s)
[690/1842] RouteStick/episode_51 succeeded with seed 21100 (attempt 0, 99.635s)
[691/1842] VideoRepick/episode_50 succeeded with seed 14000 (attempt 0, 127.817s)
[692/1842] BinFill/episode_50 succeeded with seed 9000 (attempt 0, 137.335s)
[693/1842] RouteStick/episode_50 succeeded with seed 21000 (attempt 0, 133.042s)
Warning: link 'camera_link' material 'aluminum' undefined.
         at line 85 in /workspace/urdfdom/urdf_parser/src/model.cpp
Warning: link 'camera_link' material 'aluminum' undefined.
         at line 85 in /workspace/urdfdom/urdf_parser/src/model.cpp
Warning: link 'camera_link' material 'aluminum' undefined.
         at line 85 in /workspace/urdfdom/urdf_parser/src/model.cpp
Warning: link 'camera_link' material 'aluminum' undefined.
         at line 85 in /workspace/urdfdom/urdf_parser/src/model.cpp
Warning: link 'camera_link' material 'aluminum' undefined.
         at line 85 in /workspace/urdfdom/urdf_parser/src/model.cpp
Warning: link 'camera_link' material 'aluminum' undefined.
         at line 85 in /workspace/urdfdom/urdf_parser/src/model.cpp
Warning: link 'camera_link' material 'aluminum' undefined.
         at line 85 in /workspace/urdfdom/urdf_parser/src/model.cpp
Warning: link 'camera_link' material 'aluminum' undefined.
         at line 85 in /workspace/urdfdom/urdf_parser/src/model.cpp
[694/1842] RouteStick/episode_48 succeeded with seed 20800 (attempt 0, 220.014s)
[695/1842] VideoUnmaskSwap/episode_51 succeeded with seed 10100 (attempt 0, 90.579s)
[696/1842] VideoUnmaskSwap/episode_52 succeeded with seed 10200 (attempt 0, 58.529s)
[697/1842] VideoUnmaskSwap/episode_50 succeeded with seed 10000 (attempt 0, 128.18s)
Warning: link 'camera_link' material 'aluminum' undefined.
         at line 85 in /workspace/urdfdom/urdf_parser/src/model.cpp
Warning: link 'camera_link' material 'aluminum' undefined.
         at line 85 in /workspace/urdfdom/urdf_parser/src/model.cpp
Warning: link 'camera_link' material 'aluminum' undefined.
         at line 85 in /workspace/urdfdom/urdf_parser/src/model.cpp
Warning: link 'camera_link' material 'aluminum' undefined.
         at line 85 in /workspace/urdfdom/urdf_parser/src/model.cpp
Warning: link 'camera_link' material 'aluminum' undefined.
         at line 85 in /workspace/urdfdom/urdf_parser/src/model.cpp
Warning: link 'camera_link' material 'aluminum' undefined.
         at line 85 in /workspace/urdfdom/urdf_parser/src/model.cpp
Warning: link 'camera_link' material 'aluminum' undefined.
         at line 85 in /workspace/urdfdom/urdf_parser/src/model.cpp
Warning: link 'camera_link' material 'aluminum' undefined.
         at line 85 in /workspace/urdfdom/urdf_parser/src/model.cpp
Warning: link 'camera_link' material 'aluminum' undefined.
         at line 85 in /workspace/urdfdom/urdf_parser/src/model.cpp
Warning: link 'camera_link' material 'aluminum' undefined.
         at line 85 in /workspace/urdfdom/urdf_parser/src/model.cpp
Warning: link 'camera_link' material 'aluminum' undefined.
         at line 85 in /workspace/urdfdom/urdf_parser/src/model.cpp
Warning: link 'camera_link' material 'aluminum' undefined.
         at line 85 in /workspace/urdfdom/urdf_parser/src/model.cpp
Warning: link 'camera_link' material 'aluminum' undefined.
         at line 85 in /workspace/urdfdom/urdf_parser/src/model.cpp
Warning: link 'camera_link' material 'aluminum' undefined.
         at line 85 in /workspace/urdfdom/urdf_parser/src/model.cpp
Warning: link 'camera_link' material 'aluminum' undefined.
         at line 85 in /workspace/urdfdom/urdf_parser/src/model.cpp
Warning: link 'camera_link' material 'aluminum' undefined.
         at line 85 in /workspace/urdfdom/urdf_parser/src/model.cpp
[698/1842] RouteStick/episode_49 succeeded with seed 20900 (attempt 0, 185.157s)
Warning: link 'camera_link' material 'aluminum' undefined.
         at line 85 in /workspace/urdfdom/urdf_parser/src/model.cpp
Warning: link 'camera_link' material 'aluminum' undefined.
         at line 85 in /workspace/urdfdom/urdf_parser/src/model.cpp
Warning: link 'camera_link' material 'aluminum' undefined.
         at line 85 in /workspace/urdfdom/urdf_parser/src/model.cpp
Warning: link 'camera_link' material 'aluminum' undefined.
         at line 85 in /workspace/urdfdom/urdf_parser/src/model.cpp
Warning: link 'camera_link' material 'aluminum' undefined.
         at line 85 in /workspace/urdfdom/urdf_parser/src/model.cpp
Warning: link 'camera_link' material 'aluminum' undefined.
         at line 85 in /workspace/urdfdom/urdf_parser/src/model.cpp
Warning: link 'camera_link' material 'aluminum' undefined.
         at line 85 in /workspace/urdfdom/urdf_parser/src/model.cpp
Warning: link 'camera_link' material 'aluminum' undefined.
         at line 85 in /workspace/urdfdom/urdf_parser/src/model.cpp
[699/1842] BinFill/episode_51 succeeded with seed 9100 (attempt 0, 138.118s)
[700/1842] RouteStick/episode_51 succeeded with seed 21100 (attempt 0, 132.959s)
[701/1842] BinFill/episode_52 succeeded with seed 9200 (attempt 0, 99.085s)
[702/1842] VideoUnmaskSwap/episode_51 succeeded with seed 10100 (attempt 0, 105.548s)
[703/1842] VideoUnmaskSwap/episode_52 succeeded with seed 10200 (attempt 0, 85.129s)
[704/1842] RouteStick/episode_52 succeeded with seed 21200 (attempt 0, 97.586s)
[705/1842] VideoRepick/episode_51 succeeded with seed 14100 (attempt 0, 115.198s)
[706/1842] VideoUnmaskSwap/episode_53 succeeded with seed 10300 (attempt 0, 44.832s)
[707/1842] RouteStick/episode_51 succeeded with seed 21100 (attempt 0, 148.661s)
Warning: link 'camera_link' material 'aluminum' undefined.
         at line 85 in /workspace/urdfdom/urdf_parser/src/model.cpp
Warning: link 'camera_link' material 'aluminum' undefined.
         at line 85 in /workspace/urdfdom/urdf_parser/src/model.cpp
Warning: link 'camera_link' material 'aluminum' undefined.
         at line 85 in /workspace/urdfdom/urdf_parser/src/model.cpp
Warning: link 'camera_link' material 'aluminum' undefined.
         at line 85 in /workspace/urdfdom/urdf_parser/src/model.cpp
Warning: link 'camera_link' material 'aluminum' undefined.
         at line 85 in /workspace/urdfdom/urdf_parser/src/model.cpp
Warning: link 'camera_link' material 'aluminum' undefined.
         at line 85 in /workspace/urdfdom/urdf_parser/src/model.cpp
Warning: link 'camera_link' material 'aluminum' undefined.
         at line 85 in /workspace/urdfdom/urdf_parser/src/model.cpp
Warning: link 'camera_link' material 'aluminum' undefined.
         at line 85 in /workspace/urdfdom/urdf_parser/src/model.cpp
[708/1842] VideoRepick/episode_51 succeeded with seed 14100 (attempt 0, 127.996s)
Warning: link 'camera_link' material 'aluminum' undefined.
         at line 85 in /workspace/urdfdom/urdf_parser/src/model.cpp
Warning: link 'camera_link' material 'aluminum' undefined.
         at line 85 in /workspace/urdfdom/urdf_parser/src/model.cpp
Warning: link 'camera_link' material 'aluminum' undefined.
         at line 85 in /workspace/urdfdom/urdf_parser/src/model.cpp
Warning: link 'camera_link' material 'aluminum' undefined.
         at line 85 in /workspace/urdfdom/urdf_parser/src/model.cpp
Warning: link 'camera_link' material 'aluminum' undefined.
         at line 85 in /workspace/urdfdom/urdf_parser/src/model.cpp
Warning: link 'camera_link' material 'aluminum' undefined.
         at line 85 in /workspace/urdfdom/urdf_parser/src/model.cpp
Warning: link 'camera_link' material 'aluminum' undefined.
         at line 85 in /workspace/urdfdom/urdf_parser/src/model.cpp
Warning: link 'camera_link' material 'aluminum' undefined.
         at line 85 in /workspace/urdfdom/urdf_parser/src/model.cpp
Warning: link 'camera_link' material 'aluminum' undefined.
         at line 85 in /workspace/urdfdom/urdf_parser/src/model.cpp
Warning: link 'camera_link' material 'aluminum' undefined.
         at line 85 in /workspace/urdfdom/urdf_parser/src/model.cpp
Warning: link 'camera_link' material 'aluminum' undefined.
         at line 85 in /workspace/urdfdom/urdf_parser/src/model.cpp
Warning: link 'camera_link' material 'aluminum' undefined.
         at line 85 in /workspace/urdfdom/urdf_parser/src/model.cpp
Warning: link 'camera_link' material 'aluminum' undefined.
         at line 85 in /workspace/urdfdom/urdf_parser/src/model.cpp
Warning: link 'camera_link' material 'aluminum' undefined.
         at line 85 in /workspace/urdfdom/urdf_parser/src/model.cpp
Warning: link 'camera_link' material 'aluminum' undefined.
         at line 85 in /workspace/urdfdom/urdf_parser/src/model.cpp
Warning: link 'camera_link' material 'aluminum' undefined.
         at line 85 in /workspace/urdfdom/urdf_parser/src/model.cpp
[709/1842] VideoUnmaskSwap/episode_52 succeeded with seed 10200 (attempt 0, 89.704s)
[710/1842] VideoRepick/episode_52 succeeded with seed 14200 (attempt 0, 105.379s)
[711/1842] BinFill/episode_53 succeeded with seed 9300 (attempt 0, 91.141s)
[712/1842] RouteStick/episode_52 succeeded with seed 21200 (attempt 0, 119.712s)
[713/1842] RouteStick/episode_53 succeeded with seed 21300 (attempt 0, 84.411s)
[714/1842] RouteStick/episode_52 succeeded with seed 21200 (attempt 0, 131.259s)
[715/1842] BinFill/episode_51 succeeded with seed 9100 (attempt 0, 187.881s)
Warning: link 'camera_link' material 'aluminum' undefined.
         at line 85 in /workspace/urdfdom/urdf_parser/src/model.cpp
Warning: link 'camera_link' material 'aluminum' undefined.
         at line 85 in /workspace/urdfdom/urdf_parser/src/model.cpp
Warning: link 'camera_link' material 'aluminum' undefined.
         at line 85 in /workspace/urdfdom/urdf_parser/src/model.cpp
Warning: link 'camera_link' material 'aluminum' undefined.
         at line 85 in /workspace/urdfdom/urdf_parser/src/model.cpp
Warning: link 'camera_link' material 'aluminum' undefined.
         at line 85 in /workspace/urdfdom/urdf_parser/src/model.cpp
Warning: link 'camera_link' material 'aluminum' undefined.
         at line 85 in /workspace/urdfdom/urdf_parser/src/model.cpp
Warning: link 'camera_link' material 'aluminum' undefined.
         at line 85 in /workspace/urdfdom/urdf_parser/src/model.cpp
Warning: link 'camera_link' material 'aluminum' undefined.
         at line 85 in /workspace/urdfdom/urdf_parser/src/model.cpp
[716/1842] VideoUnmaskSwap/episode_53 succeeded with seed 10300 (attempt 0, 91.382s)
screw plan failed
screw plan failed
screw plan failed
[717/1842] BinFill/episode_52 succeeded with seed 9200 (attempt 0, 151.337s)
[718/1842] BinFill/episode_52 succeeded with seed 9200 (attempt 0, 154.0s)
[719/1842] RouteStick/episode_50 succeeded with seed 21000 (attempt 0, 215.754s)
[720/1842] VideoUnmaskSwap/episode_52 succeeded with seed 10200 (attempt 0, 125.068s)
[721/1842] VideoRepick/episode_51 succeeded with seed 14100 (attempt 0, 172.737s)
Warning: link 'camera_link' material 'aluminum' undefined.
         at line 85 in /workspace/urdfdom/urdf_parser/src/model.cpp
Warning: link 'camera_link' material 'aluminum' undefined.
         at line 85 in /workspace/urdfdom/urdf_parser/src/model.cpp
Warning: link 'camera_link' material 'aluminum' undefined.
         at line 85 in /workspace/urdfdom/urdf_parser/src/model.cpp
Warning: link 'camera_link' material 'aluminum' undefined.
         at line 85 in /workspace/urdfdom/urdf_parser/src/model.cpp
Warning: link 'camera_link' material 'aluminum' undefined.
         at line 85 in /workspace/urdfdom/urdf_parser/src/model.cpp
Warning: link 'camera_link' material 'aluminum' undefined.
         at line 85 in /workspace/urdfdom/urdf_parser/src/model.cpp
Warning: link 'camera_link' material 'aluminum' undefined.
         at line 85 in /workspace/urdfdom/urdf_parser/src/model.cpp
Warning: link 'camera_link' material 'aluminum' undefined.
         at line 85 in /workspace/urdfdom/urdf_parser/src/model.cpp
[722/1842] VideoRepick/episode_52 succeeded with seed 14200 (attempt 0, 147.156s)
[723/1842] VideoUnmaskSwap/episode_54 succeeded with seed 10400 (attempt 0, 59.363s)
[724/1842] BinFill/episode_54 succeeded with seed 9400 (attempt 0, 74.418s)
[725/1842] VideoUnmaskSwap/episode_53 succeeded with seed 10300 (attempt 0, 103.874s)
[726/1842] BinFill/episode_53 succeeded with seed 9300 (attempt 0, 133.174s)
Warning: link 'camera_link' material 'aluminum' undefined.
         at line 85 in /workspace/urdfdom/urdf_parser/src/model.cpp
Warning: link 'camera_link' material 'aluminum' undefined.
         at line 85 in /workspace/urdfdom/urdf_parser/src/model.cpp
Warning: link 'camera_link' material 'aluminum' undefined.
         at line 85 in /workspace/urdfdom/urdf_parser/src/model.cpp
Warning: link 'camera_link' material 'aluminum' undefined.
         at line 85 in /workspace/urdfdom/urdf_parser/src/model.cpp
Warning: link 'camera_link' material 'aluminum' undefined.
         at line 85 in /workspace/urdfdom/urdf_parser/src/model.cpp
Warning: link 'camera_link' material 'aluminum' undefined.
         at line 85 in /workspace/urdfdom/urdf_parser/src/model.cpp
Warning: link 'camera_link' material 'aluminum' undefined.
         at line 85 in /workspace/urdfdom/urdf_parser/src/model.cpp
Warning: link 'camera_link' material 'aluminum' undefined.
         at line 85 in /workspace/urdfdom/urdf_parser/src/model.cpp
Warning: link 'camera_link' material 'aluminum' undefined.
         at line 85 in /workspace/urdfdom/urdf_parser/src/model.cpp
Warning: link 'camera_link' material 'aluminum' undefined.
         at line 85 in /workspace/urdfdom/urdf_parser/src/model.cpp
Warning: link 'camera_link' material 'aluminum' undefined.
         at line 85 in /workspace/urdfdom/urdf_parser/src/model.cpp
Warning: link 'camera_link' material 'aluminum' undefined.
         at line 85 in /workspace/urdfdom/urdf_parser/src/model.cpp
Warning: link 'camera_link' material 'aluminum' undefined.
         at line 85 in /workspace/urdfdom/urdf_parser/src/model.cpp
Warning: link 'camera_link' material 'aluminum' undefined.
         at line 85 in /workspace/urdfdom/urdf_parser/src/model.cpp
Warning: link 'camera_link' material 'aluminum' undefined.
         at line 85 in /workspace/urdfdom/urdf_parser/src/model.cpp
Warning: link 'camera_link' material 'aluminum' undefined.
         at line 85 in /workspace/urdfdom/urdf_parser/src/model.cpp
[727/1842] RouteStick/episode_53 succeeded with seed 21300 (attempt 0, 117.321s)
[728/1842] RouteStick/episode_53 succeeded with seed 21300 (attempt 0, 119.891s)
[729/1842] VideoRepick/episode_52 succeeded with seed 14200 (attempt 0, 147.717s)
[730/1842] RouteStick/episode_54 succeeded with seed 21400 (attempt 0, 89.139s)
[731/1842] RouteStick/episode_51 succeeded with seed 21100 (attempt 0, 199.996s)
Warning: link 'camera_link' material 'aluminum' undefined.
         at line 85 in /workspace/urdfdom/urdf_parser/src/model.cpp
Warning: link 'camera_link' material 'aluminum' undefined.
         at line 85 in /workspace/urdfdom/urdf_parser/src/model.cpp
Warning: link 'camera_link' material 'aluminum' undefined.
         at line 85 in /workspace/urdfdom/urdf_parser/src/model.cpp
Warning: link 'camera_link' material 'aluminum' undefined.
         at line 85 in /workspace/urdfdom/urdf_parser/src/model.cpp
Warning: link 'camera_link' material 'aluminum' undefined.
         at line 85 in /workspace/urdfdom/urdf_parser/src/model.cpp
Warning: link 'camera_link' material 'aluminum' undefined.
         at line 85 in /workspace/urdfdom/urdf_parser/src/model.cpp
Warning: link 'camera_link' material 'aluminum' undefined.
         at line 85 in /workspace/urdfdom/urdf_parser/src/model.cpp
Warning: link 'camera_link' material 'aluminum' undefined.
         at line 85 in /workspace/urdfdom/urdf_parser/src/model.cpp
/data/hongzefu/robomme_benchmark_MotionJEPANewTask/.venv/lib/python3.11/site-packages/torch/cuda/__init__.py:63: FutureWarning: The pynvml package is deprecated. Please install nvidia-ml-py instead. If you did not install pynvml directly, please report this to the maintainers of the package that installed pynvml for you.
  import pynvml  # type: ignore[import]
/data/hongzefu/robomme_benchmark_MotionJEPANewTask/.venv/lib/python3.11/site-packages/sapien/__init__.py:18: UserWarning: pkg_resources is deprecated as an API. See https://setuptools.pypa.io/en/latest/pkg_resources.html. The pkg_resources package is slated for removal as early as 2025-11-30. Refrain from using this package or pin to Setuptools<81.
  import pkg_resources
[732/1842] VideoUnmaskSwap/episode_54 succeeded with seed 10400 (attempt 0, 86.553s)
[733/1842] VideoRepick/episode_53 succeeded with seed 14300 (attempt 0, 131.732s)
Warning: link 'camera_link' material 'aluminum' undefined.
         at line 85 in /workspace/urdfdom/urdf_parser/src/model.cpp
Warning: link 'camera_link' material 'aluminum' undefined.
         at line 85 in /workspace/urdfdom/urdf_parser/src/model.cpp
Warning: link 'camera_link' material 'aluminum' undefined.
         at line 85 in /workspace/urdfdom/urdf_parser/src/model.cpp
Warning: link 'camera_link' material 'aluminum' undefined.
         at line 85 in /workspace/urdfdom/urdf_parser/src/model.cpp
Warning: link 'camera_link' material 'aluminum' undefined.
         at line 85 in /workspace/urdfdom/urdf_parser/src/model.cpp
Warning: link 'camera_link' material 'aluminum' undefined.
         at line 85 in /workspace/urdfdom/urdf_parser/src/model.cpp
Warning: link 'camera_link' material 'aluminum' undefined.
         at line 85 in /workspace/urdfdom/urdf_parser/src/model.cpp
Warning: link 'camera_link' material 'aluminum' undefined.
         at line 85 in /workspace/urdfdom/urdf_parser/src/model.cpp
[734/1842] VideoUnmaskSwap/episode_54 succeeded with seed 10400 (attempt 0, 92.392s)
[735/1842] VideoRepick/episode_53 succeeded with seed 14300 (attempt 0, 138.598s)
[736/1842] VideoRepick/episode_53 succeeded with seed 14300 (attempt 0, 124.16s)
Warning: link 'camera_link' material 'aluminum' undefined.
         at line 85 in /workspace/urdfdom/urdf_parser/src/model.cpp
Warning: link 'camera_link' material 'aluminum' undefined.
         at line 85 in /workspace/urdfdom/urdf_parser/src/model.cpp
Warning: link 'camera_link' material 'aluminum' undefined.
         at line 85 in /workspace/urdfdom/urdf_parser/src/model.cpp
Warning: link 'camera_link' material 'aluminum' undefined.
         at line 85 in /workspace/urdfdom/urdf_parser/src/model.cpp
Warning: link 'camera_link' material 'aluminum' undefined.
         at line 85 in /workspace/urdfdom/urdf_parser/src/model.cpp
Warning: link 'camera_link' material 'aluminum' undefined.
         at line 85 in /workspace/urdfdom/urdf_parser/src/model.cpp
Warning: link 'camera_link' material 'aluminum' undefined.
         at line 85 in /workspace/urdfdom/urdf_parser/src/model.cpp
Warning: link 'camera_link' material 'aluminum' undefined.
         at line 85 in /workspace/urdfdom/urdf_parser/src/model.cpp
[737/1842] VideoUnmaskSwap/episode_55 succeeded with seed 10500 (attempt 0, 51.751s)
[738/1842] VideoRepick/episode_54 succeeded with seed 14400 (attempt 0, 98.405s)
[739/1842] VideoUnmaskSwap/episode_53 succeeded with seed 10300 (attempt 0, 134.652s)
Warning: link 'camera_link' material 'aluminum' undefined.
         at line 85 in /workspace/urdfdom/urdf_parser/src/model.cpp
Warning: link 'camera_link' material 'aluminum' undefined.
         at line 85 in /workspace/urdfdom/urdf_parser/src/model.cpp
Warning: link 'camera_link' material 'aluminum' undefined.
         at line 85 in /workspace/urdfdom/urdf_parser/src/model.cpp
Warning: link 'camera_link' material 'aluminum' undefined.
         at line 85 in /workspace/urdfdom/urdf_parser/src/model.cpp
Warning: link 'camera_link' material 'aluminum' undefined.
         at line 85 in /workspace/urdfdom/urdf_parser/src/model.cpp
Warning: link 'camera_link' material 'aluminum' undefined.
         at line 85 in /workspace/urdfdom/urdf_parser/src/model.cpp
Warning: link 'camera_link' material 'aluminum' undefined.
         at line 85 in /workspace/urdfdom/urdf_parser/src/model.cpp
Warning: link 'camera_link' material 'aluminum' undefined.
         at line 85 in /workspace/urdfdom/urdf_parser/src/model.cpp
[740/1842] VideoUnmaskSwap/episode_55 succeeded with seed 10500 (attempt 0, 72.553s)
[741/1842] VideoRepick/episode_54 succeeded with seed 14400 (attempt 0, 105.786s)
[742/1842] RouteStick/episode_54 succeeded with seed 21400 (attempt 0, 133.789s)
Warning: link 'camera_link' material 'aluminum' undefined.
         at line 85 in /workspace/urdfdom/urdf_parser/src/model.cpp
Warning: link 'camera_link' material 'aluminum' undefined.
         at line 85 in /workspace/urdfdom/urdf_parser/src/model.cpp
Warning: link 'camera_link' material 'aluminum' undefined.
         at line 85 in /workspace/urdfdom/urdf_parser/src/model.cpp
Warning: link 'camera_link' material 'aluminum' undefined.
         at line 85 in /workspace/urdfdom/urdf_parser/src/model.cpp
Warning: link 'camera_link' material 'aluminum' undefined.
         at line 85 in /workspace/urdfdom/urdf_parser/src/model.cpp
Warning: link 'camera_link' material 'aluminum' undefined.
         at line 85 in /workspace/urdfdom/urdf_parser/src/model.cpp
Warning: link 'camera_link' material 'aluminum' undefined.
         at line 85 in /workspace/urdfdom/urdf_parser/src/model.cpp
Warning: link 'camera_link' material 'aluminum' undefined.
         at line 85 in /workspace/urdfdom/urdf_parser/src/model.cpp
    VideoRepick/episode_44 seed 13400 单条墙钟超过 600 秒被终止（实测 601 秒）
    VideoRepick/episode_44 用尽 1 次 attempt，放弃
/data/hongzefu/robomme_benchmark_MotionJEPANewTask/.venv/lib/python3.11/site-packages/torch/cuda/__init__.py:63: FutureWarning: The pynvml package is deprecated. Please install nvidia-ml-py instead. If you did not install pynvml directly, please report this to the maintainers of the package that installed pynvml for you.
  import pynvml  # type: ignore[import]
/data/hongzefu/robomme_benchmark_MotionJEPANewTask/.venv/lib/python3.11/site-packages/sapien/__init__.py:18: UserWarning: pkg_resources is deprecated as an API. See https://setuptools.pypa.io/en/latest/pkg_resources.html. The pkg_resources package is slated for removal as early as 2025-11-30. Refrain from using this package or pin to Setuptools<81.
  import pkg_resources
[743/1842] BinFill/episode_53 succeeded with seed 9300 (attempt 0, 195.434s)
[744/1842] RouteStick/episode_55 succeeded with seed 21500 (attempt 0, 87.271s)
[745/1842] VideoUnmaskSwap/episode_54 succeeded with seed 10400 (attempt 0, 111.765s)
[746/1842] RouteStick/episode_52 succeeded with seed 21200 (attempt 0, 220.296s)
[747/1842] BinFill/episode_54 succeeded with seed 9400 (attempt 0, 153.797s)
[748/1842] BinFill/episode_54 succeeded with seed 9400 (attempt 0, 155.51s)
[749/1842] BinFill/episode_55 succeeded with seed 9500 (attempt 0, 117.187s)
[750/1842] VideoUnmaskSwap/episode_56 succeeded with seed 10600 (attempt 0, 52.827s)
/data/hongzefu/robomme_benchmark_MotionJEPANewTask/.venv/lib/python3.11/site-packages/torch/cuda/__init__.py:63: FutureWarning: The pynvml package is deprecated. Please install nvidia-ml-py instead. If you did not install pynvml directly, please report this to the maintainers of the package that installed pynvml for you.
  import pynvml  # type: ignore[import]
Warning: link 'camera_link' material 'aluminum' undefined.
         at line 85 in /workspace/urdfdom/urdf_parser/src/model.cpp
Warning: link 'camera_link' material 'aluminum' undefined.
         at line 85 in /workspace/urdfdom/urdf_parser/src/model.cpp
Warning: link 'camera_link' material 'aluminum' undefined.
         at line 85 in /workspace/urdfdom/urdf_parser/src/model.cpp
Warning: link 'camera_link' material 'aluminum' undefined.
         at line 85 in /workspace/urdfdom/urdf_parser/src/model.cpp
Warning: link 'camera_link' material 'aluminum' undefined.
         at line 85 in /workspace/urdfdom/urdf_parser/src/model.cpp
Warning: link 'camera_link' material 'aluminum' undefined.
         at line 85 in /workspace/urdfdom/urdf_parser/src/model.cpp
Warning: link 'camera_link' material 'aluminum' undefined.
         at line 85 in /workspace/urdfdom/urdf_parser/src/model.cpp
Warning: link 'camera_link' material 'aluminum' undefined.
         at line 85 in /workspace/urdfdom/urdf_parser/src/model.cpp
/data/hongzefu/robomme_benchmark_MotionJEPANewTask/.venv/lib/python3.11/site-packages/sapien/__init__.py:18: UserWarning: pkg_resources is deprecated as an API. See https://setuptools.pypa.io/en/latest/pkg_resources.html. The pkg_resources package is slated for removal as early as 2025-11-30. Refrain from using this package or pin to Setuptools<81.
  import pkg_resources
screw plan failed
screw plan failed
screw plan failed
Warning: link 'camera_link' material 'aluminum' undefined.
         at line 85 in /workspace/urdfdom/urdf_parser/src/model.cpp
Warning: link 'camera_link' material 'aluminum' undefined.
         at line 85 in /workspace/urdfdom/urdf_parser/src/model.cpp
Warning: link 'camera_link' material 'aluminum' undefined.
         at line 85 in /workspace/urdfdom/urdf_parser/src/model.cpp
Warning: link 'camera_link' material 'aluminum' undefined.
         at line 85 in /workspace/urdfdom/urdf_parser/src/model.cpp
Warning: link 'camera_link' material 'aluminum' undefined.
         at line 85 in /workspace/urdfdom/urdf_parser/src/model.cpp
Warning: link 'camera_link' material 'aluminum' undefined.
         at line 85 in /workspace/urdfdom/urdf_parser/src/model.cpp
Warning: link 'camera_link' material 'aluminum' undefined.
         at line 85 in /workspace/urdfdom/urdf_parser/src/model.cpp
Warning: link 'camera_link' material 'aluminum' undefined.
         at line 85 in /workspace/urdfdom/urdf_parser/src/model.cpp
Warning: link 'camera_link' material 'aluminum' undefined.
         at line 85 in /workspace/urdfdom/urdf_parser/src/model.cpp
Warning: link 'camera_link' material 'aluminum' undefined.
         at line 85 in /workspace/urdfdom/urdf_parser/src/model.cpp
Warning: link 'camera_link' material 'aluminum' undefined.
         at line 85 in /workspace/urdfdom/urdf_parser/src/model.cpp
Warning: link 'camera_link' material 'aluminum' undefined.
         at line 85 in /workspace/urdfdom/urdf_parser/src/model.cpp
Warning: link 'camera_link' material 'aluminum' undefined.
         at line 85 in /workspace/urdfdom/urdf_parser/src/model.cpp
Warning: link 'camera_link' material 'aluminum' undefined.
         at line 85 in /workspace/urdfdom/urdf_parser/src/model.cpp
Warning: link 'camera_link' material 'aluminum' undefined.
         at line 85 in /workspace/urdfdom/urdf_parser/src/model.cpp
Warning: link 'camera_link' material 'aluminum' undefined.
         at line 85 in /workspace/urdfdom/urdf_parser/src/model.cpp
[751/1842] VideoUnmaskSwap/episode_55 succeeded with seed 10500 (attempt 0, 103.031s)
[752/1842] RouteStick/episode_54 succeeded with seed 21400 (attempt 0, 170.947s)
[753/1842] RouteStick/episode_55 succeeded with seed 21500 (attempt 0, 117.89s)
[754/1842] BinFill/episode_55 succeeded with seed 9500 (attempt 0, 125.479s)
[755/1842] VideoUnmaskSwap/episode_56 succeeded with seed 10600 (attempt 0, 67.782s)
screw plan failed
screw plan failed
screw plan failed
[756/1842] RouteStick/episode_53 succeeded with seed 21300 (attempt 0, 214.308s)
Warning: link 'camera_link' material 'aluminum' undefined.
         at line 85 in /workspace/urdfdom/urdf_parser/src/model.cpp
Warning: link 'camera_link' material 'aluminum' undefined.
         at line 85 in /workspace/urdfdom/urdf_parser/src/model.cpp
Warning: link 'camera_link' material 'aluminum' undefined.
         at line 85 in /workspace/urdfdom/urdf_parser/src/model.cpp
Warning: link 'camera_link' material 'aluminum' undefined.
         at line 85 in /workspace/urdfdom/urdf_parser/src/model.cpp
Warning: link 'camera_link' material 'aluminum' undefined.
         at line 85 in /workspace/urdfdom/urdf_parser/src/model.cpp
Warning: link 'camera_link' material 'aluminum' undefined.
         at line 85 in /workspace/urdfdom/urdf_parser/src/model.cpp
Warning: link 'camera_link' material 'aluminum' undefined.
         at line 85 in /workspace/urdfdom/urdf_parser/src/model.cpp
Warning: link 'camera_link' material 'aluminum' undefined.
         at line 85 in /workspace/urdfdom/urdf_parser/src/model.cpp
[757/1842] VideoUnmaskSwap/episode_55 succeeded with seed 10500 (attempt 0, 118.813s)
[758/1842] RouteStick/episode_56 succeeded with seed 21600 (attempt 0, 107.212s)
[759/1842] VideoRepick/episode_54 succeeded with seed 14400 (attempt 0, 164.393s)
[760/1842] VideoRepick/episode_55 succeeded with seed 14500 (attempt 0, 124.332s)
[761/1842] VideoUnmaskSwap/episode_57 succeeded with seed 10700 (attempt 0, 56.597s)
[762/1842] BinFill/episode_56 succeeded with seed 9600 (attempt 0, 131.403s)
Warning: link 'camera_link' material 'aluminum' undefined.
         at line 85 in /workspace/urdfdom/urdf_parser/src/model.cpp
Warning: link 'camera_link' material 'aluminum' undefined.
         at line 85 in /workspace/urdfdom/urdf_parser/src/model.cpp
Warning: link 'camera_link' material 'aluminum' undefined.
         at line 85 in /workspace/urdfdom/urdf_parser/src/model.cpp
Warning: link 'camera_link' material 'aluminum' undefined.
         at line 85 in /workspace/urdfdom/urdf_parser/src/model.cpp
Warning: link 'camera_link' material 'aluminum' undefined.
         at line 85 in /workspace/urdfdom/urdf_parser/src/model.cpp
Warning: link 'camera_link' material 'aluminum' undefined.
         at line 85 in /workspace/urdfdom/urdf_parser/src/model.cpp
Warning: link 'camera_link' material 'aluminum' undefined.
         at line 85 in /workspace/urdfdom/urdf_parser/src/model.cpp
Warning: link 'camera_link' material 'aluminum' undefined.
         at line 85 in /workspace/urdfdom/urdf_parser/src/model.cpp
[763/1842] BinFill/episode_55 succeeded with seed 9500 (attempt 0, 165.872s)
[764/1842] VideoUnmaskSwap/episode_56 succeeded with seed 10600 (attempt 0, 96.27s)
[765/1842] VideoUnmaskSwap/episode_57 succeeded with seed 10700 (attempt 0, 58.713s)
Warning: link 'camera_link' material 'aluminum' undefined.
         at line 85 in /workspace/urdfdom/urdf_parser/src/model.cpp
Warning: link 'camera_link' material 'aluminum' undefined.
         at line 85 in /workspace/urdfdom/urdf_parser/src/model.cpp
Warning: link 'camera_link' material 'aluminum' undefined.
         at line 85 in /workspace/urdfdom/urdf_parser/src/model.cpp
Warning: link 'camera_link' material 'aluminum' undefined.
         at line 85 in /workspace/urdfdom/urdf_parser/src/model.cpp
Warning: link 'camera_link' material 'aluminum' undefined.
         at line 85 in /workspace/urdfdom/urdf_parser/src/model.cpp
Warning: link 'camera_link' material 'aluminum' undefined.
         at line 85 in /workspace/urdfdom/urdf_parser/src/model.cpp
Warning: link 'camera_link' material 'aluminum' undefined.
         at line 85 in /workspace/urdfdom/urdf_parser/src/model.cpp
Warning: link 'camera_link' material 'aluminum' undefined.
         at line 85 in /workspace/urdfdom/urdf_parser/src/model.cpp
Warning: link 'camera_link' material 'aluminum' undefined.
         at line 85 in /workspace/urdfdom/urdf_parser/src/model.cpp
Warning: link 'camera_link' material 'aluminum' undefined.
         at line 85 in /workspace/urdfdom/urdf_parser/src/model.cpp
Warning: link 'camera_link' material 'aluminum' undefined.
         at line 85 in /workspace/urdfdom/urdf_parser/src/model.cpp
Warning: link 'camera_link' material 'aluminum' undefined.
         at line 85 in /workspace/urdfdom/urdf_parser/src/model.cpp
Warning: link 'camera_link' material 'aluminum' undefined.
         at line 85 in /workspace/urdfdom/urdf_parser/src/model.cpp
Warning: link 'camera_link' material 'aluminum' undefined.
         at line 85 in /workspace/urdfdom/urdf_parser/src/model.cpp
Warning: link 'camera_link' material 'aluminum' undefined.
         at line 85 in /workspace/urdfdom/urdf_parser/src/model.cpp
Warning: link 'camera_link' material 'aluminum' undefined.
         at line 85 in /workspace/urdfdom/urdf_parser/src/model.cpp
/data/hongzefu/robomme_benchmark_MotionJEPANewTask/.venv/lib/python3.11/site-packages/torch/cuda/__init__.py:63: FutureWarning: The pynvml package is deprecated. Please install nvidia-ml-py instead. If you did not install pynvml directly, please report this to the maintainers of the package that installed pynvml for you.
  import pynvml  # type: ignore[import]
[766/1842] RouteStick/episode_56 succeeded with seed 21600 (attempt 0, 115.632s)
/data/hongzefu/robomme_benchmark_MotionJEPANewTask/.venv/lib/python3.11/site-packages/sapien/__init__.py:18: UserWarning: pkg_resources is deprecated as an API. See https://setuptools.pypa.io/en/latest/pkg_resources.html. The pkg_resources package is slated for removal as early as 2025-11-30. Refrain from using this package or pin to Setuptools<81.
  import pkg_resources
[767/1842] VideoRepick/episode_56 succeeded with seed 14600 (attempt 0, 104.601s)
[768/1842] RouteStick/episode_55 succeeded with seed 21500 (attempt 0, 168.173s)
[769/1842] VideoRepick/episode_55 succeeded with seed 14500 (attempt 0, 153.179s)
[770/1842] VideoRepick/episode_55 succeeded with seed 14500 (attempt 0, 160.107s)
[771/1842] RouteStick/episode_57 succeeded with seed 21700 (attempt 0, 92.095s)
[772/1842] RouteStick/episode_54 succeeded with seed 21400 (attempt 0, 205.178s)
Warning: link 'camera_link' material 'aluminum' undefined.
         at line 85 in /workspace/urdfdom/urdf_parser/src/model.cpp
Warning: link 'camera_link' material 'aluminum' undefined.
         at line 85 in /workspace/urdfdom/urdf_parser/src/model.cpp
Warning: link 'camera_link' material 'aluminum' undefined.
         at line 85 in /workspace/urdfdom/urdf_parser/src/model.cpp
Warning: link 'camera_link' material 'aluminum' undefined.
         at line 85 in /workspace/urdfdom/urdf_parser/src/model.cpp
Warning: link 'camera_link' material 'aluminum' undefined.
         at line 85 in /workspace/urdfdom/urdf_parser/src/model.cpp
Warning: link 'camera_link' material 'aluminum' undefined.
         at line 85 in /workspace/urdfdom/urdf_parser/src/model.cpp
Warning: link 'camera_link' material 'aluminum' undefined.
         at line 85 in /workspace/urdfdom/urdf_parser/src/model.cpp
Warning: link 'camera_link' material 'aluminum' undefined.
         at line 85 in /workspace/urdfdom/urdf_parser/src/model.cpp
[773/1842] BinFill/episode_56 succeeded with seed 9600 (attempt 0, 149.392s)
[774/1842] BinFill/episode_56 succeeded with seed 9600 (attempt 0, 143.479s)
    VideoRepick/episode_46 seed 13600 单条墙钟超过 600 秒被终止（实测 613 秒）
    VideoRepick/episode_46 用尽 1 次 attempt，放弃
[775/1842] BinFill/episode_58 succeeded with seed 9800 (attempt 0, 70.614s)
/data/hongzefu/robomme_benchmark_MotionJEPANewTask/.venv/lib/python3.11/site-packages/torch/cuda/__init__.py:63: FutureWarning: The pynvml package is deprecated. Please install nvidia-ml-py instead. If you did not install pynvml directly, please report this to the maintainers of the package that installed pynvml for you.
  import pynvml  # type: ignore[import]
/data/hongzefu/robomme_benchmark_MotionJEPANewTask/.venv/lib/python3.11/site-packages/sapien/__init__.py:18: UserWarning: pkg_resources is deprecated as an API. See https://setuptools.pypa.io/en/latest/pkg_resources.html. The pkg_resources package is slated for removal as early as 2025-11-30. Refrain from using this package or pin to Setuptools<81.
  import pkg_resources
Warning: link 'camera_link' material 'aluminum' undefined.
         at line 85 in /workspace/urdfdom/urdf_parser/src/model.cpp
Warning: link 'camera_link' material 'aluminum' undefined.
         at line 85 in /workspace/urdfdom/urdf_parser/src/model.cpp
Warning: link 'camera_link' material 'aluminum' undefined.
         at line 85 in /workspace/urdfdom/urdf_parser/src/model.cpp
Warning: link 'camera_link' material 'aluminum' undefined.
         at line 85 in /workspace/urdfdom/urdf_parser/src/model.cpp
Warning: link 'camera_link' material 'aluminum' undefined.
         at line 85 in /workspace/urdfdom/urdf_parser/src/model.cpp
Warning: link 'camera_link' material 'aluminum' undefined.
         at line 85 in /workspace/urdfdom/urdf_parser/src/model.cpp
Warning: link 'camera_link' material 'aluminum' undefined.
         at line 85 in /workspace/urdfdom/urdf_parser/src/model.cpp
Warning: link 'camera_link' material 'aluminum' undefined.
         at line 85 in /workspace/urdfdom/urdf_parser/src/model.cpp
Warning: link 'camera_link' material 'aluminum' undefined.
         at line 85 in /workspace/urdfdom/urdf_parser/src/model.cpp
Warning: link 'camera_link' material 'aluminum' undefined.
         at line 85 in /workspace/urdfdom/urdf_parser/src/model.cpp
Warning: link 'camera_link' material 'aluminum' undefined.
         at line 85 in /workspace/urdfdom/urdf_parser/src/model.cpp
Warning: link 'camera_link' material 'aluminum' undefined.
         at line 85 in /workspace/urdfdom/urdf_parser/src/model.cpp
Warning: link 'camera_link' material 'aluminum' undefined.
         at line 85 in /workspace/urdfdom/urdf_parser/src/model.cpp
Warning: link 'camera_link' material 'aluminum' undefined.
         at line 85 in /workspace/urdfdom/urdf_parser/src/model.cpp
Warning: link 'camera_link' material 'aluminum' undefined.
         at line 85 in /workspace/urdfdom/urdf_parser/src/model.cpp
Warning: link 'camera_link' material 'aluminum' undefined.
         at line 85 in /workspace/urdfdom/urdf_parser/src/model.cpp
/data/hongzefu/robomme_benchmark_MotionJEPANewTask/.venv/lib/python3.11/site-packages/torch/cuda/__init__.py:63: FutureWarning: The pynvml package is deprecated. Please install nvidia-ml-py instead. If you did not install pynvml directly, please report this to the maintainers of the package that installed pynvml for you.
  import pynvml  # type: ignore[import]
[776/1842] BinFill/episode_57 succeeded with seed 9700 (attempt 0, 105.813s)
/data/hongzefu/robomme_benchmark_MotionJEPANewTask/.venv/lib/python3.11/site-packages/sapien/__init__.py:18: UserWarning: pkg_resources is deprecated as an API. See https://setuptools.pypa.io/en/latest/pkg_resources.html. The pkg_resources package is slated for removal as early as 2025-11-30. Refrain from using this package or pin to Setuptools<81.
  import pkg_resources
[777/1842] RouteStick/episode_55 succeeded with seed 21500 (attempt 0, 184.514s)
Warning: link 'camera_link' material 'aluminum' undefined.
         at line 85 in /workspace/urdfdom/urdf_parser/src/model.cpp
Warning: link 'camera_link' material 'aluminum' undefined.
         at line 85 in /workspace/urdfdom/urdf_parser/src/model.cpp
Warning: link 'camera_link' material 'aluminum' undefined.
         at line 85 in /workspace/urdfdom/urdf_parser/src/model.cpp
Warning: link 'camera_link' material 'aluminum' undefined.
         at line 85 in /workspace/urdfdom/urdf_parser/src/model.cpp
Warning: link 'camera_link' material 'aluminum' undefined.
         at line 85 in /workspace/urdfdom/urdf_parser/src/model.cpp
Warning: link 'camera_link' material 'aluminum' undefined.
         at line 85 in /workspace/urdfdom/urdf_parser/src/model.cpp
Warning: link 'camera_link' material 'aluminum' undefined.
         at line 85 in /workspace/urdfdom/urdf_parser/src/model.cpp
Warning: link 'camera_link' material 'aluminum' undefined.
         at line 85 in /workspace/urdfdom/urdf_parser/src/model.cpp
[778/1842] VideoUnmaskSwap/episode_56 succeeded with seed 10600 (attempt 0, 132.336s)
[779/1842] VideoUnmaskSwap/episode_57 succeeded with seed 10700 (attempt 0, 97.508s)
[780/1842] VideoUnmaskSwap/episode_58 succeeded with seed 10800 (attempt 0, 57.839s)
[781/1842] BinFill/episode_57 succeeded with seed 9700 (attempt 0, 134.804s)
[782/1842] RouteStick/episode_56 succeeded with seed 21600 (attempt 0, 168.936s)
[783/1842] VideoRepick/episode_56 succeeded with seed 14600 (attempt 0, 158.312s)
[784/1842] VideoUnmaskSwap/episode_58 succeeded with seed 10800 (attempt 0, 72.242s)
[785/1842] RouteStick/episode_57 succeeded with seed 21700 (attempt 0, 139.762s)
[786/1842] RouteStick/episode_57 succeeded with seed 21700 (attempt 0, 134.514s)
Warning: link 'camera_link' material 'aluminum' undefined.
         at line 85 in /workspace/urdfdom/urdf_parser/src/model.cpp
Warning: link 'camera_link' material 'aluminum' undefined.
         at line 85 in /workspace/urdfdom/urdf_parser/src/model.cpp
Warning: link 'camera_link' material 'aluminum' undefined.
         at line 85 in /workspace/urdfdom/urdf_parser/src/model.cpp
Warning: link 'camera_link' material 'aluminum' undefined.
         at line 85 in /workspace/urdfdom/urdf_parser/src/model.cpp
Warning: link 'camera_link' material 'aluminum' undefined.
         at line 85 in /workspace/urdfdom/urdf_parser/src/model.cpp
Warning: link 'camera_link' material 'aluminum' undefined.
         at line 85 in /workspace/urdfdom/urdf_parser/src/model.cpp
Warning: link 'camera_link' material 'aluminum' undefined.
         at line 85 in /workspace/urdfdom/urdf_parser/src/model.cpp
Warning: link 'camera_link' material 'aluminum' undefined.
         at line 85 in /workspace/urdfdom/urdf_parser/src/model.cpp
[787/1842] VideoRepick/episode_56 succeeded with seed 14600 (attempt 0, 157.887s)
[788/1842] RouteStick/episode_58 succeeded with seed 21800 (attempt 0, 101.078s)
Warning: link 'camera_link' material 'aluminum' undefined.
         at line 85 in /workspace/urdfdom/urdf_parser/src/model.cpp
Warning: link 'camera_link' material 'aluminum' undefined.
         at line 85 in /workspace/urdfdom/urdf_parser/src/model.cpp
Warning: link 'camera_link' material 'aluminum' undefined.
         at line 85 in /workspace/urdfdom/urdf_parser/src/model.cpp
Warning: link 'camera_link' material 'aluminum' undefined.
         at line 85 in /workspace/urdfdom/urdf_parser/src/model.cpp
Warning: link 'camera_link' material 'aluminum' undefined.
         at line 85 in /workspace/urdfdom/urdf_parser/src/model.cpp
Warning: link 'camera_link' material 'aluminum' undefined.
         at line 85 in /workspace/urdfdom/urdf_parser/src/model.cpp
Warning: link 'camera_link' material 'aluminum' undefined.
         at line 85 in /workspace/urdfdom/urdf_parser/src/model.cpp
Warning: link 'camera_link' material 'aluminum' undefined.
         at line 85 in /workspace/urdfdom/urdf_parser/src/model.cpp
Warning: link 'camera_link' material 'aluminum' undefined.
         at line 85 in /workspace/urdfdom/urdf_parser/src/model.cpp
Warning: link 'camera_link' material 'aluminum' undefined.
         at line 85 in /workspace/urdfdom/urdf_parser/src/model.cpp
Warning: link 'camera_link' material 'aluminum' undefined.
         at line 85 in /workspace/urdfdom/urdf_parser/src/model.cpp
Warning: link 'camera_link' material 'aluminum' undefined.
         at line 85 in /workspace/urdfdom/urdf_parser/src/model.cpp
Warning: link 'camera_link' material 'aluminum' undefined.
         at line 85 in /workspace/urdfdom/urdf_parser/src/model.cpp
Warning: link 'camera_link' material 'aluminum' undefined.
         at line 85 in /workspace/urdfdom/urdf_parser/src/model.cpp
Warning: link 'camera_link' material 'aluminum' undefined.
         at line 85 in /workspace/urdfdom/urdf_parser/src/model.cpp
Warning: link 'camera_link' material 'aluminum' undefined.
         at line 85 in /workspace/urdfdom/urdf_parser/src/model.cpp
[789/1842] BinFill/episode_59 succeeded with seed 9900 (attempt 0, 67.367s)
[790/1842] VideoUnmaskSwap/episode_57 succeeded with seed 10700 (attempt 0, 132.396s)
[791/1842] RouteStick/episode_56 succeeded with seed 21600 (attempt 0, 185.584s)
Warning: link 'camera_link' material 'aluminum' undefined.
         at line 85 in /workspace/urdfdom/urdf_parser/src/model.cpp
Warning: link 'camera_link' material 'aluminum' undefined.
         at line 85 in /workspace/urdfdom/urdf_parser/src/model.cpp
Warning: link 'camera_link' material 'aluminum' undefined.
         at line 85 in /workspace/urdfdom/urdf_parser/src/model.cpp
Warning: link 'camera_link' material 'aluminum' undefined.
         at line 85 in /workspace/urdfdom/urdf_parser/src/model.cpp
Warning: link 'camera_link' material 'aluminum' undefined.
         at line 85 in /workspace/urdfdom/urdf_parser/src/model.cpp
Warning: link 'camera_link' material 'aluminum' undefined.
         at line 85 in /workspace/urdfdom/urdf_parser/src/model.cpp
Warning: link 'camera_link' material 'aluminum' undefined.
         at line 85 in /workspace/urdfdom/urdf_parser/src/model.cpp
Warning: link 'camera_link' material 'aluminum' undefined.
         at line 85 in /workspace/urdfdom/urdf_parser/src/model.cpp
[792/1842] VideoRepick/episode_57 succeeded with seed 14700 (attempt 0, 148.473s)
[793/1842] VideoRepick/episode_57 succeeded with seed 14700 (attempt 0, 141.337s)
/data/hongzefu/robomme_benchmark_MotionJEPANewTask/.venv/lib/python3.11/site-packages/torch/cuda/__init__.py:63: FutureWarning: The pynvml package is deprecated. Please install nvidia-ml-py instead. If you did not install pynvml directly, please report this to the maintainers of the package that installed pynvml for you.
  import pynvml  # type: ignore[import]
/data/hongzefu/robomme_benchmark_MotionJEPANewTask/.venv/lib/python3.11/site-packages/sapien/__init__.py:18: UserWarning: pkg_resources is deprecated as an API. See https://setuptools.pypa.io/en/latest/pkg_resources.html. The pkg_resources package is slated for removal as early as 2025-11-30. Refrain from using this package or pin to Setuptools<81.
  import pkg_resources
[794/1842] VideoUnmaskSwap/episode_58 succeeded with seed 10800 (attempt 0, 105.202s)
[795/1842] RouteStick/episode_58 succeeded with seed 21800 (attempt 0, 117.34s)
[796/1842] VideoUnmaskSwap/episode_59 succeeded with seed 10900 (attempt 0, 61.446s)
/data/hongzefu/robomme_benchmark_MotionJEPANewTask/.venv/lib/python3.11/site-packages/torch/cuda/__init__.py:63: FutureWarning: The pynvml package is deprecated. Please install nvidia-ml-py instead. If you did not install pynvml directly, please report this to the maintainers of the package that installed pynvml for you.
  import pynvml  # type: ignore[import]
/data/hongzefu/robomme_benchmark_MotionJEPANewTask/.venv/lib/python3.11/site-packages/sapien/__init__.py:18: UserWarning: pkg_resources is deprecated as an API. See https://setuptools.pypa.io/en/latest/pkg_resources.html. The pkg_resources package is slated for removal as early as 2025-11-30. Refrain from using this package or pin to Setuptools<81.
  import pkg_resources
[797/1842] VideoRepick/episode_57 succeeded with seed 14700 (attempt 0, 153.307s)
[798/1842] VideoUnmaskSwap/episode_59 succeeded with seed 10900 (attempt 0, 72.624s)
Warning: link 'camera_link' material 'aluminum' undefined.
         at line 85 in /workspace/urdfdom/urdf_parser/src/model.cpp
Warning: link 'camera_link' material 'aluminum' undefined.
         at line 85 in /workspace/urdfdom/urdf_parser/src/model.cpp
Warning: link 'camera_link' material 'aluminum' undefined.
         at line 85 in /workspace/urdfdom/urdf_parser/src/model.cpp
Warning: link 'camera_link' material 'aluminum' undefined.
         at line 85 in /workspace/urdfdom/urdf_parser/src/model.cpp
Warning: link 'camera_link' material 'aluminum' undefined.
         at line 85 in /workspace/urdfdom/urdf_parser/src/model.cpp
Warning: link 'camera_link' material 'aluminum' undefined.
         at line 85 in /workspace/urdfdom/urdf_parser/src/model.cpp
Warning: link 'camera_link' material 'aluminum' undefined.
         at line 85 in /workspace/urdfdom/urdf_parser/src/model.cpp
Warning: link 'camera_link' material 'aluminum' undefined.
         at line 85 in /workspace/urdfdom/urdf_parser/src/model.cpp
[799/1842] RouteStick/episode_59 succeeded with seed 21900 (attempt 0, 103.008s)
/data/hongzefu/robomme_benchmark_MotionJEPANewTask/.venv/lib/python3.11/site-packages/torch/cuda/__init__.py:63: FutureWarning: The pynvml package is deprecated. Please install nvidia-ml-py instead. If you did not install pynvml directly, please report this to the maintainers of the package that installed pynvml for you.
  import pynvml  # type: ignore[import]
/data/hongzefu/robomme_benchmark_MotionJEPANewTask/.venv/lib/python3.11/site-packages/sapien/__init__.py:18: UserWarning: pkg_resources is deprecated as an API. See https://setuptools.pypa.io/en/latest/pkg_resources.html. The pkg_resources package is slated for removal as early as 2025-11-30. Refrain from using this package or pin to Setuptools<81.
  import pkg_resources
[800/1842] VideoRepick/episode_58 succeeded with seed 14800 (attempt 0, 115.583s)
[801/1842] VideoUnmaskSwap/episode_59 succeeded with seed 10900 (attempt 0, 85.685s)
[802/1842] BinFill/episode_58 succeeded with seed 9800 (attempt 0, 152.57s)
/data/hongzefu/robomme_benchmark_MotionJEPANewTask/.venv/lib/python3.11/site-packages/torch/cuda/__init__.py:63: FutureWarning: The pynvml package is deprecated. Please install nvidia-ml-py instead. If you did not install pynvml directly, please report this to the maintainers of the package that installed pynvml for you.
  import pynvml  # type: ignore[import]
/data/hongzefu/robomme_benchmark_MotionJEPANewTask/.venv/lib/python3.11/site-packages/sapien/__init__.py:18: UserWarning: pkg_resources is deprecated as an API. See https://setuptools.pypa.io/en/latest/pkg_resources.html. The pkg_resources package is slated for removal as early as 2025-11-30. Refrain from using this package or pin to Setuptools<81.
  import pkg_resources
/data/hongzefu/robomme_benchmark_MotionJEPANewTask/.venv/lib/python3.11/site-packages/torch/cuda/__init__.py:63: FutureWarning: The pynvml package is deprecated. Please install nvidia-ml-py instead. If you did not install pynvml directly, please report this to the maintainers of the package that installed pynvml for you.
  import pynvml  # type: ignore[import]
/data/hongzefu/robomme_benchmark_MotionJEPANewTask/.venv/lib/python3.11/site-packages/sapien/__init__.py:18: UserWarning: pkg_resources is deprecated as an API. See https://setuptools.pypa.io/en/latest/pkg_resources.html. The pkg_resources package is slated for removal as early as 2025-11-30. Refrain from using this package or pin to Setuptools<81.
  import pkg_resources
[803/1842] BinFill/episode_57 succeeded with seed 9700 (attempt 0, 205.03s)
    BinFill/episode_58 用尽 1 次 attempt，放弃
[804/1842] RouteStick/episode_58 succeeded with seed 21800 (attempt 0, 153.397s)
Warning: link 'camera_link' material 'aluminum' undefined.
         at line 85 in /workspace/urdfdom/urdf_parser/src/model.cpp
Warning: link 'camera_link' material 'aluminum' undefined.
         at line 85 in /workspace/urdfdom/urdf_parser/src/model.cpp
Warning: link 'camera_link' material 'aluminum' undefined.
         at line 85 in /workspace/urdfdom/urdf_parser/src/model.cpp
Warning: link 'camera_link' material 'aluminum' undefined.
         at line 85 in /workspace/urdfdom/urdf_parser/src/model.cpp
Warning: link 'camera_link' material 'aluminum' undefined.
         at line 85 in /workspace/urdfdom/urdf_parser/src/model.cpp
Warning: link 'camera_link' material 'aluminum' undefined.
         at line 85 in /workspace/urdfdom/urdf_parser/src/model.cpp
Warning: link 'camera_link' material 'aluminum' undefined.
         at line 85 in /workspace/urdfdom/urdf_parser/src/model.cpp
Warning: link 'camera_link' material 'aluminum' undefined.
         at line 85 in /workspace/urdfdom/urdf_parser/src/model.cpp
[805/1842] RouteStick/episode_59 succeeded with seed 21900 (attempt 0, 120.078s)
[806/1842] VideoRepick/episode_58 succeeded with seed 14800 (attempt 0, 145.364s)
[807/1842] VideoUnmaskSwap/episode_58 succeeded with seed 10800 (attempt 0, 138.468s)
[808/1842] BinFill/episode_59 succeeded with seed 9900 (attempt 0, 129.708s)
[809/1842] VideoUnmaskSwap/episode_60 succeeded with seed 11000 (attempt 0, 64.26s)
Warning: link 'camera_link' material 'aluminum' undefined.
         at line 85 in /workspace/urdfdom/urdf_parser/src/model.cpp
Warning: link 'camera_link' material 'aluminum' undefined.
         at line 85 in /workspace/urdfdom/urdf_parser/src/model.cpp
Warning: link 'camera_link' material 'aluminum' undefined.
         at line 85 in /workspace/urdfdom/urdf_parser/src/model.cpp
Warning: link 'camera_link' material 'aluminum' undefined.
         at line 85 in /workspace/urdfdom/urdf_parser/src/model.cpp
Warning: link 'camera_link' material 'aluminum' undefined.
         at line 85 in /workspace/urdfdom/urdf_parser/src/model.cpp
Warning: link 'camera_link' material 'aluminum' undefined.
         at line 85 in /workspace/urdfdom/urdf_parser/src/model.cpp
Warning: link 'camera_link' material 'aluminum' undefined.
         at line 85 in /workspace/urdfdom/urdf_parser/src/model.cpp
Warning: link 'camera_link' material 'aluminum' undefined.
         at line 85 in /workspace/urdfdom/urdf_parser/src/model.cpp
Warning: link 'camera_link' material 'aluminum' undefined.
         at line 85 in /workspace/urdfdom/urdf_parser/src/model.cpp
Warning: link 'camera_link' material 'aluminum' undefined.
         at line 85 in /workspace/urdfdom/urdf_parser/src/model.cpp
Warning: link 'camera_link' material 'aluminum' undefined.
         at line 85 in /workspace/urdfdom/urdf_parser/src/model.cpp
Warning: link 'camera_link' material 'aluminum' undefined.
         at line 85 in /workspace/urdfdom/urdf_parser/src/model.cpp
Warning: link 'camera_link' material 'aluminum' undefined.
         at line 85 in /workspace/urdfdom/urdf_parser/src/model.cpp
Warning: link 'camera_link' material 'aluminum' undefined.
         at line 85 in /workspace/urdfdom/urdf_parser/src/model.cpp
Warning: link 'camera_link' material 'aluminum' undefined.
         at line 85 in /workspace/urdfdom/urdf_parser/src/model.cpp
Warning: link 'camera_link' material 'aluminum' undefined.
         at line 85 in /workspace/urdfdom/urdf_parser/src/model.cpp
/data/hongzefu/robomme_benchmark_MotionJEPANewTask/.venv/lib/python3.11/site-packages/torch/cuda/__init__.py:63: FutureWarning: The pynvml package is deprecated. Please install nvidia-ml-py instead. If you did not install pynvml directly, please report this to the maintainers of the package that installed pynvml for you.
  import pynvml  # type: ignore[import]
screw plan failed
screw plan failed
screw plan failed
/data/hongzefu/robomme_benchmark_MotionJEPANewTask/.venv/lib/python3.11/site-packages/sapien/__init__.py:18: UserWarning: pkg_resources is deprecated as an API. See https://setuptools.pypa.io/en/latest/pkg_resources.html. The pkg_resources package is slated for removal as early as 2025-11-30. Refrain from using this package or pin to Setuptools<81.
  import pkg_resources
[810/1842] VideoRepick/episode_59 succeeded with seed 14900 (attempt 0, 102.336s)
screw plan failed
screw plan failed
screw plan failed
[811/1842] BinFill/episode_60 succeeded with seed 10000 (attempt 0, 96.96s)
/data/hongzefu/robomme_benchmark_MotionJEPANewTask/.venv/lib/python3.11/site-packages/torch/cuda/__init__.py:63: FutureWarning: The pynvml package is deprecated. Please install nvidia-ml-py instead. If you did not install pynvml directly, please report this to the maintainers of the package that installed pynvml for you.
  import pynvml  # type: ignore[import]
/data/hongzefu/robomme_benchmark_MotionJEPANewTask/.venv/lib/python3.11/site-packages/sapien/__init__.py:18: UserWarning: pkg_resources is deprecated as an API. See https://setuptools.pypa.io/en/latest/pkg_resources.html. The pkg_resources package is slated for removal as early as 2025-11-30. Refrain from using this package or pin to Setuptools<81.
  import pkg_resources
[812/1842] RouteStick/episode_60 succeeded with seed 22000 (attempt 0, 90.89s)
[813/1842] VideoUnmaskSwap/episode_60 succeeded with seed 11000 (attempt 0, 78.78s)
[814/1842] RouteStick/episode_57 succeeded with seed 21700 (attempt 0, 204.121s)
[815/1842] BinFill/episode_60 succeeded with seed 10000 (attempt 0, 98.399s)
[816/1842] RouteStick/episode_59 succeeded with seed 21900 (attempt 0, 140.01s)
Warning: link 'camera_link' material 'aluminum' undefined.
         at line 85 in /workspace/urdfdom/urdf_parser/src/model.cpp
Warning: link 'camera_link' material 'aluminum' undefined.
         at line 85 in /workspace/urdfdom/urdf_parser/src/model.cpp
Warning: link 'camera_link' material 'aluminum' undefined.
         at line 85 in /workspace/urdfdom/urdf_parser/src/model.cpp
Warning: link 'camera_link' material 'aluminum' undefined.
         at line 85 in /workspace/urdfdom/urdf_parser/src/model.cpp
Warning: link 'camera_link' material 'aluminum' undefined.
         at line 85 in /workspace/urdfdom/urdf_parser/src/model.cpp
Warning: link 'camera_link' material 'aluminum' undefined.
         at line 85 in /workspace/urdfdom/urdf_parser/src/model.cpp
Warning: link 'camera_link' material 'aluminum' undefined.
         at line 85 in /workspace/urdfdom/urdf_parser/src/model.cpp
Warning: link 'camera_link' material 'aluminum' undefined.
         at line 85 in /workspace/urdfdom/urdf_parser/src/model.cpp
[817/1842] VideoRepick/episode_58 succeeded with seed 14800 (attempt 0, 164.999s)
[818/1842] VideoUnmaskSwap/episode_59 succeeded with seed 10900 (attempt 0, 126.773s)
Warning: link 'camera_link' material 'aluminum' undefined.
         at line 85 in /workspace/urdfdom/urdf_parser/src/model.cpp
Warning: link 'camera_link' material 'aluminum' undefined.
         at line 85 in /workspace/urdfdom/urdf_parser/src/model.cpp
Warning: link 'camera_link' material 'aluminum' undefined.
         at line 85 in /workspace/urdfdom/urdf_parser/src/model.cpp
Warning: link 'camera_link' material 'aluminum' undefined.
         at line 85 in /workspace/urdfdom/urdf_parser/src/model.cpp
Warning: link 'camera_link' material 'aluminum' undefined.
         at line 85 in /workspace/urdfdom/urdf_parser/src/model.cpp
Warning: link 'camera_link' material 'aluminum' undefined.
         at line 85 in /workspace/urdfdom/urdf_parser/src/model.cpp
Warning: link 'camera_link' material 'aluminum' undefined.
         at line 85 in /workspace/urdfdom/urdf_parser/src/model.cpp
Warning: link 'camera_link' material 'aluminum' undefined.
         at line 85 in /workspace/urdfdom/urdf_parser/src/model.cpp
Warning: link 'camera_link' material 'aluminum' undefined.
         at line 85 in /workspace/urdfdom/urdf_parser/src/model.cpp
Warning: link 'camera_link' material 'aluminum' undefined.
         at line 85 in /workspace/urdfdom/urdf_parser/src/model.cpp
Warning: link 'camera_link' material 'aluminum' undefined.
         at line 85 in /workspace/urdfdom/urdf_parser/src/model.cpp
Warning: link 'camera_link' material 'aluminum' undefined.
         at line 85 in /workspace/urdfdom/urdf_parser/src/model.cpp
Warning: link 'camera_link' material 'aluminum' undefined.
         at line 85 in /workspace/urdfdom/urdf_parser/src/model.cpp
Warning: link 'camera_link' material 'aluminum' undefined.
         at line 85 in /workspace/urdfdom/urdf_parser/src/model.cpp
Warning: link 'camera_link' material 'aluminum' undefined.
         at line 85 in /workspace/urdfdom/urdf_parser/src/model.cpp
Warning: link 'camera_link' material 'aluminum' undefined.
         at line 85 in /workspace/urdfdom/urdf_parser/src/model.cpp
[819/1842] VideoUnmaskSwap/episode_60 succeeded with seed 11000 (attempt 0, 93.232s)
[820/1842] VideoRepick/episode_59 succeeded with seed 14900 (attempt 0, 128.693s)
Warning: link 'camera_link' material 'aluminum' undefined.
         at line 85 in /workspace/urdfdom/urdf_parser/src/model.cpp
Warning: link 'camera_link' material 'aluminum' undefined.
         at line 85 in /workspace/urdfdom/urdf_parser/src/model.cpp
Warning: link 'camera_link' material 'aluminum' undefined.
         at line 85 in /workspace/urdfdom/urdf_parser/src/model.cpp
Warning: link 'camera_link' material 'aluminum' undefined.
         at line 85 in /workspace/urdfdom/urdf_parser/src/model.cpp
Warning: link 'camera_link' material 'aluminum' undefined.
         at line 85 in /workspace/urdfdom/urdf_parser/src/model.cpp
Warning: link 'camera_link' material 'aluminum' undefined.
         at line 85 in /workspace/urdfdom/urdf_parser/src/model.cpp
Warning: link 'camera_link' material 'aluminum' undefined.
         at line 85 in /workspace/urdfdom/urdf_parser/src/model.cpp
Warning: link 'camera_link' material 'aluminum' undefined.
         at line 85 in /workspace/urdfdom/urdf_parser/src/model.cpp
    VideoRepick/episode_49 seed 13900 单条墙钟超过 600 秒被终止（实测 604 秒）
    VideoRepick/episode_49 用尽 1 次 attempt，放弃
[821/1842] VideoRepick/episode_59 succeeded with seed 14900 (attempt 0, 142.408s)
[822/1842] BinFill/episode_59 succeeded with seed 9900 (attempt 0, 169.809s)
/data/hongzefu/robomme_benchmark_MotionJEPANewTask/.venv/lib/python3.11/site-packages/torch/cuda/__init__.py:63: FutureWarning: The pynvml package is deprecated. Please install nvidia-ml-py instead. If you did not install pynvml directly, please report this to the maintainers of the package that installed pynvml for you.
  import pynvml  # type: ignore[import]
/data/hongzefu/robomme_benchmark_MotionJEPANewTask/.venv/lib/python3.11/site-packages/sapien/__init__.py:18: UserWarning: pkg_resources is deprecated as an API. See https://setuptools.pypa.io/en/latest/pkg_resources.html. The pkg_resources package is slated for removal as early as 2025-11-30. Refrain from using this package or pin to Setuptools<81.
  import pkg_resources
[823/1842] RouteStick/episode_60 succeeded with seed 22000 (attempt 0, 120.955s)
/data/hongzefu/robomme_benchmark_MotionJEPANewTask/.venv/lib/python3.11/site-packages/torch/cuda/__init__.py:63: FutureWarning: The pynvml package is deprecated. Please install nvidia-ml-py instead. If you did not install pynvml directly, please report this to the maintainers of the package that installed pynvml for you.
  import pynvml  # type: ignore[import]
/data/hongzefu/robomme_benchmark_MotionJEPANewTask/.venv/lib/python3.11/site-packages/sapien/__init__.py:18: UserWarning: pkg_resources is deprecated as an API. See https://setuptools.pypa.io/en/latest/pkg_resources.html. The pkg_resources package is slated for removal as early as 2025-11-30. Refrain from using this package or pin to Setuptools<81.
  import pkg_resources
[824/1842] VideoUnmaskSwap/episode_61 succeeded with seed 11100 (attempt 0, 63.332s)
screw plan failed
screw plan failed
screw plan failed
Warning: link 'camera_link' material 'aluminum' undefined.
         at line 85 in /workspace/urdfdom/urdf_parser/src/model.cpp
Warning: link 'camera_link' material 'aluminum' undefined.
         at line 85 in /workspace/urdfdom/urdf_parser/src/model.cpp
Warning: link 'camera_link' material 'aluminum' undefined.
         at line 85 in /workspace/urdfdom/urdf_parser/src/model.cpp
Warning: link 'camera_link' material 'aluminum' undefined.
         at line 85 in /workspace/urdfdom/urdf_parser/src/model.cpp
Warning: link 'camera_link' material 'aluminum' undefined.
         at line 85 in /workspace/urdfdom/urdf_parser/src/model.cpp
Warning: link 'camera_link' material 'aluminum' undefined.
         at line 85 in /workspace/urdfdom/urdf_parser/src/model.cpp
Warning: link 'camera_link' material 'aluminum' undefined.
         at line 85 in /workspace/urdfdom/urdf_parser/src/model.cpp
Warning: link 'camera_link' material 'aluminum' undefined.
         at line 85 in /workspace/urdfdom/urdf_parser/src/model.cpp
screw plan failed
screw plan failed
screw plan failed
[825/1842] BinFill/episode_61 succeeded with seed 10100 (attempt 0, 97.469s)
[826/1842] VideoRepick/episode_60 succeeded with seed 15000 (attempt 0, 122.397s)
[827/1842] RouteStick/episode_60 succeeded with seed 22000 (attempt 0, 138.265s)
[828/1842] VideoUnmaskSwap/episode_62 succeeded with seed 11200 (attempt 0, 54.57s)
[829/1842] VideoUnmaskSwap/episode_62 succeeded with seed 11200 (attempt 0, 50.576s)
    VideoRepick/episode_50 seed 14000 单条墙钟超过 600 秒被终止（实测 601 秒）
    VideoRepick/episode_50 用尽 1 次 attempt，放弃
[830/1842] RouteStick/episode_58 succeeded with seed 21800 (attempt 0, 220.14s)
/data/hongzefu/robomme_benchmark_MotionJEPANewTask/.venv/lib/python3.11/site-packages/torch/cuda/__init__.py:63: FutureWarning: The pynvml package is deprecated. Please install nvidia-ml-py instead. If you did not install pynvml directly, please report this to the maintainers of the package that installed pynvml for you.
  import pynvml  # type: ignore[import]
/data/hongzefu/robomme_benchmark_MotionJEPANewTask/.venv/lib/python3.11/site-packages/sapien/__init__.py:18: UserWarning: pkg_resources is deprecated as an API. See https://setuptools.pypa.io/en/latest/pkg_resources.html. The pkg_resources package is slated for removal as early as 2025-11-30. Refrain from using this package or pin to Setuptools<81.
  import pkg_resources
[831/1842] VideoUnmaskSwap/episode_60 succeeded with seed 11000 (attempt 0, 122.348s)
Warning: link 'camera_link' material 'aluminum' undefined.
         at line 85 in /workspace/urdfdom/urdf_parser/src/model.cpp
Warning: link 'camera_link' material 'aluminum' undefined.
         at line 85 in /workspace/urdfdom/urdf_parser/src/model.cpp
Warning: link 'camera_link' material 'aluminum' undefined.
         at line 85 in /workspace/urdfdom/urdf_parser/src/model.cpp
Warning: link 'camera_link' material 'aluminum' undefined.
         at line 85 in /workspace/urdfdom/urdf_parser/src/model.cpp
Warning: link 'camera_link' material 'aluminum' undefined.
         at line 85 in /workspace/urdfdom/urdf_parser/src/model.cpp
Warning: link 'camera_link' material 'aluminum' undefined.
         at line 85 in /workspace/urdfdom/urdf_parser/src/model.cpp
Warning: link 'camera_link' material 'aluminum' undefined.
         at line 85 in /workspace/urdfdom/urdf_parser/src/model.cpp
Warning: link 'camera_link' material 'aluminum' undefined.
         at line 85 in /workspace/urdfdom/urdf_parser/src/model.cpp
Warning: link 'camera_link' material 'aluminum' undefined.
         at line 85 in /workspace/urdfdom/urdf_parser/src/model.cpp
Warning: link 'camera_link' material 'aluminum' undefined.
         at line 85 in /workspace/urdfdom/urdf_parser/src/model.cpp
Warning: link 'camera_link' material 'aluminum' undefined.
         at line 85 in /workspace/urdfdom/urdf_parser/src/model.cpp
Warning: link 'camera_link' material 'aluminum' undefined.
         at line 85 in /workspace/urdfdom/urdf_parser/src/model.cpp
Warning: link 'camera_link' material 'aluminum' undefined.
         at line 85 in /workspace/urdfdom/urdf_parser/src/model.cpp
Warning: link 'camera_link' material 'aluminum' undefined.
         at line 85 in /workspace/urdfdom/urdf_parser/src/model.cpp
Warning: link 'camera_link' material 'aluminum' undefined.
         at line 85 in /workspace/urdfdom/urdf_parser/src/model.cpp
Warning: link 'camera_link' material 'aluminum' undefined.
         at line 85 in /workspace/urdfdom/urdf_parser/src/model.cpp
[832/1842] VideoUnmaskSwap/episode_61 succeeded with seed 11100 (attempt 0, 90.908s)
Warning: link 'camera_link' material 'aluminum' undefined.
         at line 85 in /workspace/urdfdom/urdf_parser/src/model.cpp
Warning: link 'camera_link' material 'aluminum' undefined.
         at line 85 in /workspace/urdfdom/urdf_parser/src/model.cpp
Warning: link 'camera_link' material 'aluminum' undefined.
         at line 85 in /workspace/urdfdom/urdf_parser/src/model.cpp
Warning: link 'camera_link' material 'aluminum' undefined.
         at line 85 in /workspace/urdfdom/urdf_parser/src/model.cpp
Warning: link 'camera_link' material 'aluminum' undefined.
         at line 85 in /workspace/urdfdom/urdf_parser/src/model.cpp
Warning: link 'camera_link' material 'aluminum' undefined.
         at line 85 in /workspace/urdfdom/urdf_parser/src/model.cpp
Warning: link 'camera_link' material 'aluminum' undefined.
         at line 85 in /workspace/urdfdom/urdf_parser/src/model.cpp
Warning: link 'camera_link' material 'aluminum' undefined.
         at line 85 in /workspace/urdfdom/urdf_parser/src/model.cpp
[833/1842] RouteStick/episode_61 succeeded with seed 22100 (attempt 0, 113.56s)
[834/1842] RouteStick/episode_59 succeeded with seed 21900 (attempt 0, 188.146s)
/data/hongzefu/robomme_benchmark_MotionJEPANewTask/.venv/lib/python3.11/site-packages/torch/cuda/__init__.py:63: FutureWarning: The pynvml package is deprecated. Please install nvidia-ml-py instead. If you did not install pynvml directly, please report this to the maintainers of the package that installed pynvml for you.
  import pynvml  # type: ignore[import]
/data/hongzefu/robomme_benchmark_MotionJEPANewTask/.venv/lib/python3.11/site-packages/sapien/__init__.py:18: UserWarning: pkg_resources is deprecated as an API. See https://setuptools.pypa.io/en/latest/pkg_resources.html. The pkg_resources package is slated for removal as early as 2025-11-30. Refrain from using this package or pin to Setuptools<81.
  import pkg_resources
[835/1842] VideoUnmaskSwap/episode_61 succeeded with seed 11100 (attempt 0, 102.317s)
Warning: link 'camera_link' material 'aluminum' undefined.
         at line 85 in /workspace/urdfdom/urdf_parser/src/model.cpp
Warning: link 'camera_link' material 'aluminum' undefined.
         at line 85 in /workspace/urdfdom/urdf_parser/src/model.cpp
Warning: link 'camera_link' material 'aluminum' undefined.
         at line 85 in /workspace/urdfdom/urdf_parser/src/model.cpp
Warning: link 'camera_link' material 'aluminum' undefined.
         at line 85 in /workspace/urdfdom/urdf_parser/src/model.cpp
Warning: link 'camera_link' material 'aluminum' undefined.
         at line 85 in /workspace/urdfdom/urdf_parser/src/model.cpp
Warning: link 'camera_link' material 'aluminum' undefined.
         at line 85 in /workspace/urdfdom/urdf_parser/src/model.cpp
Warning: link 'camera_link' material 'aluminum' undefined.
         at line 85 in /workspace/urdfdom/urdf_parser/src/model.cpp
Warning: link 'camera_link' material 'aluminum' undefined.
         at line 85 in /workspace/urdfdom/urdf_parser/src/model.cpp
[836/1842] RouteStick/episode_61 succeeded with seed 22100 (attempt 0, 124.367s)
[837/1842] BinFill/episode_61 succeeded with seed 10100 (attempt 0, 140.026s)
[838/1842] VideoUnmaskSwap/episode_62 succeeded with seed 11200 (attempt 0, 87.504s)
[839/1842] VideoUnmaskSwap/episode_61 succeeded with seed 11100 (attempt 0, 114.914s)
[840/1842] RouteStick/episode_62 succeeded with seed 22200 (attempt 0, 105.725s)
[841/1842] BinFill/episode_60 succeeded with seed 10000 (attempt 0, 197.721s)
[842/1842] VideoRepick/episode_60 succeeded with seed 15000 (attempt 0, 169.684s)
/data/hongzefu/robomme_benchmark_MotionJEPANewTask/.venv/lib/python3.11/site-packages/torch/cuda/__init__.py:63: FutureWarning: The pynvml package is deprecated. Please install nvidia-ml-py instead. If you did not install pynvml directly, please report this to the maintainers of the package that installed pynvml for you.
  import pynvml  # type: ignore[import]
[843/1842] RouteStick/episode_61 succeeded with seed 22100 (attempt 0, 138.848s)
/data/hongzefu/robomme_benchmark_MotionJEPANewTask/.venv/lib/python3.11/site-packages/sapien/__init__.py:18: UserWarning: pkg_resources is deprecated as an API. See https://setuptools.pypa.io/en/latest/pkg_resources.html. The pkg_resources package is slated for removal as early as 2025-11-30. Refrain from using this package or pin to Setuptools<81.
  import pkg_resources
[844/1842] VideoRepick/episode_61 succeeded with seed 15100 (attempt 0, 136.919s)
Warning: link 'camera_link' material 'aluminum' undefined.
         at line 85 in /workspace/urdfdom/urdf_parser/src/model.cpp
Warning: link 'camera_link' material 'aluminum' undefined.
         at line 85 in /workspace/urdfdom/urdf_parser/src/model.cpp
Warning: link 'camera_link' material 'aluminum' undefined.
         at line 85 in /workspace/urdfdom/urdf_parser/src/model.cpp
Warning: link 'camera_link' material 'aluminum' undefined.
         at line 85 in /workspace/urdfdom/urdf_parser/src/model.cpp
Warning: link 'camera_link' material 'aluminum' undefined.
         at line 85 in /workspace/urdfdom/urdf_parser/src/model.cpp
Warning: link 'camera_link' material 'aluminum' undefined.
         at line 85 in /workspace/urdfdom/urdf_parser/src/model.cpp
Warning: link 'camera_link' material 'aluminum' undefined.
         at line 85 in /workspace/urdfdom/urdf_parser/src/model.cpp
Warning: link 'camera_link' material 'aluminum' undefined.
         at line 85 in /workspace/urdfdom/urdf_parser/src/model.cpp
Warning: link 'camera_link' material 'aluminum' undefined.
         at line 85 in /workspace/urdfdom/urdf_parser/src/model.cpp
Warning: link 'camera_link' material 'aluminum' undefined.
         at line 85 in /workspace/urdfdom/urdf_parser/src/model.cpp
Warning: link 'camera_link' material 'aluminum' undefined.
         at line 85 in /workspace/urdfdom/urdf_parser/src/model.cpp
Warning: link 'camera_link' material 'aluminum' undefined.
         at line 85 in /workspace/urdfdom/urdf_parser/src/model.cpp
Warning: link 'camera_link' material 'aluminum' undefined.
         at line 85 in /workspace/urdfdom/urdf_parser/src/model.cpp
Warning: link 'camera_link' material 'aluminum' undefined.
         at line 85 in /workspace/urdfdom/urdf_parser/src/model.cpp
Warning: link 'camera_link' material 'aluminum' undefined.
         at line 85 in /workspace/urdfdom/urdf_parser/src/model.cpp
Warning: link 'camera_link' material 'aluminum' undefined.
         at line 85 in /workspace/urdfdom/urdf_parser/src/model.cpp
Warning: link 'camera_link' material 'aluminum' undefined.
         at line 85 in /workspace/urdfdom/urdf_parser/src/model.cpp
Warning: link 'camera_link' material 'aluminum' undefined.
         at line 85 in /workspace/urdfdom/urdf_parser/src/model.cpp
Warning: link 'camera_link' material 'aluminum' undefined.
         at line 85 in /workspace/urdfdom/urdf_parser/src/model.cpp
Warning: link 'camera_link' material 'aluminum' undefined.
         at line 85 in /workspace/urdfdom/urdf_parser/src/model.cpp
Warning: link 'camera_link' material 'aluminum' undefined.
         at line 85 in /workspace/urdfdom/urdf_parser/src/model.cpp
Warning: link 'camera_link' material 'aluminum' undefined.
         at line 85 in /workspace/urdfdom/urdf_parser/src/model.cpp
Warning: link 'camera_link' material 'aluminum' undefined.
         at line 85 in /workspace/urdfdom/urdf_parser/src/model.cpp
Warning: link 'camera_link' material 'aluminum' undefined.
         at line 85 in /workspace/urdfdom/urdf_parser/src/model.cpp
[845/1842] VideoUnmaskSwap/episode_63 succeeded with seed 11300 (attempt 0, 67.328s)
[846/1842] RouteStick/episode_62 succeeded with seed 22200 (attempt 0, 125.565s)
[847/1842] RouteStick/episode_62 succeeded with seed 22200 (attempt 0, 122.016s)
[848/1842] BinFill/episode_61 succeeded with seed 10100 (attempt 0, 163.067s)
[849/1842] BinFill/episode_62 succeeded with seed 10200 (attempt 0, 138.36s)
[850/1842] VideoRepick/episode_61 succeeded with seed 15100 (attempt 0, 152.878s)
[851/1842] VideoRepick/episode_61 succeeded with seed 15100 (attempt 0, 147.326s)
[852/1842] VideoRepick/episode_60 succeeded with seed 15000 (attempt 0, 188.184s)
Warning: link 'camera_link' material 'aluminum' undefined.
         at line 85 in /workspace/urdfdom/urdf_parser/src/model.cpp
Warning: link 'camera_link' material 'aluminum' undefined.
         at line 85 in /workspace/urdfdom/urdf_parser/src/model.cpp
Warning: link 'camera_link' material 'aluminum' undefined.
         at line 85 in /workspace/urdfdom/urdf_parser/src/model.cpp
Warning: link 'camera_link' material 'aluminum' undefined.
         at line 85 in /workspace/urdfdom/urdf_parser/src/model.cpp
Warning: link 'camera_link' material 'aluminum' undefined.
         at line 85 in /workspace/urdfdom/urdf_parser/src/model.cpp
Warning: link 'camera_link' material 'aluminum' undefined.
         at line 85 in /workspace/urdfdom/urdf_parser/src/model.cpp
Warning: link 'camera_link' material 'aluminum' undefined.
         at line 85 in /workspace/urdfdom/urdf_parser/src/model.cpp
Warning: link 'camera_link' material 'aluminum' undefined.
         at line 85 in /workspace/urdfdom/urdf_parser/src/model.cpp
[853/1842] VideoUnmaskSwap/episode_63 succeeded with seed 11300 (attempt 0, 89.432s)
[854/1842] BinFill/episode_62 succeeded with seed 10200 (attempt 0, 146.839s)
[855/1842] VideoUnmaskSwap/episode_62 succeeded with seed 11200 (attempt 0, 124.776s)
[856/1842] RouteStick/episode_63 succeeded with seed 22300 (attempt 0, 108.784s)
/data/hongzefu/robomme_benchmark_MotionJEPANewTask/.venv/lib/python3.11/site-packages/torch/cuda/__init__.py:63: FutureWarning: The pynvml package is deprecated. Please install nvidia-ml-py instead. If you did not install pynvml directly, please report this to the maintainers of the package that installed pynvml for you.
  import pynvml  # type: ignore[import]
/data/hongzefu/robomme_benchmark_MotionJEPANewTask/.venv/lib/python3.11/site-packages/sapien/__init__.py:18: UserWarning: pkg_resources is deprecated as an API. See https://setuptools.pypa.io/en/latest/pkg_resources.html. The pkg_resources package is slated for removal as early as 2025-11-30. Refrain from using this package or pin to Setuptools<81.
  import pkg_resources
[857/1842] VideoUnmaskSwap/episode_63 succeeded with seed 11300 (attempt 0, 96.651s)
Warning: link 'camera_link' material 'aluminum' undefined.
         at line 85 in /workspace/urdfdom/urdf_parser/src/model.cpp
Warning: link 'camera_link' material 'aluminum' undefined.
         at line 85 in /workspace/urdfdom/urdf_parser/src/model.cpp
Warning: link 'camera_link' material 'aluminum' undefined.
         at line 85 in /workspace/urdfdom/urdf_parser/src/model.cpp
Warning: link 'camera_link' material 'aluminum' undefined.
         at line 85 in /workspace/urdfdom/urdf_parser/src/model.cpp
Warning: link 'camera_link' material 'aluminum' undefined.
         at line 85 in /workspace/urdfdom/urdf_parser/src/model.cpp
Warning: link 'camera_link' material 'aluminum' undefined.
         at line 85 in /workspace/urdfdom/urdf_parser/src/model.cpp
Warning: link 'camera_link' material 'aluminum' undefined.
         at line 85 in /workspace/urdfdom/urdf_parser/src/model.cpp
Warning: link 'camera_link' material 'aluminum' undefined.
         at line 85 in /workspace/urdfdom/urdf_parser/src/model.cpp
Warning: link 'camera_link' material 'aluminum' undefined.
         at line 85 in /workspace/urdfdom/urdf_parser/src/model.cpp
Warning: link 'camera_link' material 'aluminum' undefined.
         at line 85 in /workspace/urdfdom/urdf_parser/src/model.cpp
Warning: link 'camera_link' material 'aluminum' undefined.
         at line 85 in /workspace/urdfdom/urdf_parser/src/model.cpp
Warning: link 'camera_link' material 'aluminum' undefined.
         at line 85 in /workspace/urdfdom/urdf_parser/src/model.cpp
Warning: link 'camera_link' material 'aluminum' undefined.
         at line 85 in /workspace/urdfdom/urdf_parser/src/model.cpp
Warning: link 'camera_link' material 'aluminum' undefined.
         at line 85 in /workspace/urdfdom/urdf_parser/src/model.cpp
Warning: link 'camera_link' material 'aluminum' undefined.
         at line 85 in /workspace/urdfdom/urdf_parser/src/model.cpp
Warning: link 'camera_link' material 'aluminum' undefined.
         at line 85 in /workspace/urdfdom/urdf_parser/src/model.cpp
[858/1842] BinFill/episode_62 succeeded with seed 10200 (attempt 0, 167.065s)
Warning: link 'camera_link' material 'aluminum' undefined.
         at line 85 in /workspace/urdfdom/urdf_parser/src/model.cpp
Warning: link 'camera_link' material 'aluminum' undefined.
         at line 85 in /workspace/urdfdom/urdf_parser/src/model.cpp
Warning: link 'camera_link' material 'aluminum' undefined.
         at line 85 in /workspace/urdfdom/urdf_parser/src/model.cpp
Warning: link 'camera_link' material 'aluminum' undefined.
         at line 85 in /workspace/urdfdom/urdf_parser/src/model.cpp
Warning: link 'camera_link' material 'aluminum' undefined.
         at line 85 in /workspace/urdfdom/urdf_parser/src/model.cpp
Warning: link 'camera_link' material 'aluminum' undefined.
         at line 85 in /workspace/urdfdom/urdf_parser/src/model.cpp
Warning: link 'camera_link' material 'aluminum' undefined.
         at line 85 in /workspace/urdfdom/urdf_parser/src/model.cpp
Warning: link 'camera_link' material 'aluminum' undefined.
         at line 85 in /workspace/urdfdom/urdf_parser/src/model.cpp
[859/1842] VideoUnmaskSwap/episode_64 succeeded with seed 11400 (attempt 0, 58.139s)
/data/hongzefu/robomme_benchmark_MotionJEPANewTask/.venv/lib/python3.11/site-packages/torch/cuda/__init__.py:63: FutureWarning: The pynvml package is deprecated. Please install nvidia-ml-py instead. If you did not install pynvml directly, please report this to the maintainers of the package that installed pynvml for you.
  import pynvml  # type: ignore[import]
/data/hongzefu/robomme_benchmark_MotionJEPANewTask/.venv/lib/python3.11/site-packages/sapien/__init__.py:18: UserWarning: pkg_resources is deprecated as an API. See https://setuptools.pypa.io/en/latest/pkg_resources.html. The pkg_resources package is slated for removal as early as 2025-11-30. Refrain from using this package or pin to Setuptools<81.
  import pkg_resources
[860/1842] VideoRepick/episode_62 succeeded with seed 15200 (attempt 0, 150.122s)
[861/1842] VideoRepick/episode_62 succeeded with seed 15200 (attempt 0, 154.547s)
[862/1842] RouteStick/episode_60 succeeded with seed 22000 (attempt 0, 232.173s)
[863/1842] BinFill/episode_63 succeeded with seed 10300 (attempt 0, 131.844s)
[864/1842] BinFill/episode_63 succeeded with seed 10300 (attempt 0, 138.149s)
[865/1842] RouteStick/episode_61 succeeded with seed 22100 (attempt 0, 191.02s)
/data/hongzefu/robomme_benchmark_MotionJEPANewTask/.venv/lib/python3.11/site-packages/torch/cuda/__init__.py:63: FutureWarning: The pynvml package is deprecated. Please install nvidia-ml-py instead. If you did not install pynvml directly, please report this to the maintainers of the package that installed pynvml for you.
  import pynvml  # type: ignore[import]
[866/1842] VideoRepick/episode_63 succeeded with seed 15300 (attempt 0, 120.274s)
/data/hongzefu/robomme_benchmark_MotionJEPANewTask/.venv/lib/python3.11/site-packages/sapien/__init__.py:18: UserWarning: pkg_resources is deprecated as an API. See https://setuptools.pypa.io/en/latest/pkg_resources.html. The pkg_resources package is slated for removal as early as 2025-11-30. Refrain from using this package or pin to Setuptools<81.
  import pkg_resources
[867/1842] BinFill/episode_63 succeeded with seed 10300 (attempt 0, 145.985s)
[868/1842] BinFill/episode_64 succeeded with seed 10400 (attempt 0, 93.219s)
Warning: link 'camera_link' material 'aluminum' undefined.
         at line 85 in /workspace/urdfdom/urdf_parser/src/model.cpp
Warning: link 'camera_link' material 'aluminum' undefined.
         at line 85 in /workspace/urdfdom/urdf_parser/src/model.cpp
Warning: link 'camera_link' material 'aluminum' undefined.
         at line 85 in /workspace/urdfdom/urdf_parser/src/model.cpp
Warning: link 'camera_link' material 'aluminum' undefined.
         at line 85 in /workspace/urdfdom/urdf_parser/src/model.cpp
Warning: link 'camera_link' material 'aluminum' undefined.
         at line 85 in /workspace/urdfdom/urdf_parser/src/model.cpp
Warning: link 'camera_link' material 'aluminum' undefined.
         at line 85 in /workspace/urdfdom/urdf_parser/src/model.cpp
Warning: link 'camera_link' material 'aluminum' undefined.
         at line 85 in /workspace/urdfdom/urdf_parser/src/model.cpp
Warning: link 'camera_link' material 'aluminum' undefined.
         at line 85 in /workspace/urdfdom/urdf_parser/src/model.cpp
[869/1842] RouteStick/episode_63 succeeded with seed 22300 (attempt 0, 146.147s)
[870/1842] VideoUnmaskSwap/episode_64 succeeded with seed 11400 (attempt 0, 85.024s)
[871/1842] VideoRepick/episode_63 succeeded with seed 15300 (attempt 0, 123.501s)
Warning: link 'camera_link' material 'aluminum' undefined.
         at line 85 in /workspace/urdfdom/urdf_parser/src/model.cpp
Warning: link 'camera_link' material 'aluminum' undefined.
         at line 85 in /workspace/urdfdom/urdf_parser/src/model.cpp
Warning: link 'camera_link' material 'aluminum' undefined.
         at line 85 in /workspace/urdfdom/urdf_parser/src/model.cpp
Warning: link 'camera_link' material 'aluminum' undefined.
         at line 85 in /workspace/urdfdom/urdf_parser/src/model.cpp
Warning: link 'camera_link' material 'aluminum' undefined.
         at line 85 in /workspace/urdfdom/urdf_parser/src/model.cpp
Warning: link 'camera_link' material 'aluminum' undefined.
         at line 85 in /workspace/urdfdom/urdf_parser/src/model.cpp
Warning: link 'camera_link' material 'aluminum' undefined.
         at line 85 in /workspace/urdfdom/urdf_parser/src/model.cpp
Warning: link 'camera_link' material 'aluminum' undefined.
         at line 85 in /workspace/urdfdom/urdf_parser/src/model.cpp
[872/1842] VideoUnmaskSwap/episode_63 succeeded with seed 11300 (attempt 0, 115.812s)
Warning: link 'camera_link' material 'aluminum' undefined.
         at line 85 in /workspace/urdfdom/urdf_parser/src/model.cpp
Warning: link 'camera_link' material 'aluminum' undefined.
         at line 85 in /workspace/urdfdom/urdf_parser/src/model.cpp
Warning: link 'camera_link' material 'aluminum' undefined.
         at line 85 in /workspace/urdfdom/urdf_parser/src/model.cpp
Warning: link 'camera_link' material 'aluminum' undefined.
         at line 85 in /workspace/urdfdom/urdf_parser/src/model.cpp
Warning: link 'camera_link' material 'aluminum' undefined.
         at line 85 in /workspace/urdfdom/urdf_parser/src/model.cpp
Warning: link 'camera_link' material 'aluminum' undefined.
         at line 85 in /workspace/urdfdom/urdf_parser/src/model.cpp
Warning: link 'camera_link' material 'aluminum' undefined.
         at line 85 in /workspace/urdfdom/urdf_parser/src/model.cpp
Warning: link 'camera_link' material 'aluminum' undefined.
         at line 85 in /workspace/urdfdom/urdf_parser/src/model.cpp
[873/1842] RouteStick/episode_64 succeeded with seed 22400 (attempt 0, 110.932s)
[874/1842] VideoRepick/episode_62 succeeded with seed 15200 (attempt 0, 182.302s)
[875/1842] BinFill/episode_64 succeeded with seed 10400 (attempt 0, 127.934s)
Warning: link 'camera_link' material 'aluminum' undefined.
         at line 85 in /workspace/urdfdom/urdf_parser/src/model.cpp
Warning: link 'camera_link' material 'aluminum' undefined.
         at line 85 in /workspace/urdfdom/urdf_parser/src/model.cpp
Warning: link 'camera_link' material 'aluminum' undefined.
         at line 85 in /workspace/urdfdom/urdf_parser/src/model.cpp
Warning: link 'camera_link' material 'aluminum' undefined.
         at line 85 in /workspace/urdfdom/urdf_parser/src/model.cpp
Warning: link 'camera_link' material 'aluminum' undefined.
         at line 85 in /workspace/urdfdom/urdf_parser/src/model.cpp
Warning: link 'camera_link' material 'aluminum' undefined.
         at line 85 in /workspace/urdfdom/urdf_parser/src/model.cpp
Warning: link 'camera_link' material 'aluminum' undefined.
         at line 85 in /workspace/urdfdom/urdf_parser/src/model.cpp
Warning: link 'camera_link' material 'aluminum' undefined.
         at line 85 in /workspace/urdfdom/urdf_parser/src/model.cpp
[876/1842] VideoUnmaskSwap/episode_65 succeeded with seed 11500 (attempt 0, 63.984s)
[877/1842] VideoUnmaskSwap/episode_64 succeeded with seed 11400 (attempt 0, 103.339s)
[878/1842] VideoUnmaskSwap/episode_65 succeeded with seed 11500 (attempt 0, 58.482s)
Warning: link 'camera_link' material 'aluminum' undefined.
         at line 85 in /workspace/urdfdom/urdf_parser/src/model.cpp
Warning: link 'camera_link' material 'aluminum' undefined.
         at line 85 in /workspace/urdfdom/urdf_parser/src/model.cpp
Warning: link 'camera_link' material 'aluminum' undefined.
         at line 85 in /workspace/urdfdom/urdf_parser/src/model.cpp
Warning: link 'camera_link' material 'aluminum' undefined.
         at line 85 in /workspace/urdfdom/urdf_parser/src/model.cpp
Warning: link 'camera_link' material 'aluminum' undefined.
         at line 85 in /workspace/urdfdom/urdf_parser/src/model.cpp
Warning: link 'camera_link' material 'aluminum' undefined.
         at line 85 in /workspace/urdfdom/urdf_parser/src/model.cpp
Warning: link 'camera_link' material 'aluminum' undefined.
         at line 85 in /workspace/urdfdom/urdf_parser/src/model.cpp
Warning: link 'camera_link' material 'aluminum' undefined.
         at line 85 in /workspace/urdfdom/urdf_parser/src/model.cpp
[879/1842] RouteStick/episode_63 succeeded with seed 22300 (attempt 0, 179.859s)
[880/1842] RouteStick/episode_62 succeeded with seed 22200 (attempt 0, 210.293s)
[881/1842] RouteStick/episode_65 succeeded with seed 22500 (attempt 0, 91.989s)
[882/1842] VideoRepick/episode_64 succeeded with seed 15400 (attempt 0, 131.256s)
[883/1842] VideoRepick/episode_63 succeeded with seed 15300 (attempt 0, 167.275s)
[884/1842] VideoUnmaskSwap/episode_64 succeeded with seed 11400 (attempt 0, 121.168s)
[885/1842] RouteStick/episode_64 succeeded with seed 22400 (attempt 0, 145.355s)
Warning: link 'camera_link' material 'aluminum' undefined.
         at line 85 in /workspace/urdfdom/urdf_parser/src/model.cpp
Warning: link 'camera_link' material 'aluminum' undefined.
         at line 85 in /workspace/urdfdom/urdf_parser/src/model.cpp
Warning: link 'camera_link' material 'aluminum' undefined.
         at line 85 in /workspace/urdfdom/urdf_parser/src/model.cpp
Warning: link 'camera_link' material 'aluminum' undefined.
         at line 85 in /workspace/urdfdom/urdf_parser/src/model.cpp
Warning: link 'camera_link' material 'aluminum' undefined.
         at line 85 in /workspace/urdfdom/urdf_parser/src/model.cpp
Warning: link 'camera_link' material 'aluminum' undefined.
         at line 85 in /workspace/urdfdom/urdf_parser/src/model.cpp
Warning: link 'camera_link' material 'aluminum' undefined.
         at line 85 in /workspace/urdfdom/urdf_parser/src/model.cpp
Warning: link 'camera_link' material 'aluminum' undefined.
         at line 85 in /workspace/urdfdom/urdf_parser/src/model.cpp
Warning: link 'camera_link' material 'aluminum' undefined.
         at line 85 in /workspace/urdfdom/urdf_parser/src/model.cpp
Warning: link 'camera_link' material 'aluminum' undefined.
         at line 85 in /workspace/urdfdom/urdf_parser/src/model.cpp
Warning: link 'camera_link' material 'aluminum' undefined.
         at line 85 in /workspace/urdfdom/urdf_parser/src/model.cpp
Warning: link 'camera_link' material 'aluminum' undefined.
         at line 85 in /workspace/urdfdom/urdf_parser/src/model.cpp
Warning: link 'camera_link' material 'aluminum' undefined.
         at line 85 in /workspace/urdfdom/urdf_parser/src/model.cpp
Warning: link 'camera_link' material 'aluminum' undefined.
         at line 85 in /workspace/urdfdom/urdf_parser/src/model.cpp
Warning: link 'camera_link' material 'aluminum' undefined.
         at line 85 in /workspace/urdfdom/urdf_parser/src/model.cpp
Warning: link 'camera_link' material 'aluminum' undefined.
         at line 85 in /workspace/urdfdom/urdf_parser/src/model.cpp
[886/1842] VideoUnmaskSwap/episode_66 succeeded with seed 11600 (attempt 0, 55.047s)
/data/hongzefu/robomme_benchmark_MotionJEPANewTask/.venv/lib/python3.11/site-packages/torch/cuda/__init__.py:63: FutureWarning: The pynvml package is deprecated. Please install nvidia-ml-py instead. If you did not install pynvml directly, please report this to the maintainers of the package that installed pynvml for you.
  import pynvml  # type: ignore[import]
/data/hongzefu/robomme_benchmark_MotionJEPANewTask/.venv/lib/python3.11/site-packages/sapien/__init__.py:18: UserWarning: pkg_resources is deprecated as an API. See https://setuptools.pypa.io/en/latest/pkg_resources.html. The pkg_resources package is slated for removal as early as 2025-11-30. Refrain from using this package or pin to Setuptools<81.
  import pkg_resources
/data/hongzefu/robomme_benchmark_MotionJEPANewTask/.venv/lib/python3.11/site-packages/torch/cuda/__init__.py:63: FutureWarning: The pynvml package is deprecated. Please install nvidia-ml-py instead. If you did not install pynvml directly, please report this to the maintainers of the package that installed pynvml for you.
  import pynvml  # type: ignore[import]
/data/hongzefu/robomme_benchmark_MotionJEPANewTask/.venv/lib/python3.11/site-packages/sapien/__init__.py:18: UserWarning: pkg_resources is deprecated as an API. See https://setuptools.pypa.io/en/latest/pkg_resources.html. The pkg_resources package is slated for removal as early as 2025-11-30. Refrain from using this package or pin to Setuptools<81.
  import pkg_resources
[887/1842] VideoUnmaskSwap/episode_65 succeeded with seed 11500 (attempt 0, 99.206s)
[888/1842] VideoUnmaskSwap/episode_66 succeeded with seed 11600 (attempt 0, 62.631s)
[889/1842] VideoRepick/episode_64 succeeded with seed 15400 (attempt 0, 138.344s)
[890/1842] VideoRepick/episode_64 succeeded with seed 15400 (attempt 0, 131.887s)
[891/1842] RouteStick/episode_64 succeeded with seed 22400 (attempt 0, 158.796s)
[892/1842] BinFill/episode_64 succeeded with seed 10400 (attempt 0, 172.314s)
[893/1842] BinFill/episode_66 succeeded with seed 10600 (attempt 0, 100.156s)
[894/1842] BinFill/episode_66 succeeded with seed 10600 (attempt 0, 95.384s)
Warning: link 'camera_link' material 'aluminum' undefined.
         at line 85 in /workspace/urdfdom/urdf_parser/src/model.cpp
Warning: link 'camera_link' material 'aluminum' undefined.
         at line 85 in /workspace/urdfdom/urdf_parser/src/model.cpp
Warning: link 'camera_link' material 'aluminum' undefined.
         at line 85 in /workspace/urdfdom/urdf_parser/src/model.cpp
Warning: link 'camera_link' material 'aluminum' undefined.
         at line 85 in /workspace/urdfdom/urdf_parser/src/model.cpp
Warning: link 'camera_link' material 'aluminum' undefined.
         at line 85 in /workspace/urdfdom/urdf_parser/src/model.cpp
Warning: link 'camera_link' material 'aluminum' undefined.
         at line 85 in /workspace/urdfdom/urdf_parser/src/model.cpp
Warning: link 'camera_link' material 'aluminum' undefined.
         at line 85 in /workspace/urdfdom/urdf_parser/src/model.cpp
Warning: link 'camera_link' material 'aluminum' undefined.
         at line 85 in /workspace/urdfdom/urdf_parser/src/model.cpp
Warning: link 'camera_link' material 'aluminum' undefined.
         at line 85 in /workspace/urdfdom/urdf_parser/src/model.cpp
Warning: link 'camera_link' material 'aluminum' undefined.
         at line 85 in /workspace/urdfdom/urdf_parser/src/model.cpp
Warning: link 'camera_link' material 'aluminum' undefined.
         at line 85 in /workspace/urdfdom/urdf_parser/src/model.cpp
Warning: link 'camera_link' material 'aluminum' undefined.
         at line 85 in /workspace/urdfdom/urdf_parser/src/model.cpp
Warning: link 'camera_link' material 'aluminum' undefined.
         at line 85 in /workspace/urdfdom/urdf_parser/src/model.cpp
Warning: link 'camera_link' material 'aluminum' undefined.
         at line 85 in /workspace/urdfdom/urdf_parser/src/model.cpp
Warning: link 'camera_link' material 'aluminum' undefined.
         at line 85 in /workspace/urdfdom/urdf_parser/src/model.cpp
Warning: link 'camera_link' material 'aluminum' undefined.
         at line 85 in /workspace/urdfdom/urdf_parser/src/model.cpp
[895/1842] BinFill/episode_65 succeeded with seed 10500 (attempt 0, 146.008s)
[896/1842] BinFill/episode_65 succeeded with seed 10500 (attempt 0, 146.345s)
screw plan failed
screw plan failed
screw plan failed
[897/1842] RouteStick/episode_65 succeeded with seed 22500 (attempt 0, 141.48s)
[898/1842] RouteStick/episode_66 succeeded with seed 22600 (attempt 0, 108.803s)
/data/hongzefu/robomme_benchmark_MotionJEPANewTask/.venv/lib/python3.11/site-packages/torch/cuda/__init__.py:63: FutureWarning: The pynvml package is deprecated. Please install nvidia-ml-py instead. If you did not install pynvml directly, please report this to the maintainers of the package that installed pynvml for you.
  import pynvml  # type: ignore[import]
/data/hongzefu/robomme_benchmark_MotionJEPANewTask/.venv/lib/python3.11/site-packages/sapien/__init__.py:18: UserWarning: pkg_resources is deprecated as an API. See https://setuptools.pypa.io/en/latest/pkg_resources.html. The pkg_resources package is slated for removal as early as 2025-11-30. Refrain from using this package or pin to Setuptools<81.
  import pkg_resources
[899/1842] VideoRepick/episode_65 succeeded with seed 15500 (attempt 0, 125.946s)
Warning: link 'camera_link' material 'aluminum' undefined.
         at line 85 in /workspace/urdfdom/urdf_parser/src/model.cpp
Warning: link 'camera_link' material 'aluminum' undefined.
         at line 85 in /workspace/urdfdom/urdf_parser/src/model.cpp
Warning: link 'camera_link' material 'aluminum' undefined.
         at line 85 in /workspace/urdfdom/urdf_parser/src/model.cpp
Warning: link 'camera_link' material 'aluminum' undefined.
         at line 85 in /workspace/urdfdom/urdf_parser/src/model.cpp
Warning: link 'camera_link' material 'aluminum' undefined.
         at line 85 in /workspace/urdfdom/urdf_parser/src/model.cpp
Warning: link 'camera_link' material 'aluminum' undefined.
         at line 85 in /workspace/urdfdom/urdf_parser/src/model.cpp
Warning: link 'camera_link' material 'aluminum' undefined.
         at line 85 in /workspace/urdfdom/urdf_parser/src/model.cpp
Warning: link 'camera_link' material 'aluminum' undefined.
         at line 85 in /workspace/urdfdom/urdf_parser/src/model.cpp
[900/1842] RouteStick/episode_63 succeeded with seed 22300 (attempt 0, 226.465s)
Warning: link 'camera_link' material 'aluminum' undefined.
         at line 85 in /workspace/urdfdom/urdf_parser/src/model.cpp
Warning: link 'camera_link' material 'aluminum' undefined.
         at line 85 in /workspace/urdfdom/urdf_parser/src/model.cpp
Warning: link 'camera_link' material 'aluminum' undefined.
         at line 85 in /workspace/urdfdom/urdf_parser/src/model.cpp
Warning: link 'camera_link' material 'aluminum' undefined.
         at line 85 in /workspace/urdfdom/urdf_parser/src/model.cpp
Warning: link 'camera_link' material 'aluminum' undefined.
         at line 85 in /workspace/urdfdom/urdf_parser/src/model.cpp
Warning: link 'camera_link' material 'aluminum' undefined.
         at line 85 in /workspace/urdfdom/urdf_parser/src/model.cpp
Warning: link 'camera_link' material 'aluminum' undefined.
         at line 85 in /workspace/urdfdom/urdf_parser/src/model.cpp
Warning: link 'camera_link' material 'aluminum' undefined.
         at line 85 in /workspace/urdfdom/urdf_parser/src/model.cpp
Warning: link 'camera_link' material 'aluminum' undefined.
         at line 85 in /workspace/urdfdom/urdf_parser/src/model.cpp
Warning: link 'camera_link' material 'aluminum' undefined.
         at line 85 in /workspace/urdfdom/urdf_parser/src/model.cpp
Warning: link 'camera_link' material 'aluminum' undefined.
         at line 85 in /workspace/urdfdom/urdf_parser/src/model.cpp
Warning: link 'camera_link' material 'aluminum' undefined.
         at line 85 in /workspace/urdfdom/urdf_parser/src/model.cpp
Warning: link 'camera_link' material 'aluminum' undefined.
         at line 85 in /workspace/urdfdom/urdf_parser/src/model.cpp
Warning: link 'camera_link' material 'aluminum' undefined.
         at line 85 in /workspace/urdfdom/urdf_parser/src/model.cpp
Warning: link 'camera_link' material 'aluminum' undefined.
         at line 85 in /workspace/urdfdom/urdf_parser/src/model.cpp
Warning: link 'camera_link' material 'aluminum' undefined.
         at line 85 in /workspace/urdfdom/urdf_parser/src/model.cpp
[901/1842] RouteStick/episode_65 succeeded with seed 22500 (attempt 0, 158.159s)
[902/1842] VideoUnmaskSwap/episode_67 succeeded with seed 11700 (attempt 0, 60.738s)
[903/1842] VideoUnmaskSwap/episode_67 succeeded with seed 11700 (attempt 0, 60.628s)
    BinFill/episode_65 用尽 1 次 attempt，放弃
[904/1842] VideoUnmaskSwap/episode_65 succeeded with seed 11500 (attempt 0, 142.225s)
[905/1842] RouteStick/episode_66 succeeded with seed 22600 (attempt 0, 126.756s)
[906/1842] VideoUnmaskSwap/episode_66 succeeded with seed 11600 (attempt 0, 122.423s)
[907/1842] VideoRepick/episode_65 succeeded with seed 15500 (attempt 0, 151.838s)
[908/1842] RouteStick/episode_67 succeeded with seed 22700 (attempt 0, 93.78s)
Warning: link 'camera_link' material 'aluminum' undefined.
         at line 85 in /workspace/urdfdom/urdf_parser/src/model.cpp
Warning: link 'camera_link' material 'aluminum' undefined.
         at line 85 in /workspace/urdfdom/urdf_parser/src/model.cpp
Warning: link 'camera_link' material 'aluminum' undefined.
         at line 85 in /workspace/urdfdom/urdf_parser/src/model.cpp
Warning: link 'camera_link' material 'aluminum' undefined.
         at line 85 in /workspace/urdfdom/urdf_parser/src/model.cpp
Warning: link 'camera_link' material 'aluminum' undefined.
         at line 85 in /workspace/urdfdom/urdf_parser/src/model.cpp
Warning: link 'camera_link' material 'aluminum' undefined.
         at line 85 in /workspace/urdfdom/urdf_parser/src/model.cpp
Warning: link 'camera_link' material 'aluminum' undefined.
         at line 85 in /workspace/urdfdom/urdf_parser/src/model.cpp
Warning: link 'camera_link' material 'aluminum' undefined.
         at line 85 in /workspace/urdfdom/urdf_parser/src/model.cpp
/data/hongzefu/robomme_benchmark_MotionJEPANewTask/.venv/lib/python3.11/site-packages/torch/cuda/__init__.py:63: FutureWarning: The pynvml package is deprecated. Please install nvidia-ml-py instead. If you did not install pynvml directly, please report this to the maintainers of the package that installed pynvml for you.
  import pynvml  # type: ignore[import]
/data/hongzefu/robomme_benchmark_MotionJEPANewTask/.venv/lib/python3.11/site-packages/sapien/__init__.py:18: UserWarning: pkg_resources is deprecated as an API. See https://setuptools.pypa.io/en/latest/pkg_resources.html. The pkg_resources package is slated for removal as early as 2025-11-30. Refrain from using this package or pin to Setuptools<81.
  import pkg_resources
/data/hongzefu/robomme_benchmark_MotionJEPANewTask/.venv/lib/python3.11/site-packages/torch/cuda/__init__.py:63: FutureWarning: The pynvml package is deprecated. Please install nvidia-ml-py instead. If you did not install pynvml directly, please report this to the maintainers of the package that installed pynvml for you.
  import pynvml  # type: ignore[import]
/data/hongzefu/robomme_benchmark_MotionJEPANewTask/.venv/lib/python3.11/site-packages/sapien/__init__.py:18: UserWarning: pkg_resources is deprecated as an API. See https://setuptools.pypa.io/en/latest/pkg_resources.html. The pkg_resources package is slated for removal as early as 2025-11-30. Refrain from using this package or pin to Setuptools<81.
  import pkg_resources
[909/1842] RouteStick/episode_64 succeeded with seed 22400 (attempt 0, 207.887s)
[910/1842] BinFill/episode_68 succeeded with seed 10800 (attempt 0, 63.011s)
[911/1842] BinFill/episode_67 succeeded with seed 10700 (attempt 0, 106.172s)
[912/1842] VideoRepick/episode_66 succeeded with seed 15600 (attempt 0, 128.118s)
/data/hongzefu/robomme_benchmark_MotionJEPANewTask/.venv/lib/python3.11/site-packages/torch/cuda/__init__.py:63: FutureWarning: The pynvml package is deprecated. Please install nvidia-ml-py instead. If you did not install pynvml directly, please report this to the maintainers of the package that installed pynvml for you.
  import pynvml  # type: ignore[import]
/data/hongzefu/robomme_benchmark_MotionJEPANewTask/.venv/lib/python3.11/site-packages/sapien/__init__.py:18: UserWarning: pkg_resources is deprecated as an API. See https://setuptools.pypa.io/en/latest/pkg_resources.html. The pkg_resources package is slated for removal as early as 2025-11-30. Refrain from using this package or pin to Setuptools<81.
  import pkg_resources
[913/1842] VideoUnmaskSwap/episode_68 succeeded with seed 11800 (attempt 0, 55.43s)
Warning: link 'camera_link' material 'aluminum' undefined.
         at line 85 in /workspace/urdfdom/urdf_parser/src/model.cpp
Warning: link 'camera_link' material 'aluminum' undefined.
         at line 85 in /workspace/urdfdom/urdf_parser/src/model.cpp
Warning: link 'camera_link' material 'aluminum' undefined.
         at line 85 in /workspace/urdfdom/urdf_parser/src/model.cpp
Warning: link 'camera_link' material 'aluminum' undefined.
         at line 85 in /workspace/urdfdom/urdf_parser/src/model.cpp
Warning: link 'camera_link' material 'aluminum' undefined.
         at line 85 in /workspace/urdfdom/urdf_parser/src/model.cpp
Warning: link 'camera_link' material 'aluminum' undefined.
         at line 85 in /workspace/urdfdom/urdf_parser/src/model.cpp
Warning: link 'camera_link' material 'aluminum' undefined.
         at line 85 in /workspace/urdfdom/urdf_parser/src/model.cpp
Warning: link 'camera_link' material 'aluminum' undefined.
         at line 85 in /workspace/urdfdom/urdf_parser/src/model.cpp
Warning: link 'camera_link' material 'aluminum' undefined.
         at line 85 in /workspace/urdfdom/urdf_parser/src/model.cpp
Warning: link 'camera_link' material 'aluminum' undefined.
         at line 85 in /workspace/urdfdom/urdf_parser/src/model.cpp
Warning: link 'camera_link' material 'aluminum' undefined.
         at line 85 in /workspace/urdfdom/urdf_parser/src/model.cpp
Warning: link 'camera_link' material 'aluminum' undefined.
         at line 85 in /workspace/urdfdom/urdf_parser/src/model.cpp
Warning: link 'camera_link' material 'aluminum' undefined.
         at line 85 in /workspace/urdfdom/urdf_parser/src/model.cpp
Warning: link 'camera_link' material 'aluminum' undefined.
         at line 85 in /workspace/urdfdom/urdf_parser/src/model.cpp
Warning: link 'camera_link' material 'aluminum' undefined.
         at line 85 in /workspace/urdfdom/urdf_parser/src/model.cpp
Warning: link 'camera_link' material 'aluminum' undefined.
         at line 85 in /workspace/urdfdom/urdf_parser/src/model.cpp
Warning: link 'camera_link' material 'aluminum' undefined.
         at line 85 in /workspace/urdfdom/urdf_parser/src/model.cpp
Warning: link 'camera_link' material 'aluminum' undefined.
         at line 85 in /workspace/urdfdom/urdf_parser/src/model.cpp
Warning: link 'camera_link' material 'aluminum' undefined.
         at line 85 in /workspace/urdfdom/urdf_parser/src/model.cpp
Warning: link 'camera_link' material 'aluminum' undefined.
         at line 85 in /workspace/urdfdom/urdf_parser/src/model.cpp
Warning: link 'camera_link' material 'aluminum' undefined.
         at line 85 in /workspace/urdfdom/urdf_parser/src/model.cpp
Warning: link 'camera_link' material 'aluminum' undefined.
         at line 85 in /workspace/urdfdom/urdf_parser/src/model.cpp
Warning: link 'camera_link' material 'aluminum' undefined.
         at line 85 in /workspace/urdfdom/urdf_parser/src/model.cpp
Warning: link 'camera_link' material 'aluminum' undefined.
         at line 85 in /workspace/urdfdom/urdf_parser/src/model.cpp
[914/1842] BinFill/episode_67 succeeded with seed 10700 (attempt 0, 125.439s)
/data/hongzefu/robomme_benchmark_MotionJEPANewTask/.venv/lib/python3.11/site-packages/torch/cuda/__init__.py:63: FutureWarning: The pynvml package is deprecated. Please install nvidia-ml-py instead. If you did not install pynvml directly, please report this to the maintainers of the package that installed pynvml for you.
  import pynvml  # type: ignore[import]
/data/hongzefu/robomme_benchmark_MotionJEPANewTask/.venv/lib/python3.11/site-packages/sapien/__init__.py:18: UserWarning: pkg_resources is deprecated as an API. See https://setuptools.pypa.io/en/latest/pkg_resources.html. The pkg_resources package is slated for removal as early as 2025-11-30. Refrain from using this package or pin to Setuptools<81.
  import pkg_resources
[915/1842] VideoRepick/episode_66 succeeded with seed 15600 (attempt 0, 146.923s)
[916/1842] VideoRepick/episode_65 succeeded with seed 15500 (attempt 0, 184.477s)
[917/1842] VideoUnmaskSwap/episode_68 succeeded with seed 11800 (attempt 0, 70.498s)
/data/hongzefu/robomme_benchmark_MotionJEPANewTask/.venv/lib/python3.11/site-packages/torch/cuda/__init__.py:63: FutureWarning: The pynvml package is deprecated. Please install nvidia-ml-py instead. If you did not install pynvml directly, please report this to the maintainers of the package that installed pynvml for you.
  import pynvml  # type: ignore[import]
/data/hongzefu/robomme_benchmark_MotionJEPANewTask/.venv/lib/python3.11/site-packages/torch/cuda/__init__.py:63: FutureWarning: The pynvml package is deprecated. Please install nvidia-ml-py instead. If you did not install pynvml directly, please report this to the maintainers of the package that installed pynvml for you.
  import pynvml  # type: ignore[import]
/data/hongzefu/robomme_benchmark_MotionJEPANewTask/.venv/lib/python3.11/site-packages/sapien/__init__.py:18: UserWarning: pkg_resources is deprecated as an API. See https://setuptools.pypa.io/en/latest/pkg_resources.html. The pkg_resources package is slated for removal as early as 2025-11-30. Refrain from using this package or pin to Setuptools<81.
  import pkg_resources
/data/hongzefu/robomme_benchmark_MotionJEPANewTask/.venv/lib/python3.11/site-packages/sapien/__init__.py:18: UserWarning: pkg_resources is deprecated as an API. See https://setuptools.pypa.io/en/latest/pkg_resources.html. The pkg_resources package is slated for removal as early as 2025-11-30. Refrain from using this package or pin to Setuptools<81.
  import pkg_resources
[918/1842] VideoUnmaskSwap/episode_67 succeeded with seed 11700 (attempt 0, 101.787s)
[919/1842] VideoUnmaskSwap/episode_67 succeeded with seed 11700 (attempt 0, 118.541s)
[920/1842] RouteStick/episode_66 succeeded with seed 22600 (attempt 0, 171.506s)
[921/1842] RouteStick/episode_68 succeeded with seed 22800 (attempt 0, 90.75s)
/data/hongzefu/robomme_benchmark_MotionJEPANewTask/.venv/lib/python3.11/site-packages/torch/cuda/__init__.py:63: FutureWarning: The pynvml package is deprecated. Please install nvidia-ml-py instead. If you did not install pynvml directly, please report this to the maintainers of the package that installed pynvml for you.
  import pynvml  # type: ignore[import]
/data/hongzefu/robomme_benchmark_MotionJEPANewTask/.venv/lib/python3.11/site-packages/sapien/__init__.py:18: UserWarning: pkg_resources is deprecated as an API. See https://setuptools.pypa.io/en/latest/pkg_resources.html. The pkg_resources package is slated for removal as early as 2025-11-30. Refrain from using this package or pin to Setuptools<81.
  import pkg_resources
[922/1842] VideoRepick/episode_66 succeeded with seed 15600 (attempt 0, 150.034s)
[923/1842] VideoRepick/episode_67 succeeded with seed 15700 (attempt 0, 110.692s)
screw plan failed
screw plan failed
screw plan failed
[924/1842] RouteStick/episode_67 succeeded with seed 22700 (attempt 0, 143.567s)
[925/1842] RouteStick/episode_67 succeeded with seed 22700 (attempt 0, 124.133s)
[926/1842] VideoUnmaskSwap/episode_66 succeeded with seed 11600 (attempt 0, 172.502s)
[927/1842] RouteStick/episode_65 succeeded with seed 22500 (attempt 0, 216.036s)
Warning: link 'camera_link' material 'aluminum' undefined.
         at line 85 in /workspace/urdfdom/urdf_parser/src/model.cpp
Warning: link 'camera_link' material 'aluminum' undefined.
         at line 85 in /workspace/urdfdom/urdf_parser/src/model.cpp
Warning: link 'camera_link' material 'aluminum' undefined.
         at line 85 in /workspace/urdfdom/urdf_parser/src/model.cpp
Warning: link 'camera_link' material 'aluminum' undefined.
         at line 85 in /workspace/urdfdom/urdf_parser/src/model.cpp
Warning: link 'camera_link' material 'aluminum' undefined.
         at line 85 in /workspace/urdfdom/urdf_parser/src/model.cpp
Warning: link 'camera_link' material 'aluminum' undefined.
         at line 85 in /workspace/urdfdom/urdf_parser/src/model.cpp
Warning: link 'camera_link' material 'aluminum' undefined.
         at line 85 in /workspace/urdfdom/urdf_parser/src/model.cpp
Warning: link 'camera_link' material 'aluminum' undefined.
         at line 85 in /workspace/urdfdom/urdf_parser/src/model.cpp
[928/1842] BinFill/episode_69 succeeded with seed 10900 (attempt 0, 71.537s)
/data/hongzefu/robomme_benchmark_MotionJEPANewTask/.venv/lib/python3.11/site-packages/torch/cuda/__init__.py:63: FutureWarning: The pynvml package is deprecated. Please install nvidia-ml-py instead. If you did not install pynvml directly, please report this to the maintainers of the package that installed pynvml for you.
  import pynvml  # type: ignore[import]
[929/1842] BinFill/episode_67 succeeded with seed 10700 (attempt 0, 159.114s)
/data/hongzefu/robomme_benchmark_MotionJEPANewTask/.venv/lib/python3.11/site-packages/sapien/__init__.py:18: UserWarning: pkg_resources is deprecated as an API. See https://setuptools.pypa.io/en/latest/pkg_resources.html. The pkg_resources package is slated for removal as early as 2025-11-30. Refrain from using this package or pin to Setuptools<81.
  import pkg_resources
/data/hongzefu/robomme_benchmark_MotionJEPANewTask/.venv/lib/python3.11/site-packages/torch/cuda/__init__.py:63: FutureWarning: The pynvml package is deprecated. Please install nvidia-ml-py instead. If you did not install pynvml directly, please report this to the maintainers of the package that installed pynvml for you.
  import pynvml  # type: ignore[import]
/data/hongzefu/robomme_benchmark_MotionJEPANewTask/.venv/lib/python3.11/site-packages/sapien/__init__.py:18: UserWarning: pkg_resources is deprecated as an API. See https://setuptools.pypa.io/en/latest/pkg_resources.html. The pkg_resources package is slated for removal as early as 2025-11-30. Refrain from using this package or pin to Setuptools<81.
  import pkg_resources
[930/1842] VideoUnmaskSwap/episode_68 succeeded with seed 11800 (attempt 0, 90.673s)
Warning: link 'camera_link' material 'aluminum' undefined.
         at line 85 in /workspace/urdfdom/urdf_parser/src/model.cpp
Warning: link 'camera_link' material 'aluminum' undefined.
         at line 85 in /workspace/urdfdom/urdf_parser/src/model.cpp
Warning: link 'camera_link' material 'aluminum' undefined.
         at line 85 in /workspace/urdfdom/urdf_parser/src/model.cpp
Warning: link 'camera_link' material 'aluminum' undefined.
         at line 85 in /workspace/urdfdom/urdf_parser/src/model.cpp
Warning: link 'camera_link' material 'aluminum' undefined.
         at line 85 in /workspace/urdfdom/urdf_parser/src/model.cpp
Warning: link 'camera_link' material 'aluminum' undefined.
         at line 85 in /workspace/urdfdom/urdf_parser/src/model.cpp
Warning: link 'camera_link' material 'aluminum' undefined.
         at line 85 in /workspace/urdfdom/urdf_parser/src/model.cpp
Warning: link 'camera_link' material 'aluminum' undefined.
         at line 85 in /workspace/urdfdom/urdf_parser/src/model.cpp
Warning: link 'camera_link' material 'aluminum' undefined.
         at line 85 in /workspace/urdfdom/urdf_parser/src/model.cpp
Warning: link 'camera_link' material 'aluminum' undefined.
         at line 85 in /workspace/urdfdom/urdf_parser/src/model.cpp
Warning: link 'camera_link' material 'aluminum' undefined.
         at line 85 in /workspace/urdfdom/urdf_parser/src/model.cpp
Warning: link 'camera_link' material 'aluminum' undefined.
         at line 85 in /workspace/urdfdom/urdf_parser/src/model.cpp
Warning: link 'camera_link' material 'aluminum' undefined.
         at line 85 in /workspace/urdfdom/urdf_parser/src/model.cpp
Warning: link 'camera_link' material 'aluminum' undefined.
         at line 85 in /workspace/urdfdom/urdf_parser/src/model.cpp
Warning: link 'camera_link' material 'aluminum' undefined.
         at line 85 in /workspace/urdfdom/urdf_parser/src/model.cpp
Warning: link 'camera_link' material 'aluminum' undefined.
         at line 85 in /workspace/urdfdom/urdf_parser/src/model.cpp
Warning: link 'camera_link' material 'aluminum' undefined.
         at line 85 in /workspace/urdfdom/urdf_parser/src/model.cpp
Warning: link 'camera_link' material 'aluminum' undefined.
         at line 85 in /workspace/urdfdom/urdf_parser/src/model.cpp
Warning: link 'camera_link' material 'aluminum' undefined.
         at line 85 in /workspace/urdfdom/urdf_parser/src/model.cpp
Warning: link 'camera_link' material 'aluminum' undefined.
         at line 85 in /workspace/urdfdom/urdf_parser/src/model.cpp
Warning: link 'camera_link' material 'aluminum' undefined.
         at line 85 in /workspace/urdfdom/urdf_parser/src/model.cpp
Warning: link 'camera_link' material 'aluminum' undefined.
         at line 85 in /workspace/urdfdom/urdf_parser/src/model.cpp
Warning: link 'camera_link' material 'aluminum' undefined.
         at line 85 in /workspace/urdfdom/urdf_parser/src/model.cpp
Warning: link 'camera_link' material 'aluminum' undefined.
         at line 85 in /workspace/urdfdom/urdf_parser/src/model.cpp
[931/1842] BinFill/episode_66 succeeded with seed 10600 (attempt 0, 210.649s)
[932/1842] VideoRepick/episode_67 succeeded with seed 15700 (attempt 0, 146.08s)
[933/1842] VideoUnmaskSwap/episode_69 succeeded with seed 11900 (attempt 0, 58.656s)
[934/1842] RouteStick/episode_68 succeeded with seed 22800 (attempt 0, 127.157s)
[935/1842] VideoUnmaskSwap/episode_68 succeeded with seed 11800 (attempt 0, 114.647s)
[936/1842] RouteStick/episode_68 succeeded with seed 22800 (attempt 0, 142.722s)
Warning: link 'camera_link' material 'aluminum' undefined.
         at line 85 in /workspace/urdfdom/urdf_parser/src/model.cpp
Warning: link 'camera_link' material 'aluminum' undefined.
         at line 85 in /workspace/urdfdom/urdf_parser/src/model.cpp
Warning: link 'camera_link' material 'aluminum' undefined.
         at line 85 in /workspace/urdfdom/urdf_parser/src/model.cpp
Warning: link 'camera_link' material 'aluminum' undefined.
         at line 85 in /workspace/urdfdom/urdf_parser/src/model.cpp
Warning: link 'camera_link' material 'aluminum' undefined.
         at line 85 in /workspace/urdfdom/urdf_parser/src/model.cpp
Warning: link 'camera_link' material 'aluminum' undefined.
         at line 85 in /workspace/urdfdom/urdf_parser/src/model.cpp
Warning: link 'camera_link' material 'aluminum' undefined.
         at line 85 in /workspace/urdfdom/urdf_parser/src/model.cpp
Warning: link 'camera_link' material 'aluminum' undefined.
         at line 85 in /workspace/urdfdom/urdf_parser/src/model.cpp
[937/1842] BinFill/episode_69 succeeded with seed 10900 (attempt 0, 109.689s)
screw plan failed
screw plan failed
screw plan failed
[938/1842] RouteStick/episode_69 succeeded with seed 22900 (attempt 0, 94.838s)
/data/hongzefu/robomme_benchmark_MotionJEPANewTask/.venv/lib/python3.11/site-packages/torch/cuda/__init__.py:63: FutureWarning: The pynvml package is deprecated. Please install nvidia-ml-py instead. If you did not install pynvml directly, please report this to the maintainers of the package that installed pynvml for you.
  import pynvml  # type: ignore[import]
/data/hongzefu/robomme_benchmark_MotionJEPANewTask/.venv/lib/python3.11/site-packages/sapien/__init__.py:18: UserWarning: pkg_resources is deprecated as an API. See https://setuptools.pypa.io/en/latest/pkg_resources.html. The pkg_resources package is slated for removal as early as 2025-11-30. Refrain from using this package or pin to Setuptools<81.
  import pkg_resources
[939/1842] VideoUnmaskSwap/episode_69 succeeded with seed 11900 (attempt 0, 93.038s)
[940/1842] BinFill/episode_68 succeeded with seed 10800 (attempt 0, 159.535s)
[941/1842] VideoRepick/episode_67 succeeded with seed 15700 (attempt 0, 172.803s)
Warning: link 'camera_link' material 'aluminum' undefined.
         at line 85 in /workspace/urdfdom/urdf_parser/src/model.cpp
Warning: link 'camera_link' material 'aluminum' undefined.
         at line 85 in /workspace/urdfdom/urdf_parser/src/model.cpp
Warning: link 'camera_link' material 'aluminum' undefined.
         at line 85 in /workspace/urdfdom/urdf_parser/src/model.cpp
Warning: link 'camera_link' material 'aluminum' undefined.
         at line 85 in /workspace/urdfdom/urdf_parser/src/model.cpp
Warning: link 'camera_link' material 'aluminum' undefined.
         at line 85 in /workspace/urdfdom/urdf_parser/src/model.cpp
Warning: link 'camera_link' material 'aluminum' undefined.
         at line 85 in /workspace/urdfdom/urdf_parser/src/model.cpp
Warning: link 'camera_link' material 'aluminum' undefined.
         at line 85 in /workspace/urdfdom/urdf_parser/src/model.cpp
Warning: link 'camera_link' material 'aluminum' undefined.
         at line 85 in /workspace/urdfdom/urdf_parser/src/model.cpp
[942/1842] RouteStick/episode_66 succeeded with seed 22600 (attempt 0, 233.427s)
Warning: link 'camera_link' material 'aluminum' undefined.
         at line 85 in /workspace/urdfdom/urdf_parser/src/model.cpp
Warning: link 'camera_link' material 'aluminum' undefined.
         at line 85 in /workspace/urdfdom/urdf_parser/src/model.cpp
Warning: link 'camera_link' material 'aluminum' undefined.
         at line 85 in /workspace/urdfdom/urdf_parser/src/model.cpp
Warning: link 'camera_link' material 'aluminum' undefined.
         at line 85 in /workspace/urdfdom/urdf_parser/src/model.cpp
Warning: link 'camera_link' material 'aluminum' undefined.
         at line 85 in /workspace/urdfdom/urdf_parser/src/model.cpp
Warning: link 'camera_link' material 'aluminum' undefined.
         at line 85 in /workspace/urdfdom/urdf_parser/src/model.cpp
Warning: link 'camera_link' material 'aluminum' undefined.
         at line 85 in /workspace/urdfdom/urdf_parser/src/model.cpp
Warning: link 'camera_link' material 'aluminum' undefined.
         at line 85 in /workspace/urdfdom/urdf_parser/src/model.cpp
Warning: link 'camera_link' material 'aluminum' undefined.
         at line 85 in /workspace/urdfdom/urdf_parser/src/model.cpp
Warning: link 'camera_link' material 'aluminum' undefined.
         at line 85 in /workspace/urdfdom/urdf_parser/src/model.cpp
Warning: link 'camera_link' material 'aluminum' undefined.
         at line 85 in /workspace/urdfdom/urdf_parser/src/model.cpp
Warning: link 'camera_link' material 'aluminum' undefined.
         at line 85 in /workspace/urdfdom/urdf_parser/src/model.cpp
Warning: link 'camera_link' material 'aluminum' undefined.
         at line 85 in /workspace/urdfdom/urdf_parser/src/model.cpp
Warning: link 'camera_link' material 'aluminum' undefined.
         at line 85 in /workspace/urdfdom/urdf_parser/src/model.cpp
Warning: link 'camera_link' material 'aluminum' undefined.
         at line 85 in /workspace/urdfdom/urdf_parser/src/model.cpp
Warning: link 'camera_link' material 'aluminum' undefined.
         at line 85 in /workspace/urdfdom/urdf_parser/src/model.cpp
[943/1842] VideoRepick/episode_68 succeeded with seed 15800 (attempt 0, 149.709s)
[944/1842] VideoUnmaskSwap/episode_69 succeeded with seed 11900 (attempt 0, 102.877s)
[945/1842] BinFill/episode_68 succeeded with seed 10800 (attempt 0, 173.034s)
[946/1842] VideoUnmaskSwap/episode_70 succeeded with seed 12000 (attempt 0, 73.486s)
[947/1842] RouteStick/episode_67 succeeded with seed 22700 (attempt 0, 193.978s)
[948/1842] VideoRepick/episode_68 succeeded with seed 15800 (attempt 0, 149.246s)
[949/1842] VideoUnmaskSwap/episode_70 succeeded with seed 12000 (attempt 0, 73.195s)
/data/hongzefu/robomme_benchmark_MotionJEPANewTask/.venv/lib/python3.11/site-packages/torch/cuda/__init__.py:63: FutureWarning: The pynvml package is deprecated. Please install nvidia-ml-py instead. If you did not install pynvml directly, please report this to the maintainers of the package that installed pynvml for you.
  import pynvml  # type: ignore[import]
/data/hongzefu/robomme_benchmark_MotionJEPANewTask/.venv/lib/python3.11/site-packages/sapien/__init__.py:18: UserWarning: pkg_resources is deprecated as an API. See https://setuptools.pypa.io/en/latest/pkg_resources.html. The pkg_resources package is slated for removal as early as 2025-11-30. Refrain from using this package or pin to Setuptools<81.
  import pkg_resources
[950/1842] BinFill/episode_69 succeeded with seed 10900 (attempt 0, 140.789s)
[951/1842] RouteStick/episode_69 succeeded with seed 22900 (attempt 0, 130.654s)
Warning: link 'camera_link' material 'aluminum' undefined.
         at line 85 in /workspace/urdfdom/urdf_parser/src/model.cpp
Warning: link 'camera_link' material 'aluminum' undefined.
         at line 85 in /workspace/urdfdom/urdf_parser/src/model.cpp
Warning: link 'camera_link' material 'aluminum' undefined.
         at line 85 in /workspace/urdfdom/urdf_parser/src/model.cpp
Warning: link 'camera_link' material 'aluminum' undefined.
         at line 85 in /workspace/urdfdom/urdf_parser/src/model.cpp
Warning: link 'camera_link' material 'aluminum' undefined.
         at line 85 in /workspace/urdfdom/urdf_parser/src/model.cpp
Warning: link 'camera_link' material 'aluminum' undefined.
         at line 85 in /workspace/urdfdom/urdf_parser/src/model.cpp
Warning: link 'camera_link' material 'aluminum' undefined.
         at line 85 in /workspace/urdfdom/urdf_parser/src/model.cpp
Warning: link 'camera_link' material 'aluminum' undefined.
         at line 85 in /workspace/urdfdom/urdf_parser/src/model.cpp
[952/1842] BinFill/episode_70 succeeded with seed 11000 (attempt 0, 96.559s)
Warning: link 'camera_link' material 'aluminum' undefined.
         at line 85 in /workspace/urdfdom/urdf_parser/src/model.cpp
Warning: link 'camera_link' material 'aluminum' undefined.
         at line 85 in /workspace/urdfdom/urdf_parser/src/model.cpp
Warning: link 'camera_link' material 'aluminum' undefined.
         at line 85 in /workspace/urdfdom/urdf_parser/src/model.cpp
Warning: link 'camera_link' material 'aluminum' undefined.
         at line 85 in /workspace/urdfdom/urdf_parser/src/model.cpp
Warning: link 'camera_link' material 'aluminum' undefined.
         at line 85 in /workspace/urdfdom/urdf_parser/src/model.cpp
Warning: link 'camera_link' material 'aluminum' undefined.
         at line 85 in /workspace/urdfdom/urdf_parser/src/model.cpp
Warning: link 'camera_link' material 'aluminum' undefined.
         at line 85 in /workspace/urdfdom/urdf_parser/src/model.cpp
Warning: link 'camera_link' material 'aluminum' undefined.
         at line 85 in /workspace/urdfdom/urdf_parser/src/model.cpp
[953/1842] RouteStick/episode_69 succeeded with seed 22900 (attempt 0, 143.867s)
[954/1842] VideoUnmaskSwap/episode_69 succeeded with seed 11900 (attempt 0, 113.591s)
Warning: link 'camera_link' material 'aluminum' undefined.
         at line 85 in /workspace/urdfdom/urdf_parser/src/model.cpp
Warning: link 'camera_link' material 'aluminum' undefined.
         at line 85 in /workspace/urdfdom/urdf_parser/src/model.cpp
Warning: link 'camera_link' material 'aluminum' undefined.
         at line 85 in /workspace/urdfdom/urdf_parser/src/model.cpp
Warning: link 'camera_link' material 'aluminum' undefined.
         at line 85 in /workspace/urdfdom/urdf_parser/src/model.cpp
Warning: link 'camera_link' material 'aluminum' undefined.
         at line 85 in /workspace/urdfdom/urdf_parser/src/model.cpp
Warning: link 'camera_link' material 'aluminum' undefined.
         at line 85 in /workspace/urdfdom/urdf_parser/src/model.cpp
Warning: link 'camera_link' material 'aluminum' undefined.
         at line 85 in /workspace/urdfdom/urdf_parser/src/model.cpp
Warning: link 'camera_link' material 'aluminum' undefined.
         at line 85 in /workspace/urdfdom/urdf_parser/src/model.cpp
[955/1842] VideoUnmaskSwap/episode_70 succeeded with seed 12000 (attempt 0, 99.591s)
[956/1842] VideoRepick/episode_69 succeeded with seed 15900 (attempt 0, 128.773s)
[957/1842] RouteStick/episode_70 succeeded with seed 23000 (attempt 0, 110.161s)
Warning: link 'camera_link' material 'aluminum' undefined.
         at line 85 in /workspace/urdfdom/urdf_parser/src/model.cpp
Warning: link 'camera_link' material 'aluminum' undefined.
         at line 85 in /workspace/urdfdom/urdf_parser/src/model.cpp
Warning: link 'camera_link' material 'aluminum' undefined.
         at line 85 in /workspace/urdfdom/urdf_parser/src/model.cpp
Warning: link 'camera_link' material 'aluminum' undefined.
         at line 85 in /workspace/urdfdom/urdf_parser/src/model.cpp
Warning: link 'camera_link' material 'aluminum' undefined.
         at line 85 in /workspace/urdfdom/urdf_parser/src/model.cpp
Warning: link 'camera_link' material 'aluminum' undefined.
         at line 85 in /workspace/urdfdom/urdf_parser/src/model.cpp
Warning: link 'camera_link' material 'aluminum' undefined.
         at line 85 in /workspace/urdfdom/urdf_parser/src/model.cpp
Warning: link 'camera_link' material 'aluminum' undefined.
         at line 85 in /workspace/urdfdom/urdf_parser/src/model.cpp
[958/1842] BinFill/episode_70 succeeded with seed 11000 (attempt 0, 127.522s)
[959/1842] VideoRepick/episode_69 succeeded with seed 15900 (attempt 0, 127.966s)
Warning: link 'camera_link' material 'aluminum' undefined.
         at line 85 in /workspace/urdfdom/urdf_parser/src/model.cpp
Warning: link 'camera_link' material 'aluminum' undefined.
         at line 85 in /workspace/urdfdom/urdf_parser/src/model.cpp
Warning: link 'camera_link' material 'aluminum' undefined.
         at line 85 in /workspace/urdfdom/urdf_parser/src/model.cpp
Warning: link 'camera_link' material 'aluminum' undefined.
         at line 85 in /workspace/urdfdom/urdf_parser/src/model.cpp
Warning: link 'camera_link' material 'aluminum' undefined.
         at line 85 in /workspace/urdfdom/urdf_parser/src/model.cpp
Warning: link 'camera_link' material 'aluminum' undefined.
         at line 85 in /workspace/urdfdom/urdf_parser/src/model.cpp
Warning: link 'camera_link' material 'aluminum' undefined.
         at line 85 in /workspace/urdfdom/urdf_parser/src/model.cpp
Warning: link 'camera_link' material 'aluminum' undefined.
         at line 85 in /workspace/urdfdom/urdf_parser/src/model.cpp
[960/1842] VideoRepick/episode_70 succeeded with seed 16000 (attempt 0, 109.79s)
[961/1842] BinFill/episode_71 succeeded with seed 11100 (attempt 0, 95.788s)
[962/1842] VideoUnmaskSwap/episode_71 succeeded with seed 12100 (attempt 0, 65.932s)
[963/1842] BinFill/episode_70 succeeded with seed 11000 (attempt 0, 131.482s)
/data/hongzefu/robomme_benchmark_MotionJEPANewTask/.venv/lib/python3.11/site-packages/torch/cuda/__init__.py:63: FutureWarning: The pynvml package is deprecated. Please install nvidia-ml-py instead. If you did not install pynvml directly, please report this to the maintainers of the package that installed pynvml for you.
  import pynvml  # type: ignore[import]
/data/hongzefu/robomme_benchmark_MotionJEPANewTask/.venv/lib/python3.11/site-packages/sapien/__init__.py:18: UserWarning: pkg_resources is deprecated as an API. See https://setuptools.pypa.io/en/latest/pkg_resources.html. The pkg_resources package is slated for removal as early as 2025-11-30. Refrain from using this package or pin to Setuptools<81.
  import pkg_resources
[964/1842] VideoRepick/episode_69 succeeded with seed 15900 (attempt 0, 148.991s)
[965/1842] RouteStick/episode_70 succeeded with seed 23000 (attempt 0, 139.795s)
[966/1842] VideoUnmaskSwap/episode_71 succeeded with seed 12100 (attempt 0, 83.639s)
/data/hongzefu/robomme_benchmark_MotionJEPANewTask/.venv/lib/python3.11/site-packages/torch/cuda/__init__.py:63: FutureWarning: The pynvml package is deprecated. Please install nvidia-ml-py instead. If you did not install pynvml directly, please report this to the maintainers of the package that installed pynvml for you.
  import pynvml  # type: ignore[import]
/data/hongzefu/robomme_benchmark_MotionJEPANewTask/.venv/lib/python3.11/site-packages/sapien/__init__.py:18: UserWarning: pkg_resources is deprecated as an API. See https://setuptools.pypa.io/en/latest/pkg_resources.html. The pkg_resources package is slated for removal as early as 2025-11-30. Refrain from using this package or pin to Setuptools<81.
  import pkg_resources
[967/1842] RouteStick/episode_68 succeeded with seed 22800 (attempt 0, 214.677s)
screw plan failed
screw plan failed
screw plan failed
[968/1842] BinFill/episode_72 succeeded with seed 11200 (attempt 0, 71.765s)
[969/1842] VideoUnmaskSwap/episode_71 succeeded with seed 12100 (attempt 0, 86.88s)
[970/1842] VideoUnmaskSwap/episode_72 succeeded with seed 12200 (attempt 0, 57.968s)
[971/1842] VideoUnmaskSwap/episode_72 succeeded with seed 12200 (attempt 0, 49.017s)
[972/1842] RouteStick/episode_71 succeeded with seed 23100 (attempt 0, 106.424s)
Warning: link 'camera_link' material 'aluminum' undefined.
         at line 85 in /workspace/urdfdom/urdf_parser/src/model.cpp
Warning: link 'camera_link' material 'aluminum' undefined.
         at line 85 in /workspace/urdfdom/urdf_parser/src/model.cpp
Warning: link 'camera_link' material 'aluminum' undefined.
         at line 85 in /workspace/urdfdom/urdf_parser/src/model.cpp
Warning: link 'camera_link' material 'aluminum' undefined.
         at line 85 in /workspace/urdfdom/urdf_parser/src/model.cpp
Warning: link 'camera_link' material 'aluminum' undefined.
         at line 85 in /workspace/urdfdom/urdf_parser/src/model.cpp
Warning: link 'camera_link' material 'aluminum' undefined.
         at line 85 in /workspace/urdfdom/urdf_parser/src/model.cpp
Warning: link 'camera_link' material 'aluminum' undefined.
         at line 85 in /workspace/urdfdom/urdf_parser/src/model.cpp
Warning: link 'camera_link' material 'aluminum' undefined.
         at line 85 in /workspace/urdfdom/urdf_parser/src/model.cpp
Warning: link 'camera_link' material 'aluminum' undefined.
         at line 85 in /workspace/urdfdom/urdf_parser/src/model.cpp
Warning: link 'camera_link' material 'aluminum' undefined.
         at line 85 in /workspace/urdfdom/urdf_parser/src/model.cpp
Warning: link 'camera_link' material 'aluminum' undefined.
         at line 85 in /workspace/urdfdom/urdf_parser/src/model.cpp
Warning: link 'camera_link' material 'aluminum' undefined.
         at line 85 in /workspace/urdfdom/urdf_parser/src/model.cpp
Warning: link 'camera_link' material 'aluminum' undefined.
         at line 85 in /workspace/urdfdom/urdf_parser/src/model.cpp
Warning: link 'camera_link' material 'aluminum' undefined.
         at line 85 in /workspace/urdfdom/urdf_parser/src/model.cpp
Warning: link 'camera_link' material 'aluminum' undefined.
         at line 85 in /workspace/urdfdom/urdf_parser/src/model.cpp
Warning: link 'camera_link' material 'aluminum' undefined.
         at line 85 in /workspace/urdfdom/urdf_parser/src/model.cpp
Warning: link 'camera_link' material 'aluminum' undefined.
         at line 85 in /workspace/urdfdom/urdf_parser/src/model.cpp
Warning: link 'camera_link' material 'aluminum' undefined.
         at line 85 in /workspace/urdfdom/urdf_parser/src/model.cpp
Warning: link 'camera_link' material 'aluminum' undefined.
         at line 85 in /workspace/urdfdom/urdf_parser/src/model.cpp
Warning: link 'camera_link' material 'aluminum' undefined.
         at line 85 in /workspace/urdfdom/urdf_parser/src/model.cpp
Warning: link 'camera_link' material 'aluminum' undefined.
         at line 85 in /workspace/urdfdom/urdf_parser/src/model.cpp
Warning: link 'camera_link' material 'aluminum' undefined.
         at line 85 in /workspace/urdfdom/urdf_parser/src/model.cpp
Warning: link 'camera_link' material 'aluminum' undefined.
         at line 85 in /workspace/urdfdom/urdf_parser/src/model.cpp
Warning: link 'camera_link' material 'aluminum' undefined.
         at line 85 in /workspace/urdfdom/urdf_parser/src/model.cpp
[973/1842] RouteStick/episode_72 succeeded with seed 23200 (attempt 0, 85.769s)
[974/1842] VideoRepick/episode_70 succeeded with seed 16000 (attempt 0, 147.756s)
Warning: link 'camera_link' material 'aluminum' undefined.
         at line 85 in /workspace/urdfdom/urdf_parser/src/model.cpp
Warning: link 'camera_link' material 'aluminum' undefined.
         at line 85 in /workspace/urdfdom/urdf_parser/src/model.cpp
Warning: link 'camera_link' material 'aluminum' undefined.
         at line 85 in /workspace/urdfdom/urdf_parser/src/model.cpp
Warning: link 'camera_link' material 'aluminum' undefined.
         at line 85 in /workspace/urdfdom/urdf_parser/src/model.cpp
Warning: link 'camera_link' material 'aluminum' undefined.
         at line 85 in /workspace/urdfdom/urdf_parser/src/model.cpp
Warning: link 'camera_link' material 'aluminum' undefined.
         at line 85 in /workspace/urdfdom/urdf_parser/src/model.cpp
Warning: link 'camera_link' material 'aluminum' undefined.
         at line 85 in /workspace/urdfdom/urdf_parser/src/model.cpp
Warning: link 'camera_link' material 'aluminum' undefined.
         at line 85 in /workspace/urdfdom/urdf_parser/src/model.cpp
[975/1842] BinFill/episode_71 succeeded with seed 11100 (attempt 0, 134.078s)
[976/1842] RouteStick/episode_71 succeeded with seed 23100 (attempt 0, 118.9s)
[977/1842] VideoUnmaskSwap/episode_71 succeeded with seed 12100 (attempt 0, 101.204s)
[978/1842] RouteStick/episode_71 succeeded with seed 23100 (attempt 0, 122.204s)
[979/1842] BinFill/episode_72 succeeded with seed 11200 (attempt 0, 101.415s)
[980/1842] RouteStick/episode_70 succeeded with seed 23000 (attempt 0, 175.199s)
[981/1842] VideoRepick/episode_71 succeeded with seed 16100 (attempt 0, 120.84s)
[982/1842] RouteStick/episode_69 succeeded with seed 22900 (attempt 0, 191.515s)
Warning: link 'camera_link' material 'aluminum' undefined.
         at line 85 in /workspace/urdfdom/urdf_parser/src/model.cpp
Warning: link 'camera_link' material 'aluminum' undefined.
         at line 85 in /workspace/urdfdom/urdf_parser/src/model.cpp
Warning: link 'camera_link' material 'aluminum' undefined.
         at line 85 in /workspace/urdfdom/urdf_parser/src/model.cpp
Warning: link 'camera_link' material 'aluminum' undefined.
         at line 85 in /workspace/urdfdom/urdf_parser/src/model.cpp
Warning: link 'camera_link' material 'aluminum' undefined.
         at line 85 in /workspace/urdfdom/urdf_parser/src/model.cpp
Warning: link 'camera_link' material 'aluminum' undefined.
         at line 85 in /workspace/urdfdom/urdf_parser/src/model.cpp
Warning: link 'camera_link' material 'aluminum' undefined.
         at line 85 in /workspace/urdfdom/urdf_parser/src/model.cpp
Warning: link 'camera_link' material 'aluminum' undefined.
         at line 85 in /workspace/urdfdom/urdf_parser/src/model.cpp
Warning: link 'camera_link' material 'aluminum' undefined.
         at line 85 in /workspace/urdfdom/urdf_parser/src/model.cpp
Warning: link 'camera_link' material 'aluminum' undefined.
         at line 85 in /workspace/urdfdom/urdf_parser/src/model.cpp
Warning: link 'camera_link' material 'aluminum' undefined.
         at line 85 in /workspace/urdfdom/urdf_parser/src/model.cpp
Warning: link 'camera_link' material 'aluminum' undefined.
         at line 85 in /workspace/urdfdom/urdf_parser/src/model.cpp
Warning: link 'camera_link' material 'aluminum' undefined.
         at line 85 in /workspace/urdfdom/urdf_parser/src/model.cpp
Warning: link 'camera_link' material 'aluminum' undefined.
         at line 85 in /workspace/urdfdom/urdf_parser/src/model.cpp
Warning: link 'camera_link' material 'aluminum' undefined.
         at line 85 in /workspace/urdfdom/urdf_parser/src/model.cpp
Warning: link 'camera_link' material 'aluminum' undefined.
         at line 85 in /workspace/urdfdom/urdf_parser/src/model.cpp
Warning: link 'camera_link' material 'aluminum' undefined.
         at line 85 in /workspace/urdfdom/urdf_parser/src/model.cpp
Warning: link 'camera_link' material 'aluminum' undefined.
         at line 85 in /workspace/urdfdom/urdf_parser/src/model.cpp
Warning: link 'camera_link' material 'aluminum' undefined.
         at line 85 in /workspace/urdfdom/urdf_parser/src/model.cpp
Warning: link 'camera_link' material 'aluminum' undefined.
         at line 85 in /workspace/urdfdom/urdf_parser/src/model.cpp
Warning: link 'camera_link' material 'aluminum' undefined.
         at line 85 in /workspace/urdfdom/urdf_parser/src/model.cpp
Warning: link 'camera_link' material 'aluminum' undefined.
         at line 85 in /workspace/urdfdom/urdf_parser/src/model.cpp
Warning: link 'camera_link' material 'aluminum' undefined.
         at line 85 in /workspace/urdfdom/urdf_parser/src/model.cpp
Warning: link 'camera_link' material 'aluminum' undefined.
         at line 85 in /workspace/urdfdom/urdf_parser/src/model.cpp
[983/1842] VideoUnmaskSwap/episode_70 succeeded with seed 12000 (attempt 0, 168.975s)
[984/1842] VideoRepick/episode_71 succeeded with seed 16100 (attempt 0, 140.281s)
[985/1842] VideoUnmaskSwap/episode_73 succeeded with seed 12300 (attempt 0, 72.105s)
[986/1842] VideoRepick/episode_72 succeeded with seed 16200 (attempt 0, 110.066s)
[987/1842] RouteStick/episode_72 succeeded with seed 23200 (attempt 0, 133.081s)
[988/1842] VideoUnmaskSwap/episode_72 succeeded with seed 12200 (attempt 0, 117.464s)
[989/1842] RouteStick/episode_70 succeeded with seed 23000 (attempt 0, 193.323s)
[990/1842] RouteStick/episode_73 succeeded with seed 23300 (attempt 0, 85.737s)
screw plan failed
screw plan failed
screw plan failed
[991/1842] BinFill/episode_71 succeeded with seed 11100 (attempt 0, 194.346s)
[992/1842] VideoUnmaskSwap/episode_72 succeeded with seed 12200 (attempt 0, 112.244s)
Warning: link 'camera_link' material 'aluminum' undefined.
         at line 85 in /workspace/urdfdom/urdf_parser/src/model.cpp
Warning: link 'camera_link' material 'aluminum' undefined.
         at line 85 in /workspace/urdfdom/urdf_parser/src/model.cpp
Warning: link 'camera_link' material 'aluminum' undefined.
         at line 85 in /workspace/urdfdom/urdf_parser/src/model.cpp
Warning: link 'camera_link' material 'aluminum' undefined.
         at line 85 in /workspace/urdfdom/urdf_parser/src/model.cpp
Warning: link 'camera_link' material 'aluminum' undefined.
         at line 85 in /workspace/urdfdom/urdf_parser/src/model.cpp
Warning: link 'camera_link' material 'aluminum' undefined.
         at line 85 in /workspace/urdfdom/urdf_parser/src/model.cpp
Warning: link 'camera_link' material 'aluminum' undefined.
         at line 85 in /workspace/urdfdom/urdf_parser/src/model.cpp
Warning: link 'camera_link' material 'aluminum' undefined.
         at line 85 in /workspace/urdfdom/urdf_parser/src/model.cpp
[993/1842] VideoRepick/episode_71 succeeded with seed 16100 (attempt 0, 158.597s)
[994/1842] VideoUnmaskSwap/episode_74 succeeded with seed 12400 (attempt 0, 53.359s)
[995/1842] VideoUnmaskSwap/episode_74 succeeded with seed 12400 (attempt 0, 56.401s)
[996/1842] VideoUnmaskSwap/episode_73 succeeded with seed 12300 (attempt 0, 90.52s)
[997/1842] RouteStick/episode_72 succeeded with seed 23200 (attempt 0, 151.951s)
/data/hongzefu/robomme_benchmark_MotionJEPANewTask/.venv/lib/python3.11/site-packages/torch/cuda/__init__.py:63: FutureWarning: The pynvml package is deprecated. Please install nvidia-ml-py instead. If you did not install pynvml directly, please report this to the maintainers of the package that installed pynvml for you.
  import pynvml  # type: ignore[import]
[998/1842] VideoUnmaskSwap/episode_73 succeeded with seed 12300 (attempt 0, 96.935s)
/data/hongzefu/robomme_benchmark_MotionJEPANewTask/.venv/lib/python3.11/site-packages/sapien/__init__.py:18: UserWarning: pkg_resources is deprecated as an API. See https://setuptools.pypa.io/en/latest/pkg_resources.html. The pkg_resources package is slated for removal as early as 2025-11-30. Refrain from using this package or pin to Setuptools<81.
  import pkg_resources
screw plan failed
screw plan failed
screw plan failed
Warning: link 'camera_link' material 'aluminum' undefined.
         at line 85 in /workspace/urdfdom/urdf_parser/src/model.cpp
Warning: link 'camera_link' material 'aluminum' undefined.
         at line 85 in /workspace/urdfdom/urdf_parser/src/model.cpp
Warning: link 'camera_link' material 'aluminum' undefined.
         at line 85 in /workspace/urdfdom/urdf_parser/src/model.cpp
Warning: link 'camera_link' material 'aluminum' undefined.
         at line 85 in /workspace/urdfdom/urdf_parser/src/model.cpp
Warning: link 'camera_link' material 'aluminum' undefined.
         at line 85 in /workspace/urdfdom/urdf_parser/src/model.cpp
Warning: link 'camera_link' material 'aluminum' undefined.
         at line 85 in /workspace/urdfdom/urdf_parser/src/model.cpp
Warning: link 'camera_link' material 'aluminum' undefined.
         at line 85 in /workspace/urdfdom/urdf_parser/src/model.cpp
Warning: link 'camera_link' material 'aluminum' undefined.
         at line 85 in /workspace/urdfdom/urdf_parser/src/model.cpp
[999/1842] VideoRepick/episode_73 succeeded with seed 16300 (attempt 0, 103.859s)
Warning: link 'camera_link' material 'aluminum' undefined.
         at line 85 in /workspace/urdfdom/urdf_parser/src/model.cpp
Warning: link 'camera_link' material 'aluminum' undefined.
         at line 85 in /workspace/urdfdom/urdf_parser/src/model.cpp
Warning: link 'camera_link' material 'aluminum' undefined.
         at line 85 in /workspace/urdfdom/urdf_parser/src/model.cpp
Warning: link 'camera_link' material 'aluminum' undefined.
         at line 85 in /workspace/urdfdom/urdf_parser/src/model.cpp
Warning: link 'camera_link' material 'aluminum' undefined.
         at line 85 in /workspace/urdfdom/urdf_parser/src/model.cpp
Warning: link 'camera_link' material 'aluminum' undefined.
         at line 85 in /workspace/urdfdom/urdf_parser/src/model.cpp
Warning: link 'camera_link' material 'aluminum' undefined.
         at line 85 in /workspace/urdfdom/urdf_parser/src/model.cpp
Warning: link 'camera_link' material 'aluminum' undefined.
         at line 85 in /workspace/urdfdom/urdf_parser/src/model.cpp
Warning: link 'camera_link' material 'aluminum' undefined.
         at line 85 in /workspace/urdfdom/urdf_parser/src/model.cpp
Warning: link 'camera_link' material 'aluminum' undefined.
         at line 85 in /workspace/urdfdom/urdf_parser/src/model.cpp
Warning: link 'camera_link' material 'aluminum' undefined.
         at line 85 in /workspace/urdfdom/urdf_parser/src/model.cpp
Warning: link 'camera_link' material 'aluminum' undefined.
         at line 85 in /workspace/urdfdom/urdf_parser/src/model.cpp
Warning: link 'camera_link' material 'aluminum' undefined.
         at line 85 in /workspace/urdfdom/urdf_parser/src/model.cpp
Warning: link 'camera_link' material 'aluminum' undefined.
         at line 85 in /workspace/urdfdom/urdf_parser/src/model.cpp
Warning: link 'camera_link' material 'aluminum' undefined.
         at line 85 in /workspace/urdfdom/urdf_parser/src/model.cpp
Warning: link 'camera_link' material 'aluminum' undefined.
         at line 85 in /workspace/urdfdom/urdf_parser/src/model.cpp
[1000/1842] BinFill/episode_73 succeeded with seed 11300 (attempt 0, 121.222s)
[1001/1842] RouteStick/episode_73 succeeded with seed 23300 (attempt 0, 120.139s)
[1002/1842] BinFill/episode_74 succeeded with seed 11400 (attempt 0, 92.174s)
[1003/1842] BinFill/episode_74 succeeded with seed 11400 (attempt 0, 93.66s)
[1004/1842] VideoRepick/episode_72 succeeded with seed 16200 (attempt 0, 160.679s)
Warning: link 'camera_link' material 'aluminum' undefined.
         at line 85 in /workspace/urdfdom/urdf_parser/src/model.cpp
Warning: link 'camera_link' material 'aluminum' undefined.
         at line 85 in /workspace/urdfdom/urdf_parser/src/model.cpp
Warning: link 'camera_link' material 'aluminum' undefined.
         at line 85 in /workspace/urdfdom/urdf_parser/src/model.cpp
Warning: link 'camera_link' material 'aluminum' undefined.
         at line 85 in /workspace/urdfdom/urdf_parser/src/model.cpp
Warning: link 'camera_link' material 'aluminum' undefined.
         at line 85 in /workspace/urdfdom/urdf_parser/src/model.cpp
Warning: link 'camera_link' material 'aluminum' undefined.
         at line 85 in /workspace/urdfdom/urdf_parser/src/model.cpp
Warning: link 'camera_link' material 'aluminum' undefined.
         at line 85 in /workspace/urdfdom/urdf_parser/src/model.cpp
Warning: link 'camera_link' material 'aluminum' undefined.
         at line 85 in /workspace/urdfdom/urdf_parser/src/model.cpp
[1005/1842] RouteStick/episode_74 succeeded with seed 23400 (attempt 0, 101.751s)
[1006/1842] VideoUnmaskSwap/episode_73 succeeded with seed 12300 (attempt 0, 122.348s)
[1007/1842] VideoUnmaskSwap/episode_74 succeeded with seed 12400 (attempt 0, 92.147s)
[1008/1842] VideoRepick/episode_72 succeeded with seed 16200 (attempt 0, 154.121s)
[1009/1842] BinFill/episode_73 succeeded with seed 11300 (attempt 0, 150.812s)
[1010/1842] BinFill/episode_75 succeeded with seed 11500 (attempt 0, 66.163s)
Warning: link 'camera_link' material 'aluminum' undefined.
         at line 85 in /workspace/urdfdom/urdf_parser/src/model.cpp
Warning: link 'camera_link' material 'aluminum' undefined.
         at line 85 in /workspace/urdfdom/urdf_parser/src/model.cpp
Warning: link 'camera_link' material 'aluminum' undefined.
         at line 85 in /workspace/urdfdom/urdf_parser/src/model.cpp
Warning: link 'camera_link' material 'aluminum' undefined.
         at line 85 in /workspace/urdfdom/urdf_parser/src/model.cpp
Warning: link 'camera_link' material 'aluminum' undefined.
         at line 85 in /workspace/urdfdom/urdf_parser/src/model.cpp
Warning: link 'camera_link' material 'aluminum' undefined.
         at line 85 in /workspace/urdfdom/urdf_parser/src/model.cpp
Warning: link 'camera_link' material 'aluminum' undefined.
         at line 85 in /workspace/urdfdom/urdf_parser/src/model.cpp
Warning: link 'camera_link' material 'aluminum' undefined.
         at line 85 in /workspace/urdfdom/urdf_parser/src/model.cpp
/data/hongzefu/robomme_benchmark_MotionJEPANewTask/.venv/lib/python3.11/site-packages/torch/cuda/__init__.py:63: FutureWarning: The pynvml package is deprecated. Please install nvidia-ml-py instead. If you did not install pynvml directly, please report this to the maintainers of the package that installed pynvml for you.
  import pynvml  # type: ignore[import]
[1011/1842] RouteStick/episode_71 succeeded with seed 23100 (attempt 0, 221.3s)
Warning: link 'camera_link' material 'aluminum' undefined.
         at line 85 in /workspace/urdfdom/urdf_parser/src/model.cpp
Warning: link 'camera_link' material 'aluminum' undefined.
         at line 85 in /workspace/urdfdom/urdf_parser/src/model.cpp
Warning: link 'camera_link' material 'aluminum' undefined.
         at line 85 in /workspace/urdfdom/urdf_parser/src/model.cpp
Warning: link 'camera_link' material 'aluminum' undefined.
         at line 85 in /workspace/urdfdom/urdf_parser/src/model.cpp
Warning: link 'camera_link' material 'aluminum' undefined.
         at line 85 in /workspace/urdfdom/urdf_parser/src/model.cpp
Warning: link 'camera_link' material 'aluminum' undefined.
         at line 85 in /workspace/urdfdom/urdf_parser/src/model.cpp
Warning: link 'camera_link' material 'aluminum' undefined.
         at line 85 in /workspace/urdfdom/urdf_parser/src/model.cpp
Warning: link 'camera_link' material 'aluminum' undefined.
         at line 85 in /workspace/urdfdom/urdf_parser/src/model.cpp
/data/hongzefu/robomme_benchmark_MotionJEPANewTask/.venv/lib/python3.11/site-packages/sapien/__init__.py:18: UserWarning: pkg_resources is deprecated as an API. See https://setuptools.pypa.io/en/latest/pkg_resources.html. The pkg_resources package is slated for removal as early as 2025-11-30. Refrain from using this package or pin to Setuptools<81.
  import pkg_resources
Warning: link 'camera_link' material 'aluminum' undefined.
         at line 85 in /workspace/urdfdom/urdf_parser/src/model.cpp
Warning: link 'camera_link' material 'aluminum' undefined.
         at line 85 in /workspace/urdfdom/urdf_parser/src/model.cpp
Warning: link 'camera_link' material 'aluminum' undefined.
         at line 85 in /workspace/urdfdom/urdf_parser/src/model.cpp
Warning: link 'camera_link' material 'aluminum' undefined.
         at line 85 in /workspace/urdfdom/urdf_parser/src/model.cpp
Warning: link 'camera_link' material 'aluminum' undefined.
         at line 85 in /workspace/urdfdom/urdf_parser/src/model.cpp
Warning: link 'camera_link' material 'aluminum' undefined.
         at line 85 in /workspace/urdfdom/urdf_parser/src/model.cpp
Warning: link 'camera_link' material 'aluminum' undefined.
         at line 85 in /workspace/urdfdom/urdf_parser/src/model.cpp
Warning: link 'camera_link' material 'aluminum' undefined.
         at line 85 in /workspace/urdfdom/urdf_parser/src/model.cpp
screw plan failed
screw plan failed
screw plan failed
[1012/1842] RouteStick/episode_72 succeeded with seed 23200 (attempt 0, 187.362s)
[1013/1842] RouteStick/episode_73 succeeded with seed 23300 (attempt 0, 156.524s)
[1014/1842] VideoRepick/episode_73 succeeded with seed 16300 (attempt 0, 142.683s)
/data/hongzefu/robomme_benchmark_MotionJEPANewTask/.venv/lib/python3.11/site-packages/torch/cuda/__init__.py:63: FutureWarning: The pynvml package is deprecated. Please install nvidia-ml-py instead. If you did not install pynvml directly, please report this to the maintainers of the package that installed pynvml for you.
  import pynvml  # type: ignore[import]
/data/hongzefu/robomme_benchmark_MotionJEPANewTask/.venv/lib/python3.11/site-packages/sapien/__init__.py:18: UserWarning: pkg_resources is deprecated as an API. See https://setuptools.pypa.io/en/latest/pkg_resources.html. The pkg_resources package is slated for removal as early as 2025-11-30. Refrain from using this package or pin to Setuptools<81.
  import pkg_resources
[1015/1842] VideoUnmaskSwap/episode_75 succeeded with seed 12500 (attempt 0, 58.067s)
[1016/1842] BinFill/episode_73 succeeded with seed 11300 (attempt 0, 168.964s)
[1017/1842] BinFill/episode_72 succeeded with seed 11200 (attempt 0, 203.893s)
[1018/1842] VideoUnmaskSwap/episode_75 succeeded with seed 12500 (attempt 0, 70.989s)
/data/hongzefu/robomme_benchmark_MotionJEPANewTask/.venv/lib/python3.11/site-packages/torch/cuda/__init__.py:63: FutureWarning: The pynvml package is deprecated. Please install nvidia-ml-py instead. If you did not install pynvml directly, please report this to the maintainers of the package that installed pynvml for you.
  import pynvml  # type: ignore[import]
/data/hongzefu/robomme_benchmark_MotionJEPANewTask/.venv/lib/python3.11/site-packages/sapien/__init__.py:18: UserWarning: pkg_resources is deprecated as an API. See https://setuptools.pypa.io/en/latest/pkg_resources.html. The pkg_resources package is slated for removal as early as 2025-11-30. Refrain from using this package or pin to Setuptools<81.
  import pkg_resources
[1019/1842] RouteStick/episode_74 succeeded with seed 23400 (attempt 0, 138.206s)
Warning: link 'camera_link' material 'aluminum' undefined.
         at line 85 in /workspace/urdfdom/urdf_parser/src/model.cpp
Warning: link 'camera_link' material 'aluminum' undefined.
         at line 85 in /workspace/urdfdom/urdf_parser/src/model.cpp
Warning: link 'camera_link' material 'aluminum' undefined.
         at line 85 in /workspace/urdfdom/urdf_parser/src/model.cpp
Warning: link 'camera_link' material 'aluminum' undefined.
         at line 85 in /workspace/urdfdom/urdf_parser/src/model.cpp
Warning: link 'camera_link' material 'aluminum' undefined.
         at line 85 in /workspace/urdfdom/urdf_parser/src/model.cpp
Warning: link 'camera_link' material 'aluminum' undefined.
         at line 85 in /workspace/urdfdom/urdf_parser/src/model.cpp
Warning: link 'camera_link' material 'aluminum' undefined.
         at line 85 in /workspace/urdfdom/urdf_parser/src/model.cpp
Warning: link 'camera_link' material 'aluminum' undefined.
         at line 85 in /workspace/urdfdom/urdf_parser/src/model.cpp
screw plan failed
screw plan failed
screw plan failed
[1020/1842] VideoRepick/episode_74 succeeded with seed 16400 (attempt 0, 114.054s)
[1021/1842] RouteStick/episode_75 succeeded with seed 23500 (attempt 0, 93.182s)
[1022/1842] BinFill/episode_74 succeeded with seed 11400 (attempt 0, 159.342s)
[1023/1842] VideoUnmaskSwap/episode_75 succeeded with seed 12500 (attempt 0, 92.767s)
[1024/1842] VideoUnmaskSwap/episode_74 succeeded with seed 12400 (attempt 0, 117.842s)
[1025/1842] VideoRepick/episode_73 succeeded with seed 16300 (attempt 0, 171.009s)
/data/hongzefu/robomme_benchmark_MotionJEPANewTask/.venv/lib/python3.11/site-packages/torch/cuda/__init__.py:63: FutureWarning: The pynvml package is deprecated. Please install nvidia-ml-py instead. If you did not install pynvml directly, please report this to the maintainers of the package that installed pynvml for you.
  import pynvml  # type: ignore[import]
/data/hongzefu/robomme_benchmark_MotionJEPANewTask/.venv/lib/python3.11/site-packages/sapien/__init__.py:18: UserWarning: pkg_resources is deprecated as an API. See https://setuptools.pypa.io/en/latest/pkg_resources.html. The pkg_resources package is slated for removal as early as 2025-11-30. Refrain from using this package or pin to Setuptools<81.
  import pkg_resources
Warning: link 'camera_link' material 'aluminum' undefined.
         at line 85 in /workspace/urdfdom/urdf_parser/src/model.cpp
Warning: link 'camera_link' material 'aluminum' undefined.
         at line 85 in /workspace/urdfdom/urdf_parser/src/model.cpp
Warning: link 'camera_link' material 'aluminum' undefined.
         at line 85 in /workspace/urdfdom/urdf_parser/src/model.cpp
Warning: link 'camera_link' material 'aluminum' undefined.
         at line 85 in /workspace/urdfdom/urdf_parser/src/model.cpp
Warning: link 'camera_link' material 'aluminum' undefined.
         at line 85 in /workspace/urdfdom/urdf_parser/src/model.cpp
Warning: link 'camera_link' material 'aluminum' undefined.
         at line 85 in /workspace/urdfdom/urdf_parser/src/model.cpp
Warning: link 'camera_link' material 'aluminum' undefined.
         at line 85 in /workspace/urdfdom/urdf_parser/src/model.cpp
Warning: link 'camera_link' material 'aluminum' undefined.
         at line 85 in /workspace/urdfdom/urdf_parser/src/model.cpp
Warning: link 'camera_link' material 'aluminum' undefined.
         at line 85 in /workspace/urdfdom/urdf_parser/src/model.cpp
Warning: link 'camera_link' material 'aluminum' undefined.
         at line 85 in /workspace/urdfdom/urdf_parser/src/model.cpp
Warning: link 'camera_link' material 'aluminum' undefined.
         at line 85 in /workspace/urdfdom/urdf_parser/src/model.cpp
Warning: link 'camera_link' material 'aluminum' undefined.
         at line 85 in /workspace/urdfdom/urdf_parser/src/model.cpp
Warning: link 'camera_link' material 'aluminum' undefined.
         at line 85 in /workspace/urdfdom/urdf_parser/src/model.cpp
Warning: link 'camera_link' material 'aluminum' undefined.
         at line 85 in /workspace/urdfdom/urdf_parser/src/model.cpp
Warning: link 'camera_link' material 'aluminum' undefined.
         at line 85 in /workspace/urdfdom/urdf_parser/src/model.cpp
Warning: link 'camera_link' material 'aluminum' undefined.
         at line 85 in /workspace/urdfdom/urdf_parser/src/model.cpp
Warning: link 'camera_link' material 'aluminum' undefined.
         at line 85 in /workspace/urdfdom/urdf_parser/src/model.cpp
Warning: link 'camera_link' material 'aluminum' undefined.
         at line 85 in /workspace/urdfdom/urdf_parser/src/model.cpp
Warning: link 'camera_link' material 'aluminum' undefined.
         at line 85 in /workspace/urdfdom/urdf_parser/src/model.cpp
Warning: link 'camera_link' material 'aluminum' undefined.
         at line 85 in /workspace/urdfdom/urdf_parser/src/model.cpp
Warning: link 'camera_link' material 'aluminum' undefined.
         at line 85 in /workspace/urdfdom/urdf_parser/src/model.cpp
Warning: link 'camera_link' material 'aluminum' undefined.
         at line 85 in /workspace/urdfdom/urdf_parser/src/model.cpp
Warning: link 'camera_link' material 'aluminum' undefined.
         at line 85 in /workspace/urdfdom/urdf_parser/src/model.cpp
Warning: link 'camera_link' material 'aluminum' undefined.
         at line 85 in /workspace/urdfdom/urdf_parser/src/model.cpp
[1026/1842] VideoUnmaskSwap/episode_76 succeeded with seed 12600 (attempt 0, 61.483s)
[1027/1842] RouteStick/episode_74 succeeded with seed 23400 (attempt 0, 171.425s)
[1028/1842] RouteStick/episode_75 succeeded with seed 23500 (attempt 0, 124.098s)
[1029/1842] RouteStick/episode_73 succeeded with seed 23300 (attempt 0, 206.231s)
[1030/1842] VideoRepick/episode_74 succeeded with seed 16400 (attempt 0, 136.688s)
[1031/1842] VideoRepick/episode_74 succeeded with seed 16400 (attempt 0, 162.514s)
[1032/1842] RouteStick/episode_76 succeeded with seed 23600 (attempt 0, 88.438s)
[1033/1842] VideoUnmaskSwap/episode_75 succeeded with seed 12500 (attempt 0, 112.866s)
Warning: link 'camera_link' material 'aluminum' undefined.
         at line 85 in /workspace/urdfdom/urdf_parser/src/model.cpp
Warning: link 'camera_link' material 'aluminum' undefined.
         at line 85 in /workspace/urdfdom/urdf_parser/src/model.cpp
Warning: link 'camera_link' material 'aluminum' undefined.
         at line 85 in /workspace/urdfdom/urdf_parser/src/model.cpp
Warning: link 'camera_link' material 'aluminum' undefined.
         at line 85 in /workspace/urdfdom/urdf_parser/src/model.cpp
Warning: link 'camera_link' material 'aluminum' undefined.
         at line 85 in /workspace/urdfdom/urdf_parser/src/model.cpp
Warning: link 'camera_link' material 'aluminum' undefined.
         at line 85 in /workspace/urdfdom/urdf_parser/src/model.cpp
Warning: link 'camera_link' material 'aluminum' undefined.
         at line 85 in /workspace/urdfdom/urdf_parser/src/model.cpp
Warning: link 'camera_link' material 'aluminum' undefined.
         at line 85 in /workspace/urdfdom/urdf_parser/src/model.cpp
[1034/1842] VideoUnmaskSwap/episode_76 succeeded with seed 12600 (attempt 0, 93.176s)
[1035/1842] RouteStick/episode_75 succeeded with seed 23500 (attempt 0, 140.639s)
Warning: link 'camera_link' material 'aluminum' undefined.
         at line 85 in /workspace/urdfdom/urdf_parser/src/model.cpp
Warning: link 'camera_link' material 'aluminum' undefined.
         at line 85 in /workspace/urdfdom/urdf_parser/src/model.cpp
Warning: link 'camera_link' material 'aluminum' undefined.
         at line 85 in /workspace/urdfdom/urdf_parser/src/model.cpp
Warning: link 'camera_link' material 'aluminum' undefined.
         at line 85 in /workspace/urdfdom/urdf_parser/src/model.cpp
Warning: link 'camera_link' material 'aluminum' undefined.
         at line 85 in /workspace/urdfdom/urdf_parser/src/model.cpp
Warning: link 'camera_link' material 'aluminum' undefined.
         at line 85 in /workspace/urdfdom/urdf_parser/src/model.cpp
Warning: link 'camera_link' material 'aluminum' undefined.
         at line 85 in /workspace/urdfdom/urdf_parser/src/model.cpp
Warning: link 'camera_link' material 'aluminum' undefined.
         at line 85 in /workspace/urdfdom/urdf_parser/src/model.cpp
Warning: link 'camera_link' material 'aluminum' undefined.
         at line 85 in /workspace/urdfdom/urdf_parser/src/model.cpp
Warning: link 'camera_link' material 'aluminum' undefined.
         at line 85 in /workspace/urdfdom/urdf_parser/src/model.cpp
Warning: link 'camera_link' material 'aluminum' undefined.
         at line 85 in /workspace/urdfdom/urdf_parser/src/model.cpp
Warning: link 'camera_link' material 'aluminum' undefined.
         at line 85 in /workspace/urdfdom/urdf_parser/src/model.cpp
Warning: link 'camera_link' material 'aluminum' undefined.
         at line 85 in /workspace/urdfdom/urdf_parser/src/model.cpp
Warning: link 'camera_link' material 'aluminum' undefined.
         at line 85 in /workspace/urdfdom/urdf_parser/src/model.cpp
Warning: link 'camera_link' material 'aluminum' undefined.
         at line 85 in /workspace/urdfdom/urdf_parser/src/model.cpp
Warning: link 'camera_link' material 'aluminum' undefined.
         at line 85 in /workspace/urdfdom/urdf_parser/src/model.cpp
[1036/1842] VideoRepick/episode_75 succeeded with seed 16500 (attempt 0, 144.491s)
[1037/1842] BinFill/episode_76 succeeded with seed 11600 (attempt 0, 126.955s)
[1038/1842] VideoRepick/episode_75 succeeded with seed 16500 (attempt 0, 131.391s)
Warning: link 'camera_link' material 'aluminum' undefined.
         at line 85 in /workspace/urdfdom/urdf_parser/src/model.cpp
Warning: link 'camera_link' material 'aluminum' undefined.
         at line 85 in /workspace/urdfdom/urdf_parser/src/model.cpp
Warning: link 'camera_link' material 'aluminum' undefined.
         at line 85 in /workspace/urdfdom/urdf_parser/src/model.cpp
Warning: link 'camera_link' material 'aluminum' undefined.
         at line 85 in /workspace/urdfdom/urdf_parser/src/model.cpp
Warning: link 'camera_link' material 'aluminum' undefined.
         at line 85 in /workspace/urdfdom/urdf_parser/src/model.cpp
Warning: link 'camera_link' material 'aluminum' undefined.
         at line 85 in /workspace/urdfdom/urdf_parser/src/model.cpp
Warning: link 'camera_link' material 'aluminum' undefined.
         at line 85 in /workspace/urdfdom/urdf_parser/src/model.cpp
Warning: link 'camera_link' material 'aluminum' undefined.
         at line 85 in /workspace/urdfdom/urdf_parser/src/model.cpp
[1039/1842] VideoUnmaskSwap/episode_77 succeeded with seed 12700 (attempt 0, 57.756s)
[1040/1842] BinFill/episode_75 succeeded with seed 11500 (attempt 0, 171.624s)
[1041/1842] BinFill/episode_75 succeeded with seed 11500 (attempt 0, 165.472s)
[1042/1842] RouteStick/episode_76 succeeded with seed 23600 (attempt 0, 121.701s)
[1043/1842] VideoUnmaskSwap/episode_76 succeeded with seed 12600 (attempt 0, 99.551s)
/data/hongzefu/robomme_benchmark_MotionJEPANewTask/.venv/lib/python3.11/site-packages/torch/cuda/__init__.py:63: FutureWarning: The pynvml package is deprecated. Please install nvidia-ml-py instead. If you did not install pynvml directly, please report this to the maintainers of the package that installed pynvml for you.
  import pynvml  # type: ignore[import]
/data/hongzefu/robomme_benchmark_MotionJEPANewTask/.venv/lib/python3.11/site-packages/sapien/__init__.py:18: UserWarning: pkg_resources is deprecated as an API. See https://setuptools.pypa.io/en/latest/pkg_resources.html. The pkg_resources package is slated for removal as early as 2025-11-30. Refrain from using this package or pin to Setuptools<81.
  import pkg_resources
/data/hongzefu/robomme_benchmark_MotionJEPANewTask/.venv/lib/python3.11/site-packages/torch/cuda/__init__.py:63: FutureWarning: The pynvml package is deprecated. Please install nvidia-ml-py instead. If you did not install pynvml directly, please report this to the maintainers of the package that installed pynvml for you.
  import pynvml  # type: ignore[import]
/data/hongzefu/robomme_benchmark_MotionJEPANewTask/.venv/lib/python3.11/site-packages/sapien/__init__.py:18: UserWarning: pkg_resources is deprecated as an API. See https://setuptools.pypa.io/en/latest/pkg_resources.html. The pkg_resources package is slated for removal as early as 2025-11-30. Refrain from using this package or pin to Setuptools<81.
  import pkg_resources
[1044/1842] RouteStick/episode_74 succeeded with seed 23400 (attempt 0, 190.0s)
screw plan failed
screw plan failed
screw plan failed
[1045/1842] BinFill/episode_76 succeeded with seed 11600 (attempt 0, 139.768s)
[1046/1842] RouteStick/episode_77 succeeded with seed 23700 (attempt 0, 89.721s)
[1047/1842] VideoRepick/episode_75 succeeded with seed 16500 (attempt 0, 163.165s)
[1048/1842] RouteStick/episode_76 succeeded with seed 23600 (attempt 0, 141.367s)
[1049/1842] VideoUnmaskSwap/episode_77 succeeded with seed 12700 (attempt 0, 84.323s)
[1050/1842] BinFill/episode_77 succeeded with seed 11700 (attempt 0, 106.59s)
[1051/1842] VideoUnmaskSwap/episode_76 succeeded with seed 12600 (attempt 0, 122.53s)
Warning: link 'camera_link' material 'aluminum' undefined.
         at line 85 in /workspace/urdfdom/urdf_parser/src/model.cpp
Warning: link 'camera_link' material 'aluminum' undefined.
         at line 85 in /workspace/urdfdom/urdf_parser/src/model.cpp
Warning: link 'camera_link' material 'aluminum' undefined.
         at line 85 in /workspace/urdfdom/urdf_parser/src/model.cpp
Warning: link 'camera_link' material 'aluminum' undefined.
         at line 85 in /workspace/urdfdom/urdf_parser/src/model.cpp
Warning: link 'camera_link' material 'aluminum' undefined.
         at line 85 in /workspace/urdfdom/urdf_parser/src/model.cpp
Warning: link 'camera_link' material 'aluminum' undefined.
         at line 85 in /workspace/urdfdom/urdf_parser/src/model.cpp
Warning: link 'camera_link' material 'aluminum' undefined.
         at line 85 in /workspace/urdfdom/urdf_parser/src/model.cpp
Warning: link 'camera_link' material 'aluminum' undefined.
         at line 85 in /workspace/urdfdom/urdf_parser/src/model.cpp
[1052/1842] BinFill/episode_77 succeeded with seed 11700 (attempt 0, 127.433s)
Warning: link 'camera_link' material 'aluminum' undefined.
         at line 85 in /workspace/urdfdom/urdf_parser/src/model.cpp
Warning: link 'camera_link' material 'aluminum' undefined.
         at line 85 in /workspace/urdfdom/urdf_parser/src/model.cpp
Warning: link 'camera_link' material 'aluminum' undefined.
         at line 85 in /workspace/urdfdom/urdf_parser/src/model.cpp
Warning: link 'camera_link' material 'aluminum' undefined.
         at line 85 in /workspace/urdfdom/urdf_parser/src/model.cpp
Warning: link 'camera_link' material 'aluminum' undefined.
         at line 85 in /workspace/urdfdom/urdf_parser/src/model.cpp
Warning: link 'camera_link' material 'aluminum' undefined.
         at line 85 in /workspace/urdfdom/urdf_parser/src/model.cpp
Warning: link 'camera_link' material 'aluminum' undefined.
         at line 85 in /workspace/urdfdom/urdf_parser/src/model.cpp
Warning: link 'camera_link' material 'aluminum' undefined.
         at line 85 in /workspace/urdfdom/urdf_parser/src/model.cpp
[1053/1842] BinFill/episode_78 succeeded with seed 11800 (attempt 0, 75.388s)
Warning: link 'camera_link' material 'aluminum' undefined.
         at line 85 in /workspace/urdfdom/urdf_parser/src/model.cpp
Warning: link 'camera_link' material 'aluminum' undefined.
         at line 85 in /workspace/urdfdom/urdf_parser/src/model.cpp
Warning: link 'camera_link' material 'aluminum' undefined.
         at line 85 in /workspace/urdfdom/urdf_parser/src/model.cpp
Warning: link 'camera_link' material 'aluminum' undefined.
         at line 85 in /workspace/urdfdom/urdf_parser/src/model.cpp
Warning: link 'camera_link' material 'aluminum' undefined.
         at line 85 in /workspace/urdfdom/urdf_parser/src/model.cpp
Warning: link 'camera_link' material 'aluminum' undefined.
         at line 85 in /workspace/urdfdom/urdf_parser/src/model.cpp
Warning: link 'camera_link' material 'aluminum' undefined.
         at line 85 in /workspace/urdfdom/urdf_parser/src/model.cpp
Warning: link 'camera_link' material 'aluminum' undefined.
         at line 85 in /workspace/urdfdom/urdf_parser/src/model.cpp
Warning: link 'camera_link' material 'aluminum' undefined.
         at line 85 in /workspace/urdfdom/urdf_parser/src/model.cpp
Warning: link 'camera_link' material 'aluminum' undefined.
         at line 85 in /workspace/urdfdom/urdf_parser/src/model.cpp
Warning: link 'camera_link' material 'aluminum' undefined.
         at line 85 in /workspace/urdfdom/urdf_parser/src/model.cpp
Warning: link 'camera_link' material 'aluminum' undefined.
         at line 85 in /workspace/urdfdom/urdf_parser/src/model.cpp
Warning: link 'camera_link' material 'aluminum' undefined.
         at line 85 in /workspace/urdfdom/urdf_parser/src/model.cpp
Warning: link 'camera_link' material 'aluminum' undefined.
         at line 85 in /workspace/urdfdom/urdf_parser/src/model.cpp
Warning: link 'camera_link' material 'aluminum' undefined.
         at line 85 in /workspace/urdfdom/urdf_parser/src/model.cpp
Warning: link 'camera_link' material 'aluminum' undefined.
         at line 85 in /workspace/urdfdom/urdf_parser/src/model.cpp
[1054/1842] BinFill/episode_76 succeeded with seed 11600 (attempt 0, 173.481s)
[1055/1842] VideoRepick/episode_76 succeeded with seed 16600 (attempt 0, 139.382s)
[1056/1842] VideoUnmaskSwap/episode_77 succeeded with seed 12700 (attempt 0, 109.153s)
[1057/1842] VideoUnmaskSwap/episode_78 succeeded with seed 12800 (attempt 0, 57.565s)
[1058/1842] RouteStick/episode_77 succeeded with seed 23700 (attempt 0, 129.107s)
[1059/1842] VideoRepick/episode_76 succeeded with seed 16600 (attempt 0, 153.922s)
[1060/1842] VideoUnmaskSwap/episode_78 succeeded with seed 12800 (attempt 0, 68.425s)
Warning: link 'camera_link' material 'aluminum' undefined.
         at line 85 in /workspace/urdfdom/urdf_parser/src/model.cpp
Warning: link 'camera_link' material 'aluminum' undefined.
         at line 85 in /workspace/urdfdom/urdf_parser/src/model.cpp
Warning: link 'camera_link' material 'aluminum' undefined.
         at line 85 in /workspace/urdfdom/urdf_parser/src/model.cpp
Warning: link 'camera_link' material 'aluminum' undefined.
         at line 85 in /workspace/urdfdom/urdf_parser/src/model.cpp
Warning: link 'camera_link' material 'aluminum' undefined.
         at line 85 in /workspace/urdfdom/urdf_parser/src/model.cpp
Warning: link 'camera_link' material 'aluminum' undefined.
         at line 85 in /workspace/urdfdom/urdf_parser/src/model.cpp
Warning: link 'camera_link' material 'aluminum' undefined.
         at line 85 in /workspace/urdfdom/urdf_parser/src/model.cpp
Warning: link 'camera_link' material 'aluminum' undefined.
         at line 85 in /workspace/urdfdom/urdf_parser/src/model.cpp
[1061/1842] VideoRepick/episode_77 succeeded with seed 16700 (attempt 0, 112.954s)
[1062/1842] VideoUnmaskSwap/episode_79 succeeded with seed 12900 (attempt 0, 49.762s)
[1063/1842] VideoRepick/episode_77 succeeded with seed 16700 (attempt 0, 124.311s)
[1064/1842] VideoUnmaskSwap/episode_79 succeeded with seed 12900 (attempt 0, 49.36s)
[1065/1842] RouteStick/episode_78 succeeded with seed 23800 (attempt 0, 105.315s)
[1066/1842] RouteStick/episode_75 succeeded with seed 23500 (attempt 0, 224.533s)
[1067/1842] VideoUnmaskSwap/episode_77 succeeded with seed 12700 (attempt 0, 122.703s)
[1068/1842] BinFill/episode_79 succeeded with seed 11900 (attempt 0, 66.463s)
Warning: link 'camera_link' material 'aluminum' undefined.
         at line 85 in /workspace/urdfdom/urdf_parser/src/model.cpp
Warning: link 'camera_link' material 'aluminum' undefined.
         at line 85 in /workspace/urdfdom/urdf_parser/src/model.cpp
Warning: link 'camera_link' material 'aluminum' undefined.
         at line 85 in /workspace/urdfdom/urdf_parser/src/model.cpp
Warning: link 'camera_link' material 'aluminum' undefined.
         at line 85 in /workspace/urdfdom/urdf_parser/src/model.cpp
Warning: link 'camera_link' material 'aluminum' undefined.
         at line 85 in /workspace/urdfdom/urdf_parser/src/model.cpp
Warning: link 'camera_link' material 'aluminum' undefined.
         at line 85 in /workspace/urdfdom/urdf_parser/src/model.cpp
Warning: link 'camera_link' material 'aluminum' undefined.
         at line 85 in /workspace/urdfdom/urdf_parser/src/model.cpp
Warning: link 'camera_link' material 'aluminum' undefined.
         at line 85 in /workspace/urdfdom/urdf_parser/src/model.cpp
Warning: link 'camera_link' material 'aluminum' undefined.
         at line 85 in /workspace/urdfdom/urdf_parser/src/model.cpp
Warning: link 'camera_link' material 'aluminum' undefined.
         at line 85 in /workspace/urdfdom/urdf_parser/src/model.cpp
Warning: link 'camera_link' material 'aluminum' undefined.
         at line 85 in /workspace/urdfdom/urdf_parser/src/model.cpp
Warning: link 'camera_link' material 'aluminum' undefined.
         at line 85 in /workspace/urdfdom/urdf_parser/src/model.cpp
Warning: link 'camera_link' material 'aluminum' undefined.
         at line 85 in /workspace/urdfdom/urdf_parser/src/model.cpp
Warning: link 'camera_link' material 'aluminum' undefined.
         at line 85 in /workspace/urdfdom/urdf_parser/src/model.cpp
Warning: link 'camera_link' material 'aluminum' undefined.
         at line 85 in /workspace/urdfdom/urdf_parser/src/model.cpp
Warning: link 'camera_link' material 'aluminum' undefined.
         at line 85 in /workspace/urdfdom/urdf_parser/src/model.cpp
[1069/1842] VideoUnmaskSwap/episode_78 succeeded with seed 12800 (attempt 0, 91.183s)
Warning: link 'camera_link' material 'aluminum' undefined.
         at line 85 in /workspace/urdfdom/urdf_parser/src/model.cpp
Warning: link 'camera_link' material 'aluminum' undefined.
         at line 85 in /workspace/urdfdom/urdf_parser/src/model.cpp
Warning: link 'camera_link' material 'aluminum' undefined.
         at line 85 in /workspace/urdfdom/urdf_parser/src/model.cpp
Warning: link 'camera_link' material 'aluminum' undefined.
         at line 85 in /workspace/urdfdom/urdf_parser/src/model.cpp
Warning: link 'camera_link' material 'aluminum' undefined.
         at line 85 in /workspace/urdfdom/urdf_parser/src/model.cpp
Warning: link 'camera_link' material 'aluminum' undefined.
         at line 85 in /workspace/urdfdom/urdf_parser/src/model.cpp
Warning: link 'camera_link' material 'aluminum' undefined.
         at line 85 in /workspace/urdfdom/urdf_parser/src/model.cpp
Warning: link 'camera_link' material 'aluminum' undefined.
         at line 85 in /workspace/urdfdom/urdf_parser/src/model.cpp
[1070/1842] RouteStick/episode_78 succeeded with seed 23800 (attempt 0, 126.375s)
Warning: link 'camera_link' material 'aluminum' undefined.
         at line 85 in /workspace/urdfdom/urdf_parser/src/model.cpp
Warning: link 'camera_link' material 'aluminum' undefined.
         at line 85 in /workspace/urdfdom/urdf_parser/src/model.cpp
Warning: link 'camera_link' material 'aluminum' undefined.
         at line 85 in /workspace/urdfdom/urdf_parser/src/model.cpp
Warning: link 'camera_link' material 'aluminum' undefined.
         at line 85 in /workspace/urdfdom/urdf_parser/src/model.cpp
Warning: link 'camera_link' material 'aluminum' undefined.
         at line 85 in /workspace/urdfdom/urdf_parser/src/model.cpp
Warning: link 'camera_link' material 'aluminum' undefined.
         at line 85 in /workspace/urdfdom/urdf_parser/src/model.cpp
Warning: link 'camera_link' material 'aluminum' undefined.
         at line 85 in /workspace/urdfdom/urdf_parser/src/model.cpp
Warning: link 'camera_link' material 'aluminum' undefined.
         at line 85 in /workspace/urdfdom/urdf_parser/src/model.cpp
[1071/1842] RouteStick/episode_77 succeeded with seed 23700 (attempt 0, 175.149s)
[1072/1842] BinFill/episode_78 succeeded with seed 11800 (attempt 0, 136.397s)
[1073/1842] BinFill/episode_78 succeeded with seed 11800 (attempt 0, 137.585s)
[1074/1842] RouteStick/episode_76 succeeded with seed 23600 (attempt 0, 209.655s)
[1075/1842] VideoRepick/episode_78 succeeded with seed 16800 (attempt 0, 117.56s)
[1076/1842] BinFill/episode_77 succeeded with seed 11700 (attempt 0, 201.912s)
[1077/1842] RouteStick/episode_78 succeeded with seed 23800 (attempt 0, 145.754s)
[1078/1842] RouteStick/episode_79 succeeded with seed 23900 (attempt 0, 107.518s)
/data/hongzefu/robomme_benchmark_MotionJEPANewTask/.venv/lib/python3.11/site-packages/torch/cuda/__init__.py:63: FutureWarning: The pynvml package is deprecated. Please install nvidia-ml-py instead. If you did not install pynvml directly, please report this to the maintainers of the package that installed pynvml for you.
  import pynvml  # type: ignore[import]
Warning: link 'camera_link' material 'aluminum' undefined.
         at line 85 in /workspace/urdfdom/urdf_parser/src/model.cpp
Warning: link 'camera_link' material 'aluminum' undefined.
         at line 85 in /workspace/urdfdom/urdf_parser/src/model.cpp
Warning: link 'camera_link' material 'aluminum' undefined.
         at line 85 in /workspace/urdfdom/urdf_parser/src/model.cpp
Warning: link 'camera_link' material 'aluminum' undefined.
         at line 85 in /workspace/urdfdom/urdf_parser/src/model.cpp
Warning: link 'camera_link' material 'aluminum' undefined.
         at line 85 in /workspace/urdfdom/urdf_parser/src/model.cpp
Warning: link 'camera_link' material 'aluminum' undefined.
         at line 85 in /workspace/urdfdom/urdf_parser/src/model.cpp
Warning: link 'camera_link' material 'aluminum' undefined.
         at line 85 in /workspace/urdfdom/urdf_parser/src/model.cpp
Warning: link 'camera_link' material 'aluminum' undefined.
         at line 85 in /workspace/urdfdom/urdf_parser/src/model.cpp
/data/hongzefu/robomme_benchmark_MotionJEPANewTask/.venv/lib/python3.11/site-packages/sapien/__init__.py:18: UserWarning: pkg_resources is deprecated as an API. See https://setuptools.pypa.io/en/latest/pkg_resources.html. The pkg_resources package is slated for removal as early as 2025-11-30. Refrain from using this package or pin to Setuptools<81.
  import pkg_resources
[1079/1842] VideoRepick/episode_78 succeeded with seed 16800 (attempt 0, 133.13s)
[1080/1842] VideoUnmaskSwap/episode_80 succeeded with seed 13000 (attempt 0, 58.818s)
    VideoRepick/episode_68 seed 15800 单条墙钟超过 600 秒被终止（实测 601 秒）
    VideoRepick/episode_68 用尽 1 次 attempt，放弃
/data/hongzefu/robomme_benchmark_MotionJEPANewTask/.venv/lib/python3.11/site-packages/torch/cuda/__init__.py:63: FutureWarning: The pynvml package is deprecated. Please install nvidia-ml-py instead. If you did not install pynvml directly, please report this to the maintainers of the package that installed pynvml for you.
  import pynvml  # type: ignore[import]
/data/hongzefu/robomme_benchmark_MotionJEPANewTask/.venv/lib/python3.11/site-packages/sapien/__init__.py:18: UserWarning: pkg_resources is deprecated as an API. See https://setuptools.pypa.io/en/latest/pkg_resources.html. The pkg_resources package is slated for removal as early as 2025-11-30. Refrain from using this package or pin to Setuptools<81.
  import pkg_resources
Warning: link 'camera_link' material 'aluminum' undefined.
         at line 85 in /workspace/urdfdom/urdf_parser/src/model.cpp
Warning: link 'camera_link' material 'aluminum' undefined.
         at line 85 in /workspace/urdfdom/urdf_parser/src/model.cpp
Warning: link 'camera_link' material 'aluminum' undefined.
         at line 85 in /workspace/urdfdom/urdf_parser/src/model.cpp
Warning: link 'camera_link' material 'aluminum' undefined.
         at line 85 in /workspace/urdfdom/urdf_parser/src/model.cpp
Warning: link 'camera_link' material 'aluminum' undefined.
         at line 85 in /workspace/urdfdom/urdf_parser/src/model.cpp
Warning: link 'camera_link' material 'aluminum' undefined.
         at line 85 in /workspace/urdfdom/urdf_parser/src/model.cpp
Warning: link 'camera_link' material 'aluminum' undefined.
         at line 85 in /workspace/urdfdom/urdf_parser/src/model.cpp
Warning: link 'camera_link' material 'aluminum' undefined.
         at line 85 in /workspace/urdfdom/urdf_parser/src/model.cpp
[1081/1842] VideoRepick/episode_77 succeeded with seed 16700 (attempt 0, 178.588s)
[1082/1842] VideoUnmaskSwap/episode_79 succeeded with seed 12900 (attempt 0, 105.871s)
Warning: link 'camera_link' material 'aluminum' undefined.
         at line 85 in /workspace/urdfdom/urdf_parser/src/model.cpp
Warning: link 'camera_link' material 'aluminum' undefined.
         at line 85 in /workspace/urdfdom/urdf_parser/src/model.cpp
Warning: link 'camera_link' material 'aluminum' undefined.
         at line 85 in /workspace/urdfdom/urdf_parser/src/model.cpp
Warning: link 'camera_link' material 'aluminum' undefined.
         at line 85 in /workspace/urdfdom/urdf_parser/src/model.cpp
Warning: link 'camera_link' material 'aluminum' undefined.
         at line 85 in /workspace/urdfdom/urdf_parser/src/model.cpp
Warning: link 'camera_link' material 'aluminum' undefined.
         at line 85 in /workspace/urdfdom/urdf_parser/src/model.cpp
Warning: link 'camera_link' material 'aluminum' undefined.
         at line 85 in /workspace/urdfdom/urdf_parser/src/model.cpp
Warning: link 'camera_link' material 'aluminum' undefined.
         at line 85 in /workspace/urdfdom/urdf_parser/src/model.cpp
/data/hongzefu/robomme_benchmark_MotionJEPANewTask/.venv/lib/python3.11/site-packages/torch/cuda/__init__.py:63: FutureWarning: The pynvml package is deprecated. Please install nvidia-ml-py instead. If you did not install pynvml directly, please report this to the maintainers of the package that installed pynvml for you.
  import pynvml  # type: ignore[import]
/data/hongzefu/robomme_benchmark_MotionJEPANewTask/.venv/lib/python3.11/site-packages/sapien/__init__.py:18: UserWarning: pkg_resources is deprecated as an API. See https://setuptools.pypa.io/en/latest/pkg_resources.html. The pkg_resources package is slated for removal as early as 2025-11-30. Refrain from using this package or pin to Setuptools<81.
  import pkg_resources
[1083/1842] BinFill/episode_79 succeeded with seed 11900 (attempt 0, 127.517s)
[1084/1842] VideoRepick/episode_79 succeeded with seed 16900 (attempt 0, 112.813s)
[1085/1842] RouteStick/episode_79 succeeded with seed 23900 (attempt 0, 135.497s)
[1086/1842] VideoUnmaskSwap/episode_78 succeeded with seed 12800 (attempt 0, 159.722s)
[1087/1842] RouteStick/episode_77 succeeded with seed 23700 (attempt 0, 206.747s)
[1088/1842] VideoUnmaskSwap/episode_79 succeeded with seed 12900 (attempt 0, 119.98s)
[1089/1842] VideoUnmaskSwap/episode_80 succeeded with seed 13000 (attempt 0, 93.304s)
Warning: link 'camera_link' material 'aluminum' undefined.
         at line 85 in /workspace/urdfdom/urdf_parser/src/model.cpp
Warning: link 'camera_link' material 'aluminum' undefined.
         at line 85 in /workspace/urdfdom/urdf_parser/src/model.cpp
Warning: link 'camera_link' material 'aluminum' undefined.
         at line 85 in /workspace/urdfdom/urdf_parser/src/model.cpp
Warning: link 'camera_link' material 'aluminum' undefined.
         at line 85 in /workspace/urdfdom/urdf_parser/src/model.cpp
Warning: link 'camera_link' material 'aluminum' undefined.
         at line 85 in /workspace/urdfdom/urdf_parser/src/model.cpp
Warning: link 'camera_link' material 'aluminum' undefined.
         at line 85 in /workspace/urdfdom/urdf_parser/src/model.cpp
Warning: link 'camera_link' material 'aluminum' undefined.
         at line 85 in /workspace/urdfdom/urdf_parser/src/model.cpp
Warning: link 'camera_link' material 'aluminum' undefined.
         at line 85 in /workspace/urdfdom/urdf_parser/src/model.cpp
[1090/1842] BinFill/episode_80 succeeded with seed 12000 (attempt 0, 107.125s)
[1091/1842] VideoRepick/episode_78 succeeded with seed 16800 (attempt 0, 155.989s)
[1092/1842] RouteStick/episode_79 succeeded with seed 23900 (attempt 0, 152.458s)
/data/hongzefu/robomme_benchmark_MotionJEPANewTask/.venv/lib/python3.11/site-packages/torch/cuda/__init__.py:63: FutureWarning: The pynvml package is deprecated. Please install nvidia-ml-py instead. If you did not install pynvml directly, please report this to the maintainers of the package that installed pynvml for you.
  import pynvml  # type: ignore[import]
/data/hongzefu/robomme_benchmark_MotionJEPANewTask/.venv/lib/python3.11/site-packages/sapien/__init__.py:18: UserWarning: pkg_resources is deprecated as an API. See https://setuptools.pypa.io/en/latest/pkg_resources.html. The pkg_resources package is slated for removal as early as 2025-11-30. Refrain from using this package or pin to Setuptools<81.
  import pkg_resources
[1093/1842] RouteStick/episode_80 succeeded with seed 24000 (attempt 0, 108.126s)
[1094/1842] VideoUnmaskSwap/episode_80 succeeded with seed 13000 (attempt 0, 97.263s)
[1095/1842] VideoUnmaskSwap/episode_81 succeeded with seed 13100 (attempt 0, 52.454s)
Warning: link 'camera_link' material 'aluminum' undefined.
         at line 85 in /workspace/urdfdom/urdf_parser/src/model.cpp
Warning: link 'camera_link' material 'aluminum' undefined.
         at line 85 in /workspace/urdfdom/urdf_parser/src/model.cpp
Warning: link 'camera_link' material 'aluminum' undefined.
         at line 85 in /workspace/urdfdom/urdf_parser/src/model.cpp
Warning: link 'camera_link' material 'aluminum' undefined.
         at line 85 in /workspace/urdfdom/urdf_parser/src/model.cpp
Warning: link 'camera_link' material 'aluminum' undefined.
         at line 85 in /workspace/urdfdom/urdf_parser/src/model.cpp
Warning: link 'camera_link' material 'aluminum' undefined.
         at line 85 in /workspace/urdfdom/urdf_parser/src/model.cpp
Warning: link 'camera_link' material 'aluminum' undefined.
         at line 85 in /workspace/urdfdom/urdf_parser/src/model.cpp
Warning: link 'camera_link' material 'aluminum' undefined.
         at line 85 in /workspace/urdfdom/urdf_parser/src/model.cpp
Warning: link 'camera_link' material 'aluminum' undefined.
         at line 85 in /workspace/urdfdom/urdf_parser/src/model.cpp
Warning: link 'camera_link' material 'aluminum' undefined.
         at line 85 in /workspace/urdfdom/urdf_parser/src/model.cpp
Warning: link 'camera_link' material 'aluminum' undefined.
         at line 85 in /workspace/urdfdom/urdf_parser/src/model.cpp
Warning: link 'camera_link' material 'aluminum' undefined.
         at line 85 in /workspace/urdfdom/urdf_parser/src/model.cpp
Warning: link 'camera_link' material 'aluminum' undefined.
         at line 85 in /workspace/urdfdom/urdf_parser/src/model.cpp
Warning: link 'camera_link' material 'aluminum' undefined.
         at line 85 in /workspace/urdfdom/urdf_parser/src/model.cpp
Warning: link 'camera_link' material 'aluminum' undefined.
         at line 85 in /workspace/urdfdom/urdf_parser/src/model.cpp
Warning: link 'camera_link' material 'aluminum' undefined.
         at line 85 in /workspace/urdfdom/urdf_parser/src/model.cpp
Warning: link 'camera_link' material 'aluminum' undefined.
         at line 85 in /workspace/urdfdom/urdf_parser/src/model.cpp
Warning: link 'camera_link' material 'aluminum' undefined.
         at line 85 in /workspace/urdfdom/urdf_parser/src/model.cpp
Warning: link 'camera_link' material 'aluminum' undefined.
         at line 85 in /workspace/urdfdom/urdf_parser/src/model.cpp
Warning: link 'camera_link' material 'aluminum' undefined.
         at line 85 in /workspace/urdfdom/urdf_parser/src/model.cpp
Warning: link 'camera_link' material 'aluminum' undefined.
         at line 85 in /workspace/urdfdom/urdf_parser/src/model.cpp
Warning: link 'camera_link' material 'aluminum' undefined.
         at line 85 in /workspace/urdfdom/urdf_parser/src/model.cpp
Warning: link 'camera_link' material 'aluminum' undefined.
         at line 85 in /workspace/urdfdom/urdf_parser/src/model.cpp
Warning: link 'camera_link' material 'aluminum' undefined.
         at line 85 in /workspace/urdfdom/urdf_parser/src/model.cpp
[1096/1842] BinFill/episode_80 succeeded with seed 12000 (attempt 0, 132.052s)
[1097/1842] RouteStick/episode_80 succeeded with seed 24000 (attempt 0, 121.199s)
/data/hongzefu/robomme_benchmark_MotionJEPANewTask/.venv/lib/python3.11/site-packages/torch/cuda/__init__.py:63: FutureWarning: The pynvml package is deprecated. Please install nvidia-ml-py instead. If you did not install pynvml directly, please report this to the maintainers of the package that installed pynvml for you.
  import pynvml  # type: ignore[import]
/data/hongzefu/robomme_benchmark_MotionJEPANewTask/.venv/lib/python3.11/site-packages/sapien/__init__.py:18: UserWarning: pkg_resources is deprecated as an API. See https://setuptools.pypa.io/en/latest/pkg_resources.html. The pkg_resources package is slated for removal as early as 2025-11-30. Refrain from using this package or pin to Setuptools<81.
  import pkg_resources
[1098/1842] VideoRepick/episode_79 succeeded with seed 16900 (attempt 0, 154.711s)
[1099/1842] VideoUnmaskSwap/episode_81 succeeded with seed 13100 (attempt 0, 63.487s)
[1100/1842] BinFill/episode_81 succeeded with seed 12100 (attempt 0, 92.439s)
[1101/1842] VideoUnmaskSwap/episode_80 succeeded with seed 13000 (attempt 0, 100.395s)
[1102/1842] VideoRepick/episode_79 succeeded with seed 16900 (attempt 0, 157.518s)
Warning: link 'camera_link' material 'aluminum' undefined.
         at line 85 in /workspace/urdfdom/urdf_parser/src/model.cpp
Warning: link 'camera_link' material 'aluminum' undefined.
         at line 85 in /workspace/urdfdom/urdf_parser/src/model.cpp
Warning: link 'camera_link' material 'aluminum' undefined.
         at line 85 in /workspace/urdfdom/urdf_parser/src/model.cpp
Warning: link 'camera_link' material 'aluminum' undefined.
         at line 85 in /workspace/urdfdom/urdf_parser/src/model.cpp
Warning: link 'camera_link' material 'aluminum' undefined.
         at line 85 in /workspace/urdfdom/urdf_parser/src/model.cpp
Warning: link 'camera_link' material 'aluminum' undefined.
         at line 85 in /workspace/urdfdom/urdf_parser/src/model.cpp
Warning: link 'camera_link' material 'aluminum' undefined.
         at line 85 in /workspace/urdfdom/urdf_parser/src/model.cpp
Warning: link 'camera_link' material 'aluminum' undefined.
         at line 85 in /workspace/urdfdom/urdf_parser/src/model.cpp
[1103/1842] RouteStick/episode_80 succeeded with seed 24000 (attempt 0, 141.996s)
[1104/1842] RouteStick/episode_81 succeeded with seed 24100 (attempt 0, 105.05s)
[1105/1842] BinFill/episode_82 succeeded with seed 12200 (attempt 0, 64.842s)
[1106/1842] BinFill/episode_79 succeeded with seed 11900 (attempt 0, 205.724s)
Warning: link 'camera_link' material 'aluminum' undefined.
         at line 85 in /workspace/urdfdom/urdf_parser/src/model.cpp
Warning: link 'camera_link' material 'aluminum' undefined.
         at line 85 in /workspace/urdfdom/urdf_parser/src/model.cpp
Warning: link 'camera_link' material 'aluminum' undefined.
         at line 85 in /workspace/urdfdom/urdf_parser/src/model.cpp
Warning: link 'camera_link' material 'aluminum' undefined.
         at line 85 in /workspace/urdfdom/urdf_parser/src/model.cpp
Warning: link 'camera_link' material 'aluminum' undefined.
         at line 85 in /workspace/urdfdom/urdf_parser/src/model.cpp
Warning: link 'camera_link' material 'aluminum' undefined.
         at line 85 in /workspace/urdfdom/urdf_parser/src/model.cpp
Warning: link 'camera_link' material 'aluminum' undefined.
         at line 85 in /workspace/urdfdom/urdf_parser/src/model.cpp
Warning: link 'camera_link' material 'aluminum' undefined.
         at line 85 in /workspace/urdfdom/urdf_parser/src/model.cpp
[1107/1842] BinFill/episode_80 succeeded with seed 12000 (attempt 0, 159.935s)
    VideoRepick/episode_70 seed 16000 单条墙钟超过 600 秒被终止（实测 602 秒）
    VideoRepick/episode_70 用尽 1 次 attempt，放弃
[1108/1842] VideoUnmaskSwap/episode_82 succeeded with seed 13200 (attempt 0, 55.74s)
/data/hongzefu/robomme_benchmark_MotionJEPANewTask/.venv/lib/python3.11/site-packages/torch/cuda/__init__.py:63: FutureWarning: The pynvml package is deprecated. Please install nvidia-ml-py instead. If you did not install pynvml directly, please report this to the maintainers of the package that installed pynvml for you.
  import pynvml  # type: ignore[import]
/data/hongzefu/robomme_benchmark_MotionJEPANewTask/.venv/lib/python3.11/site-packages/sapien/__init__.py:18: UserWarning: pkg_resources is deprecated as an API. See https://setuptools.pypa.io/en/latest/pkg_resources.html. The pkg_resources package is slated for removal as early as 2025-11-30. Refrain from using this package or pin to Setuptools<81.
  import pkg_resources
[1109/1842] VideoRepick/episode_80 succeeded with seed 17000 (attempt 0, 149.045s)
[1110/1842] RouteStick/episode_78 succeeded with seed 23800 (attempt 0, 222.81s)
Warning: link 'camera_link' material 'aluminum' undefined.
         at line 85 in /workspace/urdfdom/urdf_parser/src/model.cpp
Warning: link 'camera_link' material 'aluminum' undefined.
         at line 85 in /workspace/urdfdom/urdf_parser/src/model.cpp
Warning: link 'camera_link' material 'aluminum' undefined.
         at line 85 in /workspace/urdfdom/urdf_parser/src/model.cpp
Warning: link 'camera_link' material 'aluminum' undefined.
         at line 85 in /workspace/urdfdom/urdf_parser/src/model.cpp
Warning: link 'camera_link' material 'aluminum' undefined.
         at line 85 in /workspace/urdfdom/urdf_parser/src/model.cpp
Warning: link 'camera_link' material 'aluminum' undefined.
         at line 85 in /workspace/urdfdom/urdf_parser/src/model.cpp
Warning: link 'camera_link' material 'aluminum' undefined.
         at line 85 in /workspace/urdfdom/urdf_parser/src/model.cpp
Warning: link 'camera_link' material 'aluminum' undefined.
         at line 85 in /workspace/urdfdom/urdf_parser/src/model.cpp
[1111/1842] VideoUnmaskSwap/episode_81 succeeded with seed 13100 (attempt 0, 95.543s)
Warning: link 'camera_link' material 'aluminum' undefined.
         at line 85 in /workspace/urdfdom/urdf_parser/src/model.cpp
Warning: link 'camera_link' material 'aluminum' undefined.
         at line 85 in /workspace/urdfdom/urdf_parser/src/model.cpp
Warning: link 'camera_link' material 'aluminum' undefined.
         at line 85 in /workspace/urdfdom/urdf_parser/src/model.cpp
Warning: link 'camera_link' material 'aluminum' undefined.
         at line 85 in /workspace/urdfdom/urdf_parser/src/model.cpp
Warning: link 'camera_link' material 'aluminum' undefined.
         at line 85 in /workspace/urdfdom/urdf_parser/src/model.cpp
Warning: link 'camera_link' material 'aluminum' undefined.
         at line 85 in /workspace/urdfdom/urdf_parser/src/model.cpp
Warning: link 'camera_link' material 'aluminum' undefined.
         at line 85 in /workspace/urdfdom/urdf_parser/src/model.cpp
Warning: link 'camera_link' material 'aluminum' undefined.
         at line 85 in /workspace/urdfdom/urdf_parser/src/model.cpp
[1112/1842] BinFill/episode_81 succeeded with seed 12100 (attempt 0, 133.694s)
/data/hongzefu/robomme_benchmark_MotionJEPANewTask/.venv/lib/python3.11/site-packages/torch/cuda/__init__.py:63: FutureWarning: The pynvml package is deprecated. Please install nvidia-ml-py instead. If you did not install pynvml directly, please report this to the maintainers of the package that installed pynvml for you.
  import pynvml  # type: ignore[import]
[1113/1842] VideoRepick/episode_80 succeeded with seed 17000 (attempt 0, 155.31s)
/data/hongzefu/robomme_benchmark_MotionJEPANewTask/.venv/lib/python3.11/site-packages/sapien/__init__.py:18: UserWarning: pkg_resources is deprecated as an API. See https://setuptools.pypa.io/en/latest/pkg_resources.html. The pkg_resources package is slated for removal as early as 2025-11-30. Refrain from using this package or pin to Setuptools<81.
  import pkg_resources
[1114/1842] RouteStick/episode_81 succeeded with seed 24100 (attempt 0, 125.276s)
[1115/1842] BinFill/episode_81 succeeded with seed 12100 (attempt 0, 131.388s)
[1116/1842] RouteStick/episode_81 succeeded with seed 24100 (attempt 0, 127.956s)
Warning: link 'camera_link' material 'aluminum' undefined.
         at line 85 in /workspace/urdfdom/urdf_parser/src/model.cpp
Warning: link 'camera_link' material 'aluminum' undefined.
         at line 85 in /workspace/urdfdom/urdf_parser/src/model.cpp
Warning: link 'camera_link' material 'aluminum' undefined.
         at line 85 in /workspace/urdfdom/urdf_parser/src/model.cpp
Warning: link 'camera_link' material 'aluminum' undefined.
         at line 85 in /workspace/urdfdom/urdf_parser/src/model.cpp
Warning: link 'camera_link' material 'aluminum' undefined.
         at line 85 in /workspace/urdfdom/urdf_parser/src/model.cpp
Warning: link 'camera_link' material 'aluminum' undefined.
         at line 85 in /workspace/urdfdom/urdf_parser/src/model.cpp
Warning: link 'camera_link' material 'aluminum' undefined.
         at line 85 in /workspace/urdfdom/urdf_parser/src/model.cpp
Warning: link 'camera_link' material 'aluminum' undefined.
         at line 85 in /workspace/urdfdom/urdf_parser/src/model.cpp
/data/hongzefu/robomme_benchmark_MotionJEPANewTask/.venv/lib/python3.11/site-packages/torch/cuda/__init__.py:63: FutureWarning: The pynvml package is deprecated. Please install nvidia-ml-py instead. If you did not install pynvml directly, please report this to the maintainers of the package that installed pynvml for you.
  import pynvml  # type: ignore[import]
/data/hongzefu/robomme_benchmark_MotionJEPANewTask/.venv/lib/python3.11/site-packages/sapien/__init__.py:18: UserWarning: pkg_resources is deprecated as an API. See https://setuptools.pypa.io/en/latest/pkg_resources.html. The pkg_resources package is slated for removal as early as 2025-11-30. Refrain from using this package or pin to Setuptools<81.
  import pkg_resources
[1117/1842] RouteStick/episode_79 succeeded with seed 23900 (attempt 0, 208.944s)
[1118/1842] VideoRepick/episode_80 succeeded with seed 17000 (attempt 0, 155.861s)
[1119/1842] RouteStick/episode_82 succeeded with seed 24200 (attempt 0, 90.331s)
Warning: link 'camera_link' material 'aluminum' undefined.
         at line 85 in /workspace/urdfdom/urdf_parser/src/model.cpp
Warning: link 'camera_link' material 'aluminum' undefined.
         at line 85 in /workspace/urdfdom/urdf_parser/src/model.cpp
Warning: link 'camera_link' material 'aluminum' undefined.
         at line 85 in /workspace/urdfdom/urdf_parser/src/model.cpp
Warning: link 'camera_link' material 'aluminum' undefined.
         at line 85 in /workspace/urdfdom/urdf_parser/src/model.cpp
Warning: link 'camera_link' material 'aluminum' undefined.
         at line 85 in /workspace/urdfdom/urdf_parser/src/model.cpp
Warning: link 'camera_link' material 'aluminum' undefined.
         at line 85 in /workspace/urdfdom/urdf_parser/src/model.cpp
Warning: link 'camera_link' material 'aluminum' undefined.
         at line 85 in /workspace/urdfdom/urdf_parser/src/model.cpp
Warning: link 'camera_link' material 'aluminum' undefined.
         at line 85 in /workspace/urdfdom/urdf_parser/src/model.cpp
[1120/1842] VideoUnmaskSwap/episode_82 succeeded with seed 13200 (attempt 0, 90.328s)
[1121/1842] VideoUnmaskSwap/episode_82 succeeded with seed 13200 (attempt 0, 96.144s)
Warning: link 'camera_link' material 'aluminum' undefined.
         at line 85 in /workspace/urdfdom/urdf_parser/src/model.cpp
Warning: link 'camera_link' material 'aluminum' undefined.
         at line 85 in /workspace/urdfdom/urdf_parser/src/model.cpp
Warning: link 'camera_link' material 'aluminum' undefined.
         at line 85 in /workspace/urdfdom/urdf_parser/src/model.cpp
Warning: link 'camera_link' material 'aluminum' undefined.
         at line 85 in /workspace/urdfdom/urdf_parser/src/model.cpp
Warning: link 'camera_link' material 'aluminum' undefined.
         at line 85 in /workspace/urdfdom/urdf_parser/src/model.cpp
Warning: link 'camera_link' material 'aluminum' undefined.
         at line 85 in /workspace/urdfdom/urdf_parser/src/model.cpp
Warning: link 'camera_link' material 'aluminum' undefined.
         at line 85 in /workspace/urdfdom/urdf_parser/src/model.cpp
Warning: link 'camera_link' material 'aluminum' undefined.
         at line 85 in /workspace/urdfdom/urdf_parser/src/model.cpp
[1122/1842] VideoUnmaskSwap/episode_83 succeeded with seed 13300 (attempt 0, 52.157s)
Warning: link 'camera_link' material 'aluminum' undefined.
         at line 85 in /workspace/urdfdom/urdf_parser/src/model.cpp
Warning: link 'camera_link' material 'aluminum' undefined.
         at line 85 in /workspace/urdfdom/urdf_parser/src/model.cpp
Warning: link 'camera_link' material 'aluminum' undefined.
         at line 85 in /workspace/urdfdom/urdf_parser/src/model.cpp
Warning: link 'camera_link' material 'aluminum' undefined.
         at line 85 in /workspace/urdfdom/urdf_parser/src/model.cpp
Warning: link 'camera_link' material 'aluminum' undefined.
         at line 85 in /workspace/urdfdom/urdf_parser/src/model.cpp
Warning: link 'camera_link' material 'aluminum' undefined.
         at line 85 in /workspace/urdfdom/urdf_parser/src/model.cpp
Warning: link 'camera_link' material 'aluminum' undefined.
         at line 85 in /workspace/urdfdom/urdf_parser/src/model.cpp
Warning: link 'camera_link' material 'aluminum' undefined.
         at line 85 in /workspace/urdfdom/urdf_parser/src/model.cpp
[1123/1842] VideoRepick/episode_81 succeeded with seed 17100 (attempt 0, 135.917s)
[1124/1842] VideoUnmaskSwap/episode_81 succeeded with seed 13100 (attempt 0, 140.505s)
/data/hongzefu/robomme_benchmark_MotionJEPANewTask/.venv/lib/python3.11/site-packages/torch/cuda/__init__.py:63: FutureWarning: The pynvml package is deprecated. Please install nvidia-ml-py instead. If you did not install pynvml directly, please report this to the maintainers of the package that installed pynvml for you.
  import pynvml  # type: ignore[import]
[1125/1842] BinFill/episode_82 succeeded with seed 12200 (attempt 0, 130.8s)
/data/hongzefu/robomme_benchmark_MotionJEPANewTask/.venv/lib/python3.11/site-packages/sapien/__init__.py:18: UserWarning: pkg_resources is deprecated as an API. See https://setuptools.pypa.io/en/latest/pkg_resources.html. The pkg_resources package is slated for removal as early as 2025-11-30. Refrain from using this package or pin to Setuptools<81.
  import pkg_resources
    BinFill/episode_83 用尽 1 次 attempt，放弃
/data/hongzefu/robomme_benchmark_MotionJEPANewTask/.venv/lib/python3.11/site-packages/torch/cuda/__init__.py:63: FutureWarning: The pynvml package is deprecated. Please install nvidia-ml-py instead. If you did not install pynvml directly, please report this to the maintainers of the package that installed pynvml for you.
  import pynvml  # type: ignore[import]
/data/hongzefu/robomme_benchmark_MotionJEPANewTask/.venv/lib/python3.11/site-packages/sapien/__init__.py:18: UserWarning: pkg_resources is deprecated as an API. See https://setuptools.pypa.io/en/latest/pkg_resources.html. The pkg_resources package is slated for removal as early as 2025-11-30. Refrain from using this package or pin to Setuptools<81.
  import pkg_resources
[1126/1842] VideoUnmaskSwap/episode_83 succeeded with seed 13300 (attempt 0, 70.475s)
[1127/1842] VideoRepick/episode_81 succeeded with seed 17100 (attempt 0, 153.404s)
[1128/1842] BinFill/episode_82 succeeded with seed 12200 (attempt 0, 141.582s)
[1129/1842] VideoRepick/episode_82 succeeded with seed 17200 (attempt 0, 122.966s)
[1130/1842] VideoUnmaskSwap/episode_83 succeeded with seed 13300 (attempt 0, 84.666s)
[1131/1842] RouteStick/episode_82 succeeded with seed 24200 (attempt 0, 142.952s)
Warning: link 'camera_link' material 'aluminum' undefined.
         at line 85 in /workspace/urdfdom/urdf_parser/src/model.cpp
Warning: link 'camera_link' material 'aluminum' undefined.
         at line 85 in /workspace/urdfdom/urdf_parser/src/model.cpp
Warning: link 'camera_link' material 'aluminum' undefined.
         at line 85 in /workspace/urdfdom/urdf_parser/src/model.cpp
Warning: link 'camera_link' material 'aluminum' undefined.
         at line 85 in /workspace/urdfdom/urdf_parser/src/model.cpp
Warning: link 'camera_link' material 'aluminum' undefined.
         at line 85 in /workspace/urdfdom/urdf_parser/src/model.cpp
Warning: link 'camera_link' material 'aluminum' undefined.
         at line 85 in /workspace/urdfdom/urdf_parser/src/model.cpp
Warning: link 'camera_link' material 'aluminum' undefined.
         at line 85 in /workspace/urdfdom/urdf_parser/src/model.cpp
Warning: link 'camera_link' material 'aluminum' undefined.
         at line 85 in /workspace/urdfdom/urdf_parser/src/model.cpp
/data/hongzefu/robomme_benchmark_MotionJEPANewTask/.venv/lib/python3.11/site-packages/torch/cuda/__init__.py:63: FutureWarning: The pynvml package is deprecated. Please install nvidia-ml-py instead. If you did not install pynvml directly, please report this to the maintainers of the package that installed pynvml for you.
  import pynvml  # type: ignore[import]
[1132/1842] BinFill/episode_84 succeeded with seed 12400 (attempt 0, 72.484s)
/data/hongzefu/robomme_benchmark_MotionJEPANewTask/.venv/lib/python3.11/site-packages/sapien/__init__.py:18: UserWarning: pkg_resources is deprecated as an API. See https://setuptools.pypa.io/en/latest/pkg_resources.html. The pkg_resources package is slated for removal as early as 2025-11-30. Refrain from using this package or pin to Setuptools<81.
  import pkg_resources
[1133/1842] RouteStick/episode_80 succeeded with seed 24000 (attempt 0, 224.841s)
[1134/1842] RouteStick/episode_83 succeeded with seed 24300 (attempt 0, 107.236s)
[1135/1842] VideoUnmaskSwap/episode_84 succeeded with seed 13400 (attempt 0, 56.843s)
/data/hongzefu/robomme_benchmark_MotionJEPANewTask/.venv/lib/python3.11/site-packages/torch/cuda/__init__.py:63: FutureWarning: The pynvml package is deprecated. Please install nvidia-ml-py instead. If you did not install pynvml directly, please report this to the maintainers of the package that installed pynvml for you.
  import pynvml  # type: ignore[import]
/data/hongzefu/robomme_benchmark_MotionJEPANewTask/.venv/lib/python3.11/site-packages/sapien/__init__.py:18: UserWarning: pkg_resources is deprecated as an API. See https://setuptools.pypa.io/en/latest/pkg_resources.html. The pkg_resources package is slated for removal as early as 2025-11-30. Refrain from using this package or pin to Setuptools<81.
  import pkg_resources
[1136/1842] RouteStick/episode_82 succeeded with seed 24200 (attempt 0, 155.143s)
[1137/1842] VideoRepick/episode_82 succeeded with seed 17200 (attempt 0, 141.02s)
Warning: link 'camera_link' material 'aluminum' undefined.
         at line 85 in /workspace/urdfdom/urdf_parser/src/model.cpp
Warning: link 'camera_link' material 'aluminum' undefined.
         at line 85 in /workspace/urdfdom/urdf_parser/src/model.cpp
Warning: link 'camera_link' material 'aluminum' undefined.
         at line 85 in /workspace/urdfdom/urdf_parser/src/model.cpp
Warning: link 'camera_link' material 'aluminum' undefined.
         at line 85 in /workspace/urdfdom/urdf_parser/src/model.cpp
Warning: link 'camera_link' material 'aluminum' undefined.
         at line 85 in /workspace/urdfdom/urdf_parser/src/model.cpp
Warning: link 'camera_link' material 'aluminum' undefined.
         at line 85 in /workspace/urdfdom/urdf_parser/src/model.cpp
Warning: link 'camera_link' material 'aluminum' undefined.
         at line 85 in /workspace/urdfdom/urdf_parser/src/model.cpp
Warning: link 'camera_link' material 'aluminum' undefined.
         at line 85 in /workspace/urdfdom/urdf_parser/src/model.cpp
Warning: link 'camera_link' material 'aluminum' undefined.
         at line 85 in /workspace/urdfdom/urdf_parser/src/model.cpp
Warning: link 'camera_link' material 'aluminum' undefined.
         at line 85 in /workspace/urdfdom/urdf_parser/src/model.cpp
Warning: link 'camera_link' material 'aluminum' undefined.
         at line 85 in /workspace/urdfdom/urdf_parser/src/model.cpp
Warning: link 'camera_link' material 'aluminum' undefined.
         at line 85 in /workspace/urdfdom/urdf_parser/src/model.cpp
Warning: link 'camera_link' material 'aluminum' undefined.
         at line 85 in /workspace/urdfdom/urdf_parser/src/model.cpp
Warning: link 'camera_link' material 'aluminum' undefined.
         at line 85 in /workspace/urdfdom/urdf_parser/src/model.cpp
Warning: link 'camera_link' material 'aluminum' undefined.
         at line 85 in /workspace/urdfdom/urdf_parser/src/model.cpp
Warning: link 'camera_link' material 'aluminum' undefined.
         at line 85 in /workspace/urdfdom/urdf_parser/src/model.cpp
screw plan failed
screw plan failed
screw plan failed
Warning: link 'camera_link' material 'aluminum' undefined.
         at line 85 in /workspace/urdfdom/urdf_parser/src/model.cpp
Warning: link 'camera_link' material 'aluminum' undefined.
         at line 85 in /workspace/urdfdom/urdf_parser/src/model.cpp
Warning: link 'camera_link' material 'aluminum' undefined.
         at line 85 in /workspace/urdfdom/urdf_parser/src/model.cpp
Warning: link 'camera_link' material 'aluminum' undefined.
         at line 85 in /workspace/urdfdom/urdf_parser/src/model.cpp
Warning: link 'camera_link' material 'aluminum' undefined.
         at line 85 in /workspace/urdfdom/urdf_parser/src/model.cpp
Warning: link 'camera_link' material 'aluminum' undefined.
         at line 85 in /workspace/urdfdom/urdf_parser/src/model.cpp
Warning: link 'camera_link' material 'aluminum' undefined.
         at line 85 in /workspace/urdfdom/urdf_parser/src/model.cpp
Warning: link 'camera_link' material 'aluminum' undefined.
         at line 85 in /workspace/urdfdom/urdf_parser/src/model.cpp
[1138/1842] RouteStick/episode_84 succeeded with seed 24400 (attempt 0, 90.65s)
[1139/1842] VideoRepick/episode_82 succeeded with seed 17200 (attempt 0, 137.886s)
[1140/1842] VideoRepick/episode_83 succeeded with seed 17300 (attempt 0, 108.225s)
[1141/1842] VideoRepick/episode_81 succeeded with seed 17100 (attempt 0, 178.356s)
[1142/1842] VideoUnmaskSwap/episode_82 succeeded with seed 13200 (attempt 0, 142.269s)
/data/hongzefu/robomme_benchmark_MotionJEPANewTask/.venv/lib/python3.11/site-packages/torch/cuda/__init__.py:63: FutureWarning: The pynvml package is deprecated. Please install nvidia-ml-py instead. If you did not install pynvml directly, please report this to the maintainers of the package that installed pynvml for you.
  import pynvml  # type: ignore[import]
[1143/1842] RouteStick/episode_83 succeeded with seed 24300 (attempt 0, 127.596s)
/data/hongzefu/robomme_benchmark_MotionJEPANewTask/.venv/lib/python3.11/site-packages/sapien/__init__.py:18: UserWarning: pkg_resources is deprecated as an API. See https://setuptools.pypa.io/en/latest/pkg_resources.html. The pkg_resources package is slated for removal as early as 2025-11-30. Refrain from using this package or pin to Setuptools<81.
  import pkg_resources
Warning: link 'camera_link' material 'aluminum' undefined.
         at line 85 in /workspace/urdfdom/urdf_parser/src/model.cpp
Warning: link 'camera_link' material 'aluminum' undefined.
         at line 85 in /workspace/urdfdom/urdf_parser/src/model.cpp
Warning: link 'camera_link' material 'aluminum' undefined.
         at line 85 in /workspace/urdfdom/urdf_parser/src/model.cpp
Warning: link 'camera_link' material 'aluminum' undefined.
         at line 85 in /workspace/urdfdom/urdf_parser/src/model.cpp
Warning: link 'camera_link' material 'aluminum' undefined.
         at line 85 in /workspace/urdfdom/urdf_parser/src/model.cpp
Warning: link 'camera_link' material 'aluminum' undefined.
         at line 85 in /workspace/urdfdom/urdf_parser/src/model.cpp
Warning: link 'camera_link' material 'aluminum' undefined.
         at line 85 in /workspace/urdfdom/urdf_parser/src/model.cpp
Warning: link 'camera_link' material 'aluminum' undefined.
         at line 85 in /workspace/urdfdom/urdf_parser/src/model.cpp
[1144/1842] VideoUnmaskSwap/episode_84 succeeded with seed 13400 (attempt 0, 90.578s)
[1145/1842] BinFill/episode_83 succeeded with seed 12300 (attempt 0, 150.415s)
/data/hongzefu/robomme_benchmark_MotionJEPANewTask/.venv/lib/python3.11/site-packages/torch/cuda/__init__.py:63: FutureWarning: The pynvml package is deprecated. Please install nvidia-ml-py instead. If you did not install pynvml directly, please report this to the maintainers of the package that installed pynvml for you.
  import pynvml  # type: ignore[import]
/data/hongzefu/robomme_benchmark_MotionJEPANewTask/.venv/lib/python3.11/site-packages/sapien/__init__.py:18: UserWarning: pkg_resources is deprecated as an API. See https://setuptools.pypa.io/en/latest/pkg_resources.html. The pkg_resources package is slated for removal as early as 2025-11-30. Refrain from using this package or pin to Setuptools<81.
  import pkg_resources
[1146/1842] BinFill/episode_83 succeeded with seed 12300 (attempt 0, 157.578s)
[1147/1842] VideoUnmaskSwap/episode_84 succeeded with seed 13400 (attempt 0, 89.066s)
Warning: link 'camera_link' material 'aluminum' undefined.
         at line 85 in /workspace/urdfdom/urdf_parser/src/model.cpp
Warning: link 'camera_link' material 'aluminum' undefined.
         at line 85 in /workspace/urdfdom/urdf_parser/src/model.cpp
Warning: link 'camera_link' material 'aluminum' undefined.
         at line 85 in /workspace/urdfdom/urdf_parser/src/model.cpp
Warning: link 'camera_link' material 'aluminum' undefined.
         at line 85 in /workspace/urdfdom/urdf_parser/src/model.cpp
Warning: link 'camera_link' material 'aluminum' undefined.
         at line 85 in /workspace/urdfdom/urdf_parser/src/model.cpp
Warning: link 'camera_link' material 'aluminum' undefined.
         at line 85 in /workspace/urdfdom/urdf_parser/src/model.cpp
Warning: link 'camera_link' material 'aluminum' undefined.
         at line 85 in /workspace/urdfdom/urdf_parser/src/model.cpp
Warning: link 'camera_link' material 'aluminum' undefined.
         at line 85 in /workspace/urdfdom/urdf_parser/src/model.cpp
[1148/1842] VideoUnmaskSwap/episode_83 succeeded with seed 13300 (attempt 0, 122.329s)
/data/hongzefu/robomme_benchmark_MotionJEPANewTask/.venv/lib/python3.11/site-packages/torch/cuda/__init__.py:63: FutureWarning: The pynvml package is deprecated. Please install nvidia-ml-py instead. If you did not install pynvml directly, please report this to the maintainers of the package that installed pynvml for you.
  import pynvml  # type: ignore[import]
/data/hongzefu/robomme_benchmark_MotionJEPANewTask/.venv/lib/python3.11/site-packages/sapien/__init__.py:18: UserWarning: pkg_resources is deprecated as an API. See https://setuptools.pypa.io/en/latest/pkg_resources.html. The pkg_resources package is slated for removal as early as 2025-11-30. Refrain from using this package or pin to Setuptools<81.
  import pkg_resources
[1149/1842] VideoUnmaskSwap/episode_85 succeeded with seed 13500 (attempt 0, 57.624s)
Warning: link 'camera_link' material 'aluminum' undefined.
         at line 85 in /workspace/urdfdom/urdf_parser/src/model.cpp
Warning: link 'camera_link' material 'aluminum' undefined.
         at line 85 in /workspace/urdfdom/urdf_parser/src/model.cpp
Warning: link 'camera_link' material 'aluminum' undefined.
         at line 85 in /workspace/urdfdom/urdf_parser/src/model.cpp
Warning: link 'camera_link' material 'aluminum' undefined.
         at line 85 in /workspace/urdfdom/urdf_parser/src/model.cpp
Warning: link 'camera_link' material 'aluminum' undefined.
         at line 85 in /workspace/urdfdom/urdf_parser/src/model.cpp
Warning: link 'camera_link' material 'aluminum' undefined.
         at line 85 in /workspace/urdfdom/urdf_parser/src/model.cpp
Warning: link 'camera_link' material 'aluminum' undefined.
         at line 85 in /workspace/urdfdom/urdf_parser/src/model.cpp
Warning: link 'camera_link' material 'aluminum' undefined.
         at line 85 in /workspace/urdfdom/urdf_parser/src/model.cpp
[1150/1842] VideoUnmaskSwap/episode_85 succeeded with seed 13500 (attempt 0, 57.256s)
[1151/1842] RouteStick/episode_83 succeeded with seed 24300 (attempt 0, 154.318s)
[1152/1842] RouteStick/episode_81 succeeded with seed 24100 (attempt 0, 226.877s)
screw plan failed
screw plan failed
screw plan failed
Warning: link 'camera_link' material 'aluminum' undefined.
         at line 85 in /workspace/urdfdom/urdf_parser/src/model.cpp
Warning: link 'camera_link' material 'aluminum' undefined.
         at line 85 in /workspace/urdfdom/urdf_parser/src/model.cpp
Warning: link 'camera_link' material 'aluminum' undefined.
         at line 85 in /workspace/urdfdom/urdf_parser/src/model.cpp
Warning: link 'camera_link' material 'aluminum' undefined.
         at line 85 in /workspace/urdfdom/urdf_parser/src/model.cpp
Warning: link 'camera_link' material 'aluminum' undefined.
         at line 85 in /workspace/urdfdom/urdf_parser/src/model.cpp
Warning: link 'camera_link' material 'aluminum' undefined.
         at line 85 in /workspace/urdfdom/urdf_parser/src/model.cpp
Warning: link 'camera_link' material 'aluminum' undefined.
         at line 85 in /workspace/urdfdom/urdf_parser/src/model.cpp
Warning: link 'camera_link' material 'aluminum' undefined.
         at line 85 in /workspace/urdfdom/urdf_parser/src/model.cpp
[1153/1842] BinFill/episode_84 succeeded with seed 12400 (attempt 0, 130.776s)
Warning: link 'camera_link' material 'aluminum' undefined.
         at line 85 in /workspace/urdfdom/urdf_parser/src/model.cpp
Warning: link 'camera_link' material 'aluminum' undefined.
         at line 85 in /workspace/urdfdom/urdf_parser/src/model.cpp
Warning: link 'camera_link' material 'aluminum' undefined.
         at line 85 in /workspace/urdfdom/urdf_parser/src/model.cpp
Warning: link 'camera_link' material 'aluminum' undefined.
         at line 85 in /workspace/urdfdom/urdf_parser/src/model.cpp
Warning: link 'camera_link' material 'aluminum' undefined.
         at line 85 in /workspace/urdfdom/urdf_parser/src/model.cpp
Warning: link 'camera_link' material 'aluminum' undefined.
         at line 85 in /workspace/urdfdom/urdf_parser/src/model.cpp
Warning: link 'camera_link' material 'aluminum' undefined.
         at line 85 in /workspace/urdfdom/urdf_parser/src/model.cpp
Warning: link 'camera_link' material 'aluminum' undefined.
         at line 85 in /workspace/urdfdom/urdf_parser/src/model.cpp
[1154/1842] RouteStick/episode_84 succeeded with seed 24400 (attempt 0, 124.63s)
[1155/1842] VideoRepick/episode_83 succeeded with seed 17300 (attempt 0, 160.174s)
[1156/1842] BinFill/episode_85 succeeded with seed 12500 (attempt 0, 98.614s)
[1157/1842] RouteStick/episode_84 succeeded with seed 24400 (attempt 0, 142.603s)
[1158/1842] RouteStick/episode_85 succeeded with seed 24500 (attempt 0, 92.56s)
[1159/1842] RouteStick/episode_82 succeeded with seed 24200 (attempt 0, 209.414s)
[1160/1842] VideoRepick/episode_84 succeeded with seed 17400 (attempt 0, 127.952s)
Warning: link 'camera_link' material 'aluminum' undefined.
         at line 85 in /workspace/urdfdom/urdf_parser/src/model.cpp
Warning: link 'camera_link' material 'aluminum' undefined.
         at line 85 in /workspace/urdfdom/urdf_parser/src/model.cpp
Warning: link 'camera_link' material 'aluminum' undefined.
         at line 85 in /workspace/urdfdom/urdf_parser/src/model.cpp
Warning: link 'camera_link' material 'aluminum' undefined.
         at line 85 in /workspace/urdfdom/urdf_parser/src/model.cpp
Warning: link 'camera_link' material 'aluminum' undefined.
         at line 85 in /workspace/urdfdom/urdf_parser/src/model.cpp
Warning: link 'camera_link' material 'aluminum' undefined.
         at line 85 in /workspace/urdfdom/urdf_parser/src/model.cpp
Warning: link 'camera_link' material 'aluminum' undefined.
         at line 85 in /workspace/urdfdom/urdf_parser/src/model.cpp
Warning: link 'camera_link' material 'aluminum' undefined.
         at line 85 in /workspace/urdfdom/urdf_parser/src/model.cpp
Warning: link 'camera_link' material 'aluminum' undefined.
         at line 85 in /workspace/urdfdom/urdf_parser/src/model.cpp
Warning: link 'camera_link' material 'aluminum' undefined.
         at line 85 in /workspace/urdfdom/urdf_parser/src/model.cpp
Warning: link 'camera_link' material 'aluminum' undefined.
         at line 85 in /workspace/urdfdom/urdf_parser/src/model.cpp
Warning: link 'camera_link' material 'aluminum' undefined.
         at line 85 in /workspace/urdfdom/urdf_parser/src/model.cpp
Warning: link 'camera_link' material 'aluminum' undefined.
         at line 85 in /workspace/urdfdom/urdf_parser/src/model.cpp
Warning: link 'camera_link' material 'aluminum' undefined.
         at line 85 in /workspace/urdfdom/urdf_parser/src/model.cpp
Warning: link 'camera_link' material 'aluminum' undefined.
         at line 85 in /workspace/urdfdom/urdf_parser/src/model.cpp
Warning: link 'camera_link' material 'aluminum' undefined.
         at line 85 in /workspace/urdfdom/urdf_parser/src/model.cpp
Warning: link 'camera_link' material 'aluminum' undefined.
         at line 85 in /workspace/urdfdom/urdf_parser/src/model.cpp
Warning: link 'camera_link' material 'aluminum' undefined.
         at line 85 in /workspace/urdfdom/urdf_parser/src/model.cpp
Warning: link 'camera_link' material 'aluminum' undefined.
         at line 85 in /workspace/urdfdom/urdf_parser/src/model.cpp
Warning: link 'camera_link' material 'aluminum' undefined.
         at line 85 in /workspace/urdfdom/urdf_parser/src/model.cpp
Warning: link 'camera_link' material 'aluminum' undefined.
         at line 85 in /workspace/urdfdom/urdf_parser/src/model.cpp
Warning: link 'camera_link' material 'aluminum' undefined.
         at line 85 in /workspace/urdfdom/urdf_parser/src/model.cpp
Warning: link 'camera_link' material 'aluminum' undefined.
         at line 85 in /workspace/urdfdom/urdf_parser/src/model.cpp
Warning: link 'camera_link' material 'aluminum' undefined.
         at line 85 in /workspace/urdfdom/urdf_parser/src/model.cpp
[1161/1842] VideoUnmaskSwap/episode_84 succeeded with seed 13400 (attempt 0, 125.094s)
[1162/1842] VideoUnmaskSwap/episode_85 succeeded with seed 13500 (attempt 0, 110.79s)
[1163/1842] VideoUnmaskSwap/episode_86 succeeded with seed 13600 (attempt 0, 71.51s)
[1164/1842] VideoRepick/episode_85 succeeded with seed 17500 (attempt 0, 94.946s)
[1165/1842] VideoUnmaskSwap/episode_86 succeeded with seed 13600 (attempt 0, 68.543s)
[1166/1842] VideoRepick/episode_84 succeeded with seed 17400 (attempt 0, 158.073s)
[1167/1842] RouteStick/episode_85 succeeded with seed 24500 (attempt 0, 121.099s)
/data/hongzefu/robomme_benchmark_MotionJEPANewTask/.venv/lib/python3.11/site-packages/torch/cuda/__init__.py:63: FutureWarning: The pynvml package is deprecated. Please install nvidia-ml-py instead. If you did not install pynvml directly, please report this to the maintainers of the package that installed pynvml for you.
  import pynvml  # type: ignore[import]
/data/hongzefu/robomme_benchmark_MotionJEPANewTask/.venv/lib/python3.11/site-packages/sapien/__init__.py:18: UserWarning: pkg_resources is deprecated as an API. See https://setuptools.pypa.io/en/latest/pkg_resources.html. The pkg_resources package is slated for removal as early as 2025-11-30. Refrain from using this package or pin to Setuptools<81.
  import pkg_resources
/data/hongzefu/robomme_benchmark_MotionJEPANewTask/.venv/lib/python3.11/site-packages/torch/cuda/__init__.py:63: FutureWarning: The pynvml package is deprecated. Please install nvidia-ml-py instead. If you did not install pynvml directly, please report this to the maintainers of the package that installed pynvml for you.
  import pynvml  # type: ignore[import]
/data/hongzefu/robomme_benchmark_MotionJEPANewTask/.venv/lib/python3.11/site-packages/sapien/__init__.py:18: UserWarning: pkg_resources is deprecated as an API. See https://setuptools.pypa.io/en/latest/pkg_resources.html. The pkg_resources package is slated for removal as early as 2025-11-30. Refrain from using this package or pin to Setuptools<81.
  import pkg_resources
[1168/1842] RouteStick/episode_83 succeeded with seed 24300 (attempt 0, 204.156s)
[1169/1842] VideoRepick/episode_85 succeeded with seed 17500 (attempt 0, 119.182s)
[1170/1842] VideoRepick/episode_84 succeeded with seed 17400 (attempt 0, 148.875s)
Warning: link 'camera_link' material 'aluminum' undefined.
         at line 85 in /workspace/urdfdom/urdf_parser/src/model.cpp
Warning: link 'camera_link' material 'aluminum' undefined.
         at line 85 in /workspace/urdfdom/urdf_parser/src/model.cpp
Warning: link 'camera_link' material 'aluminum' undefined.
         at line 85 in /workspace/urdfdom/urdf_parser/src/model.cpp
Warning: link 'camera_link' material 'aluminum' undefined.
         at line 85 in /workspace/urdfdom/urdf_parser/src/model.cpp
Warning: link 'camera_link' material 'aluminum' undefined.
         at line 85 in /workspace/urdfdom/urdf_parser/src/model.cpp
Warning: link 'camera_link' material 'aluminum' undefined.
         at line 85 in /workspace/urdfdom/urdf_parser/src/model.cpp
Warning: link 'camera_link' material 'aluminum' undefined.
         at line 85 in /workspace/urdfdom/urdf_parser/src/model.cpp
Warning: link 'camera_link' material 'aluminum' undefined.
         at line 85 in /workspace/urdfdom/urdf_parser/src/model.cpp
[1171/1842] RouteStick/episode_86 succeeded with seed 24600 (attempt 0, 106.64s)
/data/hongzefu/robomme_benchmark_MotionJEPANewTask/.venv/lib/python3.11/site-packages/torch/cuda/__init__.py:63: FutureWarning: The pynvml package is deprecated. Please install nvidia-ml-py instead. If you did not install pynvml directly, please report this to the maintainers of the package that installed pynvml for you.
  import pynvml  # type: ignore[import]
/data/hongzefu/robomme_benchmark_MotionJEPANewTask/.venv/lib/python3.11/site-packages/sapien/__init__.py:18: UserWarning: pkg_resources is deprecated as an API. See https://setuptools.pypa.io/en/latest/pkg_resources.html. The pkg_resources package is slated for removal as early as 2025-11-30. Refrain from using this package or pin to Setuptools<81.
  import pkg_resources
/data/hongzefu/robomme_benchmark_MotionJEPANewTask/.venv/lib/python3.11/site-packages/torch/cuda/__init__.py:63: FutureWarning: The pynvml package is deprecated. Please install nvidia-ml-py instead. If you did not install pynvml directly, please report this to the maintainers of the package that installed pynvml for you.
  import pynvml  # type: ignore[import]
/data/hongzefu/robomme_benchmark_MotionJEPANewTask/.venv/lib/python3.11/site-packages/sapien/__init__.py:18: UserWarning: pkg_resources is deprecated as an API. See https://setuptools.pypa.io/en/latest/pkg_resources.html. The pkg_resources package is slated for removal as early as 2025-11-30. Refrain from using this package or pin to Setuptools<81.
  import pkg_resources
[1172/1842] BinFill/episode_84 succeeded with seed 12400 (attempt 0, 206.168s)
[1173/1842] VideoUnmaskSwap/episode_87 succeeded with seed 13700 (attempt 0, 57.3s)
/data/hongzefu/robomme_benchmark_MotionJEPANewTask/.venv/lib/python3.11/site-packages/torch/cuda/__init__.py:63: FutureWarning: The pynvml package is deprecated. Please install nvidia-ml-py instead. If you did not install pynvml directly, please report this to the maintainers of the package that installed pynvml for you.
  import pynvml  # type: ignore[import]
/data/hongzefu/robomme_benchmark_MotionJEPANewTask/.venv/lib/python3.11/site-packages/sapien/__init__.py:18: UserWarning: pkg_resources is deprecated as an API. See https://setuptools.pypa.io/en/latest/pkg_resources.html. The pkg_resources package is slated for removal as early as 2025-11-30. Refrain from using this package or pin to Setuptools<81.
  import pkg_resources
[1174/1842] VideoUnmaskSwap/episode_86 succeeded with seed 13600 (attempt 0, 94.676s)
Warning: link 'camera_link' material 'aluminum' undefined.
         at line 85 in /workspace/urdfdom/urdf_parser/src/model.cpp
Warning: link 'camera_link' material 'aluminum' undefined.
         at line 85 in /workspace/urdfdom/urdf_parser/src/model.cpp
Warning: link 'camera_link' material 'aluminum' undefined.
         at line 85 in /workspace/urdfdom/urdf_parser/src/model.cpp
Warning: link 'camera_link' material 'aluminum' undefined.
         at line 85 in /workspace/urdfdom/urdf_parser/src/model.cpp
Warning: link 'camera_link' material 'aluminum' undefined.
         at line 85 in /workspace/urdfdom/urdf_parser/src/model.cpp
Warning: link 'camera_link' material 'aluminum' undefined.
         at line 85 in /workspace/urdfdom/urdf_parser/src/model.cpp
Warning: link 'camera_link' material 'aluminum' undefined.
         at line 85 in /workspace/urdfdom/urdf_parser/src/model.cpp
Warning: link 'camera_link' material 'aluminum' undefined.
         at line 85 in /workspace/urdfdom/urdf_parser/src/model.cpp
[1175/1842] VideoRepick/episode_85 succeeded with seed 17500 (attempt 0, 126.225s)
[1176/1842] VideoUnmaskSwap/episode_85 succeeded with seed 13500 (attempt 0, 140.246s)
[1177/1842] BinFill/episode_85 succeeded with seed 12500 (attempt 0, 162.872s)
[1178/1842] VideoUnmaskSwap/episode_87 succeeded with seed 13700 (attempt 0, 67.753s)
[1179/1842] BinFill/episode_86 succeeded with seed 12600 (attempt 0, 134.031s)
Warning: link 'camera_link' material 'aluminum' undefined.
         at line 85 in /workspace/urdfdom/urdf_parser/src/model.cpp
Warning: link 'camera_link' material 'aluminum' undefined.
         at line 85 in /workspace/urdfdom/urdf_parser/src/model.cpp
Warning: link 'camera_link' material 'aluminum' undefined.
         at line 85 in /workspace/urdfdom/urdf_parser/src/model.cpp
Warning: link 'camera_link' material 'aluminum' undefined.
         at line 85 in /workspace/urdfdom/urdf_parser/src/model.cpp
Warning: link 'camera_link' material 'aluminum' undefined.
         at line 85 in /workspace/urdfdom/urdf_parser/src/model.cpp
Warning: link 'camera_link' material 'aluminum' undefined.
         at line 85 in /workspace/urdfdom/urdf_parser/src/model.cpp
Warning: link 'camera_link' material 'aluminum' undefined.
         at line 85 in /workspace/urdfdom/urdf_parser/src/model.cpp
Warning: link 'camera_link' material 'aluminum' undefined.
         at line 85 in /workspace/urdfdom/urdf_parser/src/model.cpp
Warning: link 'camera_link' material 'aluminum' undefined.
         at line 85 in /workspace/urdfdom/urdf_parser/src/model.cpp
Warning: link 'camera_link' material 'aluminum' undefined.
         at line 85 in /workspace/urdfdom/urdf_parser/src/model.cpp
Warning: link 'camera_link' material 'aluminum' undefined.
         at line 85 in /workspace/urdfdom/urdf_parser/src/model.cpp
Warning: link 'camera_link' material 'aluminum' undefined.
         at line 85 in /workspace/urdfdom/urdf_parser/src/model.cpp
Warning: link 'camera_link' material 'aluminum' undefined.
         at line 85 in /workspace/urdfdom/urdf_parser/src/model.cpp
Warning: link 'camera_link' material 'aluminum' undefined.
         at line 85 in /workspace/urdfdom/urdf_parser/src/model.cpp
Warning: link 'camera_link' material 'aluminum' undefined.
         at line 85 in /workspace/urdfdom/urdf_parser/src/model.cpp
Warning: link 'camera_link' material 'aluminum' undefined.
         at line 85 in /workspace/urdfdom/urdf_parser/src/model.cpp
[1180/1842] RouteStick/episode_87 succeeded with seed 24700 (attempt 0, 88.417s)
[1181/1842] RouteStick/episode_84 succeeded with seed 24400 (attempt 0, 193.545s)
Warning: link 'camera_link' material 'aluminum' undefined.
         at line 85 in /workspace/urdfdom/urdf_parser/src/model.cpp
Warning: link 'camera_link' material 'aluminum' undefined.
         at line 85 in /workspace/urdfdom/urdf_parser/src/model.cpp
Warning: link 'camera_link' material 'aluminum' undefined.
         at line 85 in /workspace/urdfdom/urdf_parser/src/model.cpp
Warning: link 'camera_link' material 'aluminum' undefined.
         at line 85 in /workspace/urdfdom/urdf_parser/src/model.cpp
Warning: link 'camera_link' material 'aluminum' undefined.
         at line 85 in /workspace/urdfdom/urdf_parser/src/model.cpp
Warning: link 'camera_link' material 'aluminum' undefined.
         at line 85 in /workspace/urdfdom/urdf_parser/src/model.cpp
Warning: link 'camera_link' material 'aluminum' undefined.
         at line 85 in /workspace/urdfdom/urdf_parser/src/model.cpp
Warning: link 'camera_link' material 'aluminum' undefined.
         at line 85 in /workspace/urdfdom/urdf_parser/src/model.cpp
[1182/1842] RouteStick/episode_85 succeeded with seed 24500 (attempt 0, 172.569s)
/data/hongzefu/robomme_benchmark_MotionJEPANewTask/.venv/lib/python3.11/site-packages/torch/cuda/__init__.py:63: FutureWarning: The pynvml package is deprecated. Please install nvidia-ml-py instead. If you did not install pynvml directly, please report this to the maintainers of the package that installed pynvml for you.
  import pynvml  # type: ignore[import]
/data/hongzefu/robomme_benchmark_MotionJEPANewTask/.venv/lib/python3.11/site-packages/sapien/__init__.py:18: UserWarning: pkg_resources is deprecated as an API. See https://setuptools.pypa.io/en/latest/pkg_resources.html. The pkg_resources package is slated for removal as early as 2025-11-30. Refrain from using this package or pin to Setuptools<81.
  import pkg_resources
    VideoRepick/episode_76 seed 16600 单条墙钟超过 600 秒被终止（实测 601 秒）
    VideoRepick/episode_76 用尽 1 次 attempt，放弃
/data/hongzefu/robomme_benchmark_MotionJEPANewTask/.venv/lib/python3.11/site-packages/torch/cuda/__init__.py:63: FutureWarning: The pynvml package is deprecated. Please install nvidia-ml-py instead. If you did not install pynvml directly, please report this to the maintainers of the package that installed pynvml for you.
  import pynvml  # type: ignore[import]
/data/hongzefu/robomme_benchmark_MotionJEPANewTask/.venv/lib/python3.11/site-packages/sapien/__init__.py:18: UserWarning: pkg_resources is deprecated as an API. See https://setuptools.pypa.io/en/latest/pkg_resources.html. The pkg_resources package is slated for removal as early as 2025-11-30. Refrain from using this package or pin to Setuptools<81.
  import pkg_resources
[1183/1842] RouteStick/episode_86 succeeded with seed 24600 (attempt 0, 144.441s)
[1184/1842] BinFill/episode_87 succeeded with seed 12700 (attempt 0, 104.697s)
[1185/1842] BinFill/episode_87 succeeded with seed 12700 (attempt 0, 113.612s)
[1186/1842] VideoRepick/episode_86 succeeded with seed 17600 (attempt 0, 125.089s)
[1187/1842] VideoRepick/episode_86 succeeded with seed 17600 (attempt 0, 134.553s)
[1188/1842] BinFill/episode_86 succeeded with seed 12600 (attempt 0, 164.906s)
[1189/1842] BinFill/episode_86 succeeded with seed 12600 (attempt 0, 166.594s)
[1190/1842] VideoUnmaskSwap/episode_86 succeeded with seed 13600 (attempt 0, 137.426s)
[1191/1842] BinFill/episode_85 succeeded with seed 12500 (attempt 0, 206.393s)
/data/hongzefu/robomme_benchmark_MotionJEPANewTask/.venv/lib/python3.11/site-packages/torch/cuda/__init__.py:63: FutureWarning: The pynvml package is deprecated. Please install nvidia-ml-py instead. If you did not install pynvml directly, please report this to the maintainers of the package that installed pynvml for you.
  import pynvml  # type: ignore[import]
Warning: link 'camera_link' material 'aluminum' undefined.
         at line 85 in /workspace/urdfdom/urdf_parser/src/model.cpp
Warning: link 'camera_link' material 'aluminum' undefined.
         at line 85 in /workspace/urdfdom/urdf_parser/src/model.cpp
Warning: link 'camera_link' material 'aluminum' undefined.
         at line 85 in /workspace/urdfdom/urdf_parser/src/model.cpp
Warning: link 'camera_link' material 'aluminum' undefined.
         at line 85 in /workspace/urdfdom/urdf_parser/src/model.cpp
Warning: link 'camera_link' material 'aluminum' undefined.
         at line 85 in /workspace/urdfdom/urdf_parser/src/model.cpp
Warning: link 'camera_link' material 'aluminum' undefined.
         at line 85 in /workspace/urdfdom/urdf_parser/src/model.cpp
Warning: link 'camera_link' material 'aluminum' undefined.
         at line 85 in /workspace/urdfdom/urdf_parser/src/model.cpp
Warning: link 'camera_link' material 'aluminum' undefined.
         at line 85 in /workspace/urdfdom/urdf_parser/src/model.cpp
/data/hongzefu/robomme_benchmark_MotionJEPANewTask/.venv/lib/python3.11/site-packages/sapien/__init__.py:18: UserWarning: pkg_resources is deprecated as an API. See https://setuptools.pypa.io/en/latest/pkg_resources.html. The pkg_resources package is slated for removal as early as 2025-11-30. Refrain from using this package or pin to Setuptools<81.
  import pkg_resources
[1192/1842] RouteStick/episode_85 succeeded with seed 24500 (attempt 0, 196.469s)
Warning: link 'camera_link' material 'aluminum' undefined.
         at line 85 in /workspace/urdfdom/urdf_parser/src/model.cpp
Warning: link 'camera_link' material 'aluminum' undefined.
         at line 85 in /workspace/urdfdom/urdf_parser/src/model.cpp
Warning: link 'camera_link' material 'aluminum' undefined.
         at line 85 in /workspace/urdfdom/urdf_parser/src/model.cpp
Warning: link 'camera_link' material 'aluminum' undefined.
         at line 85 in /workspace/urdfdom/urdf_parser/src/model.cpp
Warning: link 'camera_link' material 'aluminum' undefined.
         at line 85 in /workspace/urdfdom/urdf_parser/src/model.cpp
Warning: link 'camera_link' material 'aluminum' undefined.
         at line 85 in /workspace/urdfdom/urdf_parser/src/model.cpp
Warning: link 'camera_link' material 'aluminum' undefined.
         at line 85 in /workspace/urdfdom/urdf_parser/src/model.cpp
Warning: link 'camera_link' material 'aluminum' undefined.
         at line 85 in /workspace/urdfdom/urdf_parser/src/model.cpp
[1193/1842] BinFill/episode_87 succeeded with seed 12700 (attempt 0, 128.999s)
Warning: link 'camera_link' material 'aluminum' undefined.
         at line 85 in /workspace/urdfdom/urdf_parser/src/model.cpp
Warning: link 'camera_link' material 'aluminum' undefined.
         at line 85 in /workspace/urdfdom/urdf_parser/src/model.cpp
Warning: link 'camera_link' material 'aluminum' undefined.
         at line 85 in /workspace/urdfdom/urdf_parser/src/model.cpp
Warning: link 'camera_link' material 'aluminum' undefined.
         at line 85 in /workspace/urdfdom/urdf_parser/src/model.cpp
Warning: link 'camera_link' material 'aluminum' undefined.
         at line 85 in /workspace/urdfdom/urdf_parser/src/model.cpp
Warning: link 'camera_link' material 'aluminum' undefined.
         at line 85 in /workspace/urdfdom/urdf_parser/src/model.cpp
Warning: link 'camera_link' material 'aluminum' undefined.
         at line 85 in /workspace/urdfdom/urdf_parser/src/model.cpp
Warning: link 'camera_link' material 'aluminum' undefined.
         at line 85 in /workspace/urdfdom/urdf_parser/src/model.cpp
[1194/1842] VideoUnmaskSwap/episode_88 succeeded with seed 13800 (attempt 0, 62.94s)
[1195/1842] RouteStick/episode_87 succeeded with seed 24700 (attempt 0, 127.43s)
/data/hongzefu/robomme_benchmark_MotionJEPANewTask/.venv/lib/python3.11/site-packages/torch/cuda/__init__.py:63: FutureWarning: The pynvml package is deprecated. Please install nvidia-ml-py instead. If you did not install pynvml directly, please report this to the maintainers of the package that installed pynvml for you.
  import pynvml  # type: ignore[import]
/data/hongzefu/robomme_benchmark_MotionJEPANewTask/.venv/lib/python3.11/site-packages/sapien/__init__.py:18: UserWarning: pkg_resources is deprecated as an API. See https://setuptools.pypa.io/en/latest/pkg_resources.html. The pkg_resources package is slated for removal as early as 2025-11-30. Refrain from using this package or pin to Setuptools<81.
  import pkg_resources
[1196/1842] VideoUnmaskSwap/episode_87 succeeded with seed 13700 (attempt 0, 111.386s)
Warning: link 'camera_link' material 'aluminum' undefined.
         at line 85 in /workspace/urdfdom/urdf_parser/src/model.cpp
Warning: link 'camera_link' material 'aluminum' undefined.
         at line 85 in /workspace/urdfdom/urdf_parser/src/model.cpp
Warning: link 'camera_link' material 'aluminum' undefined.
         at line 85 in /workspace/urdfdom/urdf_parser/src/model.cpp
Warning: link 'camera_link' material 'aluminum' undefined.
         at line 85 in /workspace/urdfdom/urdf_parser/src/model.cpp
Warning: link 'camera_link' material 'aluminum' undefined.
         at line 85 in /workspace/urdfdom/urdf_parser/src/model.cpp
Warning: link 'camera_link' material 'aluminum' undefined.
         at line 85 in /workspace/urdfdom/urdf_parser/src/model.cpp
Warning: link 'camera_link' material 'aluminum' undefined.
         at line 85 in /workspace/urdfdom/urdf_parser/src/model.cpp
Warning: link 'camera_link' material 'aluminum' undefined.
         at line 85 in /workspace/urdfdom/urdf_parser/src/model.cpp
[1197/1842] VideoRepick/episode_87 succeeded with seed 17700 (attempt 0, 111.098s)
[1198/1842] VideoUnmaskSwap/episode_88 succeeded with seed 13800 (attempt 0, 70.61s)
[1199/1842] RouteStick/episode_88 succeeded with seed 24800 (attempt 0, 94.936s)
[1200/1842] RouteStick/episode_86 succeeded with seed 24600 (attempt 0, 176.436s)
[1201/1842] RouteStick/episode_87 succeeded with seed 24700 (attempt 0, 141.721s)
[1202/1842] VideoRepick/episode_86 succeeded with seed 17600 (attempt 0, 172.089s)
Warning: link 'camera_link' material 'aluminum' undefined.
         at line 85 in /workspace/urdfdom/urdf_parser/src/model.cpp
Warning: link 'camera_link' material 'aluminum' undefined.
         at line 85 in /workspace/urdfdom/urdf_parser/src/model.cpp
Warning: link 'camera_link' material 'aluminum' undefined.
         at line 85 in /workspace/urdfdom/urdf_parser/src/model.cpp
Warning: link 'camera_link' material 'aluminum' undefined.
         at line 85 in /workspace/urdfdom/urdf_parser/src/model.cpp
Warning: link 'camera_link' material 'aluminum' undefined.
         at line 85 in /workspace/urdfdom/urdf_parser/src/model.cpp
Warning: link 'camera_link' material 'aluminum' undefined.
         at line 85 in /workspace/urdfdom/urdf_parser/src/model.cpp
Warning: link 'camera_link' material 'aluminum' undefined.
         at line 85 in /workspace/urdfdom/urdf_parser/src/model.cpp
Warning: link 'camera_link' material 'aluminum' undefined.
         at line 85 in /workspace/urdfdom/urdf_parser/src/model.cpp
Warning: link 'camera_link' material 'aluminum' undefined.
         at line 85 in /workspace/urdfdom/urdf_parser/src/model.cpp
Warning: link 'camera_link' material 'aluminum' undefined.
         at line 85 in /workspace/urdfdom/urdf_parser/src/model.cpp
Warning: link 'camera_link' material 'aluminum' undefined.
         at line 85 in /workspace/urdfdom/urdf_parser/src/model.cpp
Warning: link 'camera_link' material 'aluminum' undefined.
         at line 85 in /workspace/urdfdom/urdf_parser/src/model.cpp
Warning: link 'camera_link' material 'aluminum' undefined.
         at line 85 in /workspace/urdfdom/urdf_parser/src/model.cpp
Warning: link 'camera_link' material 'aluminum' undefined.
         at line 85 in /workspace/urdfdom/urdf_parser/src/model.cpp
Warning: link 'camera_link' material 'aluminum' undefined.
         at line 85 in /workspace/urdfdom/urdf_parser/src/model.cpp
Warning: link 'camera_link' material 'aluminum' undefined.
         at line 85 in /workspace/urdfdom/urdf_parser/src/model.cpp
Warning: link 'camera_link' material 'aluminum' undefined.
         at line 85 in /workspace/urdfdom/urdf_parser/src/model.cpp
Warning: link 'camera_link' material 'aluminum' undefined.
         at line 85 in /workspace/urdfdom/urdf_parser/src/model.cpp
Warning: link 'camera_link' material 'aluminum' undefined.
         at line 85 in /workspace/urdfdom/urdf_parser/src/model.cpp
Warning: link 'camera_link' material 'aluminum' undefined.
         at line 85 in /workspace/urdfdom/urdf_parser/src/model.cpp
Warning: link 'camera_link' material 'aluminum' undefined.
         at line 85 in /workspace/urdfdom/urdf_parser/src/model.cpp
Warning: link 'camera_link' material 'aluminum' undefined.
         at line 85 in /workspace/urdfdom/urdf_parser/src/model.cpp
Warning: link 'camera_link' material 'aluminum' undefined.
         at line 85 in /workspace/urdfdom/urdf_parser/src/model.cpp
Warning: link 'camera_link' material 'aluminum' undefined.
         at line 85 in /workspace/urdfdom/urdf_parser/src/model.cpp
[1203/1842] VideoRepick/episode_87 succeeded with seed 17700 (attempt 0, 138.976s)
[1204/1842] VideoUnmaskSwap/episode_87 succeeded with seed 13700 (attempt 0, 139.017s)
[1205/1842] VideoUnmaskSwap/episode_89 succeeded with seed 13900 (attempt 0, 68.561s)
[1206/1842] VideoUnmaskSwap/episode_89 succeeded with seed 13900 (attempt 0, 72.422s)
[1207/1842] VideoUnmaskSwap/episode_88 succeeded with seed 13800 (attempt 0, 107.104s)
[1208/1842] BinFill/episode_89 succeeded with seed 12900 (attempt 0, 92.246s)
[1209/1842] BinFill/episode_88 succeeded with seed 12800 (attempt 0, 142.288s)
[1210/1842] VideoUnmaskSwap/episode_90 succeeded with seed 14000 (attempt 0, 54.28s)
Warning: link 'camera_link' material 'aluminum' undefined.
         at line 85 in /workspace/urdfdom/urdf_parser/src/model.cpp
Warning: link 'camera_link' material 'aluminum' undefined.
         at line 85 in /workspace/urdfdom/urdf_parser/src/model.cpp
Warning: link 'camera_link' material 'aluminum' undefined.
         at line 85 in /workspace/urdfdom/urdf_parser/src/model.cpp
Warning: link 'camera_link' material 'aluminum' undefined.
         at line 85 in /workspace/urdfdom/urdf_parser/src/model.cpp
Warning: link 'camera_link' material 'aluminum' undefined.
         at line 85 in /workspace/urdfdom/urdf_parser/src/model.cpp
Warning: link 'camera_link' material 'aluminum' undefined.
         at line 85 in /workspace/urdfdom/urdf_parser/src/model.cpp
Warning: link 'camera_link' material 'aluminum' undefined.
         at line 85 in /workspace/urdfdom/urdf_parser/src/model.cpp
Warning: link 'camera_link' material 'aluminum' undefined.
         at line 85 in /workspace/urdfdom/urdf_parser/src/model.cpp
[1211/1842] BinFill/episode_88 succeeded with seed 12800 (attempt 0, 142.91s)
[1212/1842] RouteStick/episode_86 succeeded with seed 24600 (attempt 0, 227.836s)
[1213/1842] VideoUnmaskSwap/episode_89 succeeded with seed 13900 (attempt 0, 94.971s)
[1214/1842] VideoUnmaskSwap/episode_88 succeeded with seed 13800 (attempt 0, 134.04s)
[1215/1842] VideoUnmaskSwap/episode_90 succeeded with seed 14000 (attempt 0, 68.229s)
[1216/1842] RouteStick/episode_88 succeeded with seed 24800 (attempt 0, 148.008s)
[1217/1842] BinFill/episode_88 succeeded with seed 12800 (attempt 0, 146.574s)
[1218/1842] RouteStick/episode_89 succeeded with seed 24900 (attempt 0, 106.315s)
[1219/1842] VideoRepick/episode_88 succeeded with seed 17800 (attempt 0, 141.893s)
Warning: link 'camera_link' material 'aluminum' undefined.
         at line 85 in /workspace/urdfdom/urdf_parser/src/model.cpp
Warning: link 'camera_link' material 'aluminum' undefined.
         at line 85 in /workspace/urdfdom/urdf_parser/src/model.cpp
Warning: link 'camera_link' material 'aluminum' undefined.
         at line 85 in /workspace/urdfdom/urdf_parser/src/model.cpp
Warning: link 'camera_link' material 'aluminum' undefined.
         at line 85 in /workspace/urdfdom/urdf_parser/src/model.cpp
Warning: link 'camera_link' material 'aluminum' undefined.
         at line 85 in /workspace/urdfdom/urdf_parser/src/model.cpp
Warning: link 'camera_link' material 'aluminum' undefined.
         at line 85 in /workspace/urdfdom/urdf_parser/src/model.cpp
Warning: link 'camera_link' material 'aluminum' undefined.
         at line 85 in /workspace/urdfdom/urdf_parser/src/model.cpp
Warning: link 'camera_link' material 'aluminum' undefined.
         at line 85 in /workspace/urdfdom/urdf_parser/src/model.cpp
Warning: link 'camera_link' material 'aluminum' undefined.
         at line 85 in /workspace/urdfdom/urdf_parser/src/model.cpp
Warning: link 'camera_link' material 'aluminum' undefined.
         at line 85 in /workspace/urdfdom/urdf_parser/src/model.cpp
Warning: link 'camera_link' material 'aluminum' undefined.
         at line 85 in /workspace/urdfdom/urdf_parser/src/model.cpp
Warning: link 'camera_link' material 'aluminum' undefined.
         at line 85 in /workspace/urdfdom/urdf_parser/src/model.cpp
Warning: link 'camera_link' material 'aluminum' undefined.
         at line 85 in /workspace/urdfdom/urdf_parser/src/model.cpp
Warning: link 'camera_link' material 'aluminum' undefined.
         at line 85 in /workspace/urdfdom/urdf_parser/src/model.cpp
Warning: link 'camera_link' material 'aluminum' undefined.
         at line 85 in /workspace/urdfdom/urdf_parser/src/model.cpp
Warning: link 'camera_link' material 'aluminum' undefined.
         at line 85 in /workspace/urdfdom/urdf_parser/src/model.cpp
/data/hongzefu/robomme_benchmark_MotionJEPANewTask/.venv/lib/python3.11/site-packages/torch/cuda/__init__.py:63: FutureWarning: The pynvml package is deprecated. Please install nvidia-ml-py instead. If you did not install pynvml directly, please report this to the maintainers of the package that installed pynvml for you.
  import pynvml  # type: ignore[import]
/data/hongzefu/robomme_benchmark_MotionJEPANewTask/.venv/lib/python3.11/site-packages/sapien/__init__.py:18: UserWarning: pkg_resources is deprecated as an API. See https://setuptools.pypa.io/en/latest/pkg_resources.html. The pkg_resources package is slated for removal as early as 2025-11-30. Refrain from using this package or pin to Setuptools<81.
  import pkg_resources
[1220/1842] RouteStick/episode_87 succeeded with seed 24700 (attempt 0, 195.854s)
[1221/1842] RouteStick/episode_90 succeeded with seed 25000 (attempt 0, 90.259s)
[1222/1842] RouteStick/episode_88 succeeded with seed 24800 (attempt 0, 162.043s)
Warning: link 'camera_link' material 'aluminum' undefined.
         at line 85 in /workspace/urdfdom/urdf_parser/src/model.cpp
Warning: link 'camera_link' material 'aluminum' undefined.
         at line 85 in /workspace/urdfdom/urdf_parser/src/model.cpp
Warning: link 'camera_link' material 'aluminum' undefined.
         at line 85 in /workspace/urdfdom/urdf_parser/src/model.cpp
Warning: link 'camera_link' material 'aluminum' undefined.
         at line 85 in /workspace/urdfdom/urdf_parser/src/model.cpp
Warning: link 'camera_link' material 'aluminum' undefined.
         at line 85 in /workspace/urdfdom/urdf_parser/src/model.cpp
Warning: link 'camera_link' material 'aluminum' undefined.
         at line 85 in /workspace/urdfdom/urdf_parser/src/model.cpp
Warning: link 'camera_link' material 'aluminum' undefined.
         at line 85 in /workspace/urdfdom/urdf_parser/src/model.cpp
Warning: link 'camera_link' material 'aluminum' undefined.
         at line 85 in /workspace/urdfdom/urdf_parser/src/model.cpp
[1223/1842] VideoRepick/episode_87 succeeded with seed 17700 (attempt 0, 184.921s)
/data/hongzefu/robomme_benchmark_MotionJEPANewTask/.venv/lib/python3.11/site-packages/torch/cuda/__init__.py:63: FutureWarning: The pynvml package is deprecated. Please install nvidia-ml-py instead. If you did not install pynvml directly, please report this to the maintainers of the package that installed pynvml for you.
  import pynvml  # type: ignore[import]
/data/hongzefu/robomme_benchmark_MotionJEPANewTask/.venv/lib/python3.11/site-packages/sapien/__init__.py:18: UserWarning: pkg_resources is deprecated as an API. See https://setuptools.pypa.io/en/latest/pkg_resources.html. The pkg_resources package is slated for removal as early as 2025-11-30. Refrain from using this package or pin to Setuptools<81.
  import pkg_resources
/data/hongzefu/robomme_benchmark_MotionJEPANewTask/.venv/lib/python3.11/site-packages/torch/cuda/__init__.py:63: FutureWarning: The pynvml package is deprecated. Please install nvidia-ml-py instead. If you did not install pynvml directly, please report this to the maintainers of the package that installed pynvml for you.
  import pynvml  # type: ignore[import]
Warning: link 'camera_link' material 'aluminum' undefined.
         at line 85 in /workspace/urdfdom/urdf_parser/src/model.cpp
Warning: link 'camera_link' material 'aluminum' undefined.
         at line 85 in /workspace/urdfdom/urdf_parser/src/model.cpp
Warning: link 'camera_link' material 'aluminum' undefined.
         at line 85 in /workspace/urdfdom/urdf_parser/src/model.cpp
Warning: link 'camera_link' material 'aluminum' undefined.
         at line 85 in /workspace/urdfdom/urdf_parser/src/model.cpp
Warning: link 'camera_link' material 'aluminum' undefined.
         at line 85 in /workspace/urdfdom/urdf_parser/src/model.cpp
Warning: link 'camera_link' material 'aluminum' undefined.
         at line 85 in /workspace/urdfdom/urdf_parser/src/model.cpp
Warning: link 'camera_link' material 'aluminum' undefined.
         at line 85 in /workspace/urdfdom/urdf_parser/src/model.cpp
Warning: link 'camera_link' material 'aluminum' undefined.
         at line 85 in /workspace/urdfdom/urdf_parser/src/model.cpp
[1224/1842] BinFill/episode_89 succeeded with seed 12900 (attempt 0, 133.722s)
/data/hongzefu/robomme_benchmark_MotionJEPANewTask/.venv/lib/python3.11/site-packages/sapien/__init__.py:18: UserWarning: pkg_resources is deprecated as an API. See https://setuptools.pypa.io/en/latest/pkg_resources.html. The pkg_resources package is slated for removal as early as 2025-11-30. Refrain from using this package or pin to Setuptools<81.
  import pkg_resources
[1225/1842] VideoRepick/episode_88 succeeded with seed 17800 (attempt 0, 164.499s)
/data/hongzefu/robomme_benchmark_MotionJEPANewTask/.venv/lib/python3.11/site-packages/torch/cuda/__init__.py:63: FutureWarning: The pynvml package is deprecated. Please install nvidia-ml-py instead. If you did not install pynvml directly, please report this to the maintainers of the package that installed pynvml for you.
  import pynvml  # type: ignore[import]
/data/hongzefu/robomme_benchmark_MotionJEPANewTask/.venv/lib/python3.11/site-packages/sapien/__init__.py:18: UserWarning: pkg_resources is deprecated as an API. See https://setuptools.pypa.io/en/latest/pkg_resources.html. The pkg_resources package is slated for removal as early as 2025-11-30. Refrain from using this package or pin to Setuptools<81.
  import pkg_resources
[1226/1842] VideoUnmaskSwap/episode_89 succeeded with seed 13900 (attempt 0, 118.295s)
/data/hongzefu/robomme_benchmark_MotionJEPANewTask/.venv/lib/python3.11/site-packages/torch/cuda/__init__.py:63: FutureWarning: The pynvml package is deprecated. Please install nvidia-ml-py instead. If you did not install pynvml directly, please report this to the maintainers of the package that installed pynvml for you.
  import pynvml  # type: ignore[import]
/data/hongzefu/robomme_benchmark_MotionJEPANewTask/.venv/lib/python3.11/site-packages/sapien/__init__.py:18: UserWarning: pkg_resources is deprecated as an API. See https://setuptools.pypa.io/en/latest/pkg_resources.html. The pkg_resources package is slated for removal as early as 2025-11-30. Refrain from using this package or pin to Setuptools<81.
  import pkg_resources
[1227/1842] RouteStick/episode_89 succeeded with seed 24900 (attempt 0, 138.588s)
[1228/1842] VideoRepick/episode_89 succeeded with seed 17900 (attempt 0, 120.398s)
[1229/1842] VideoUnmaskSwap/episode_90 succeeded with seed 14000 (attempt 0, 104.931s)
[1230/1842] BinFill/episode_90 succeeded with seed 13000 (attempt 0, 126.714s)
Warning: link 'camera_link' material 'aluminum' undefined.
         at line 85 in /workspace/urdfdom/urdf_parser/src/model.cpp
Warning: link 'camera_link' material 'aluminum' undefined.
         at line 85 in /workspace/urdfdom/urdf_parser/src/model.cpp
Warning: link 'camera_link' material 'aluminum' undefined.
         at line 85 in /workspace/urdfdom/urdf_parser/src/model.cpp
Warning: link 'camera_link' material 'aluminum' undefined.
         at line 85 in /workspace/urdfdom/urdf_parser/src/model.cpp
Warning: link 'camera_link' material 'aluminum' undefined.
         at line 85 in /workspace/urdfdom/urdf_parser/src/model.cpp
Warning: link 'camera_link' material 'aluminum' undefined.
         at line 85 in /workspace/urdfdom/urdf_parser/src/model.cpp
Warning: link 'camera_link' material 'aluminum' undefined.
         at line 85 in /workspace/urdfdom/urdf_parser/src/model.cpp
Warning: link 'camera_link' material 'aluminum' undefined.
         at line 85 in /workspace/urdfdom/urdf_parser/src/model.cpp
    BinFill/episode_90 用尽 1 次 attempt，放弃
/data/hongzefu/robomme_benchmark_MotionJEPANewTask/.venv/lib/python3.11/site-packages/torch/cuda/__init__.py:63: FutureWarning: The pynvml package is deprecated. Please install nvidia-ml-py instead. If you did not install pynvml directly, please report this to the maintainers of the package that installed pynvml for you.
  import pynvml  # type: ignore[import]
/data/hongzefu/robomme_benchmark_MotionJEPANewTask/.venv/lib/python3.11/site-packages/sapien/__init__.py:18: UserWarning: pkg_resources is deprecated as an API. See https://setuptools.pypa.io/en/latest/pkg_resources.html. The pkg_resources package is slated for removal as early as 2025-11-30. Refrain from using this package or pin to Setuptools<81.
  import pkg_resources
[1231/1842] RouteStick/episode_90 succeeded with seed 25000 (attempt 0, 126.163s)
[1232/1842] VideoRepick/episode_88 succeeded with seed 17800 (attempt 0, 179.528s)
[1233/1842] VideoRepick/episode_89 succeeded with seed 17900 (attempt 0, 153.145s)
Warning: link 'camera_link' material 'aluminum' undefined.
         at line 85 in /workspace/urdfdom/urdf_parser/src/model.cpp
Warning: link 'camera_link' material 'aluminum' undefined.
         at line 85 in /workspace/urdfdom/urdf_parser/src/model.cpp
Warning: link 'camera_link' material 'aluminum' undefined.
         at line 85 in /workspace/urdfdom/urdf_parser/src/model.cpp
Warning: link 'camera_link' material 'aluminum' undefined.
         at line 85 in /workspace/urdfdom/urdf_parser/src/model.cpp
Warning: link 'camera_link' material 'aluminum' undefined.
         at line 85 in /workspace/urdfdom/urdf_parser/src/model.cpp
Warning: link 'camera_link' material 'aluminum' undefined.
         at line 85 in /workspace/urdfdom/urdf_parser/src/model.cpp
Warning: link 'camera_link' material 'aluminum' undefined.
         at line 85 in /workspace/urdfdom/urdf_parser/src/model.cpp
Warning: link 'camera_link' material 'aluminum' undefined.
         at line 85 in /workspace/urdfdom/urdf_parser/src/model.cpp
[1234/1842] BinFill/episode_90 succeeded with seed 13000 (attempt 0, 140.734s)
Warning: link 'camera_link' material 'aluminum' undefined.
         at line 85 in /workspace/urdfdom/urdf_parser/src/model.cpp
Warning: link 'camera_link' material 'aluminum' undefined.
         at line 85 in /workspace/urdfdom/urdf_parser/src/model.cpp
Warning: link 'camera_link' material 'aluminum' undefined.
         at line 85 in /workspace/urdfdom/urdf_parser/src/model.cpp
Warning: link 'camera_link' material 'aluminum' undefined.
         at line 85 in /workspace/urdfdom/urdf_parser/src/model.cpp
Warning: link 'camera_link' material 'aluminum' undefined.
         at line 85 in /workspace/urdfdom/urdf_parser/src/model.cpp
Warning: link 'camera_link' material 'aluminum' undefined.
         at line 85 in /workspace/urdfdom/urdf_parser/src/model.cpp
Warning: link 'camera_link' material 'aluminum' undefined.
         at line 85 in /workspace/urdfdom/urdf_parser/src/model.cpp
Warning: link 'camera_link' material 'aluminum' undefined.
         at line 85 in /workspace/urdfdom/urdf_parser/src/model.cpp
/data/hongzefu/robomme_benchmark_MotionJEPANewTask/.venv/lib/python3.11/site-packages/torch/cuda/__init__.py:63: FutureWarning: The pynvml package is deprecated. Please install nvidia-ml-py instead. If you did not install pynvml directly, please report this to the maintainers of the package that installed pynvml for you.
  import pynvml  # type: ignore[import]
/data/hongzefu/robomme_benchmark_MotionJEPANewTask/.venv/lib/python3.11/site-packages/sapien/__init__.py:18: UserWarning: pkg_resources is deprecated as an API. See https://setuptools.pypa.io/en/latest/pkg_resources.html. The pkg_resources package is slated for removal as early as 2025-11-30. Refrain from using this package or pin to Setuptools<81.
  import pkg_resources
[1235/1842] RouteStick/episode_89 succeeded with seed 24900 (attempt 0, 176.187s)
[1236/1842] RouteStick/episode_90 succeeded with seed 25000 (attempt 0, 145.574s)
Warning: link 'camera_link' material 'aluminum' undefined.
         at line 85 in /workspace/urdfdom/urdf_parser/src/model.cpp
Warning: link 'camera_link' material 'aluminum' undefined.
         at line 85 in /workspace/urdfdom/urdf_parser/src/model.cpp
Warning: link 'camera_link' material 'aluminum' undefined.
         at line 85 in /workspace/urdfdom/urdf_parser/src/model.cpp
Warning: link 'camera_link' material 'aluminum' undefined.
         at line 85 in /workspace/urdfdom/urdf_parser/src/model.cpp
Warning: link 'camera_link' material 'aluminum' undefined.
         at line 85 in /workspace/urdfdom/urdf_parser/src/model.cpp
Warning: link 'camera_link' material 'aluminum' undefined.
         at line 85 in /workspace/urdfdom/urdf_parser/src/model.cpp
Warning: link 'camera_link' material 'aluminum' undefined.
         at line 85 in /workspace/urdfdom/urdf_parser/src/model.cpp
Warning: link 'camera_link' material 'aluminum' undefined.
         at line 85 in /workspace/urdfdom/urdf_parser/src/model.cpp
[1237/1842] BinFill/episode_91 succeeded with seed 13100 (attempt 0, 106.167s)
[1238/1842] VideoUnmaskSwap/episode_91 succeeded with seed 14100 (attempt 0, 84.559s)
[1239/1842] VideoRepick/episode_90 succeeded with seed 18000 (attempt 0, 128.433s)
screw plan failed
screw plan failed
screw plan failed
[1240/1842] BinFill/episode_89 succeeded with seed 12900 (attempt 0, 198.898s)
[1241/1842] VideoUnmaskSwap/episode_90 succeeded with seed 14000 (attempt 0, 127.686s)
[1242/1842] VideoUnmaskSwap/episode_91 succeeded with seed 14100 (attempt 0, 95.906s)
[1243/1842] RouteStick/episode_91 succeeded with seed 25100 (attempt 0, 110.146s)
[1244/1842] RouteStick/episode_88 succeeded with seed 24800 (attempt 0, 235.233s)
[1245/1842] VideoRepick/episode_89 succeeded with seed 17900 (attempt 0, 182.364s)
Warning: link 'camera_link' material 'aluminum' undefined.
         at line 85 in /workspace/urdfdom/urdf_parser/src/model.cpp
Warning: link 'camera_link' material 'aluminum' undefined.
         at line 85 in /workspace/urdfdom/urdf_parser/src/model.cpp
Warning: link 'camera_link' material 'aluminum' undefined.
         at line 85 in /workspace/urdfdom/urdf_parser/src/model.cpp
Warning: link 'camera_link' material 'aluminum' undefined.
         at line 85 in /workspace/urdfdom/urdf_parser/src/model.cpp
Warning: link 'camera_link' material 'aluminum' undefined.
         at line 85 in /workspace/urdfdom/urdf_parser/src/model.cpp
Warning: link 'camera_link' material 'aluminum' undefined.
         at line 85 in /workspace/urdfdom/urdf_parser/src/model.cpp
Warning: link 'camera_link' material 'aluminum' undefined.
         at line 85 in /workspace/urdfdom/urdf_parser/src/model.cpp
Warning: link 'camera_link' material 'aluminum' undefined.
         at line 85 in /workspace/urdfdom/urdf_parser/src/model.cpp
[1246/1842] BinFill/episode_92 succeeded with seed 13200 (attempt 0, 67.249s)
Warning: link 'camera_link' material 'aluminum' undefined.
         at line 85 in /workspace/urdfdom/urdf_parser/src/model.cpp
Warning: link 'camera_link' material 'aluminum' undefined.
         at line 85 in /workspace/urdfdom/urdf_parser/src/model.cpp
Warning: link 'camera_link' material 'aluminum' undefined.
         at line 85 in /workspace/urdfdom/urdf_parser/src/model.cpp
Warning: link 'camera_link' material 'aluminum' undefined.
         at line 85 in /workspace/urdfdom/urdf_parser/src/model.cpp
Warning: link 'camera_link' material 'aluminum' undefined.
         at line 85 in /workspace/urdfdom/urdf_parser/src/model.cpp
Warning: link 'camera_link' material 'aluminum' undefined.
         at line 85 in /workspace/urdfdom/urdf_parser/src/model.cpp
Warning: link 'camera_link' material 'aluminum' undefined.
         at line 85 in /workspace/urdfdom/urdf_parser/src/model.cpp
Warning: link 'camera_link' material 'aluminum' undefined.
         at line 85 in /workspace/urdfdom/urdf_parser/src/model.cpp
Warning: link 'camera_link' material 'aluminum' undefined.
         at line 85 in /workspace/urdfdom/urdf_parser/src/model.cpp
Warning: link 'camera_link' material 'aluminum' undefined.
         at line 85 in /workspace/urdfdom/urdf_parser/src/model.cpp
Warning: link 'camera_link' material 'aluminum' undefined.
         at line 85 in /workspace/urdfdom/urdf_parser/src/model.cpp
Warning: link 'camera_link' material 'aluminum' undefined.
         at line 85 in /workspace/urdfdom/urdf_parser/src/model.cpp
Warning: link 'camera_link' material 'aluminum' undefined.
         at line 85 in /workspace/urdfdom/urdf_parser/src/model.cpp
Warning: link 'camera_link' material 'aluminum' undefined.
         at line 85 in /workspace/urdfdom/urdf_parser/src/model.cpp
Warning: link 'camera_link' material 'aluminum' undefined.
         at line 85 in /workspace/urdfdom/urdf_parser/src/model.cpp
Warning: link 'camera_link' material 'aluminum' undefined.
         at line 85 in /workspace/urdfdom/urdf_parser/src/model.cpp
[1247/1842] BinFill/episode_91 succeeded with seed 13100 (attempt 0, 129.063s)
[1248/1842] VideoRepick/episode_90 succeeded with seed 18000 (attempt 0, 154.305s)
[1249/1842] RouteStick/episode_89 succeeded with seed 24900 (attempt 0, 210.656s)
[1250/1842] VideoUnmaskSwap/episode_91 succeeded with seed 14100 (attempt 0, 117.343s)
[1251/1842] VideoUnmaskSwap/episode_92 succeeded with seed 14200 (attempt 0, 72.915s)
Warning: link 'camera_link' material 'aluminum' undefined.
         at line 85 in /workspace/urdfdom/urdf_parser/src/model.cpp
Warning: link 'camera_link' material 'aluminum' undefined.
         at line 85 in /workspace/urdfdom/urdf_parser/src/model.cpp
Warning: link 'camera_link' material 'aluminum' undefined.
         at line 85 in /workspace/urdfdom/urdf_parser/src/model.cpp
Warning: link 'camera_link' material 'aluminum' undefined.
         at line 85 in /workspace/urdfdom/urdf_parser/src/model.cpp
Warning: link 'camera_link' material 'aluminum' undefined.
         at line 85 in /workspace/urdfdom/urdf_parser/src/model.cpp
Warning: link 'camera_link' material 'aluminum' undefined.
         at line 85 in /workspace/urdfdom/urdf_parser/src/model.cpp
Warning: link 'camera_link' material 'aluminum' undefined.
         at line 85 in /workspace/urdfdom/urdf_parser/src/model.cpp
Warning: link 'camera_link' material 'aluminum' undefined.
         at line 85 in /workspace/urdfdom/urdf_parser/src/model.cpp
/data/hongzefu/robomme_benchmark_MotionJEPANewTask/.venv/lib/python3.11/site-packages/torch/cuda/__init__.py:63: FutureWarning: The pynvml package is deprecated. Please install nvidia-ml-py instead. If you did not install pynvml directly, please report this to the maintainers of the package that installed pynvml for you.
  import pynvml  # type: ignore[import]
/data/hongzefu/robomme_benchmark_MotionJEPANewTask/.venv/lib/python3.11/site-packages/sapien/__init__.py:18: UserWarning: pkg_resources is deprecated as an API. See https://setuptools.pypa.io/en/latest/pkg_resources.html. The pkg_resources package is slated for removal as early as 2025-11-30. Refrain from using this package or pin to Setuptools<81.
  import pkg_resources
[1252/1842] VideoRepick/episode_91 succeeded with seed 18100 (attempt 0, 123.58s)
[1253/1842] VideoUnmaskSwap/episode_92 succeeded with seed 14200 (attempt 0, 80.802s)
[1254/1842] RouteStick/episode_91 succeeded with seed 25100 (attempt 0, 140.546s)
[1255/1842] VideoUnmaskSwap/episode_91 succeeded with seed 14100 (attempt 0, 110.386s)
[1256/1842] RouteStick/episode_92 succeeded with seed 25200 (attempt 0, 88.939s)
[1257/1842] BinFill/episode_93 succeeded with seed 13300 (attempt 0, 63.435s)
/data/hongzefu/robomme_benchmark_MotionJEPANewTask/.venv/lib/python3.11/site-packages/torch/cuda/__init__.py:63: FutureWarning: The pynvml package is deprecated. Please install nvidia-ml-py instead. If you did not install pynvml directly, please report this to the maintainers of the package that installed pynvml for you.
  import pynvml  # type: ignore[import]
/data/hongzefu/robomme_benchmark_MotionJEPANewTask/.venv/lib/python3.11/site-packages/sapien/__init__.py:18: UserWarning: pkg_resources is deprecated as an API. See https://setuptools.pypa.io/en/latest/pkg_resources.html. The pkg_resources package is slated for removal as early as 2025-11-30. Refrain from using this package or pin to Setuptools<81.
  import pkg_resources
[1258/1842] RouteStick/episode_91 succeeded with seed 25100 (attempt 0, 144.439s)
[1259/1842] VideoRepick/episode_90 succeeded with seed 18000 (attempt 0, 172.602s)
Warning: link 'camera_link' material 'aluminum' undefined.
         at line 85 in /workspace/urdfdom/urdf_parser/src/model.cpp
Warning: link 'camera_link' material 'aluminum' undefined.
         at line 85 in /workspace/urdfdom/urdf_parser/src/model.cpp
Warning: link 'camera_link' material 'aluminum' undefined.
         at line 85 in /workspace/urdfdom/urdf_parser/src/model.cpp
Warning: link 'camera_link' material 'aluminum' undefined.
         at line 85 in /workspace/urdfdom/urdf_parser/src/model.cpp
Warning: link 'camera_link' material 'aluminum' undefined.
         at line 85 in /workspace/urdfdom/urdf_parser/src/model.cpp
Warning: link 'camera_link' material 'aluminum' undefined.
         at line 85 in /workspace/urdfdom/urdf_parser/src/model.cpp
Warning: link 'camera_link' material 'aluminum' undefined.
         at line 85 in /workspace/urdfdom/urdf_parser/src/model.cpp
Warning: link 'camera_link' material 'aluminum' undefined.
         at line 85 in /workspace/urdfdom/urdf_parser/src/model.cpp
[1260/1842] VideoUnmaskSwap/episode_93 succeeded with seed 14300 (attempt 0, 53.161s)
[1261/1842] VideoUnmaskSwap/episode_92 succeeded with seed 14200 (attempt 0, 100.022s)
Warning: link 'camera_link' material 'aluminum' undefined.
         at line 85 in /workspace/urdfdom/urdf_parser/src/model.cpp
Warning: link 'camera_link' material 'aluminum' undefined.
         at line 85 in /workspace/urdfdom/urdf_parser/src/model.cpp
Warning: link 'camera_link' material 'aluminum' undefined.
         at line 85 in /workspace/urdfdom/urdf_parser/src/model.cpp
Warning: link 'camera_link' material 'aluminum' undefined.
         at line 85 in /workspace/urdfdom/urdf_parser/src/model.cpp
Warning: link 'camera_link' material 'aluminum' undefined.
         at line 85 in /workspace/urdfdom/urdf_parser/src/model.cpp
Warning: link 'camera_link' material 'aluminum' undefined.
         at line 85 in /workspace/urdfdom/urdf_parser/src/model.cpp
Warning: link 'camera_link' material 'aluminum' undefined.
         at line 85 in /workspace/urdfdom/urdf_parser/src/model.cpp
Warning: link 'camera_link' material 'aluminum' undefined.
         at line 85 in /workspace/urdfdom/urdf_parser/src/model.cpp
[1262/1842] VideoRepick/episode_91 succeeded with seed 18100 (attempt 0, 127.274s)
Warning: link 'camera_link' material 'aluminum' undefined.
         at line 85 in /workspace/urdfdom/urdf_parser/src/model.cpp
Warning: link 'camera_link' material 'aluminum' undefined.
         at line 85 in /workspace/urdfdom/urdf_parser/src/model.cpp
Warning: link 'camera_link' material 'aluminum' undefined.
         at line 85 in /workspace/urdfdom/urdf_parser/src/model.cpp
Warning: link 'camera_link' material 'aluminum' undefined.
         at line 85 in /workspace/urdfdom/urdf_parser/src/model.cpp
Warning: link 'camera_link' material 'aluminum' undefined.
         at line 85 in /workspace/urdfdom/urdf_parser/src/model.cpp
Warning: link 'camera_link' material 'aluminum' undefined.
         at line 85 in /workspace/urdfdom/urdf_parser/src/model.cpp
Warning: link 'camera_link' material 'aluminum' undefined.
         at line 85 in /workspace/urdfdom/urdf_parser/src/model.cpp
Warning: link 'camera_link' material 'aluminum' undefined.
         at line 85 in /workspace/urdfdom/urdf_parser/src/model.cpp
[1263/1842] VideoUnmaskSwap/episode_93 succeeded with seed 14300 (attempt 0, 62.571s)
Warning: link 'camera_link' material 'aluminum' undefined.
         at line 85 in /workspace/urdfdom/urdf_parser/src/model.cpp
Warning: link 'camera_link' material 'aluminum' undefined.
         at line 85 in /workspace/urdfdom/urdf_parser/src/model.cpp
Warning: link 'camera_link' material 'aluminum' undefined.
         at line 85 in /workspace/urdfdom/urdf_parser/src/model.cpp
Warning: link 'camera_link' material 'aluminum' undefined.
         at line 85 in /workspace/urdfdom/urdf_parser/src/model.cpp
Warning: link 'camera_link' material 'aluminum' undefined.
         at line 85 in /workspace/urdfdom/urdf_parser/src/model.cpp
Warning: link 'camera_link' material 'aluminum' undefined.
         at line 85 in /workspace/urdfdom/urdf_parser/src/model.cpp
Warning: link 'camera_link' material 'aluminum' undefined.
         at line 85 in /workspace/urdfdom/urdf_parser/src/model.cpp
Warning: link 'camera_link' material 'aluminum' undefined.
         at line 85 in /workspace/urdfdom/urdf_parser/src/model.cpp
[1264/1842] BinFill/episode_91 succeeded with seed 13100 (attempt 0, 178.65s)
[1265/1842] VideoRepick/episode_92 succeeded with seed 18200 (attempt 0, 109.807s)
[1266/1842] RouteStick/episode_92 succeeded with seed 25200 (attempt 0, 137.086s)
[1267/1842] VideoRepick/episode_92 succeeded with seed 18200 (attempt 0, 121.247s)
[1268/1842] RouteStick/episode_93 succeeded with seed 25300 (attempt 0, 101.629s)
Warning: link 'camera_link' material 'aluminum' undefined.
         at line 85 in /workspace/urdfdom/urdf_parser/src/model.cpp
Warning: link 'camera_link' material 'aluminum' undefined.
         at line 85 in /workspace/urdfdom/urdf_parser/src/model.cpp
Warning: link 'camera_link' material 'aluminum' undefined.
         at line 85 in /workspace/urdfdom/urdf_parser/src/model.cpp
Warning: link 'camera_link' material 'aluminum' undefined.
         at line 85 in /workspace/urdfdom/urdf_parser/src/model.cpp
Warning: link 'camera_link' material 'aluminum' undefined.
         at line 85 in /workspace/urdfdom/urdf_parser/src/model.cpp
Warning: link 'camera_link' material 'aluminum' undefined.
         at line 85 in /workspace/urdfdom/urdf_parser/src/model.cpp
Warning: link 'camera_link' material 'aluminum' undefined.
         at line 85 in /workspace/urdfdom/urdf_parser/src/model.cpp
Warning: link 'camera_link' material 'aluminum' undefined.
         at line 85 in /workspace/urdfdom/urdf_parser/src/model.cpp
[1269/1842] VideoUnmaskSwap/episode_94 succeeded with seed 14400 (attempt 0, 51.169s)
[1270/1842] BinFill/episode_92 succeeded with seed 13200 (attempt 0, 152.909s)
[1271/1842] VideoUnmaskSwap/episode_92 succeeded with seed 14200 (attempt 0, 116.983s)
/data/hongzefu/robomme_benchmark_MotionJEPANewTask/.venv/lib/python3.11/site-packages/torch/cuda/__init__.py:63: FutureWarning: The pynvml package is deprecated. Please install nvidia-ml-py instead. If you did not install pynvml directly, please report this to the maintainers of the package that installed pynvml for you.
  import pynvml  # type: ignore[import]
/data/hongzefu/robomme_benchmark_MotionJEPANewTask/.venv/lib/python3.11/site-packages/sapien/__init__.py:18: UserWarning: pkg_resources is deprecated as an API. See https://setuptools.pypa.io/en/latest/pkg_resources.html. The pkg_resources package is slated for removal as early as 2025-11-30. Refrain from using this package or pin to Setuptools<81.
  import pkg_resources
[1272/1842] RouteStick/episode_90 succeeded with seed 25000 (attempt 0, 228.954s)
Warning: link 'camera_link' material 'aluminum' undefined.
         at line 85 in /workspace/urdfdom/urdf_parser/src/model.cpp
Warning: link 'camera_link' material 'aluminum' undefined.
         at line 85 in /workspace/urdfdom/urdf_parser/src/model.cpp
Warning: link 'camera_link' material 'aluminum' undefined.
         at line 85 in /workspace/urdfdom/urdf_parser/src/model.cpp
Warning: link 'camera_link' material 'aluminum' undefined.
         at line 85 in /workspace/urdfdom/urdf_parser/src/model.cpp
Warning: link 'camera_link' material 'aluminum' undefined.
         at line 85 in /workspace/urdfdom/urdf_parser/src/model.cpp
Warning: link 'camera_link' material 'aluminum' undefined.
         at line 85 in /workspace/urdfdom/urdf_parser/src/model.cpp
Warning: link 'camera_link' material 'aluminum' undefined.
         at line 85 in /workspace/urdfdom/urdf_parser/src/model.cpp
Warning: link 'camera_link' material 'aluminum' undefined.
         at line 85 in /workspace/urdfdom/urdf_parser/src/model.cpp
[1273/1842] VideoRepick/episode_93 succeeded with seed 18300 (attempt 0, 99.63s)
[1274/1842] RouteStick/episode_92 succeeded with seed 25200 (attempt 0, 157.52s)
[1275/1842] VideoUnmaskSwap/episode_94 succeeded with seed 14400 (attempt 0, 75.888s)
[1276/1842] RouteStick/episode_93 succeeded with seed 25300 (attempt 0, 122.805s)
    BinFill/episode_93 用尽 1 次 attempt，放弃
[1277/1842] BinFill/episode_93 succeeded with seed 13300 (attempt 0, 132.298s)
[1278/1842] VideoUnmaskSwap/episode_93 succeeded with seed 14300 (attempt 0, 113.861s)
[1279/1842] RouteStick/episode_93 succeeded with seed 25300 (attempt 0, 120.609s)
[1280/1842] BinFill/episode_92 succeeded with seed 13200 (attempt 0, 174.01s)
Warning: link 'camera_link' material 'aluminum' undefined.
         at line 85 in /workspace/urdfdom/urdf_parser/src/model.cpp
Warning: link 'camera_link' material 'aluminum' undefined.
         at line 85 in /workspace/urdfdom/urdf_parser/src/model.cpp
Warning: link 'camera_link' material 'aluminum' undefined.
         at line 85 in /workspace/urdfdom/urdf_parser/src/model.cpp
Warning: link 'camera_link' material 'aluminum' undefined.
         at line 85 in /workspace/urdfdom/urdf_parser/src/model.cpp
Warning: link 'camera_link' material 'aluminum' undefined.
         at line 85 in /workspace/urdfdom/urdf_parser/src/model.cpp
Warning: link 'camera_link' material 'aluminum' undefined.
         at line 85 in /workspace/urdfdom/urdf_parser/src/model.cpp
Warning: link 'camera_link' material 'aluminum' undefined.
         at line 85 in /workspace/urdfdom/urdf_parser/src/model.cpp
Warning: link 'camera_link' material 'aluminum' undefined.
         at line 85 in /workspace/urdfdom/urdf_parser/src/model.cpp
/data/hongzefu/robomme_benchmark_MotionJEPANewTask/.venv/lib/python3.11/site-packages/torch/cuda/__init__.py:63: FutureWarning: The pynvml package is deprecated. Please install nvidia-ml-py instead. If you did not install pynvml directly, please report this to the maintainers of the package that installed pynvml for you.
  import pynvml  # type: ignore[import]
/data/hongzefu/robomme_benchmark_MotionJEPANewTask/.venv/lib/python3.11/site-packages/sapien/__init__.py:18: UserWarning: pkg_resources is deprecated as an API. See https://setuptools.pypa.io/en/latest/pkg_resources.html. The pkg_resources package is slated for removal as early as 2025-11-30. Refrain from using this package or pin to Setuptools<81.
  import pkg_resources
[1281/1842] BinFill/episode_94 succeeded with seed 13400 (attempt 0, 97.029s)
Warning: link 'camera_link' material 'aluminum' undefined.
         at line 85 in /workspace/urdfdom/urdf_parser/src/model.cpp
Warning: link 'camera_link' material 'aluminum' undefined.
         at line 85 in /workspace/urdfdom/urdf_parser/src/model.cpp
Warning: link 'camera_link' material 'aluminum' undefined.
         at line 85 in /workspace/urdfdom/urdf_parser/src/model.cpp
Warning: link 'camera_link' material 'aluminum' undefined.
         at line 85 in /workspace/urdfdom/urdf_parser/src/model.cpp
Warning: link 'camera_link' material 'aluminum' undefined.
         at line 85 in /workspace/urdfdom/urdf_parser/src/model.cpp
Warning: link 'camera_link' material 'aluminum' undefined.
         at line 85 in /workspace/urdfdom/urdf_parser/src/model.cpp
Warning: link 'camera_link' material 'aluminum' undefined.
         at line 85 in /workspace/urdfdom/urdf_parser/src/model.cpp
Warning: link 'camera_link' material 'aluminum' undefined.
         at line 85 in /workspace/urdfdom/urdf_parser/src/model.cpp
[1282/1842] VideoUnmaskSwap/episode_94 succeeded with seed 14400 (attempt 0, 88.673s)
[1283/1842] RouteStick/episode_91 succeeded with seed 25100 (attempt 0, 224.298s)
[1284/1842] BinFill/episode_94 succeeded with seed 13400 (attempt 0, 100.775s)
[1285/1842] VideoUnmaskSwap/episode_93 succeeded with seed 14300 (attempt 0, 117.793s)
    VideoRepick/episode_83 seed 17300 单条墙钟超过 600 秒被终止（实测 607 秒）
    VideoRepick/episode_83 用尽 1 次 attempt，放弃
Warning: link 'camera_link' material 'aluminum' undefined.
         at line 85 in /workspace/urdfdom/urdf_parser/src/model.cpp
Warning: link 'camera_link' material 'aluminum' undefined.
         at line 85 in /workspace/urdfdom/urdf_parser/src/model.cpp
Warning: link 'camera_link' material 'aluminum' undefined.
         at line 85 in /workspace/urdfdom/urdf_parser/src/model.cpp
Warning: link 'camera_link' material 'aluminum' undefined.
         at line 85 in /workspace/urdfdom/urdf_parser/src/model.cpp
Warning: link 'camera_link' material 'aluminum' undefined.
         at line 85 in /workspace/urdfdom/urdf_parser/src/model.cpp
Warning: link 'camera_link' material 'aluminum' undefined.
         at line 85 in /workspace/urdfdom/urdf_parser/src/model.cpp
Warning: link 'camera_link' material 'aluminum' undefined.
         at line 85 in /workspace/urdfdom/urdf_parser/src/model.cpp
Warning: link 'camera_link' material 'aluminum' undefined.
         at line 85 in /workspace/urdfdom/urdf_parser/src/model.cpp
/data/hongzefu/robomme_benchmark_MotionJEPANewTask/.venv/lib/python3.11/site-packages/torch/cuda/__init__.py:63: FutureWarning: The pynvml package is deprecated. Please install nvidia-ml-py instead. If you did not install pynvml directly, please report this to the maintainers of the package that installed pynvml for you.
  import pynvml  # type: ignore[import]
Warning: link 'camera_link' material 'aluminum' undefined.
         at line 85 in /workspace/urdfdom/urdf_parser/src/model.cpp
Warning: link 'camera_link' material 'aluminum' undefined.
         at line 85 in /workspace/urdfdom/urdf_parser/src/model.cpp
Warning: link 'camera_link' material 'aluminum' undefined.
         at line 85 in /workspace/urdfdom/urdf_parser/src/model.cpp
Warning: link 'camera_link' material 'aluminum' undefined.
         at line 85 in /workspace/urdfdom/urdf_parser/src/model.cpp
Warning: link 'camera_link' material 'aluminum' undefined.
         at line 85 in /workspace/urdfdom/urdf_parser/src/model.cpp
Warning: link 'camera_link' material 'aluminum' undefined.
         at line 85 in /workspace/urdfdom/urdf_parser/src/model.cpp
Warning: link 'camera_link' material 'aluminum' undefined.
         at line 85 in /workspace/urdfdom/urdf_parser/src/model.cpp
Warning: link 'camera_link' material 'aluminum' undefined.
         at line 85 in /workspace/urdfdom/urdf_parser/src/model.cpp
/data/hongzefu/robomme_benchmark_MotionJEPANewTask/.venv/lib/python3.11/site-packages/sapien/__init__.py:18: UserWarning: pkg_resources is deprecated as an API. See https://setuptools.pypa.io/en/latest/pkg_resources.html. The pkg_resources package is slated for removal as early as 2025-11-30. Refrain from using this package or pin to Setuptools<81.
  import pkg_resources
[1286/1842] RouteStick/episode_94 succeeded with seed 25400 (attempt 0, 100.257s)
Warning: link 'camera_link' material 'aluminum' undefined.
         at line 85 in /workspace/urdfdom/urdf_parser/src/model.cpp
Warning: link 'camera_link' material 'aluminum' undefined.
         at line 85 in /workspace/urdfdom/urdf_parser/src/model.cpp
Warning: link 'camera_link' material 'aluminum' undefined.
         at line 85 in /workspace/urdfdom/urdf_parser/src/model.cpp
Warning: link 'camera_link' material 'aluminum' undefined.
         at line 85 in /workspace/urdfdom/urdf_parser/src/model.cpp
Warning: link 'camera_link' material 'aluminum' undefined.
         at line 85 in /workspace/urdfdom/urdf_parser/src/model.cpp
Warning: link 'camera_link' material 'aluminum' undefined.
         at line 85 in /workspace/urdfdom/urdf_parser/src/model.cpp
Warning: link 'camera_link' material 'aluminum' undefined.
         at line 85 in /workspace/urdfdom/urdf_parser/src/model.cpp
Warning: link 'camera_link' material 'aluminum' undefined.
         at line 85 in /workspace/urdfdom/urdf_parser/src/model.cpp
[1287/1842] VideoRepick/episode_92 succeeded with seed 18200 (attempt 0, 166.59s)
[1288/1842] BinFill/episode_94 succeeded with seed 13400 (attempt 0, 116.827s)
[1289/1842] VideoUnmaskSwap/episode_95 succeeded with seed 14500 (attempt 0, 47.701s)
[1290/1842] VideoRepick/episode_93 succeeded with seed 18300 (attempt 0, 127.68s)
[1291/1842] VideoRepick/episode_93 succeeded with seed 18300 (attempt 0, 143.678s)
[1292/1842] VideoUnmaskSwap/episode_95 succeeded with seed 14500 (attempt 0, 55.555s)
Warning: link 'camera_link' material 'aluminum' undefined.
         at line 85 in /workspace/urdfdom/urdf_parser/src/model.cpp
Warning: link 'camera_link' material 'aluminum' undefined.
         at line 85 in /workspace/urdfdom/urdf_parser/src/model.cpp
Warning: link 'camera_link' material 'aluminum' undefined.
         at line 85 in /workspace/urdfdom/urdf_parser/src/model.cpp
Warning: link 'camera_link' material 'aluminum' undefined.
         at line 85 in /workspace/urdfdom/urdf_parser/src/model.cpp
Warning: link 'camera_link' material 'aluminum' undefined.
         at line 85 in /workspace/urdfdom/urdf_parser/src/model.cpp
Warning: link 'camera_link' material 'aluminum' undefined.
         at line 85 in /workspace/urdfdom/urdf_parser/src/model.cpp
Warning: link 'camera_link' material 'aluminum' undefined.
         at line 85 in /workspace/urdfdom/urdf_parser/src/model.cpp
Warning: link 'camera_link' material 'aluminum' undefined.
         at line 85 in /workspace/urdfdom/urdf_parser/src/model.cpp
screw plan failed
screw plan failed
screw plan failed
[1293/1842] RouteStick/episode_94 succeeded with seed 25400 (attempt 0, 126.951s)
[1294/1842] VideoRepick/episode_94 succeeded with seed 18400 (attempt 0, 108.934s)
[1295/1842] RouteStick/episode_92 succeeded with seed 25200 (attempt 0, 195.579s)
[1296/1842] BinFill/episode_95 succeeded with seed 13500 (attempt 0, 91.78s)
Warning: link 'camera_link' material 'aluminum' undefined.
         at line 85 in /workspace/urdfdom/urdf_parser/src/model.cpp
Warning: link 'camera_link' material 'aluminum' undefined.
         at line 85 in /workspace/urdfdom/urdf_parser/src/model.cpp
Warning: link 'camera_link' material 'aluminum' undefined.
         at line 85 in /workspace/urdfdom/urdf_parser/src/model.cpp
Warning: link 'camera_link' material 'aluminum' undefined.
         at line 85 in /workspace/urdfdom/urdf_parser/src/model.cpp
Warning: link 'camera_link' material 'aluminum' undefined.
         at line 85 in /workspace/urdfdom/urdf_parser/src/model.cpp
Warning: link 'camera_link' material 'aluminum' undefined.
         at line 85 in /workspace/urdfdom/urdf_parser/src/model.cpp
Warning: link 'camera_link' material 'aluminum' undefined.
         at line 85 in /workspace/urdfdom/urdf_parser/src/model.cpp
Warning: link 'camera_link' material 'aluminum' undefined.
         at line 85 in /workspace/urdfdom/urdf_parser/src/model.cpp
[1297/1842] RouteStick/episode_95 succeeded with seed 25500 (attempt 0, 95.51s)
Warning: link 'camera_link' material 'aluminum' undefined.
         at line 85 in /workspace/urdfdom/urdf_parser/src/model.cpp
Warning: link 'camera_link' material 'aluminum' undefined.
         at line 85 in /workspace/urdfdom/urdf_parser/src/model.cpp
Warning: link 'camera_link' material 'aluminum' undefined.
         at line 85 in /workspace/urdfdom/urdf_parser/src/model.cpp
Warning: link 'camera_link' material 'aluminum' undefined.
         at line 85 in /workspace/urdfdom/urdf_parser/src/model.cpp
Warning: link 'camera_link' material 'aluminum' undefined.
         at line 85 in /workspace/urdfdom/urdf_parser/src/model.cpp
Warning: link 'camera_link' material 'aluminum' undefined.
         at line 85 in /workspace/urdfdom/urdf_parser/src/model.cpp
Warning: link 'camera_link' material 'aluminum' undefined.
         at line 85 in /workspace/urdfdom/urdf_parser/src/model.cpp
Warning: link 'camera_link' material 'aluminum' undefined.
         at line 85 in /workspace/urdfdom/urdf_parser/src/model.cpp
[1298/1842] VideoUnmaskSwap/episode_94 succeeded with seed 14400 (attempt 0, 119.562s)
[1299/1842] VideoRepick/episode_94 succeeded with seed 18400 (attempt 0, 125.101s)
Warning: link 'camera_link' material 'aluminum' undefined.
         at line 85 in /workspace/urdfdom/urdf_parser/src/model.cpp
Warning: link 'camera_link' material 'aluminum' undefined.
         at line 85 in /workspace/urdfdom/urdf_parser/src/model.cpp
Warning: link 'camera_link' material 'aluminum' undefined.
         at line 85 in /workspace/urdfdom/urdf_parser/src/model.cpp
Warning: link 'camera_link' material 'aluminum' undefined.
         at line 85 in /workspace/urdfdom/urdf_parser/src/model.cpp
Warning: link 'camera_link' material 'aluminum' undefined.
         at line 85 in /workspace/urdfdom/urdf_parser/src/model.cpp
Warning: link 'camera_link' material 'aluminum' undefined.
         at line 85 in /workspace/urdfdom/urdf_parser/src/model.cpp
Warning: link 'camera_link' material 'aluminum' undefined.
         at line 85 in /workspace/urdfdom/urdf_parser/src/model.cpp
Warning: link 'camera_link' material 'aluminum' undefined.
         at line 85 in /workspace/urdfdom/urdf_parser/src/model.cpp
[1300/1842] VideoUnmaskSwap/episode_96 succeeded with seed 14600 (attempt 0, 44.078s)
[1301/1842] BinFill/episode_96 succeeded with seed 13600 (attempt 0, 59.991s)
[1302/1842] VideoUnmaskSwap/episode_96 succeeded with seed 14600 (attempt 0, 46.255s)
[1303/1842] BinFill/episode_95 succeeded with seed 13500 (attempt 0, 115.226s)
[1304/1842] VideoRepick/episode_94 succeeded with seed 18400 (attempt 0, 125.041s)
[1305/1842] VideoUnmaskSwap/episode_95 succeeded with seed 14500 (attempt 0, 86.064s)
[1306/1842] RouteStick/episode_93 succeeded with seed 25300 (attempt 0, 178.225s)
[1307/1842] RouteStick/episode_94 succeeded with seed 25400 (attempt 0, 153.544s)
Warning: link 'camera_link' material 'aluminum' undefined.
         at line 85 in /workspace/urdfdom/urdf_parser/src/model.cpp
Warning: link 'camera_link' material 'aluminum' undefined.
         at line 85 in /workspace/urdfdom/urdf_parser/src/model.cpp
Warning: link 'camera_link' material 'aluminum' undefined.
         at line 85 in /workspace/urdfdom/urdf_parser/src/model.cpp
Warning: link 'camera_link' material 'aluminum' undefined.
         at line 85 in /workspace/urdfdom/urdf_parser/src/model.cpp
Warning: link 'camera_link' material 'aluminum' undefined.
         at line 85 in /workspace/urdfdom/urdf_parser/src/model.cpp
Warning: link 'camera_link' material 'aluminum' undefined.
         at line 85 in /workspace/urdfdom/urdf_parser/src/model.cpp
Warning: link 'camera_link' material 'aluminum' undefined.
         at line 85 in /workspace/urdfdom/urdf_parser/src/model.cpp
Warning: link 'camera_link' material 'aluminum' undefined.
         at line 85 in /workspace/urdfdom/urdf_parser/src/model.cpp
[1308/1842] RouteStick/episode_96 succeeded with seed 25600 (attempt 0, 75.227s)
Warning: link 'camera_link' material 'aluminum' undefined.
         at line 85 in /workspace/urdfdom/urdf_parser/src/model.cpp
Warning: link 'camera_link' material 'aluminum' undefined.
         at line 85 in /workspace/urdfdom/urdf_parser/src/model.cpp
Warning: link 'camera_link' material 'aluminum' undefined.
         at line 85 in /workspace/urdfdom/urdf_parser/src/model.cpp
Warning: link 'camera_link' material 'aluminum' undefined.
         at line 85 in /workspace/urdfdom/urdf_parser/src/model.cpp
Warning: link 'camera_link' material 'aluminum' undefined.
         at line 85 in /workspace/urdfdom/urdf_parser/src/model.cpp
Warning: link 'camera_link' material 'aluminum' undefined.
         at line 85 in /workspace/urdfdom/urdf_parser/src/model.cpp
Warning: link 'camera_link' material 'aluminum' undefined.
         at line 85 in /workspace/urdfdom/urdf_parser/src/model.cpp
Warning: link 'camera_link' material 'aluminum' undefined.
         at line 85 in /workspace/urdfdom/urdf_parser/src/model.cpp
Warning: link 'camera_link' material 'aluminum' undefined.
         at line 85 in /workspace/urdfdom/urdf_parser/src/model.cpp
Warning: link 'camera_link' material 'aluminum' undefined.
         at line 85 in /workspace/urdfdom/urdf_parser/src/model.cpp
Warning: link 'camera_link' material 'aluminum' undefined.
         at line 85 in /workspace/urdfdom/urdf_parser/src/model.cpp
Warning: link 'camera_link' material 'aluminum' undefined.
         at line 85 in /workspace/urdfdom/urdf_parser/src/model.cpp
Warning: link 'camera_link' material 'aluminum' undefined.
         at line 85 in /workspace/urdfdom/urdf_parser/src/model.cpp
Warning: link 'camera_link' material 'aluminum' undefined.
         at line 85 in /workspace/urdfdom/urdf_parser/src/model.cpp
Warning: link 'camera_link' material 'aluminum' undefined.
         at line 85 in /workspace/urdfdom/urdf_parser/src/model.cpp
Warning: link 'camera_link' material 'aluminum' undefined.
         at line 85 in /workspace/urdfdom/urdf_parser/src/model.cpp
[1309/1842] VideoUnmaskSwap/episode_95 succeeded with seed 14500 (attempt 0, 90.101s)
[1310/1842] RouteStick/episode_95 succeeded with seed 25500 (attempt 0, 120.152s)
[1311/1842] BinFill/episode_96 succeeded with seed 13600 (attempt 0, 88.758s)
Warning: link 'camera_link' material 'aluminum' undefined.
         at line 85 in /workspace/urdfdom/urdf_parser/src/model.cpp
Warning: link 'camera_link' material 'aluminum' undefined.
         at line 85 in /workspace/urdfdom/urdf_parser/src/model.cpp
Warning: link 'camera_link' material 'aluminum' undefined.
         at line 85 in /workspace/urdfdom/urdf_parser/src/model.cpp
Warning: link 'camera_link' material 'aluminum' undefined.
         at line 85 in /workspace/urdfdom/urdf_parser/src/model.cpp
Warning: link 'camera_link' material 'aluminum' undefined.
         at line 85 in /workspace/urdfdom/urdf_parser/src/model.cpp
Warning: link 'camera_link' material 'aluminum' undefined.
         at line 85 in /workspace/urdfdom/urdf_parser/src/model.cpp
Warning: link 'camera_link' material 'aluminum' undefined.
         at line 85 in /workspace/urdfdom/urdf_parser/src/model.cpp
Warning: link 'camera_link' material 'aluminum' undefined.
         at line 85 in /workspace/urdfdom/urdf_parser/src/model.cpp
/data/hongzefu/robomme_benchmark_MotionJEPANewTask/.venv/lib/python3.11/site-packages/torch/cuda/__init__.py:63: FutureWarning: The pynvml package is deprecated. Please install nvidia-ml-py instead. If you did not install pynvml directly, please report this to the maintainers of the package that installed pynvml for you.
  import pynvml  # type: ignore[import]
/data/hongzefu/robomme_benchmark_MotionJEPANewTask/.venv/lib/python3.11/site-packages/sapien/__init__.py:18: UserWarning: pkg_resources is deprecated as an API. See https://setuptools.pypa.io/en/latest/pkg_resources.html. The pkg_resources package is slated for removal as early as 2025-11-30. Refrain from using this package or pin to Setuptools<81.
  import pkg_resources
[1312/1842] BinFill/episode_95 succeeded with seed 13500 (attempt 0, 139.45s)
[1313/1842] RouteStick/episode_94 succeeded with seed 25400 (attempt 0, 162.329s)
[1314/1842] RouteStick/episode_95 succeeded with seed 25500 (attempt 0, 113.604s)
[1315/1842] VideoUnmaskSwap/episode_97 succeeded with seed 14700 (attempt 0, 53.746s)
[1316/1842] VideoRepick/episode_95 succeeded with seed 18500 (attempt 0, 107.121s)
[1317/1842] RouteStick/episode_96 succeeded with seed 25600 (attempt 0, 102.77s)
[1318/1842] VideoUnmaskSwap/episode_96 succeeded with seed 14600 (attempt 0, 95.765s)
[1319/1842] VideoRepick/episode_95 succeeded with seed 18500 (attempt 0, 127.57s)
[1320/1842] VideoUnmaskSwap/episode_97 succeeded with seed 14700 (attempt 0, 63.954s)
Warning: link 'camera_link' material 'aluminum' undefined.
         at line 85 in /workspace/urdfdom/urdf_parser/src/model.cpp
Warning: link 'camera_link' material 'aluminum' undefined.
         at line 85 in /workspace/urdfdom/urdf_parser/src/model.cpp
Warning: link 'camera_link' material 'aluminum' undefined.
         at line 85 in /workspace/urdfdom/urdf_parser/src/model.cpp
Warning: link 'camera_link' material 'aluminum' undefined.
         at line 85 in /workspace/urdfdom/urdf_parser/src/model.cpp
Warning: link 'camera_link' material 'aluminum' undefined.
         at line 85 in /workspace/urdfdom/urdf_parser/src/model.cpp
Warning: link 'camera_link' material 'aluminum' undefined.
         at line 85 in /workspace/urdfdom/urdf_parser/src/model.cpp
Warning: link 'camera_link' material 'aluminum' undefined.
         at line 85 in /workspace/urdfdom/urdf_parser/src/model.cpp
Warning: link 'camera_link' material 'aluminum' undefined.
         at line 85 in /workspace/urdfdom/urdf_parser/src/model.cpp
/data/hongzefu/robomme_benchmark_MotionJEPANewTask/.venv/lib/python3.11/site-packages/torch/cuda/__init__.py:63: FutureWarning: The pynvml package is deprecated. Please install nvidia-ml-py instead. If you did not install pynvml directly, please report this to the maintainers of the package that installed pynvml for you.
  import pynvml  # type: ignore[import]
[1321/1842] BinFill/episode_97 succeeded with seed 13700 (attempt 0, 88.264s)
/data/hongzefu/robomme_benchmark_MotionJEPANewTask/.venv/lib/python3.11/site-packages/sapien/__init__.py:18: UserWarning: pkg_resources is deprecated as an API. See https://setuptools.pypa.io/en/latest/pkg_resources.html. The pkg_resources package is slated for removal as early as 2025-11-30. Refrain from using this package or pin to Setuptools<81.
  import pkg_resources
[1322/1842] VideoRepick/episode_96 succeeded with seed 18600 (attempt 0, 98.082s)
[1323/1842] RouteStick/episode_97 succeeded with seed 25700 (attempt 0, 86.947s)
[1324/1842] VideoRepick/episode_95 succeeded with seed 18500 (attempt 0, 131.167s)
Warning: link 'camera_link' material 'aluminum' undefined.
         at line 85 in /workspace/urdfdom/urdf_parser/src/model.cpp
Warning: link 'camera_link' material 'aluminum' undefined.
         at line 85 in /workspace/urdfdom/urdf_parser/src/model.cpp
Warning: link 'camera_link' material 'aluminum' undefined.
         at line 85 in /workspace/urdfdom/urdf_parser/src/model.cpp
Warning: link 'camera_link' material 'aluminum' undefined.
         at line 85 in /workspace/urdfdom/urdf_parser/src/model.cpp
Warning: link 'camera_link' material 'aluminum' undefined.
         at line 85 in /workspace/urdfdom/urdf_parser/src/model.cpp
Warning: link 'camera_link' material 'aluminum' undefined.
         at line 85 in /workspace/urdfdom/urdf_parser/src/model.cpp
Warning: link 'camera_link' material 'aluminum' undefined.
         at line 85 in /workspace/urdfdom/urdf_parser/src/model.cpp
Warning: link 'camera_link' material 'aluminum' undefined.
         at line 85 in /workspace/urdfdom/urdf_parser/src/model.cpp
Warning: link 'camera_link' material 'aluminum' undefined.
         at line 85 in /workspace/urdfdom/urdf_parser/src/model.cpp
Warning: link 'camera_link' material 'aluminum' undefined.
         at line 85 in /workspace/urdfdom/urdf_parser/src/model.cpp
Warning: link 'camera_link' material 'aluminum' undefined.
         at line 85 in /workspace/urdfdom/urdf_parser/src/model.cpp
Warning: link 'camera_link' material 'aluminum' undefined.
         at line 85 in /workspace/urdfdom/urdf_parser/src/model.cpp
Warning: link 'camera_link' material 'aluminum' undefined.
         at line 85 in /workspace/urdfdom/urdf_parser/src/model.cpp
Warning: link 'camera_link' material 'aluminum' undefined.
         at line 85 in /workspace/urdfdom/urdf_parser/src/model.cpp
Warning: link 'camera_link' material 'aluminum' undefined.
         at line 85 in /workspace/urdfdom/urdf_parser/src/model.cpp
Warning: link 'camera_link' material 'aluminum' undefined.
         at line 85 in /workspace/urdfdom/urdf_parser/src/model.cpp
[1325/1842] VideoRepick/episode_96 succeeded with seed 18600 (attempt 0, 118.892s)
[1326/1842] VideoUnmaskSwap/episode_97 succeeded with seed 14700 (attempt 0, 82.291s)
[1327/1842] RouteStick/episode_97 succeeded with seed 25700 (attempt 0, 97.235s)
[1328/1842] VideoUnmaskSwap/episode_98 succeeded with seed 14800 (attempt 0, 53.072s)
Warning: link 'camera_link' material 'aluminum' undefined.
         at line 85 in /workspace/urdfdom/urdf_parser/src/model.cpp
Warning: link 'camera_link' material 'aluminum' undefined.
         at line 85 in /workspace/urdfdom/urdf_parser/src/model.cpp
Warning: link 'camera_link' material 'aluminum' undefined.
         at line 85 in /workspace/urdfdom/urdf_parser/src/model.cpp
Warning: link 'camera_link' material 'aluminum' undefined.
         at line 85 in /workspace/urdfdom/urdf_parser/src/model.cpp
Warning: link 'camera_link' material 'aluminum' undefined.
         at line 85 in /workspace/urdfdom/urdf_parser/src/model.cpp
Warning: link 'camera_link' material 'aluminum' undefined.
         at line 85 in /workspace/urdfdom/urdf_parser/src/model.cpp
Warning: link 'camera_link' material 'aluminum' undefined.
         at line 85 in /workspace/urdfdom/urdf_parser/src/model.cpp
Warning: link 'camera_link' material 'aluminum' undefined.
         at line 85 in /workspace/urdfdom/urdf_parser/src/model.cpp
/data/hongzefu/robomme_benchmark_MotionJEPANewTask/.venv/lib/python3.11/site-packages/torch/cuda/__init__.py:63: FutureWarning: The pynvml package is deprecated. Please install nvidia-ml-py instead. If you did not install pynvml directly, please report this to the maintainers of the package that installed pynvml for you.
  import pynvml  # type: ignore[import]
/data/hongzefu/robomme_benchmark_MotionJEPANewTask/.venv/lib/python3.11/site-packages/sapien/__init__.py:18: UserWarning: pkg_resources is deprecated as an API. See https://setuptools.pypa.io/en/latest/pkg_resources.html. The pkg_resources package is slated for removal as early as 2025-11-30. Refrain from using this package or pin to Setuptools<81.
  import pkg_resources
[1329/1842] RouteStick/episode_98 succeeded with seed 25800 (attempt 0, 73.33s)
[1330/1842] BinFill/episode_98 succeeded with seed 13800 (attempt 0, 80.948s)
[1331/1842] RouteStick/episode_95 succeeded with seed 25500 (attempt 0, 153.753s)
[1332/1842] RouteStick/episode_97 succeeded with seed 25700 (attempt 0, 99.749s)
[1333/1842] RouteStick/episode_96 succeeded with seed 25600 (attempt 0, 137.765s)
[1334/1842] VideoRepick/episode_96 succeeded with seed 18600 (attempt 0, 127.846s)
[1335/1842] VideoUnmaskSwap/episode_96 succeeded with seed 14600 (attempt 0, 127.949s)
[1336/1842] BinFill/episode_99 succeeded with seed 13900 (attempt 0, 56.731s)
Warning: link 'camera_link' material 'aluminum' undefined.
         at line 85 in /workspace/urdfdom/urdf_parser/src/model.cpp
Warning: link 'camera_link' material 'aluminum' undefined.
         at line 85 in /workspace/urdfdom/urdf_parser/src/model.cpp
Warning: link 'camera_link' material 'aluminum' undefined.
         at line 85 in /workspace/urdfdom/urdf_parser/src/model.cpp
Warning: link 'camera_link' material 'aluminum' undefined.
         at line 85 in /workspace/urdfdom/urdf_parser/src/model.cpp
Warning: link 'camera_link' material 'aluminum' undefined.
         at line 85 in /workspace/urdfdom/urdf_parser/src/model.cpp
Warning: link 'camera_link' material 'aluminum' undefined.
         at line 85 in /workspace/urdfdom/urdf_parser/src/model.cpp
Warning: link 'camera_link' material 'aluminum' undefined.
         at line 85 in /workspace/urdfdom/urdf_parser/src/model.cpp
Warning: link 'camera_link' material 'aluminum' undefined.
         at line 85 in /workspace/urdfdom/urdf_parser/src/model.cpp
[1337/1842] VideoUnmaskSwap/episode_98 succeeded with seed 14800 (attempt 0, 77.026s)
[1338/1842] VideoUnmaskSwap/episode_97 succeeded with seed 14700 (attempt 0, 105.42s)
[1339/1842] BinFill/episode_97 succeeded with seed 13700 (attempt 0, 131.839s)
Warning: link 'camera_link' material 'aluminum' undefined.
         at line 85 in /workspace/urdfdom/urdf_parser/src/model.cpp
Warning: link 'camera_link' material 'aluminum' undefined.
         at line 85 in /workspace/urdfdom/urdf_parser/src/model.cpp
Warning: link 'camera_link' material 'aluminum' undefined.
         at line 85 in /workspace/urdfdom/urdf_parser/src/model.cpp
Warning: link 'camera_link' material 'aluminum' undefined.
         at line 85 in /workspace/urdfdom/urdf_parser/src/model.cpp
Warning: link 'camera_link' material 'aluminum' undefined.
         at line 85 in /workspace/urdfdom/urdf_parser/src/model.cpp
Warning: link 'camera_link' material 'aluminum' undefined.
         at line 85 in /workspace/urdfdom/urdf_parser/src/model.cpp
Warning: link 'camera_link' material 'aluminum' undefined.
         at line 85 in /workspace/urdfdom/urdf_parser/src/model.cpp
Warning: link 'camera_link' material 'aluminum' undefined.
         at line 85 in /workspace/urdfdom/urdf_parser/src/model.cpp
[1340/1842] BinFill/episode_96 succeeded with seed 13600 (attempt 0, 163.965s)
Warning: link 'camera_link' material 'aluminum' undefined.
         at line 85 in /workspace/urdfdom/urdf_parser/src/model.cpp
Warning: link 'camera_link' material 'aluminum' undefined.
         at line 85 in /workspace/urdfdom/urdf_parser/src/model.cpp
Warning: link 'camera_link' material 'aluminum' undefined.
         at line 85 in /workspace/urdfdom/urdf_parser/src/model.cpp
Warning: link 'camera_link' material 'aluminum' undefined.
         at line 85 in /workspace/urdfdom/urdf_parser/src/model.cpp
Warning: link 'camera_link' material 'aluminum' undefined.
         at line 85 in /workspace/urdfdom/urdf_parser/src/model.cpp
Warning: link 'camera_link' material 'aluminum' undefined.
         at line 85 in /workspace/urdfdom/urdf_parser/src/model.cpp
Warning: link 'camera_link' material 'aluminum' undefined.
         at line 85 in /workspace/urdfdom/urdf_parser/src/model.cpp
Warning: link 'camera_link' material 'aluminum' undefined.
         at line 85 in /workspace/urdfdom/urdf_parser/src/model.cpp
[1341/1842] RouteStick/episode_98 succeeded with seed 25800 (attempt 0, 100.661s)
Warning: link 'camera_link' material 'aluminum' undefined.
         at line 85 in /workspace/urdfdom/urdf_parser/src/model.cpp
Warning: link 'camera_link' material 'aluminum' undefined.
         at line 85 in /workspace/urdfdom/urdf_parser/src/model.cpp
Warning: link 'camera_link' material 'aluminum' undefined.
         at line 85 in /workspace/urdfdom/urdf_parser/src/model.cpp
Warning: link 'camera_link' material 'aluminum' undefined.
         at line 85 in /workspace/urdfdom/urdf_parser/src/model.cpp
Warning: link 'camera_link' material 'aluminum' undefined.
         at line 85 in /workspace/urdfdom/urdf_parser/src/model.cpp
Warning: link 'camera_link' material 'aluminum' undefined.
         at line 85 in /workspace/urdfdom/urdf_parser/src/model.cpp
Warning: link 'camera_link' material 'aluminum' undefined.
         at line 85 in /workspace/urdfdom/urdf_parser/src/model.cpp
Warning: link 'camera_link' material 'aluminum' undefined.
         at line 85 in /workspace/urdfdom/urdf_parser/src/model.cpp
[1342/1842] VideoRepick/episode_97 succeeded with seed 18700 (attempt 0, 120.337s)
[1343/1842] RouteStick/episode_98 succeeded with seed 25800 (attempt 0, 102.024s)
[1344/1842] BinFill/episode_97 succeeded with seed 13700 (attempt 0, 142.542s)
[1345/1842] VideoUnmaskSwap/episode_98 succeeded with seed 14800 (attempt 0, 76.175s)
/data/hongzefu/robomme_benchmark_MotionJEPANewTask/.venv/lib/python3.11/site-packages/torch/cuda/__init__.py:63: FutureWarning: The pynvml package is deprecated. Please install nvidia-ml-py instead. If you did not install pynvml directly, please report this to the maintainers of the package that installed pynvml for you.
  import pynvml  # type: ignore[import]
/data/hongzefu/robomme_benchmark_MotionJEPANewTask/.venv/lib/python3.11/site-packages/sapien/__init__.py:18: UserWarning: pkg_resources is deprecated as an API. See https://setuptools.pypa.io/en/latest/pkg_resources.html. The pkg_resources package is slated for removal as early as 2025-11-30. Refrain from using this package or pin to Setuptools<81.
  import pkg_resources
[1346/1842] VideoRepick/episode_97 succeeded with seed 18700 (attempt 0, 127.316s)
[1347/1842] VideoRepick/episode_97 succeeded with seed 18700 (attempt 0, 123.95s)
[1348/1842] VideoUnmaskSwap/episode_99 succeeded with seed 14900 (attempt 0, 57.802s)
Warning: link 'camera_link' material 'aluminum' undefined.
         at line 85 in /workspace/urdfdom/urdf_parser/src/model.cpp
Warning: link 'camera_link' material 'aluminum' undefined.
         at line 85 in /workspace/urdfdom/urdf_parser/src/model.cpp
Warning: link 'camera_link' material 'aluminum' undefined.
         at line 85 in /workspace/urdfdom/urdf_parser/src/model.cpp
Warning: link 'camera_link' material 'aluminum' undefined.
         at line 85 in /workspace/urdfdom/urdf_parser/src/model.cpp
Warning: link 'camera_link' material 'aluminum' undefined.
         at line 85 in /workspace/urdfdom/urdf_parser/src/model.cpp
Warning: link 'camera_link' material 'aluminum' undefined.
         at line 85 in /workspace/urdfdom/urdf_parser/src/model.cpp
Warning: link 'camera_link' material 'aluminum' undefined.
         at line 85 in /workspace/urdfdom/urdf_parser/src/model.cpp
Warning: link 'camera_link' material 'aluminum' undefined.
         at line 85 in /workspace/urdfdom/urdf_parser/src/model.cpp
[1349/1842] BinFill/episode_98 succeeded with seed 13800 (attempt 0, 133.288s)
[1350/1842] RouteStick/episode_99 succeeded with seed 25900 (attempt 0, 78.074s)
[1351/1842] VideoRepick/episode_98 succeeded with seed 18800 (attempt 0, 100.498s)
[1352/1842] VideoUnmaskSwap/episode_99 succeeded with seed 14900 (attempt 0, 77.838s)
Warning: link 'camera_link' material 'aluminum' undefined.
         at line 85 in /workspace/urdfdom/urdf_parser/src/model.cpp
Warning: link 'camera_link' material 'aluminum' undefined.
         at line 85 in /workspace/urdfdom/urdf_parser/src/model.cpp
Warning: link 'camera_link' material 'aluminum' undefined.
         at line 85 in /workspace/urdfdom/urdf_parser/src/model.cpp
Warning: link 'camera_link' material 'aluminum' undefined.
         at line 85 in /workspace/urdfdom/urdf_parser/src/model.cpp
Warning: link 'camera_link' material 'aluminum' undefined.
         at line 85 in /workspace/urdfdom/urdf_parser/src/model.cpp
Warning: link 'camera_link' material 'aluminum' undefined.
         at line 85 in /workspace/urdfdom/urdf_parser/src/model.cpp
Warning: link 'camera_link' material 'aluminum' undefined.
         at line 85 in /workspace/urdfdom/urdf_parser/src/model.cpp
Warning: link 'camera_link' material 'aluminum' undefined.
         at line 85 in /workspace/urdfdom/urdf_parser/src/model.cpp
screw plan failed
screw plan failed
screw plan failed
[1353/1842] VideoUnmaskSwap/episode_100 succeeded with seed 15000 (attempt 0, 42.456s)
Warning: link 'camera_link' material 'aluminum' undefined.
         at line 85 in /workspace/urdfdom/urdf_parser/src/model.cpp
Warning: link 'camera_link' material 'aluminum' undefined.
         at line 85 in /workspace/urdfdom/urdf_parser/src/model.cpp
Warning: link 'camera_link' material 'aluminum' undefined.
         at line 85 in /workspace/urdfdom/urdf_parser/src/model.cpp
Warning: link 'camera_link' material 'aluminum' undefined.
         at line 85 in /workspace/urdfdom/urdf_parser/src/model.cpp
Warning: link 'camera_link' material 'aluminum' undefined.
         at line 85 in /workspace/urdfdom/urdf_parser/src/model.cpp
Warning: link 'camera_link' material 'aluminum' undefined.
         at line 85 in /workspace/urdfdom/urdf_parser/src/model.cpp
Warning: link 'camera_link' material 'aluminum' undefined.
         at line 85 in /workspace/urdfdom/urdf_parser/src/model.cpp
Warning: link 'camera_link' material 'aluminum' undefined.
         at line 85 in /workspace/urdfdom/urdf_parser/src/model.cpp
[1354/1842] RouteStick/episode_96 succeeded with seed 25600 (attempt 0, 187.514s)
Warning: link 'camera_link' material 'aluminum' undefined.
         at line 85 in /workspace/urdfdom/urdf_parser/src/model.cpp
Warning: link 'camera_link' material 'aluminum' undefined.
         at line 85 in /workspace/urdfdom/urdf_parser/src/model.cpp
Warning: link 'camera_link' material 'aluminum' undefined.
         at line 85 in /workspace/urdfdom/urdf_parser/src/model.cpp
Warning: link 'camera_link' material 'aluminum' undefined.
         at line 85 in /workspace/urdfdom/urdf_parser/src/model.cpp
Warning: link 'camera_link' material 'aluminum' undefined.
         at line 85 in /workspace/urdfdom/urdf_parser/src/model.cpp
Warning: link 'camera_link' material 'aluminum' undefined.
         at line 85 in /workspace/urdfdom/urdf_parser/src/model.cpp
Warning: link 'camera_link' material 'aluminum' undefined.
         at line 85 in /workspace/urdfdom/urdf_parser/src/model.cpp
Warning: link 'camera_link' material 'aluminum' undefined.
         at line 85 in /workspace/urdfdom/urdf_parser/src/model.cpp
[1355/1842] BinFill/episode_98 succeeded with seed 13800 (attempt 0, 144.101s)
[1356/1842] VideoUnmaskSwap/episode_99 succeeded with seed 14900 (attempt 0, 81.879s)
screw plan failed
screw plan failed
screw plan failed
[1357/1842] VideoRepick/episode_98 succeeded with seed 18800 (attempt 0, 119.708s)
[1358/1842] VideoRepick/episode_98 succeeded with seed 18800 (attempt 0, 122.501s)
[1359/1842] VideoUnmaskSwap/episode_98 succeeded with seed 14800 (attempt 0, 128.898s)
Warning: link 'camera_link' material 'aluminum' undefined.
         at line 85 in /workspace/urdfdom/urdf_parser/src/model.cpp
Warning: link 'camera_link' material 'aluminum' undefined.
         at line 85 in /workspace/urdfdom/urdf_parser/src/model.cpp
Warning: link 'camera_link' material 'aluminum' undefined.
         at line 85 in /workspace/urdfdom/urdf_parser/src/model.cpp
Warning: link 'camera_link' material 'aluminum' undefined.
         at line 85 in /workspace/urdfdom/urdf_parser/src/model.cpp
Warning: link 'camera_link' material 'aluminum' undefined.
         at line 85 in /workspace/urdfdom/urdf_parser/src/model.cpp
Warning: link 'camera_link' material 'aluminum' undefined.
         at line 85 in /workspace/urdfdom/urdf_parser/src/model.cpp
Warning: link 'camera_link' material 'aluminum' undefined.
         at line 85 in /workspace/urdfdom/urdf_parser/src/model.cpp
Warning: link 'camera_link' material 'aluminum' undefined.
         at line 85 in /workspace/urdfdom/urdf_parser/src/model.cpp
[1360/1842] VideoUnmaskSwap/episode_100 succeeded with seed 15000 (attempt 0, 68.371s)
[1361/1842] RouteStick/episode_97 succeeded with seed 25700 (attempt 0, 172.973s)
[1362/1842] VideoRepick/episode_99 succeeded with seed 18900 (attempt 0, 94.138s)
[1363/1842] RouteStick/episode_99 succeeded with seed 25900 (attempt 0, 120.001s)
/data/hongzefu/robomme_benchmark_MotionJEPANewTask/.venv/lib/python3.11/site-packages/torch/cuda/__init__.py:63: FutureWarning: The pynvml package is deprecated. Please install nvidia-ml-py instead. If you did not install pynvml directly, please report this to the maintainers of the package that installed pynvml for you.
  import pynvml  # type: ignore[import]
/data/hongzefu/robomme_benchmark_MotionJEPANewTask/.venv/lib/python3.11/site-packages/sapien/__init__.py:18: UserWarning: pkg_resources is deprecated as an API. See https://setuptools.pypa.io/en/latest/pkg_resources.html. The pkg_resources package is slated for removal as early as 2025-11-30. Refrain from using this package or pin to Setuptools<81.
  import pkg_resources
[1364/1842] RouteStick/episode_100 succeeded with seed 26000 (attempt 0, 86.85s)
[1365/1842] BinFill/episode_101 succeeded with seed 14100 (attempt 0, 58.737s)
[1366/1842] VideoUnmaskSwap/episode_100 succeeded with seed 15000 (attempt 0, 86.428s)
[1367/1842] VideoUnmaskSwap/episode_101 succeeded with seed 15100 (attempt 0, 52.433s)
Warning: link 'camera_link' material 'aluminum' undefined.
         at line 85 in /workspace/urdfdom/urdf_parser/src/model.cpp
Warning: link 'camera_link' material 'aluminum' undefined.
         at line 85 in /workspace/urdfdom/urdf_parser/src/model.cpp
Warning: link 'camera_link' material 'aluminum' undefined.
         at line 85 in /workspace/urdfdom/urdf_parser/src/model.cpp
Warning: link 'camera_link' material 'aluminum' undefined.
         at line 85 in /workspace/urdfdom/urdf_parser/src/model.cpp
Warning: link 'camera_link' material 'aluminum' undefined.
         at line 85 in /workspace/urdfdom/urdf_parser/src/model.cpp
Warning: link 'camera_link' material 'aluminum' undefined.
         at line 85 in /workspace/urdfdom/urdf_parser/src/model.cpp
Warning: link 'camera_link' material 'aluminum' undefined.
         at line 85 in /workspace/urdfdom/urdf_parser/src/model.cpp
Warning: link 'camera_link' material 'aluminum' undefined.
         at line 85 in /workspace/urdfdom/urdf_parser/src/model.cpp
[1368/1842] VideoRepick/episode_99 succeeded with seed 18900 (attempt 0, 114.573s)
Warning: link 'camera_link' material 'aluminum' undefined.
         at line 85 in /workspace/urdfdom/urdf_parser/src/model.cpp
Warning: link 'camera_link' material 'aluminum' undefined.
         at line 85 in /workspace/urdfdom/urdf_parser/src/model.cpp
Warning: link 'camera_link' material 'aluminum' undefined.
         at line 85 in /workspace/urdfdom/urdf_parser/src/model.cpp
Warning: link 'camera_link' material 'aluminum' undefined.
         at line 85 in /workspace/urdfdom/urdf_parser/src/model.cpp
Warning: link 'camera_link' material 'aluminum' undefined.
         at line 85 in /workspace/urdfdom/urdf_parser/src/model.cpp
Warning: link 'camera_link' material 'aluminum' undefined.
         at line 85 in /workspace/urdfdom/urdf_parser/src/model.cpp
Warning: link 'camera_link' material 'aluminum' undefined.
         at line 85 in /workspace/urdfdom/urdf_parser/src/model.cpp
Warning: link 'camera_link' material 'aluminum' undefined.
         at line 85 in /workspace/urdfdom/urdf_parser/src/model.cpp
[1369/1842] BinFill/episode_100 succeeded with seed 14000 (attempt 0, 109.243s)
[1370/1842] BinFill/episode_99 succeeded with seed 13900 (attempt 0, 142.252s)
[1371/1842] RouteStick/episode_99 succeeded with seed 25900 (attempt 0, 129.975s)
[1372/1842] VideoUnmaskSwap/episode_99 succeeded with seed 14900 (attempt 0, 114.951s)
[1373/1842] RouteStick/episode_100 succeeded with seed 26000 (attempt 0, 98.965s)
[1374/1842] RouteStick/episode_98 succeeded with seed 25800 (attempt 0, 160.072s)
[1375/1842] RouteStick/episode_101 succeeded with seed 26100 (attempt 0, 69.795s)
[1376/1842] VideoRepick/episode_99 succeeded with seed 18900 (attempt 0, 117.449s)
Warning: link 'camera_link' material 'aluminum' undefined.
         at line 85 in /workspace/urdfdom/urdf_parser/src/model.cpp
Warning: link 'camera_link' material 'aluminum' undefined.
         at line 85 in /workspace/urdfdom/urdf_parser/src/model.cpp
Warning: link 'camera_link' material 'aluminum' undefined.
         at line 85 in /workspace/urdfdom/urdf_parser/src/model.cpp
Warning: link 'camera_link' material 'aluminum' undefined.
         at line 85 in /workspace/urdfdom/urdf_parser/src/model.cpp
Warning: link 'camera_link' material 'aluminum' undefined.
         at line 85 in /workspace/urdfdom/urdf_parser/src/model.cpp
Warning: link 'camera_link' material 'aluminum' undefined.
         at line 85 in /workspace/urdfdom/urdf_parser/src/model.cpp
Warning: link 'camera_link' material 'aluminum' undefined.
         at line 85 in /workspace/urdfdom/urdf_parser/src/model.cpp
Warning: link 'camera_link' material 'aluminum' undefined.
         at line 85 in /workspace/urdfdom/urdf_parser/src/model.cpp
[1377/1842] VideoRepick/episode_100 succeeded with seed 19000 (attempt 0, 92.272s)
/data/hongzefu/robomme_benchmark_MotionJEPANewTask/.venv/lib/python3.11/site-packages/torch/cuda/__init__.py:63: FutureWarning: The pynvml package is deprecated. Please install nvidia-ml-py instead. If you did not install pynvml directly, please report this to the maintainers of the package that installed pynvml for you.
  import pynvml  # type: ignore[import]
[1378/1842] VideoUnmaskSwap/episode_101 succeeded with seed 15100 (attempt 0, 68.289s)
/data/hongzefu/robomme_benchmark_MotionJEPANewTask/.venv/lib/python3.11/site-packages/sapien/__init__.py:18: UserWarning: pkg_resources is deprecated as an API. See https://setuptools.pypa.io/en/latest/pkg_resources.html. The pkg_resources package is slated for removal as early as 2025-11-30. Refrain from using this package or pin to Setuptools<81.
  import pkg_resources
    VideoRepick/episode_100 用尽 1 次 attempt，放弃
[1379/1842] VideoUnmaskSwap/episode_100 succeeded with seed 15000 (attempt 0, 92.234s)
[1380/1842] RouteStick/episode_100 succeeded with seed 26000 (attempt 0, 114.05s)
[1381/1842] VideoRepick/episode_100 succeeded with seed 19000 (attempt 0, 101.82s)
Warning: link 'camera_link' material 'aluminum' undefined.
         at line 85 in /workspace/urdfdom/urdf_parser/src/model.cpp
Warning: link 'camera_link' material 'aluminum' undefined.
         at line 85 in /workspace/urdfdom/urdf_parser/src/model.cpp
Warning: link 'camera_link' material 'aluminum' undefined.
         at line 85 in /workspace/urdfdom/urdf_parser/src/model.cpp
Warning: link 'camera_link' material 'aluminum' undefined.
         at line 85 in /workspace/urdfdom/urdf_parser/src/model.cpp
Warning: link 'camera_link' material 'aluminum' undefined.
         at line 85 in /workspace/urdfdom/urdf_parser/src/model.cpp
Warning: link 'camera_link' material 'aluminum' undefined.
         at line 85 in /workspace/urdfdom/urdf_parser/src/model.cpp
Warning: link 'camera_link' material 'aluminum' undefined.
         at line 85 in /workspace/urdfdom/urdf_parser/src/model.cpp
Warning: link 'camera_link' material 'aluminum' undefined.
         at line 85 in /workspace/urdfdom/urdf_parser/src/model.cpp
Warning: link 'camera_link' material 'aluminum' undefined.
         at line 85 in /workspace/urdfdom/urdf_parser/src/model.cpp
Warning: link 'camera_link' material 'aluminum' undefined.
         at line 85 in /workspace/urdfdom/urdf_parser/src/model.cpp
Warning: link 'camera_link' material 'aluminum' undefined.
         at line 85 in /workspace/urdfdom/urdf_parser/src/model.cpp
Warning: link 'camera_link' material 'aluminum' undefined.
         at line 85 in /workspace/urdfdom/urdf_parser/src/model.cpp
Warning: link 'camera_link' material 'aluminum' undefined.
         at line 85 in /workspace/urdfdom/urdf_parser/src/model.cpp
Warning: link 'camera_link' material 'aluminum' undefined.
         at line 85 in /workspace/urdfdom/urdf_parser/src/model.cpp
Warning: link 'camera_link' material 'aluminum' undefined.
         at line 85 in /workspace/urdfdom/urdf_parser/src/model.cpp
Warning: link 'camera_link' material 'aluminum' undefined.
         at line 85 in /workspace/urdfdom/urdf_parser/src/model.cpp
Warning: link 'camera_link' material 'aluminum' undefined.
         at line 85 in /workspace/urdfdom/urdf_parser/src/model.cpp
Warning: link 'camera_link' material 'aluminum' undefined.
         at line 85 in /workspace/urdfdom/urdf_parser/src/model.cpp
Warning: link 'camera_link' material 'aluminum' undefined.
         at line 85 in /workspace/urdfdom/urdf_parser/src/model.cpp
Warning: link 'camera_link' material 'aluminum' undefined.
         at line 85 in /workspace/urdfdom/urdf_parser/src/model.cpp
Warning: link 'camera_link' material 'aluminum' undefined.
         at line 85 in /workspace/urdfdom/urdf_parser/src/model.cpp
Warning: link 'camera_link' material 'aluminum' undefined.
         at line 85 in /workspace/urdfdom/urdf_parser/src/model.cpp
Warning: link 'camera_link' material 'aluminum' undefined.
         at line 85 in /workspace/urdfdom/urdf_parser/src/model.cpp
Warning: link 'camera_link' material 'aluminum' undefined.
         at line 85 in /workspace/urdfdom/urdf_parser/src/model.cpp
screw plan failed
screw plan failed
screw plan failed
Warning: link 'camera_link' material 'aluminum' undefined.
         at line 85 in /workspace/urdfdom/urdf_parser/src/model.cpp
Warning: link 'camera_link' material 'aluminum' undefined.
         at line 85 in /workspace/urdfdom/urdf_parser/src/model.cpp
Warning: link 'camera_link' material 'aluminum' undefined.
         at line 85 in /workspace/urdfdom/urdf_parser/src/model.cpp
Warning: link 'camera_link' material 'aluminum' undefined.
         at line 85 in /workspace/urdfdom/urdf_parser/src/model.cpp
Warning: link 'camera_link' material 'aluminum' undefined.
         at line 85 in /workspace/urdfdom/urdf_parser/src/model.cpp
Warning: link 'camera_link' material 'aluminum' undefined.
         at line 85 in /workspace/urdfdom/urdf_parser/src/model.cpp
Warning: link 'camera_link' material 'aluminum' undefined.
         at line 85 in /workspace/urdfdom/urdf_parser/src/model.cpp
Warning: link 'camera_link' material 'aluminum' undefined.
         at line 85 in /workspace/urdfdom/urdf_parser/src/model.cpp
[1382/1842] VideoUnmaskSwap/episode_101 succeeded with seed 15100 (attempt 0, 81.573s)
[1383/1842] BinFill/episode_100 succeeded with seed 14000 (attempt 0, 143.908s)
[1384/1842] RouteStick/episode_101 succeeded with seed 26100 (attempt 0, 100.5s)
[1385/1842] BinFill/episode_99 succeeded with seed 13900 (attempt 0, 183.747s)
[1386/1842] VideoUnmaskSwap/episode_102 succeeded with seed 15200 (attempt 0, 46.176s)
Warning: link 'camera_link' material 'aluminum' undefined.
         at line 85 in /workspace/urdfdom/urdf_parser/src/model.cpp
Warning: link 'camera_link' material 'aluminum' undefined.
         at line 85 in /workspace/urdfdom/urdf_parser/src/model.cpp
Warning: link 'camera_link' material 'aluminum' undefined.
         at line 85 in /workspace/urdfdom/urdf_parser/src/model.cpp
Warning: link 'camera_link' material 'aluminum' undefined.
         at line 85 in /workspace/urdfdom/urdf_parser/src/model.cpp
Warning: link 'camera_link' material 'aluminum' undefined.
         at line 85 in /workspace/urdfdom/urdf_parser/src/model.cpp
Warning: link 'camera_link' material 'aluminum' undefined.
         at line 85 in /workspace/urdfdom/urdf_parser/src/model.cpp
Warning: link 'camera_link' material 'aluminum' undefined.
         at line 85 in /workspace/urdfdom/urdf_parser/src/model.cpp
Warning: link 'camera_link' material 'aluminum' undefined.
         at line 85 in /workspace/urdfdom/urdf_parser/src/model.cpp
[1387/1842] BinFill/episode_100 succeeded with seed 14000 (attempt 0, 156.587s)
[1388/1842] BinFill/episode_101 succeeded with seed 14100 (attempt 0, 124.456s)
[1389/1842] VideoUnmaskSwap/episode_101 succeeded with seed 15100 (attempt 0, 95.169s)
[1390/1842] VideoUnmaskSwap/episode_103 succeeded with seed 15300 (attempt 0, 45.197s)
[1391/1842] RouteStick/episode_99 succeeded with seed 25900 (attempt 0, 171.09s)
[1392/1842] VideoUnmaskSwap/episode_102 succeeded with seed 15200 (attempt 0, 78.047s)
[1393/1842] VideoRepick/episode_101 succeeded with seed 19100 (attempt 0, 109.205s)
[1394/1842] RouteStick/episode_102 succeeded with seed 26200 (attempt 0, 74.167s)
[1395/1842] BinFill/episode_103 succeeded with seed 14300 (attempt 0, 63.313s)
[1396/1842] VideoUnmaskSwap/episode_103 succeeded with seed 15300 (attempt 0, 57.657s)
[1397/1842] RouteStick/episode_101 succeeded with seed 26100 (attempt 0, 129.072s)
Warning: link 'camera_link' material 'aluminum' undefined.
         at line 85 in /workspace/urdfdom/urdf_parser/src/model.cpp
Warning: link 'camera_link' material 'aluminum' undefined.
         at line 85 in /workspace/urdfdom/urdf_parser/src/model.cpp
Warning: link 'camera_link' material 'aluminum' undefined.
         at line 85 in /workspace/urdfdom/urdf_parser/src/model.cpp
Warning: link 'camera_link' material 'aluminum' undefined.
         at line 85 in /workspace/urdfdom/urdf_parser/src/model.cpp
Warning: link 'camera_link' material 'aluminum' undefined.
         at line 85 in /workspace/urdfdom/urdf_parser/src/model.cpp
Warning: link 'camera_link' material 'aluminum' undefined.
         at line 85 in /workspace/urdfdom/urdf_parser/src/model.cpp
Warning: link 'camera_link' material 'aluminum' undefined.
         at line 85 in /workspace/urdfdom/urdf_parser/src/model.cpp
Warning: link 'camera_link' material 'aluminum' undefined.
         at line 85 in /workspace/urdfdom/urdf_parser/src/model.cpp
Warning: link 'camera_link' material 'aluminum' undefined.
         at line 85 in /workspace/urdfdom/urdf_parser/src/model.cpp
Warning: link 'camera_link' material 'aluminum' undefined.
         at line 85 in /workspace/urdfdom/urdf_parser/src/model.cpp
Warning: link 'camera_link' material 'aluminum' undefined.
         at line 85 in /workspace/urdfdom/urdf_parser/src/model.cpp
Warning: link 'camera_link' material 'aluminum' undefined.
         at line 85 in /workspace/urdfdom/urdf_parser/src/model.cpp
Warning: link 'camera_link' material 'aluminum' undefined.
         at line 85 in /workspace/urdfdom/urdf_parser/src/model.cpp
Warning: link 'camera_link' material 'aluminum' undefined.
         at line 85 in /workspace/urdfdom/urdf_parser/src/model.cpp
Warning: link 'camera_link' material 'aluminum' undefined.
         at line 85 in /workspace/urdfdom/urdf_parser/src/model.cpp
Warning: link 'camera_link' material 'aluminum' undefined.
         at line 85 in /workspace/urdfdom/urdf_parser/src/model.cpp
/data/hongzefu/robomme_benchmark_MotionJEPANewTask/.venv/lib/python3.11/site-packages/torch/cuda/__init__.py:63: FutureWarning: The pynvml package is deprecated. Please install nvidia-ml-py instead. If you did not install pynvml directly, please report this to the maintainers of the package that installed pynvml for you.
  import pynvml  # type: ignore[import]
/data/hongzefu/robomme_benchmark_MotionJEPANewTask/.venv/lib/python3.11/site-packages/sapien/__init__.py:18: UserWarning: pkg_resources is deprecated as an API. See https://setuptools.pypa.io/en/latest/pkg_resources.html. The pkg_resources package is slated for removal as early as 2025-11-30. Refrain from using this package or pin to Setuptools<81.
  import pkg_resources
Warning: link 'camera_link' material 'aluminum' undefined.
         at line 85 in /workspace/urdfdom/urdf_parser/src/model.cpp
Warning: link 'camera_link' material 'aluminum' undefined.
         at line 85 in /workspace/urdfdom/urdf_parser/src/model.cpp
Warning: link 'camera_link' material 'aluminum' undefined.
         at line 85 in /workspace/urdfdom/urdf_parser/src/model.cpp
Warning: link 'camera_link' material 'aluminum' undefined.
         at line 85 in /workspace/urdfdom/urdf_parser/src/model.cpp
Warning: link 'camera_link' material 'aluminum' undefined.
         at line 85 in /workspace/urdfdom/urdf_parser/src/model.cpp
Warning: link 'camera_link' material 'aluminum' undefined.
         at line 85 in /workspace/urdfdom/urdf_parser/src/model.cpp
Warning: link 'camera_link' material 'aluminum' undefined.
         at line 85 in /workspace/urdfdom/urdf_parser/src/model.cpp
Warning: link 'camera_link' material 'aluminum' undefined.
         at line 85 in /workspace/urdfdom/urdf_parser/src/model.cpp
[1398/1842] VideoUnmaskSwap/episode_102 succeeded with seed 15200 (attempt 0, 82.566s)
[1399/1842] VideoRepick/episode_101 succeeded with seed 19100 (attempt 0, 122.155s)
[1400/1842] RouteStick/episode_100 succeeded with seed 26000 (attempt 0, 158.723s)
[1401/1842] BinFill/episode_102 succeeded with seed 14200 (attempt 0, 108.506s)
/data/hongzefu/robomme_benchmark_MotionJEPANewTask/.venv/lib/python3.11/site-packages/torch/cuda/__init__.py:63: FutureWarning: The pynvml package is deprecated. Please install nvidia-ml-py instead. If you did not install pynvml directly, please report this to the maintainers of the package that installed pynvml for you.
  import pynvml  # type: ignore[import]
/data/hongzefu/robomme_benchmark_MotionJEPANewTask/.venv/lib/python3.11/site-packages/torch/cuda/__init__.py:63: FutureWarning: The pynvml package is deprecated. Please install nvidia-ml-py instead. If you did not install pynvml directly, please report this to the maintainers of the package that installed pynvml for you.
  import pynvml  # type: ignore[import]
Warning: link 'camera_link' material 'aluminum' undefined.
         at line 85 in /workspace/urdfdom/urdf_parser/src/model.cpp
Warning: link 'camera_link' material 'aluminum' undefined.
         at line 85 in /workspace/urdfdom/urdf_parser/src/model.cpp
Warning: link 'camera_link' material 'aluminum' undefined.
         at line 85 in /workspace/urdfdom/urdf_parser/src/model.cpp
Warning: link 'camera_link' material 'aluminum' undefined.
         at line 85 in /workspace/urdfdom/urdf_parser/src/model.cpp
Warning: link 'camera_link' material 'aluminum' undefined.
         at line 85 in /workspace/urdfdom/urdf_parser/src/model.cpp
Warning: link 'camera_link' material 'aluminum' undefined.
         at line 85 in /workspace/urdfdom/urdf_parser/src/model.cpp
Warning: link 'camera_link' material 'aluminum' undefined.
         at line 85 in /workspace/urdfdom/urdf_parser/src/model.cpp
Warning: link 'camera_link' material 'aluminum' undefined.
         at line 85 in /workspace/urdfdom/urdf_parser/src/model.cpp
/data/hongzefu/robomme_benchmark_MotionJEPANewTask/.venv/lib/python3.11/site-packages/sapien/__init__.py:18: UserWarning: pkg_resources is deprecated as an API. See https://setuptools.pypa.io/en/latest/pkg_resources.html. The pkg_resources package is slated for removal as early as 2025-11-30. Refrain from using this package or pin to Setuptools<81.
  import pkg_resources
/data/hongzefu/robomme_benchmark_MotionJEPANewTask/.venv/lib/python3.11/site-packages/sapien/__init__.py:18: UserWarning: pkg_resources is deprecated as an API. See https://setuptools.pypa.io/en/latest/pkg_resources.html. The pkg_resources package is slated for removal as early as 2025-11-30. Refrain from using this package or pin to Setuptools<81.
  import pkg_resources
/data/hongzefu/robomme_benchmark_MotionJEPANewTask/.venv/lib/python3.11/site-packages/torch/cuda/__init__.py:63: FutureWarning: The pynvml package is deprecated. Please install nvidia-ml-py instead. If you did not install pynvml directly, please report this to the maintainers of the package that installed pynvml for you.
  import pynvml  # type: ignore[import]
/data/hongzefu/robomme_benchmark_MotionJEPANewTask/.venv/lib/python3.11/site-packages/sapien/__init__.py:18: UserWarning: pkg_resources is deprecated as an API. See https://setuptools.pypa.io/en/latest/pkg_resources.html. The pkg_resources package is slated for removal as early as 2025-11-30. Refrain from using this package or pin to Setuptools<81.
  import pkg_resources
[1402/1842] VideoRepick/episode_102 succeeded with seed 19200 (attempt 0, 96.463s)
[1403/1842] RouteStick/episode_103 succeeded with seed 26300 (attempt 0, 91.201s)
[1404/1842] BinFill/episode_101 succeeded with seed 14100 (attempt 0, 172.373s)
[1405/1842] RouteStick/episode_102 succeeded with seed 26200 (attempt 0, 122.693s)
[1406/1842] BinFill/episode_103 succeeded with seed 14300 (attempt 0, 92.677s)
[1407/1842] VideoRepick/episode_101 succeeded with seed 19100 (attempt 0, 139.665s)
Warning: link 'camera_link' material 'aluminum' undefined.
         at line 85 in /workspace/urdfdom/urdf_parser/src/model.cpp
Warning: link 'camera_link' material 'aluminum' undefined.
         at line 85 in /workspace/urdfdom/urdf_parser/src/model.cpp
Warning: link 'camera_link' material 'aluminum' undefined.
         at line 85 in /workspace/urdfdom/urdf_parser/src/model.cpp
Warning: link 'camera_link' material 'aluminum' undefined.
         at line 85 in /workspace/urdfdom/urdf_parser/src/model.cpp
Warning: link 'camera_link' material 'aluminum' undefined.
         at line 85 in /workspace/urdfdom/urdf_parser/src/model.cpp
Warning: link 'camera_link' material 'aluminum' undefined.
         at line 85 in /workspace/urdfdom/urdf_parser/src/model.cpp
Warning: link 'camera_link' material 'aluminum' undefined.
         at line 85 in /workspace/urdfdom/urdf_parser/src/model.cpp
Warning: link 'camera_link' material 'aluminum' undefined.
         at line 85 in /workspace/urdfdom/urdf_parser/src/model.cpp
[1408/1842] VideoUnmaskSwap/episode_102 succeeded with seed 15200 (attempt 0, 112.325s)
[1409/1842] RouteStick/episode_103 succeeded with seed 26300 (attempt 0, 104.448s)
[1410/1842] BinFill/episode_103 succeeded with seed 14300 (attempt 0, 108.88s)
Warning: link 'camera_link' material 'aluminum' undefined.
         at line 85 in /workspace/urdfdom/urdf_parser/src/model.cpp
Warning: link 'camera_link' material 'aluminum' undefined.
         at line 85 in /workspace/urdfdom/urdf_parser/src/model.cpp
Warning: link 'camera_link' material 'aluminum' undefined.
         at line 85 in /workspace/urdfdom/urdf_parser/src/model.cpp
Warning: link 'camera_link' material 'aluminum' undefined.
         at line 85 in /workspace/urdfdom/urdf_parser/src/model.cpp
Warning: link 'camera_link' material 'aluminum' undefined.
         at line 85 in /workspace/urdfdom/urdf_parser/src/model.cpp
Warning: link 'camera_link' material 'aluminum' undefined.
         at line 85 in /workspace/urdfdom/urdf_parser/src/model.cpp
Warning: link 'camera_link' material 'aluminum' undefined.
         at line 85 in /workspace/urdfdom/urdf_parser/src/model.cpp
Warning: link 'camera_link' material 'aluminum' undefined.
         at line 85 in /workspace/urdfdom/urdf_parser/src/model.cpp
[1411/1842] VideoUnmaskSwap/episode_103 succeeded with seed 15300 (attempt 0, 101.822s)
Warning: link 'camera_link' material 'aluminum' undefined.
         at line 85 in /workspace/urdfdom/urdf_parser/src/model.cpp
Warning: link 'camera_link' material 'aluminum' undefined.
         at line 85 in /workspace/urdfdom/urdf_parser/src/model.cpp
Warning: link 'camera_link' material 'aluminum' undefined.
         at line 85 in /workspace/urdfdom/urdf_parser/src/model.cpp
Warning: link 'camera_link' material 'aluminum' undefined.
         at line 85 in /workspace/urdfdom/urdf_parser/src/model.cpp
Warning: link 'camera_link' material 'aluminum' undefined.
         at line 85 in /workspace/urdfdom/urdf_parser/src/model.cpp
Warning: link 'camera_link' material 'aluminum' undefined.
         at line 85 in /workspace/urdfdom/urdf_parser/src/model.cpp
Warning: link 'camera_link' material 'aluminum' undefined.
         at line 85 in /workspace/urdfdom/urdf_parser/src/model.cpp
Warning: link 'camera_link' material 'aluminum' undefined.
         at line 85 in /workspace/urdfdom/urdf_parser/src/model.cpp
[1412/1842] VideoRepick/episode_102 succeeded with seed 19200 (attempt 0, 119.624s)
[1413/1842] VideoRepick/episode_102 succeeded with seed 19200 (attempt 0, 126.395s)
[1414/1842] BinFill/episode_104 succeeded with seed 14400 (attempt 0, 85.123s)
[1415/1842] BinFill/episode_102 succeeded with seed 14200 (attempt 0, 153.522s)
[1416/1842] VideoUnmaskSwap/episode_104 succeeded with seed 15400 (attempt 0, 67.492s)
Warning: link 'camera_link' material 'aluminum' undefined.
         at line 85 in /workspace/urdfdom/urdf_parser/src/model.cpp
Warning: link 'camera_link' material 'aluminum' undefined.
         at line 85 in /workspace/urdfdom/urdf_parser/src/model.cpp
Warning: link 'camera_link' material 'aluminum' undefined.
         at line 85 in /workspace/urdfdom/urdf_parser/src/model.cpp
Warning: link 'camera_link' material 'aluminum' undefined.
         at line 85 in /workspace/urdfdom/urdf_parser/src/model.cpp
Warning: link 'camera_link' material 'aluminum' undefined.
         at line 85 in /workspace/urdfdom/urdf_parser/src/model.cpp
Warning: link 'camera_link' material 'aluminum' undefined.
         at line 85 in /workspace/urdfdom/urdf_parser/src/model.cpp
Warning: link 'camera_link' material 'aluminum' undefined.
         at line 85 in /workspace/urdfdom/urdf_parser/src/model.cpp
Warning: link 'camera_link' material 'aluminum' undefined.
         at line 85 in /workspace/urdfdom/urdf_parser/src/model.cpp
/data/hongzefu/robomme_benchmark_MotionJEPANewTask/.venv/lib/python3.11/site-packages/torch/cuda/__init__.py:63: FutureWarning: The pynvml package is deprecated. Please install nvidia-ml-py instead. If you did not install pynvml directly, please report this to the maintainers of the package that installed pynvml for you.
  import pynvml  # type: ignore[import]
/data/hongzefu/robomme_benchmark_MotionJEPANewTask/.venv/lib/python3.11/site-packages/sapien/__init__.py:18: UserWarning: pkg_resources is deprecated as an API. See https://setuptools.pypa.io/en/latest/pkg_resources.html. The pkg_resources package is slated for removal as early as 2025-11-30. Refrain from using this package or pin to Setuptools<81.
  import pkg_resources
[1417/1842] RouteStick/episode_102 succeeded with seed 26200 (attempt 0, 151.548s)
    VideoRepick/episode_91 seed 18100 单条墙钟超过 600 秒被终止（实测 614 秒）
    VideoRepick/episode_91 用尽 1 次 attempt，放弃
[1418/1842] VideoRepick/episode_103 succeeded with seed 19300 (attempt 0, 118.738s)
/data/hongzefu/robomme_benchmark_MotionJEPANewTask/.venv/lib/python3.11/site-packages/torch/cuda/__init__.py:63: FutureWarning: The pynvml package is deprecated. Please install nvidia-ml-py instead. If you did not install pynvml directly, please report this to the maintainers of the package that installed pynvml for you.
  import pynvml  # type: ignore[import]
/data/hongzefu/robomme_benchmark_MotionJEPANewTask/.venv/lib/python3.11/site-packages/sapien/__init__.py:18: UserWarning: pkg_resources is deprecated as an API. See https://setuptools.pypa.io/en/latest/pkg_resources.html. The pkg_resources package is slated for removal as early as 2025-11-30. Refrain from using this package or pin to Setuptools<81.
  import pkg_resources
[1419/1842] VideoUnmaskSwap/episode_104 succeeded with seed 15400 (attempt 0, 78.677s)
/data/hongzefu/robomme_benchmark_MotionJEPANewTask/.venv/lib/python3.11/site-packages/torch/cuda/__init__.py:63: FutureWarning: The pynvml package is deprecated. Please install nvidia-ml-py instead. If you did not install pynvml directly, please report this to the maintainers of the package that installed pynvml for you.
  import pynvml  # type: ignore[import]
/data/hongzefu/robomme_benchmark_MotionJEPANewTask/.venv/lib/python3.11/site-packages/sapien/__init__.py:18: UserWarning: pkg_resources is deprecated as an API. See https://setuptools.pypa.io/en/latest/pkg_resources.html. The pkg_resources package is slated for removal as early as 2025-11-30. Refrain from using this package or pin to Setuptools<81.
  import pkg_resources
screw plan failed
screw plan failed
screw plan failed
[1420/1842] BinFill/episode_102 succeeded with seed 14200 (attempt 0, 170.723s)
/data/hongzefu/robomme_benchmark_MotionJEPANewTask/.venv/lib/python3.11/site-packages/torch/cuda/__init__.py:63: FutureWarning: The pynvml package is deprecated. Please install nvidia-ml-py instead. If you did not install pynvml directly, please report this to the maintainers of the package that installed pynvml for you.
  import pynvml  # type: ignore[import]
/data/hongzefu/robomme_benchmark_MotionJEPANewTask/.venv/lib/python3.11/site-packages/sapien/__init__.py:18: UserWarning: pkg_resources is deprecated as an API. See https://setuptools.pypa.io/en/latest/pkg_resources.html. The pkg_resources package is slated for removal as early as 2025-11-30. Refrain from using this package or pin to Setuptools<81.
  import pkg_resources
[1421/1842] VideoRepick/episode_103 succeeded with seed 19300 (attempt 0, 112.12s)
[1422/1842] RouteStick/episode_103 succeeded with seed 26300 (attempt 0, 141.099s)
[1423/1842] VideoUnmaskSwap/episode_104 succeeded with seed 15400 (attempt 0, 90.32s)
[1424/1842] VideoRepick/episode_103 succeeded with seed 19300 (attempt 0, 125.172s)
[1425/1842] RouteStick/episode_104 succeeded with seed 26400 (attempt 0, 101.43s)
[1426/1842] RouteStick/episode_101 succeeded with seed 26100 (attempt 0, 200.881s)
Warning: link 'camera_link' material 'aluminum' undefined.
         at line 85 in /workspace/urdfdom/urdf_parser/src/model.cpp
Warning: link 'camera_link' material 'aluminum' undefined.
         at line 85 in /workspace/urdfdom/urdf_parser/src/model.cpp
Warning: link 'camera_link' material 'aluminum' undefined.
         at line 85 in /workspace/urdfdom/urdf_parser/src/model.cpp
Warning: link 'camera_link' material 'aluminum' undefined.
         at line 85 in /workspace/urdfdom/urdf_parser/src/model.cpp
Warning: link 'camera_link' material 'aluminum' undefined.
         at line 85 in /workspace/urdfdom/urdf_parser/src/model.cpp
Warning: link 'camera_link' material 'aluminum' undefined.
         at line 85 in /workspace/urdfdom/urdf_parser/src/model.cpp
Warning: link 'camera_link' material 'aluminum' undefined.
         at line 85 in /workspace/urdfdom/urdf_parser/src/model.cpp
Warning: link 'camera_link' material 'aluminum' undefined.
         at line 85 in /workspace/urdfdom/urdf_parser/src/model.cpp
/data/hongzefu/robomme_benchmark_MotionJEPANewTask/.venv/lib/python3.11/site-packages/torch/cuda/__init__.py:63: FutureWarning: The pynvml package is deprecated. Please install nvidia-ml-py instead. If you did not install pynvml directly, please report this to the maintainers of the package that installed pynvml for you.
  import pynvml  # type: ignore[import]
/data/hongzefu/robomme_benchmark_MotionJEPANewTask/.venv/lib/python3.11/site-packages/torch/cuda/__init__.py:63: FutureWarning: The pynvml package is deprecated. Please install nvidia-ml-py instead. If you did not install pynvml directly, please report this to the maintainers of the package that installed pynvml for you.
  import pynvml  # type: ignore[import]
/data/hongzefu/robomme_benchmark_MotionJEPANewTask/.venv/lib/python3.11/site-packages/sapien/__init__.py:18: UserWarning: pkg_resources is deprecated as an API. See https://setuptools.pypa.io/en/latest/pkg_resources.html. The pkg_resources package is slated for removal as early as 2025-11-30. Refrain from using this package or pin to Setuptools<81.
  import pkg_resources
/data/hongzefu/robomme_benchmark_MotionJEPANewTask/.venv/lib/python3.11/site-packages/sapien/__init__.py:18: UserWarning: pkg_resources is deprecated as an API. See https://setuptools.pypa.io/en/latest/pkg_resources.html. The pkg_resources package is slated for removal as early as 2025-11-30. Refrain from using this package or pin to Setuptools<81.
  import pkg_resources
[1427/1842] VideoUnmaskSwap/episode_105 succeeded with seed 15500 (attempt 0, 58.361s)
Warning: link 'camera_link' material 'aluminum' undefined.
         at line 85 in /workspace/urdfdom/urdf_parser/src/model.cpp
Warning: link 'camera_link' material 'aluminum' undefined.
         at line 85 in /workspace/urdfdom/urdf_parser/src/model.cpp
Warning: link 'camera_link' material 'aluminum' undefined.
         at line 85 in /workspace/urdfdom/urdf_parser/src/model.cpp
Warning: link 'camera_link' material 'aluminum' undefined.
         at line 85 in /workspace/urdfdom/urdf_parser/src/model.cpp
Warning: link 'camera_link' material 'aluminum' undefined.
         at line 85 in /workspace/urdfdom/urdf_parser/src/model.cpp
Warning: link 'camera_link' material 'aluminum' undefined.
         at line 85 in /workspace/urdfdom/urdf_parser/src/model.cpp
Warning: link 'camera_link' material 'aluminum' undefined.
         at line 85 in /workspace/urdfdom/urdf_parser/src/model.cpp
Warning: link 'camera_link' material 'aluminum' undefined.
         at line 85 in /workspace/urdfdom/urdf_parser/src/model.cpp
[1428/1842] RouteStick/episode_104 succeeded with seed 26400 (attempt 0, 118.016s)
Warning: link 'camera_link' material 'aluminum' undefined.
         at line 85 in /workspace/urdfdom/urdf_parser/src/model.cpp
Warning: link 'camera_link' material 'aluminum' undefined.
         at line 85 in /workspace/urdfdom/urdf_parser/src/model.cpp
Warning: link 'camera_link' material 'aluminum' undefined.
         at line 85 in /workspace/urdfdom/urdf_parser/src/model.cpp
Warning: link 'camera_link' material 'aluminum' undefined.
         at line 85 in /workspace/urdfdom/urdf_parser/src/model.cpp
Warning: link 'camera_link' material 'aluminum' undefined.
         at line 85 in /workspace/urdfdom/urdf_parser/src/model.cpp
Warning: link 'camera_link' material 'aluminum' undefined.
         at line 85 in /workspace/urdfdom/urdf_parser/src/model.cpp
Warning: link 'camera_link' material 'aluminum' undefined.
         at line 85 in /workspace/urdfdom/urdf_parser/src/model.cpp
Warning: link 'camera_link' material 'aluminum' undefined.
         at line 85 in /workspace/urdfdom/urdf_parser/src/model.cpp
[1429/1842] BinFill/episode_104 succeeded with seed 14400 (attempt 0, 120.277s)
[1430/1842] VideoUnmaskSwap/episode_105 succeeded with seed 15500 (attempt 0, 73.989s)
Warning: link 'camera_link' material 'aluminum' undefined.
         at line 85 in /workspace/urdfdom/urdf_parser/src/model.cpp
Warning: link 'camera_link' material 'aluminum' undefined.
         at line 85 in /workspace/urdfdom/urdf_parser/src/model.cpp
Warning: link 'camera_link' material 'aluminum' undefined.
         at line 85 in /workspace/urdfdom/urdf_parser/src/model.cpp
Warning: link 'camera_link' material 'aluminum' undefined.
         at line 85 in /workspace/urdfdom/urdf_parser/src/model.cpp
Warning: link 'camera_link' material 'aluminum' undefined.
         at line 85 in /workspace/urdfdom/urdf_parser/src/model.cpp
Warning: link 'camera_link' material 'aluminum' undefined.
         at line 85 in /workspace/urdfdom/urdf_parser/src/model.cpp
Warning: link 'camera_link' material 'aluminum' undefined.
         at line 85 in /workspace/urdfdom/urdf_parser/src/model.cpp
Warning: link 'camera_link' material 'aluminum' undefined.
         at line 85 in /workspace/urdfdom/urdf_parser/src/model.cpp
[1431/1842] RouteStick/episode_104 succeeded with seed 26400 (attempt 0, 118.13s)
[1432/1842] RouteStick/episode_105 succeeded with seed 26500 (attempt 0, 87.077s)
[1433/1842] VideoUnmaskSwap/episode_104 succeeded with seed 15400 (attempt 0, 98.497s)
[1434/1842] BinFill/episode_105 succeeded with seed 14500 (attempt 0, 92.356s)
/data/hongzefu/robomme_benchmark_MotionJEPANewTask/.venv/lib/python3.11/site-packages/torch/cuda/__init__.py:63: FutureWarning: The pynvml package is deprecated. Please install nvidia-ml-py instead. If you did not install pynvml directly, please report this to the maintainers of the package that installed pynvml for you.
  import pynvml  # type: ignore[import]
/data/hongzefu/robomme_benchmark_MotionJEPANewTask/.venv/lib/python3.11/site-packages/sapien/__init__.py:18: UserWarning: pkg_resources is deprecated as an API. See https://setuptools.pypa.io/en/latest/pkg_resources.html. The pkg_resources package is slated for removal as early as 2025-11-30. Refrain from using this package or pin to Setuptools<81.
  import pkg_resources
[1435/1842] VideoRepick/episode_104 succeeded with seed 19400 (attempt 0, 111.138s)
[1436/1842] BinFill/episode_104 succeeded with seed 14400 (attempt 0, 136.126s)
Warning: link 'camera_link' material 'aluminum' undefined.
         at line 85 in /workspace/urdfdom/urdf_parser/src/model.cpp
Warning: link 'camera_link' material 'aluminum' undefined.
         at line 85 in /workspace/urdfdom/urdf_parser/src/model.cpp
Warning: link 'camera_link' material 'aluminum' undefined.
         at line 85 in /workspace/urdfdom/urdf_parser/src/model.cpp
Warning: link 'camera_link' material 'aluminum' undefined.
         at line 85 in /workspace/urdfdom/urdf_parser/src/model.cpp
Warning: link 'camera_link' material 'aluminum' undefined.
         at line 85 in /workspace/urdfdom/urdf_parser/src/model.cpp
Warning: link 'camera_link' material 'aluminum' undefined.
         at line 85 in /workspace/urdfdom/urdf_parser/src/model.cpp
Warning: link 'camera_link' material 'aluminum' undefined.
         at line 85 in /workspace/urdfdom/urdf_parser/src/model.cpp
Warning: link 'camera_link' material 'aluminum' undefined.
         at line 85 in /workspace/urdfdom/urdf_parser/src/model.cpp
/data/hongzefu/robomme_benchmark_MotionJEPANewTask/.venv/lib/python3.11/site-packages/torch/cuda/__init__.py:63: FutureWarning: The pynvml package is deprecated. Please install nvidia-ml-py instead. If you did not install pynvml directly, please report this to the maintainers of the package that installed pynvml for you.
  import pynvml  # type: ignore[import]
/data/hongzefu/robomme_benchmark_MotionJEPANewTask/.venv/lib/python3.11/site-packages/sapien/__init__.py:18: UserWarning: pkg_resources is deprecated as an API. See https://setuptools.pypa.io/en/latest/pkg_resources.html. The pkg_resources package is slated for removal as early as 2025-11-30. Refrain from using this package or pin to Setuptools<81.
  import pkg_resources
Warning: link 'camera_link' material 'aluminum' undefined.
         at line 85 in /workspace/urdfdom/urdf_parser/src/model.cpp
Warning: link 'camera_link' material 'aluminum' undefined.
         at line 85 in /workspace/urdfdom/urdf_parser/src/model.cpp
Warning: link 'camera_link' material 'aluminum' undefined.
         at line 85 in /workspace/urdfdom/urdf_parser/src/model.cpp
Warning: link 'camera_link' material 'aluminum' undefined.
         at line 85 in /workspace/urdfdom/urdf_parser/src/model.cpp
Warning: link 'camera_link' material 'aluminum' undefined.
         at line 85 in /workspace/urdfdom/urdf_parser/src/model.cpp
Warning: link 'camera_link' material 'aluminum' undefined.
         at line 85 in /workspace/urdfdom/urdf_parser/src/model.cpp
Warning: link 'camera_link' material 'aluminum' undefined.
         at line 85 in /workspace/urdfdom/urdf_parser/src/model.cpp
Warning: link 'camera_link' material 'aluminum' undefined.
         at line 85 in /workspace/urdfdom/urdf_parser/src/model.cpp
[1437/1842] VideoUnmaskSwap/episode_103 succeeded with seed 15300 (attempt 0, 161.33s)
[1438/1842] BinFill/episode_106 succeeded with seed 14600 (attempt 0, 69.423s)
Warning: link 'camera_link' material 'aluminum' undefined.
         at line 85 in /workspace/urdfdom/urdf_parser/src/model.cpp
Warning: link 'camera_link' material 'aluminum' undefined.
         at line 85 in /workspace/urdfdom/urdf_parser/src/model.cpp
Warning: link 'camera_link' material 'aluminum' undefined.
         at line 85 in /workspace/urdfdom/urdf_parser/src/model.cpp
Warning: link 'camera_link' material 'aluminum' undefined.
         at line 85 in /workspace/urdfdom/urdf_parser/src/model.cpp
Warning: link 'camera_link' material 'aluminum' undefined.
         at line 85 in /workspace/urdfdom/urdf_parser/src/model.cpp
Warning: link 'camera_link' material 'aluminum' undefined.
         at line 85 in /workspace/urdfdom/urdf_parser/src/model.cpp
Warning: link 'camera_link' material 'aluminum' undefined.
         at line 85 in /workspace/urdfdom/urdf_parser/src/model.cpp
Warning: link 'camera_link' material 'aluminum' undefined.
         at line 85 in /workspace/urdfdom/urdf_parser/src/model.cpp
/data/hongzefu/robomme_benchmark_MotionJEPANewTask/.venv/lib/python3.11/site-packages/torch/cuda/__init__.py:63: FutureWarning: The pynvml package is deprecated. Please install nvidia-ml-py instead. If you did not install pynvml directly, please report this to the maintainers of the package that installed pynvml for you.
  import pynvml  # type: ignore[import]
/data/hongzefu/robomme_benchmark_MotionJEPANewTask/.venv/lib/python3.11/site-packages/sapien/__init__.py:18: UserWarning: pkg_resources is deprecated as an API. See https://setuptools.pypa.io/en/latest/pkg_resources.html. The pkg_resources package is slated for removal as early as 2025-11-30. Refrain from using this package or pin to Setuptools<81.
  import pkg_resources
[1439/1842] VideoUnmaskSwap/episode_106 succeeded with seed 15600 (attempt 0, 60.595s)
[1440/1842] RouteStick/episode_102 succeeded with seed 26200 (attempt 0, 210.578s)
[1441/1842] VideoUnmaskSwap/episode_105 succeeded with seed 15500 (attempt 0, 102.187s)
[1442/1842] VideoRepick/episode_104 succeeded with seed 19400 (attempt 0, 147.463s)
Warning: link 'camera_link' material 'aluminum' undefined.
         at line 85 in /workspace/urdfdom/urdf_parser/src/model.cpp
Warning: link 'camera_link' material 'aluminum' undefined.
         at line 85 in /workspace/urdfdom/urdf_parser/src/model.cpp
Warning: link 'camera_link' material 'aluminum' undefined.
         at line 85 in /workspace/urdfdom/urdf_parser/src/model.cpp
Warning: link 'camera_link' material 'aluminum' undefined.
         at line 85 in /workspace/urdfdom/urdf_parser/src/model.cpp
Warning: link 'camera_link' material 'aluminum' undefined.
         at line 85 in /workspace/urdfdom/urdf_parser/src/model.cpp
Warning: link 'camera_link' material 'aluminum' undefined.
         at line 85 in /workspace/urdfdom/urdf_parser/src/model.cpp
Warning: link 'camera_link' material 'aluminum' undefined.
         at line 85 in /workspace/urdfdom/urdf_parser/src/model.cpp
Warning: link 'camera_link' material 'aluminum' undefined.
         at line 85 in /workspace/urdfdom/urdf_parser/src/model.cpp
[1443/1842] RouteStick/episode_105 succeeded with seed 26500 (attempt 0, 127.783s)
[1444/1842] VideoUnmaskSwap/episode_106 succeeded with seed 15600 (attempt 0, 77.766s)
[1445/1842] BinFill/episode_106 succeeded with seed 14600 (attempt 0, 105.987s)
[1446/1842] VideoUnmaskSwap/episode_107 succeeded with seed 15700 (attempt 0, 52.536s)
[1447/1842] RouteStick/episode_105 succeeded with seed 26500 (attempt 0, 139.025s)
[1448/1842] RouteStick/episode_103 succeeded with seed 26300 (attempt 0, 211.156s)
[1449/1842] RouteStick/episode_106 succeeded with seed 26600 (attempt 0, 93.302s)
[1450/1842] BinFill/episode_105 succeeded with seed 14500 (attempt 0, 150.091s)
[1451/1842] VideoUnmaskSwap/episode_106 succeeded with seed 15600 (attempt 0, 85.283s)
Warning: link 'camera_link' material 'aluminum' undefined.
         at line 85 in /workspace/urdfdom/urdf_parser/src/model.cpp
Warning: link 'camera_link' material 'aluminum' undefined.
         at line 85 in /workspace/urdfdom/urdf_parser/src/model.cpp
Warning: link 'camera_link' material 'aluminum' undefined.
         at line 85 in /workspace/urdfdom/urdf_parser/src/model.cpp
Warning: link 'camera_link' material 'aluminum' undefined.
         at line 85 in /workspace/urdfdom/urdf_parser/src/model.cpp
Warning: link 'camera_link' material 'aluminum' undefined.
         at line 85 in /workspace/urdfdom/urdf_parser/src/model.cpp
Warning: link 'camera_link' material 'aluminum' undefined.
         at line 85 in /workspace/urdfdom/urdf_parser/src/model.cpp
Warning: link 'camera_link' material 'aluminum' undefined.
         at line 85 in /workspace/urdfdom/urdf_parser/src/model.cpp
Warning: link 'camera_link' material 'aluminum' undefined.
         at line 85 in /workspace/urdfdom/urdf_parser/src/model.cpp
Warning: link 'camera_link' material 'aluminum' undefined.
         at line 85 in /workspace/urdfdom/urdf_parser/src/model.cpp
Warning: link 'camera_link' material 'aluminum' undefined.
         at line 85 in /workspace/urdfdom/urdf_parser/src/model.cpp
Warning: link 'camera_link' material 'aluminum' undefined.
         at line 85 in /workspace/urdfdom/urdf_parser/src/model.cpp
Warning: link 'camera_link' material 'aluminum' undefined.
         at line 85 in /workspace/urdfdom/urdf_parser/src/model.cpp
Warning: link 'camera_link' material 'aluminum' undefined.
         at line 85 in /workspace/urdfdom/urdf_parser/src/model.cpp
Warning: link 'camera_link' material 'aluminum' undefined.
         at line 85 in /workspace/urdfdom/urdf_parser/src/model.cpp
Warning: link 'camera_link' material 'aluminum' undefined.
         at line 85 in /workspace/urdfdom/urdf_parser/src/model.cpp
Warning: link 'camera_link' material 'aluminum' undefined.
         at line 85 in /workspace/urdfdom/urdf_parser/src/model.cpp
Warning: link 'camera_link' material 'aluminum' undefined.
         at line 85 in /workspace/urdfdom/urdf_parser/src/model.cpp
Warning: link 'camera_link' material 'aluminum' undefined.
         at line 85 in /workspace/urdfdom/urdf_parser/src/model.cpp
Warning: link 'camera_link' material 'aluminum' undefined.
         at line 85 in /workspace/urdfdom/urdf_parser/src/model.cpp
Warning: link 'camera_link' material 'aluminum' undefined.
         at line 85 in /workspace/urdfdom/urdf_parser/src/model.cpp
Warning: link 'camera_link' material 'aluminum' undefined.
         at line 85 in /workspace/urdfdom/urdf_parser/src/model.cpp
Warning: link 'camera_link' material 'aluminum' undefined.
         at line 85 in /workspace/urdfdom/urdf_parser/src/model.cpp
Warning: link 'camera_link' material 'aluminum' undefined.
         at line 85 in /workspace/urdfdom/urdf_parser/src/model.cpp
Warning: link 'camera_link' material 'aluminum' undefined.
         at line 85 in /workspace/urdfdom/urdf_parser/src/model.cpp
[1452/1842] VideoRepick/episode_105 succeeded with seed 19500 (attempt 0, 144.793s)
[1453/1842] VideoUnmaskSwap/episode_107 succeeded with seed 15700 (attempt 0, 72.576s)
[1454/1842] VideoRepick/episode_105 succeeded with seed 19500 (attempt 0, 134.841s)
[1455/1842] BinFill/episode_105 succeeded with seed 14500 (attempt 0, 164.967s)
[1456/1842] VideoRepick/episode_106 succeeded with seed 19600 (attempt 0, 109.523s)
[1457/1842] VideoRepick/episode_105 succeeded with seed 19500 (attempt 0, 153.194s)
[1458/1842] VideoRepick/episode_104 succeeded with seed 19400 (attempt 0, 175.134s)
[1459/1842] BinFill/episode_107 succeeded with seed 14700 (attempt 0, 92.92s)
[1460/1842] RouteStick/episode_104 succeeded with seed 26400 (attempt 0, 202.535s)
Warning: link 'camera_link' material 'aluminum' undefined.
         at line 85 in /workspace/urdfdom/urdf_parser/src/model.cpp
Warning: link 'camera_link' material 'aluminum' undefined.
         at line 85 in /workspace/urdfdom/urdf_parser/src/model.cpp
Warning: link 'camera_link' material 'aluminum' undefined.
         at line 85 in /workspace/urdfdom/urdf_parser/src/model.cpp
Warning: link 'camera_link' material 'aluminum' undefined.
         at line 85 in /workspace/urdfdom/urdf_parser/src/model.cpp
Warning: link 'camera_link' material 'aluminum' undefined.
         at line 85 in /workspace/urdfdom/urdf_parser/src/model.cpp
Warning: link 'camera_link' material 'aluminum' undefined.
         at line 85 in /workspace/urdfdom/urdf_parser/src/model.cpp
Warning: link 'camera_link' material 'aluminum' undefined.
         at line 85 in /workspace/urdfdom/urdf_parser/src/model.cpp
Warning: link 'camera_link' material 'aluminum' undefined.
         at line 85 in /workspace/urdfdom/urdf_parser/src/model.cpp
[1461/1842] VideoUnmaskSwap/episode_105 succeeded with seed 15500 (attempt 0, 158.352s)
[1462/1842] RouteStick/episode_107 succeeded with seed 26700 (attempt 0, 105.823s)
[1463/1842] RouteStick/episode_106 succeeded with seed 26600 (attempt 0, 141.244s)
Warning: link 'camera_link' material 'aluminum' undefined.
         at line 85 in /workspace/urdfdom/urdf_parser/src/model.cpp
Warning: link 'camera_link' material 'aluminum' undefined.
         at line 85 in /workspace/urdfdom/urdf_parser/src/model.cpp
Warning: link 'camera_link' material 'aluminum' undefined.
         at line 85 in /workspace/urdfdom/urdf_parser/src/model.cpp
Warning: link 'camera_link' material 'aluminum' undefined.
         at line 85 in /workspace/urdfdom/urdf_parser/src/model.cpp
Warning: link 'camera_link' material 'aluminum' undefined.
         at line 85 in /workspace/urdfdom/urdf_parser/src/model.cpp
Warning: link 'camera_link' material 'aluminum' undefined.
         at line 85 in /workspace/urdfdom/urdf_parser/src/model.cpp
Warning: link 'camera_link' material 'aluminum' undefined.
         at line 85 in /workspace/urdfdom/urdf_parser/src/model.cpp
Warning: link 'camera_link' material 'aluminum' undefined.
         at line 85 in /workspace/urdfdom/urdf_parser/src/model.cpp
Warning: link 'camera_link' material 'aluminum' undefined.
         at line 85 in /workspace/urdfdom/urdf_parser/src/model.cpp
Warning: link 'camera_link' material 'aluminum' undefined.
         at line 85 in /workspace/urdfdom/urdf_parser/src/model.cpp
Warning: link 'camera_link' material 'aluminum' undefined.
         at line 85 in /workspace/urdfdom/urdf_parser/src/model.cpp
Warning: link 'camera_link' material 'aluminum' undefined.
         at line 85 in /workspace/urdfdom/urdf_parser/src/model.cpp
Warning: link 'camera_link' material 'aluminum' undefined.
         at line 85 in /workspace/urdfdom/urdf_parser/src/model.cpp
Warning: link 'camera_link' material 'aluminum' undefined.
         at line 85 in /workspace/urdfdom/urdf_parser/src/model.cpp
Warning: link 'camera_link' material 'aluminum' undefined.
         at line 85 in /workspace/urdfdom/urdf_parser/src/model.cpp
Warning: link 'camera_link' material 'aluminum' undefined.
         at line 85 in /workspace/urdfdom/urdf_parser/src/model.cpp
[1464/1842] BinFill/episode_106 succeeded with seed 14600 (attempt 0, 147.02s)
Warning: link 'camera_link' material 'aluminum' undefined.
         at line 85 in /workspace/urdfdom/urdf_parser/src/model.cpp
Warning: link 'camera_link' material 'aluminum' undefined.
         at line 85 in /workspace/urdfdom/urdf_parser/src/model.cpp
Warning: link 'camera_link' material 'aluminum' undefined.
         at line 85 in /workspace/urdfdom/urdf_parser/src/model.cpp
Warning: link 'camera_link' material 'aluminum' undefined.
         at line 85 in /workspace/urdfdom/urdf_parser/src/model.cpp
Warning: link 'camera_link' material 'aluminum' undefined.
         at line 85 in /workspace/urdfdom/urdf_parser/src/model.cpp
Warning: link 'camera_link' material 'aluminum' undefined.
         at line 85 in /workspace/urdfdom/urdf_parser/src/model.cpp
Warning: link 'camera_link' material 'aluminum' undefined.
         at line 85 in /workspace/urdfdom/urdf_parser/src/model.cpp
Warning: link 'camera_link' material 'aluminum' undefined.
         at line 85 in /workspace/urdfdom/urdf_parser/src/model.cpp
[1465/1842] BinFill/episode_107 succeeded with seed 14700 (attempt 0, 114.569s)
[1466/1842] VideoUnmaskSwap/episode_107 succeeded with seed 15700 (attempt 0, 91.162s)
[1467/1842] VideoUnmaskSwap/episode_108 succeeded with seed 15800 (attempt 0, 51.792s)
[1468/1842] VideoUnmaskSwap/episode_108 succeeded with seed 15800 (attempt 0, 53.969s)
[1469/1842] RouteStick/episode_106 succeeded with seed 26600 (attempt 0, 148.308s)
[1470/1842] VideoRepick/episode_107 succeeded with seed 19700 (attempt 0, 104.262s)
/data/hongzefu/robomme_benchmark_MotionJEPANewTask/.venv/lib/python3.11/site-packages/torch/cuda/__init__.py:63: FutureWarning: The pynvml package is deprecated. Please install nvidia-ml-py instead. If you did not install pynvml directly, please report this to the maintainers of the package that installed pynvml for you.
  import pynvml  # type: ignore[import]
/data/hongzefu/robomme_benchmark_MotionJEPANewTask/.venv/lib/python3.11/site-packages/sapien/__init__.py:18: UserWarning: pkg_resources is deprecated as an API. See https://setuptools.pypa.io/en/latest/pkg_resources.html. The pkg_resources package is slated for removal as early as 2025-11-30. Refrain from using this package or pin to Setuptools<81.
  import pkg_resources
[1471/1842] RouteStick/episode_105 succeeded with seed 26500 (attempt 0, 191.715s)
Warning: link 'camera_link' material 'aluminum' undefined.
         at line 85 in /workspace/urdfdom/urdf_parser/src/model.cpp
Warning: link 'camera_link' material 'aluminum' undefined.
         at line 85 in /workspace/urdfdom/urdf_parser/src/model.cpp
Warning: link 'camera_link' material 'aluminum' undefined.
         at line 85 in /workspace/urdfdom/urdf_parser/src/model.cpp
Warning: link 'camera_link' material 'aluminum' undefined.
         at line 85 in /workspace/urdfdom/urdf_parser/src/model.cpp
Warning: link 'camera_link' material 'aluminum' undefined.
         at line 85 in /workspace/urdfdom/urdf_parser/src/model.cpp
Warning: link 'camera_link' material 'aluminum' undefined.
         at line 85 in /workspace/urdfdom/urdf_parser/src/model.cpp
Warning: link 'camera_link' material 'aluminum' undefined.
         at line 85 in /workspace/urdfdom/urdf_parser/src/model.cpp
Warning: link 'camera_link' material 'aluminum' undefined.
         at line 85 in /workspace/urdfdom/urdf_parser/src/model.cpp
[1472/1842] VideoRepick/episode_106 succeeded with seed 19600 (attempt 0, 154.821s)
[1473/1842] VideoUnmaskSwap/episode_106 succeeded with seed 15600 (attempt 0, 150.923s)
[1474/1842] RouteStick/episode_107 succeeded with seed 26700 (attempt 0, 142.298s)
Warning: link 'camera_link' material 'aluminum' undefined.
         at line 85 in /workspace/urdfdom/urdf_parser/src/model.cpp
Warning: link 'camera_link' material 'aluminum' undefined.
         at line 85 in /workspace/urdfdom/urdf_parser/src/model.cpp
Warning: link 'camera_link' material 'aluminum' undefined.
         at line 85 in /workspace/urdfdom/urdf_parser/src/model.cpp
Warning: link 'camera_link' material 'aluminum' undefined.
         at line 85 in /workspace/urdfdom/urdf_parser/src/model.cpp
Warning: link 'camera_link' material 'aluminum' undefined.
         at line 85 in /workspace/urdfdom/urdf_parser/src/model.cpp
Warning: link 'camera_link' material 'aluminum' undefined.
         at line 85 in /workspace/urdfdom/urdf_parser/src/model.cpp
Warning: link 'camera_link' material 'aluminum' undefined.
         at line 85 in /workspace/urdfdom/urdf_parser/src/model.cpp
Warning: link 'camera_link' material 'aluminum' undefined.
         at line 85 in /workspace/urdfdom/urdf_parser/src/model.cpp
Warning: link 'camera_link' material 'aluminum' undefined.
         at line 85 in /workspace/urdfdom/urdf_parser/src/model.cpp
Warning: link 'camera_link' material 'aluminum' undefined.
         at line 85 in /workspace/urdfdom/urdf_parser/src/model.cpp
Warning: link 'camera_link' material 'aluminum' undefined.
         at line 85 in /workspace/urdfdom/urdf_parser/src/model.cpp
Warning: link 'camera_link' material 'aluminum' undefined.
         at line 85 in /workspace/urdfdom/urdf_parser/src/model.cpp
Warning: link 'camera_link' material 'aluminum' undefined.
         at line 85 in /workspace/urdfdom/urdf_parser/src/model.cpp
Warning: link 'camera_link' material 'aluminum' undefined.
         at line 85 in /workspace/urdfdom/urdf_parser/src/model.cpp
Warning: link 'camera_link' material 'aluminum' undefined.
         at line 85 in /workspace/urdfdom/urdf_parser/src/model.cpp
Warning: link 'camera_link' material 'aluminum' undefined.
         at line 85 in /workspace/urdfdom/urdf_parser/src/model.cpp
[1475/1842] BinFill/episode_108 succeeded with seed 14800 (attempt 0, 120.232s)
[1476/1842] VideoUnmaskSwap/episode_109 succeeded with seed 15900 (attempt 0, 53.157s)
[1477/1842] RouteStick/episode_108 succeeded with seed 26800 (attempt 0, 105.891s)
Warning: link 'camera_link' material 'aluminum' undefined.
         at line 85 in /workspace/urdfdom/urdf_parser/src/model.cpp
Warning: link 'camera_link' material 'aluminum' undefined.
         at line 85 in /workspace/urdfdom/urdf_parser/src/model.cpp
Warning: link 'camera_link' material 'aluminum' undefined.
         at line 85 in /workspace/urdfdom/urdf_parser/src/model.cpp
Warning: link 'camera_link' material 'aluminum' undefined.
         at line 85 in /workspace/urdfdom/urdf_parser/src/model.cpp
Warning: link 'camera_link' material 'aluminum' undefined.
         at line 85 in /workspace/urdfdom/urdf_parser/src/model.cpp
Warning: link 'camera_link' material 'aluminum' undefined.
         at line 85 in /workspace/urdfdom/urdf_parser/src/model.cpp
Warning: link 'camera_link' material 'aluminum' undefined.
         at line 85 in /workspace/urdfdom/urdf_parser/src/model.cpp
Warning: link 'camera_link' material 'aluminum' undefined.
         at line 85 in /workspace/urdfdom/urdf_parser/src/model.cpp
[1478/1842] BinFill/episode_108 succeeded with seed 14800 (attempt 0, 126.537s)
[1479/1842] VideoUnmaskSwap/episode_107 succeeded with seed 15700 (attempt 0, 140.051s)
[1480/1842] BinFill/episode_107 succeeded with seed 14700 (attempt 0, 172.615s)
[1481/1842] VideoUnmaskSwap/episode_108 succeeded with seed 15800 (attempt 0, 106.728s)
[1482/1842] RouteStick/episode_106 succeeded with seed 26600 (attempt 0, 192.512s)
screw plan failed
screw plan failed
screw plan failed
[1483/1842] RouteStick/episode_109 succeeded with seed 26900 (attempt 0, 86.572s)
/data/hongzefu/robomme_benchmark_MotionJEPANewTask/.venv/lib/python3.11/site-packages/torch/cuda/__init__.py:63: FutureWarning: The pynvml package is deprecated. Please install nvidia-ml-py instead. If you did not install pynvml directly, please report this to the maintainers of the package that installed pynvml for you.
  import pynvml  # type: ignore[import]
/data/hongzefu/robomme_benchmark_MotionJEPANewTask/.venv/lib/python3.11/site-packages/sapien/__init__.py:18: UserWarning: pkg_resources is deprecated as an API. See https://setuptools.pypa.io/en/latest/pkg_resources.html. The pkg_resources package is slated for removal as early as 2025-11-30. Refrain from using this package or pin to Setuptools<81.
  import pkg_resources
[1484/1842] VideoUnmaskSwap/episode_109 succeeded with seed 15900 (attempt 0, 80.554s)
[1485/1842] RouteStick/episode_107 succeeded with seed 26700 (attempt 0, 172.464s)
/data/hongzefu/robomme_benchmark_MotionJEPANewTask/.venv/lib/python3.11/site-packages/torch/cuda/__init__.py:63: FutureWarning: The pynvml package is deprecated. Please install nvidia-ml-py instead. If you did not install pynvml directly, please report this to the maintainers of the package that installed pynvml for you.
  import pynvml  # type: ignore[import]
/data/hongzefu/robomme_benchmark_MotionJEPANewTask/.venv/lib/python3.11/site-packages/sapien/__init__.py:18: UserWarning: pkg_resources is deprecated as an API. See https://setuptools.pypa.io/en/latest/pkg_resources.html. The pkg_resources package is slated for removal as early as 2025-11-30. Refrain from using this package or pin to Setuptools<81.
  import pkg_resources
[1486/1842] RouteStick/episode_108 succeeded with seed 26800 (attempt 0, 123.156s)
[1487/1842] VideoUnmaskSwap/episode_108 succeeded with seed 15800 (attempt 0, 104.519s)
/data/hongzefu/robomme_benchmark_MotionJEPANewTask/.venv/lib/python3.11/site-packages/torch/cuda/__init__.py:63: FutureWarning: The pynvml package is deprecated. Please install nvidia-ml-py instead. If you did not install pynvml directly, please report this to the maintainers of the package that installed pynvml for you.
  import pynvml  # type: ignore[import]
/data/hongzefu/robomme_benchmark_MotionJEPANewTask/.venv/lib/python3.11/site-packages/torch/cuda/__init__.py:63: FutureWarning: The pynvml package is deprecated. Please install nvidia-ml-py instead. If you did not install pynvml directly, please report this to the maintainers of the package that installed pynvml for you.
  import pynvml  # type: ignore[import]
/data/hongzefu/robomme_benchmark_MotionJEPANewTask/.venv/lib/python3.11/site-packages/sapien/__init__.py:18: UserWarning: pkg_resources is deprecated as an API. See https://setuptools.pypa.io/en/latest/pkg_resources.html. The pkg_resources package is slated for removal as early as 2025-11-30. Refrain from using this package or pin to Setuptools<81.
  import pkg_resources
/data/hongzefu/robomme_benchmark_MotionJEPANewTask/.venv/lib/python3.11/site-packages/sapien/__init__.py:18: UserWarning: pkg_resources is deprecated as an API. See https://setuptools.pypa.io/en/latest/pkg_resources.html. The pkg_resources package is slated for removal as early as 2025-11-30. Refrain from using this package or pin to Setuptools<81.
  import pkg_resources
[1488/1842] VideoRepick/episode_107 succeeded with seed 19700 (attempt 0, 156.35s)
[1489/1842] VideoRepick/episode_108 succeeded with seed 19800 (attempt 0, 123.511s)
[1490/1842] VideoRepick/episode_107 succeeded with seed 19700 (attempt 0, 161.701s)
Warning: link 'camera_link' material 'aluminum' undefined.
         at line 85 in /workspace/urdfdom/urdf_parser/src/model.cpp
Warning: link 'camera_link' material 'aluminum' undefined.
         at line 85 in /workspace/urdfdom/urdf_parser/src/model.cpp
Warning: link 'camera_link' material 'aluminum' undefined.
         at line 85 in /workspace/urdfdom/urdf_parser/src/model.cpp
Warning: link 'camera_link' material 'aluminum' undefined.
         at line 85 in /workspace/urdfdom/urdf_parser/src/model.cpp
Warning: link 'camera_link' material 'aluminum' undefined.
         at line 85 in /workspace/urdfdom/urdf_parser/src/model.cpp
Warning: link 'camera_link' material 'aluminum' undefined.
         at line 85 in /workspace/urdfdom/urdf_parser/src/model.cpp
Warning: link 'camera_link' material 'aluminum' undefined.
         at line 85 in /workspace/urdfdom/urdf_parser/src/model.cpp
Warning: link 'camera_link' material 'aluminum' undefined.
         at line 85 in /workspace/urdfdom/urdf_parser/src/model.cpp
[1491/1842] BinFill/episode_110 succeeded with seed 15000 (attempt 0, 77.939s)
Warning: link 'camera_link' material 'aluminum' undefined.
         at line 85 in /workspace/urdfdom/urdf_parser/src/model.cpp
Warning: link 'camera_link' material 'aluminum' undefined.
         at line 85 in /workspace/urdfdom/urdf_parser/src/model.cpp
Warning: link 'camera_link' material 'aluminum' undefined.
         at line 85 in /workspace/urdfdom/urdf_parser/src/model.cpp
Warning: link 'camera_link' material 'aluminum' undefined.
         at line 85 in /workspace/urdfdom/urdf_parser/src/model.cpp
Warning: link 'camera_link' material 'aluminum' undefined.
         at line 85 in /workspace/urdfdom/urdf_parser/src/model.cpp
Warning: link 'camera_link' material 'aluminum' undefined.
         at line 85 in /workspace/urdfdom/urdf_parser/src/model.cpp
Warning: link 'camera_link' material 'aluminum' undefined.
         at line 85 in /workspace/urdfdom/urdf_parser/src/model.cpp
Warning: link 'camera_link' material 'aluminum' undefined.
         at line 85 in /workspace/urdfdom/urdf_parser/src/model.cpp
[1492/1842] BinFill/episode_108 succeeded with seed 14800 (attempt 0, 158.25s)
Warning: link 'camera_link' material 'aluminum' undefined.
         at line 85 in /workspace/urdfdom/urdf_parser/src/model.cpp
Warning: link 'camera_link' material 'aluminum' undefined.
         at line 85 in /workspace/urdfdom/urdf_parser/src/model.cpp
Warning: link 'camera_link' material 'aluminum' undefined.
         at line 85 in /workspace/urdfdom/urdf_parser/src/model.cpp
Warning: link 'camera_link' material 'aluminum' undefined.
         at line 85 in /workspace/urdfdom/urdf_parser/src/model.cpp
Warning: link 'camera_link' material 'aluminum' undefined.
         at line 85 in /workspace/urdfdom/urdf_parser/src/model.cpp
Warning: link 'camera_link' material 'aluminum' undefined.
         at line 85 in /workspace/urdfdom/urdf_parser/src/model.cpp
Warning: link 'camera_link' material 'aluminum' undefined.
         at line 85 in /workspace/urdfdom/urdf_parser/src/model.cpp
Warning: link 'camera_link' material 'aluminum' undefined.
         at line 85 in /workspace/urdfdom/urdf_parser/src/model.cpp
[1493/1842] RouteStick/episode_109 succeeded with seed 26900 (attempt 0, 120.506s)
[1494/1842] VideoUnmaskSwap/episode_109 succeeded with seed 15900 (attempt 0, 108.263s)
Warning: link 'camera_link' material 'aluminum' undefined.
         at line 85 in /workspace/urdfdom/urdf_parser/src/model.cpp
Warning: link 'camera_link' material 'aluminum' undefined.
         at line 85 in /workspace/urdfdom/urdf_parser/src/model.cpp
Warning: link 'camera_link' material 'aluminum' undefined.
         at line 85 in /workspace/urdfdom/urdf_parser/src/model.cpp
Warning: link 'camera_link' material 'aluminum' undefined.
         at line 85 in /workspace/urdfdom/urdf_parser/src/model.cpp
Warning: link 'camera_link' material 'aluminum' undefined.
         at line 85 in /workspace/urdfdom/urdf_parser/src/model.cpp
Warning: link 'camera_link' material 'aluminum' undefined.
         at line 85 in /workspace/urdfdom/urdf_parser/src/model.cpp
Warning: link 'camera_link' material 'aluminum' undefined.
         at line 85 in /workspace/urdfdom/urdf_parser/src/model.cpp
Warning: link 'camera_link' material 'aluminum' undefined.
         at line 85 in /workspace/urdfdom/urdf_parser/src/model.cpp
[1495/1842] BinFill/episode_109 succeeded with seed 14900 (attempt 0, 132.849s)
[1496/1842] VideoRepick/episode_108 succeeded with seed 19800 (attempt 0, 150.702s)
[1497/1842] VideoUnmaskSwap/episode_110 succeeded with seed 16000 (attempt 0, 63.267s)
[1498/1842] BinFill/episode_109 succeeded with seed 14900 (attempt 0, 137.432s)
[1499/1842] RouteStick/episode_109 succeeded with seed 26900 (attempt 0, 140.882s)
[1500/1842] RouteStick/episode_108 succeeded with seed 26800 (attempt 0, 169.585s)
Warning: link 'camera_link' material 'aluminum' undefined.
         at line 85 in /workspace/urdfdom/urdf_parser/src/model.cpp
Warning: link 'camera_link' material 'aluminum' undefined.
         at line 85 in /workspace/urdfdom/urdf_parser/src/model.cpp
Warning: link 'camera_link' material 'aluminum' undefined.
         at line 85 in /workspace/urdfdom/urdf_parser/src/model.cpp
Warning: link 'camera_link' material 'aluminum' undefined.
         at line 85 in /workspace/urdfdom/urdf_parser/src/model.cpp
Warning: link 'camera_link' material 'aluminum' undefined.
         at line 85 in /workspace/urdfdom/urdf_parser/src/model.cpp
Warning: link 'camera_link' material 'aluminum' undefined.
         at line 85 in /workspace/urdfdom/urdf_parser/src/model.cpp
Warning: link 'camera_link' material 'aluminum' undefined.
         at line 85 in /workspace/urdfdom/urdf_parser/src/model.cpp
Warning: link 'camera_link' material 'aluminum' undefined.
         at line 85 in /workspace/urdfdom/urdf_parser/src/model.cpp
/data/hongzefu/robomme_benchmark_MotionJEPANewTask/.venv/lib/python3.11/site-packages/torch/cuda/__init__.py:63: FutureWarning: The pynvml package is deprecated. Please install nvidia-ml-py instead. If you did not install pynvml directly, please report this to the maintainers of the package that installed pynvml for you.
  import pynvml  # type: ignore[import]
/data/hongzefu/robomme_benchmark_MotionJEPANewTask/.venv/lib/python3.11/site-packages/sapien/__init__.py:18: UserWarning: pkg_resources is deprecated as an API. See https://setuptools.pypa.io/en/latest/pkg_resources.html. The pkg_resources package is slated for removal as early as 2025-11-30. Refrain from using this package or pin to Setuptools<81.
  import pkg_resources
[1501/1842] VideoUnmaskSwap/episode_110 succeeded with seed 16000 (attempt 0, 81.292s)
[1502/1842] VideoRepick/episode_108 succeeded with seed 19800 (attempt 0, 159.038s)
[1503/1842] VideoRepick/episode_109 succeeded with seed 19900 (attempt 0, 131.603s)
[1504/1842] RouteStick/episode_107 succeeded with seed 26700 (attempt 0, 212.745s)
[1505/1842] RouteStick/episode_110 succeeded with seed 27000 (attempt 0, 111.794s)
[1506/1842] VideoUnmaskSwap/episode_110 succeeded with seed 16000 (attempt 0, 84.905s)
[1507/1842] BinFill/episode_109 succeeded with seed 14900 (attempt 0, 162.326s)
Warning: link 'camera_link' material 'aluminum' undefined.
         at line 85 in /workspace/urdfdom/urdf_parser/src/model.cpp
Warning: link 'camera_link' material 'aluminum' undefined.
         at line 85 in /workspace/urdfdom/urdf_parser/src/model.cpp
Warning: link 'camera_link' material 'aluminum' undefined.
         at line 85 in /workspace/urdfdom/urdf_parser/src/model.cpp
Warning: link 'camera_link' material 'aluminum' undefined.
         at line 85 in /workspace/urdfdom/urdf_parser/src/model.cpp
Warning: link 'camera_link' material 'aluminum' undefined.
         at line 85 in /workspace/urdfdom/urdf_parser/src/model.cpp
Warning: link 'camera_link' material 'aluminum' undefined.
         at line 85 in /workspace/urdfdom/urdf_parser/src/model.cpp
Warning: link 'camera_link' material 'aluminum' undefined.
         at line 85 in /workspace/urdfdom/urdf_parser/src/model.cpp
Warning: link 'camera_link' material 'aluminum' undefined.
         at line 85 in /workspace/urdfdom/urdf_parser/src/model.cpp
Warning: link 'camera_link' material 'aluminum' undefined.
         at line 85 in /workspace/urdfdom/urdf_parser/src/model.cpp
Warning: link 'camera_link' material 'aluminum' undefined.
         at line 85 in /workspace/urdfdom/urdf_parser/src/model.cpp
Warning: link 'camera_link' material 'aluminum' undefined.
         at line 85 in /workspace/urdfdom/urdf_parser/src/model.cpp
Warning: link 'camera_link' material 'aluminum' undefined.
         at line 85 in /workspace/urdfdom/urdf_parser/src/model.cpp
Warning: link 'camera_link' material 'aluminum' undefined.
         at line 85 in /workspace/urdfdom/urdf_parser/src/model.cpp
Warning: link 'camera_link' material 'aluminum' undefined.
         at line 85 in /workspace/urdfdom/urdf_parser/src/model.cpp
Warning: link 'camera_link' material 'aluminum' undefined.
         at line 85 in /workspace/urdfdom/urdf_parser/src/model.cpp
Warning: link 'camera_link' material 'aluminum' undefined.
         at line 85 in /workspace/urdfdom/urdf_parser/src/model.cpp
[1508/1842] VideoUnmaskSwap/episode_109 succeeded with seed 15900 (attempt 0, 141.715s)
[1509/1842] VideoRepick/episode_109 succeeded with seed 19900 (attempt 0, 137.749s)
[1510/1842] VideoUnmaskSwap/episode_111 succeeded with seed 16100 (attempt 0, 62.573s)
/data/hongzefu/robomme_benchmark_MotionJEPANewTask/.venv/lib/python3.11/site-packages/torch/cuda/__init__.py:63: FutureWarning: The pynvml package is deprecated. Please install nvidia-ml-py instead. If you did not install pynvml directly, please report this to the maintainers of the package that installed pynvml for you.
  import pynvml  # type: ignore[import]
[1511/1842] VideoRepick/episode_109 succeeded with seed 19900 (attempt 0, 149.118s)
/data/hongzefu/robomme_benchmark_MotionJEPANewTask/.venv/lib/python3.11/site-packages/sapien/__init__.py:18: UserWarning: pkg_resources is deprecated as an API. See https://setuptools.pypa.io/en/latest/pkg_resources.html. The pkg_resources package is slated for removal as early as 2025-11-30. Refrain from using this package or pin to Setuptools<81.
  import pkg_resources
/data/hongzefu/robomme_benchmark_MotionJEPANewTask/.venv/lib/python3.11/site-packages/torch/cuda/__init__.py:63: FutureWarning: The pynvml package is deprecated. Please install nvidia-ml-py instead. If you did not install pynvml directly, please report this to the maintainers of the package that installed pynvml for you.
  import pynvml  # type: ignore[import]
/data/hongzefu/robomme_benchmark_MotionJEPANewTask/.venv/lib/python3.11/site-packages/sapien/__init__.py:18: UserWarning: pkg_resources is deprecated as an API. See https://setuptools.pypa.io/en/latest/pkg_resources.html. The pkg_resources package is slated for removal as early as 2025-11-30. Refrain from using this package or pin to Setuptools<81.
  import pkg_resources
Warning: link 'camera_link' material 'aluminum' undefined.
         at line 85 in /workspace/urdfdom/urdf_parser/src/model.cpp
Warning: link 'camera_link' material 'aluminum' undefined.
         at line 85 in /workspace/urdfdom/urdf_parser/src/model.cpp
Warning: link 'camera_link' material 'aluminum' undefined.
         at line 85 in /workspace/urdfdom/urdf_parser/src/model.cpp
Warning: link 'camera_link' material 'aluminum' undefined.
         at line 85 in /workspace/urdfdom/urdf_parser/src/model.cpp
Warning: link 'camera_link' material 'aluminum' undefined.
         at line 85 in /workspace/urdfdom/urdf_parser/src/model.cpp
Warning: link 'camera_link' material 'aluminum' undefined.
         at line 85 in /workspace/urdfdom/urdf_parser/src/model.cpp
Warning: link 'camera_link' material 'aluminum' undefined.
         at line 85 in /workspace/urdfdom/urdf_parser/src/model.cpp
Warning: link 'camera_link' material 'aluminum' undefined.
         at line 85 in /workspace/urdfdom/urdf_parser/src/model.cpp
[1512/1842] BinFill/episode_110 succeeded with seed 15000 (attempt 0, 130.244s)
[1513/1842] BinFill/episode_111 succeeded with seed 15100 (attempt 0, 98.386s)
[1514/1842] RouteStick/episode_110 succeeded with seed 27000 (attempt 0, 144.334s)
[1515/1842] RouteStick/episode_108 succeeded with seed 26800 (attempt 0, 206.82s)
[1516/1842] RouteStick/episode_110 succeeded with seed 27000 (attempt 0, 144.493s)
[1517/1842] BinFill/episode_112 succeeded with seed 15200 (attempt 0, 67.14s)
Warning: link 'camera_link' material 'aluminum' undefined.
         at line 85 in /workspace/urdfdom/urdf_parser/src/model.cpp
Warning: link 'camera_link' material 'aluminum' undefined.
         at line 85 in /workspace/urdfdom/urdf_parser/src/model.cpp
Warning: link 'camera_link' material 'aluminum' undefined.
         at line 85 in /workspace/urdfdom/urdf_parser/src/model.cpp
Warning: link 'camera_link' material 'aluminum' undefined.
         at line 85 in /workspace/urdfdom/urdf_parser/src/model.cpp
Warning: link 'camera_link' material 'aluminum' undefined.
         at line 85 in /workspace/urdfdom/urdf_parser/src/model.cpp
Warning: link 'camera_link' material 'aluminum' undefined.
         at line 85 in /workspace/urdfdom/urdf_parser/src/model.cpp
Warning: link 'camera_link' material 'aluminum' undefined.
         at line 85 in /workspace/urdfdom/urdf_parser/src/model.cpp
Warning: link 'camera_link' material 'aluminum' undefined.
         at line 85 in /workspace/urdfdom/urdf_parser/src/model.cpp
[1518/1842] VideoUnmaskSwap/episode_111 succeeded with seed 16100 (attempt 0, 90.933s)
[1519/1842] VideoUnmaskSwap/episode_110 succeeded with seed 16000 (attempt 0, 119.008s)
Warning: link 'camera_link' material 'aluminum' undefined.
         at line 85 in /workspace/urdfdom/urdf_parser/src/model.cpp
Warning: link 'camera_link' material 'aluminum' undefined.
         at line 85 in /workspace/urdfdom/urdf_parser/src/model.cpp
Warning: link 'camera_link' material 'aluminum' undefined.
         at line 85 in /workspace/urdfdom/urdf_parser/src/model.cpp
Warning: link 'camera_link' material 'aluminum' undefined.
         at line 85 in /workspace/urdfdom/urdf_parser/src/model.cpp
Warning: link 'camera_link' material 'aluminum' undefined.
         at line 85 in /workspace/urdfdom/urdf_parser/src/model.cpp
Warning: link 'camera_link' material 'aluminum' undefined.
         at line 85 in /workspace/urdfdom/urdf_parser/src/model.cpp
Warning: link 'camera_link' material 'aluminum' undefined.
         at line 85 in /workspace/urdfdom/urdf_parser/src/model.cpp
Warning: link 'camera_link' material 'aluminum' undefined.
         at line 85 in /workspace/urdfdom/urdf_parser/src/model.cpp
screw plan failed
screw plan failed
screw plan failed
[1520/1842] VideoUnmaskSwap/episode_111 succeeded with seed 16100 (attempt 0, 94.662s)
[1521/1842] RouteStick/episode_111 succeeded with seed 27100 (attempt 0, 108.336s)
[1522/1842] VideoUnmaskSwap/episode_112 succeeded with seed 16200 (attempt 0, 58.768s)
Warning: link 'camera_link' material 'aluminum' undefined.
         at line 85 in /workspace/urdfdom/urdf_parser/src/model.cpp
Warning: link 'camera_link' material 'aluminum' undefined.
         at line 85 in /workspace/urdfdom/urdf_parser/src/model.cpp
Warning: link 'camera_link' material 'aluminum' undefined.
         at line 85 in /workspace/urdfdom/urdf_parser/src/model.cpp
Warning: link 'camera_link' material 'aluminum' undefined.
         at line 85 in /workspace/urdfdom/urdf_parser/src/model.cpp
Warning: link 'camera_link' material 'aluminum' undefined.
         at line 85 in /workspace/urdfdom/urdf_parser/src/model.cpp
Warning: link 'camera_link' material 'aluminum' undefined.
         at line 85 in /workspace/urdfdom/urdf_parser/src/model.cpp
Warning: link 'camera_link' material 'aluminum' undefined.
         at line 85 in /workspace/urdfdom/urdf_parser/src/model.cpp
Warning: link 'camera_link' material 'aluminum' undefined.
         at line 85 in /workspace/urdfdom/urdf_parser/src/model.cpp
/data/hongzefu/robomme_benchmark_MotionJEPANewTask/.venv/lib/python3.11/site-packages/torch/cuda/__init__.py:63: FutureWarning: The pynvml package is deprecated. Please install nvidia-ml-py instead. If you did not install pynvml directly, please report this to the maintainers of the package that installed pynvml for you.
  import pynvml  # type: ignore[import]
Warning: link 'camera_link' material 'aluminum' undefined.
         at line 85 in /workspace/urdfdom/urdf_parser/src/model.cpp
Warning: link 'camera_link' material 'aluminum' undefined.
         at line 85 in /workspace/urdfdom/urdf_parser/src/model.cpp
Warning: link 'camera_link' material 'aluminum' undefined.
         at line 85 in /workspace/urdfdom/urdf_parser/src/model.cpp
Warning: link 'camera_link' material 'aluminum' undefined.
         at line 85 in /workspace/urdfdom/urdf_parser/src/model.cpp
Warning: link 'camera_link' material 'aluminum' undefined.
         at line 85 in /workspace/urdfdom/urdf_parser/src/model.cpp
Warning: link 'camera_link' material 'aluminum' undefined.
         at line 85 in /workspace/urdfdom/urdf_parser/src/model.cpp
Warning: link 'camera_link' material 'aluminum' undefined.
         at line 85 in /workspace/urdfdom/urdf_parser/src/model.cpp
Warning: link 'camera_link' material 'aluminum' undefined.
         at line 85 in /workspace/urdfdom/urdf_parser/src/model.cpp
/data/hongzefu/robomme_benchmark_MotionJEPANewTask/.venv/lib/python3.11/site-packages/sapien/__init__.py:18: UserWarning: pkg_resources is deprecated as an API. See https://setuptools.pypa.io/en/latest/pkg_resources.html. The pkg_resources package is slated for removal as early as 2025-11-30. Refrain from using this package or pin to Setuptools<81.
  import pkg_resources
[1523/1842] BinFill/episode_110 succeeded with seed 15000 (attempt 0, 191.507s)
/data/hongzefu/robomme_benchmark_MotionJEPANewTask/.venv/lib/python3.11/site-packages/torch/cuda/__init__.py:63: FutureWarning: The pynvml package is deprecated. Please install nvidia-ml-py instead. If you did not install pynvml directly, please report this to the maintainers of the package that installed pynvml for you.
  import pynvml  # type: ignore[import]
[1524/1842] BinFill/episode_112 succeeded with seed 15200 (attempt 0, 106.084s)
/data/hongzefu/robomme_benchmark_MotionJEPANewTask/.venv/lib/python3.11/site-packages/sapien/__init__.py:18: UserWarning: pkg_resources is deprecated as an API. See https://setuptools.pypa.io/en/latest/pkg_resources.html. The pkg_resources package is slated for removal as early as 2025-11-30. Refrain from using this package or pin to Setuptools<81.
  import pkg_resources
[1525/1842] BinFill/episode_111 succeeded with seed 15100 (attempt 0, 153.765s)
[1526/1842] RouteStick/episode_111 succeeded with seed 27100 (attempt 0, 139.347s)
[1527/1842] VideoRepick/episode_111 succeeded with seed 20100 (attempt 0, 119.77s)
[1528/1842] VideoUnmaskSwap/episode_112 succeeded with seed 16200 (attempt 0, 92.869s)
[1529/1842] RouteStick/episode_109 succeeded with seed 26900 (attempt 0, 222.729s)
[1530/1842] VideoRepick/episode_110 succeeded with seed 20000 (attempt 0, 166.387s)
Warning: link 'camera_link' material 'aluminum' undefined.
         at line 85 in /workspace/urdfdom/urdf_parser/src/model.cpp
Warning: link 'camera_link' material 'aluminum' undefined.
         at line 85 in /workspace/urdfdom/urdf_parser/src/model.cpp
Warning: link 'camera_link' material 'aluminum' undefined.
         at line 85 in /workspace/urdfdom/urdf_parser/src/model.cpp
Warning: link 'camera_link' material 'aluminum' undefined.
         at line 85 in /workspace/urdfdom/urdf_parser/src/model.cpp
Warning: link 'camera_link' material 'aluminum' undefined.
         at line 85 in /workspace/urdfdom/urdf_parser/src/model.cpp
Warning: link 'camera_link' material 'aluminum' undefined.
         at line 85 in /workspace/urdfdom/urdf_parser/src/model.cpp
Warning: link 'camera_link' material 'aluminum' undefined.
         at line 85 in /workspace/urdfdom/urdf_parser/src/model.cpp
Warning: link 'camera_link' material 'aluminum' undefined.
         at line 85 in /workspace/urdfdom/urdf_parser/src/model.cpp
[1531/1842] VideoRepick/episode_110 succeeded with seed 20000 (attempt 0, 168.736s)
/data/hongzefu/robomme_benchmark_MotionJEPANewTask/.venv/lib/python3.11/site-packages/torch/cuda/__init__.py:63: FutureWarning: The pynvml package is deprecated. Please install nvidia-ml-py instead. If you did not install pynvml directly, please report this to the maintainers of the package that installed pynvml for you.
  import pynvml  # type: ignore[import]
/data/hongzefu/robomme_benchmark_MotionJEPANewTask/.venv/lib/python3.11/site-packages/sapien/__init__.py:18: UserWarning: pkg_resources is deprecated as an API. See https://setuptools.pypa.io/en/latest/pkg_resources.html. The pkg_resources package is slated for removal as early as 2025-11-30. Refrain from using this package or pin to Setuptools<81.
  import pkg_resources
/data/hongzefu/robomme_benchmark_MotionJEPANewTask/.venv/lib/python3.11/site-packages/torch/cuda/__init__.py:63: FutureWarning: The pynvml package is deprecated. Please install nvidia-ml-py instead. If you did not install pynvml directly, please report this to the maintainers of the package that installed pynvml for you.
  import pynvml  # type: ignore[import]
/data/hongzefu/robomme_benchmark_MotionJEPANewTask/.venv/lib/python3.11/site-packages/sapien/__init__.py:18: UserWarning: pkg_resources is deprecated as an API. See https://setuptools.pypa.io/en/latest/pkg_resources.html. The pkg_resources package is slated for removal as early as 2025-11-30. Refrain from using this package or pin to Setuptools<81.
  import pkg_resources
screw plan failed
screw plan failed
screw plan failed
/data/hongzefu/robomme_benchmark_MotionJEPANewTask/.venv/lib/python3.11/site-packages/torch/cuda/__init__.py:63: FutureWarning: The pynvml package is deprecated. Please install nvidia-ml-py instead. If you did not install pynvml directly, please report this to the maintainers of the package that installed pynvml for you.
  import pynvml  # type: ignore[import]
/data/hongzefu/robomme_benchmark_MotionJEPANewTask/.venv/lib/python3.11/site-packages/sapien/__init__.py:18: UserWarning: pkg_resources is deprecated as an API. See https://setuptools.pypa.io/en/latest/pkg_resources.html. The pkg_resources package is slated for removal as early as 2025-11-30. Refrain from using this package or pin to Setuptools<81.
  import pkg_resources
[1532/1842] VideoRepick/episode_111 succeeded with seed 20100 (attempt 0, 133.603s)
[1533/1842] RouteStick/episode_112 succeeded with seed 27200 (attempt 0, 106.931s)
[1534/1842] VideoRepick/episode_110 succeeded with seed 20000 (attempt 0, 159.925s)
[1535/1842] VideoUnmaskSwap/episode_113 succeeded with seed 16300 (attempt 0, 65.481s)
[1536/1842] VideoUnmaskSwap/episode_112 succeeded with seed 16200 (attempt 0, 113.935s)
[1537/1842] VideoUnmaskSwap/episode_113 succeeded with seed 16300 (attempt 0, 66.697s)
Warning: link 'camera_link' material 'aluminum' undefined.
         at line 85 in /workspace/urdfdom/urdf_parser/src/model.cpp
Warning: link 'camera_link' material 'aluminum' undefined.
         at line 85 in /workspace/urdfdom/urdf_parser/src/model.cpp
Warning: link 'camera_link' material 'aluminum' undefined.
         at line 85 in /workspace/urdfdom/urdf_parser/src/model.cpp
Warning: link 'camera_link' material 'aluminum' undefined.
         at line 85 in /workspace/urdfdom/urdf_parser/src/model.cpp
Warning: link 'camera_link' material 'aluminum' undefined.
         at line 85 in /workspace/urdfdom/urdf_parser/src/model.cpp
Warning: link 'camera_link' material 'aluminum' undefined.
         at line 85 in /workspace/urdfdom/urdf_parser/src/model.cpp
Warning: link 'camera_link' material 'aluminum' undefined.
         at line 85 in /workspace/urdfdom/urdf_parser/src/model.cpp
Warning: link 'camera_link' material 'aluminum' undefined.
         at line 85 in /workspace/urdfdom/urdf_parser/src/model.cpp
[1538/1842] RouteStick/episode_111 succeeded with seed 27100 (attempt 0, 159.843s)
[1539/1842] RouteStick/episode_112 succeeded with seed 27200 (attempt 0, 122.664s)
Warning: link 'camera_link' material 'aluminum' undefined.
         at line 85 in /workspace/urdfdom/urdf_parser/src/model.cpp
Warning: link 'camera_link' material 'aluminum' undefined.
         at line 85 in /workspace/urdfdom/urdf_parser/src/model.cpp
Warning: link 'camera_link' material 'aluminum' undefined.
         at line 85 in /workspace/urdfdom/urdf_parser/src/model.cpp
Warning: link 'camera_link' material 'aluminum' undefined.
         at line 85 in /workspace/urdfdom/urdf_parser/src/model.cpp
Warning: link 'camera_link' material 'aluminum' undefined.
         at line 85 in /workspace/urdfdom/urdf_parser/src/model.cpp
Warning: link 'camera_link' material 'aluminum' undefined.
         at line 85 in /workspace/urdfdom/urdf_parser/src/model.cpp
Warning: link 'camera_link' material 'aluminum' undefined.
         at line 85 in /workspace/urdfdom/urdf_parser/src/model.cpp
Warning: link 'camera_link' material 'aluminum' undefined.
         at line 85 in /workspace/urdfdom/urdf_parser/src/model.cpp
[1540/1842] VideoUnmaskSwap/episode_111 succeeded with seed 16100 (attempt 0, 146.293s)
Warning: link 'camera_link' material 'aluminum' undefined.
         at line 85 in /workspace/urdfdom/urdf_parser/src/model.cpp
Warning: link 'camera_link' material 'aluminum' undefined.
         at line 85 in /workspace/urdfdom/urdf_parser/src/model.cpp
Warning: link 'camera_link' material 'aluminum' undefined.
         at line 85 in /workspace/urdfdom/urdf_parser/src/model.cpp
Warning: link 'camera_link' material 'aluminum' undefined.
         at line 85 in /workspace/urdfdom/urdf_parser/src/model.cpp
Warning: link 'camera_link' material 'aluminum' undefined.
         at line 85 in /workspace/urdfdom/urdf_parser/src/model.cpp
Warning: link 'camera_link' material 'aluminum' undefined.
         at line 85 in /workspace/urdfdom/urdf_parser/src/model.cpp
Warning: link 'camera_link' material 'aluminum' undefined.
         at line 85 in /workspace/urdfdom/urdf_parser/src/model.cpp
Warning: link 'camera_link' material 'aluminum' undefined.
         at line 85 in /workspace/urdfdom/urdf_parser/src/model.cpp
[1541/1842] BinFill/episode_113 succeeded with seed 15300 (attempt 0, 104.541s)
/data/hongzefu/robomme_benchmark_MotionJEPANewTask/.venv/lib/python3.11/site-packages/torch/cuda/__init__.py:63: FutureWarning: The pynvml package is deprecated. Please install nvidia-ml-py instead. If you did not install pynvml directly, please report this to the maintainers of the package that installed pynvml for you.
  import pynvml  # type: ignore[import]
/data/hongzefu/robomme_benchmark_MotionJEPANewTask/.venv/lib/python3.11/site-packages/sapien/__init__.py:18: UserWarning: pkg_resources is deprecated as an API. See https://setuptools.pypa.io/en/latest/pkg_resources.html. The pkg_resources package is slated for removal as early as 2025-11-30. Refrain from using this package or pin to Setuptools<81.
  import pkg_resources
screw plan failed
screw plan failed
screw plan failed
[1542/1842] RouteStick/episode_113 succeeded with seed 27300 (attempt 0, 93.584s)
Warning: link 'camera_link' material 'aluminum' undefined.
         at line 85 in /workspace/urdfdom/urdf_parser/src/model.cpp
Warning: link 'camera_link' material 'aluminum' undefined.
         at line 85 in /workspace/urdfdom/urdf_parser/src/model.cpp
Warning: link 'camera_link' material 'aluminum' undefined.
         at line 85 in /workspace/urdfdom/urdf_parser/src/model.cpp
Warning: link 'camera_link' material 'aluminum' undefined.
         at line 85 in /workspace/urdfdom/urdf_parser/src/model.cpp
Warning: link 'camera_link' material 'aluminum' undefined.
         at line 85 in /workspace/urdfdom/urdf_parser/src/model.cpp
Warning: link 'camera_link' material 'aluminum' undefined.
         at line 85 in /workspace/urdfdom/urdf_parser/src/model.cpp
Warning: link 'camera_link' material 'aluminum' undefined.
         at line 85 in /workspace/urdfdom/urdf_parser/src/model.cpp
Warning: link 'camera_link' material 'aluminum' undefined.
         at line 85 in /workspace/urdfdom/urdf_parser/src/model.cpp
[1543/1842] RouteStick/episode_110 succeeded with seed 27000 (attempt 0, 194.858s)
[1544/1842] VideoRepick/episode_112 succeeded with seed 20200 (attempt 0, 141.042s)
[1545/1842] VideoRepick/episode_112 succeeded with seed 20200 (attempt 0, 140.876s)
[1546/1842] VideoRepick/episode_111 succeeded with seed 20100 (attempt 0, 173.003s)
/data/hongzefu/robomme_benchmark_MotionJEPANewTask/.venv/lib/python3.11/site-packages/torch/cuda/__init__.py:63: FutureWarning: The pynvml package is deprecated. Please install nvidia-ml-py instead. If you did not install pynvml directly, please report this to the maintainers of the package that installed pynvml for you.
  import pynvml  # type: ignore[import]
/data/hongzefu/robomme_benchmark_MotionJEPANewTask/.venv/lib/python3.11/site-packages/sapien/__init__.py:18: UserWarning: pkg_resources is deprecated as an API. See https://setuptools.pypa.io/en/latest/pkg_resources.html. The pkg_resources package is slated for removal as early as 2025-11-30. Refrain from using this package or pin to Setuptools<81.
  import pkg_resources
[1547/1842] VideoUnmaskSwap/episode_113 succeeded with seed 16300 (attempt 0, 110.098s)
[1548/1842] VideoUnmaskSwap/episode_114 succeeded with seed 16400 (attempt 0, 54.595s)
[1549/1842] VideoUnmaskSwap/episode_114 succeeded with seed 16400 (attempt 0, 54.394s)
[1550/1842] VideoUnmaskSwap/episode_112 succeeded with seed 16200 (attempt 0, 136.712s)
screw plan failed
screw plan failed
screw plan failed
[1551/1842] VideoRepick/episode_112 succeeded with seed 20200 (attempt 0, 151.667s)
[1552/1842] BinFill/episode_113 succeeded with seed 15300 (attempt 0, 132.558s)
[1553/1842] VideoRepick/episode_113 succeeded with seed 20300 (attempt 0, 116.379s)
[1554/1842] BinFill/episode_112 succeeded with seed 15200 (attempt 0, 182.426s)
[1555/1842] RouteStick/episode_113 succeeded with seed 27300 (attempt 0, 130.536s)
[1556/1842] RouteStick/episode_113 succeeded with seed 27300 (attempt 0, 131.644s)
/data/hongzefu/robomme_benchmark_MotionJEPANewTask/.venv/lib/python3.11/site-packages/torch/cuda/__init__.py:63: FutureWarning: The pynvml package is deprecated. Please install nvidia-ml-py instead. If you did not install pynvml directly, please report this to the maintainers of the package that installed pynvml for you.
  import pynvml  # type: ignore[import]
/data/hongzefu/robomme_benchmark_MotionJEPANewTask/.venv/lib/python3.11/site-packages/torch/cuda/__init__.py:63: FutureWarning: The pynvml package is deprecated. Please install nvidia-ml-py instead. If you did not install pynvml directly, please report this to the maintainers of the package that installed pynvml for you.
  import pynvml  # type: ignore[import]
/data/hongzefu/robomme_benchmark_MotionJEPANewTask/.venv/lib/python3.11/site-packages/sapien/__init__.py:18: UserWarning: pkg_resources is deprecated as an API. See https://setuptools.pypa.io/en/latest/pkg_resources.html. The pkg_resources package is slated for removal as early as 2025-11-30. Refrain from using this package or pin to Setuptools<81.
  import pkg_resources
/data/hongzefu/robomme_benchmark_MotionJEPANewTask/.venv/lib/python3.11/site-packages/sapien/__init__.py:18: UserWarning: pkg_resources is deprecated as an API. See https://setuptools.pypa.io/en/latest/pkg_resources.html. The pkg_resources package is slated for removal as early as 2025-11-30. Refrain from using this package or pin to Setuptools<81.
  import pkg_resources
[1557/1842] VideoRepick/episode_113 succeeded with seed 20300 (attempt 0, 123.508s)
[1558/1842] RouteStick/episode_112 succeeded with seed 27200 (attempt 0, 180.852s)
[1559/1842] RouteStick/episode_111 succeeded with seed 27100 (attempt 0, 213.557s)
[1560/1842] BinFill/episode_111 succeeded with seed 15100 (attempt 0, 238.339s)
[1561/1842] RouteStick/episode_114 succeeded with seed 27400 (attempt 0, 94.584s)
[1562/1842] BinFill/episode_113 succeeded with seed 15300 (attempt 0, 167.837s)
[1563/1842] BinFill/episode_114 succeeded with seed 15400 (attempt 0, 109.186s)
[1564/1842] VideoUnmaskSwap/episode_114 succeeded with seed 16400 (attempt 0, 105.296s)
[1565/1842] BinFill/episode_115 succeeded with seed 15500 (attempt 0, 75.884s)
screw plan failed
screw plan failed
screw plan failed
[1566/1842] VideoRepick/episode_114 succeeded with seed 20400 (attempt 0, 110.132s)
[1567/1842] VideoUnmaskSwap/episode_114 succeeded with seed 16400 (attempt 0, 112.248s)
[1568/1842] VideoUnmaskSwap/episode_113 succeeded with seed 16300 (attempt 0, 138.231s)
[1569/1842] BinFill/episode_115 succeeded with seed 15500 (attempt 0, 108.501s)
[1570/1842] BinFill/episode_114 succeeded with seed 15400 (attempt 0, 137.564s)
screw plan failed
screw plan failed
screw plan failed
screw plan failed
screw plan failed
screw plan failed
[1571/1842] RouteStick/episode_114 succeeded with seed 27400 (attempt 0, 145.117s)
[1572/1842] RouteStick/episode_114 succeeded with seed 27400 (attempt 0, 146.648s)
[1573/1842] VideoRepick/episode_114 succeeded with seed 20400 (attempt 0, 133.658s)
/data/hongzefu/robomme_benchmark_MotionJEPANewTask/.venv/lib/python3.11/site-packages/torch/cuda/__init__.py:63: FutureWarning: The pynvml package is deprecated. Please install nvidia-ml-py instead. If you did not install pynvml directly, please report this to the maintainers of the package that installed pynvml for you.
  import pynvml  # type: ignore[import]
/data/hongzefu/robomme_benchmark_MotionJEPANewTask/.venv/lib/python3.11/site-packages/sapien/__init__.py:18: UserWarning: pkg_resources is deprecated as an API. See https://setuptools.pypa.io/en/latest/pkg_resources.html. The pkg_resources package is slated for removal as early as 2025-11-30. Refrain from using this package or pin to Setuptools<81.
  import pkg_resources
[1574/1842] BinFill/episode_114 succeeded with seed 15400 (attempt 0, 159.757s)
/data/hongzefu/robomme_benchmark_MotionJEPANewTask/.venv/lib/python3.11/site-packages/torch/cuda/__init__.py:63: FutureWarning: The pynvml package is deprecated. Please install nvidia-ml-py instead. If you did not install pynvml directly, please report this to the maintainers of the package that installed pynvml for you.
  import pynvml  # type: ignore[import]
/data/hongzefu/robomme_benchmark_MotionJEPANewTask/.venv/lib/python3.11/site-packages/sapien/__init__.py:18: UserWarning: pkg_resources is deprecated as an API. See https://setuptools.pypa.io/en/latest/pkg_resources.html. The pkg_resources package is slated for removal as early as 2025-11-30. Refrain from using this package or pin to Setuptools<81.
  import pkg_resources
[1575/1842] VideoRepick/episode_115 succeeded with seed 20500 (attempt 0, 126.038s)
[1576/1842] RouteStick/episode_112 succeeded with seed 27200 (attempt 0, 232.364s)
[1577/1842] BinFill/episode_115 succeeded with seed 15500 (attempt 0, 136.092s)
/data/hongzefu/robomme_benchmark_MotionJEPANewTask/.venv/lib/python3.11/site-packages/torch/cuda/__init__.py:63: FutureWarning: The pynvml package is deprecated. Please install nvidia-ml-py instead. If you did not install pynvml directly, please report this to the maintainers of the package that installed pynvml for you.
  import pynvml  # type: ignore[import]
/data/hongzefu/robomme_benchmark_MotionJEPANewTask/.venv/lib/python3.11/site-packages/sapien/__init__.py:18: UserWarning: pkg_resources is deprecated as an API. See https://setuptools.pypa.io/en/latest/pkg_resources.html. The pkg_resources package is slated for removal as early as 2025-11-30. Refrain from using this package or pin to Setuptools<81.
  import pkg_resources
[1578/1842] BinFill/episode_117 succeeded with seed 15700 (attempt 0, 96.509s)
[1579/1842] VideoRepick/episode_113 succeeded with seed 20300 (attempt 0, 188.057s)
[1580/1842] RouteStick/episode_113 succeeded with seed 27300 (attempt 0, 200.261s)
[1581/1842] VideoRepick/episode_117 succeeded with seed 20700 (attempt 0, 104.228s)
[1582/1842] BinFill/episode_116 succeeded with seed 15600 (attempt 0, 127.507s)
[1583/1842] VideoRepick/episode_115 succeeded with seed 20500 (attempt 0, 158.775s)
[1584/1842] BinFill/episode_118 succeeded with seed 15800 (attempt 0, 104.314s)
[1585/1842] VideoRepick/episode_116 succeeded with seed 20600 (attempt 0, 140.145s)
[1586/1842] VideoRepick/episode_115 succeeded with seed 20500 (attempt 0, 162.366s)
[1587/1842] BinFill/episode_117 succeeded with seed 15700 (attempt 0, 138.167s)
[1588/1842] BinFill/episode_118 succeeded with seed 15800 (attempt 0, 123.138s)
[1589/1842] VideoRepick/episode_117 succeeded with seed 20700 (attempt 0, 135.653s)
    BinFill/episode_117 用尽 1 次 attempt，放弃
[1590/1842] BinFill/episode_116 succeeded with seed 15600 (attempt 0, 175.187s)
[1591/1842] VideoRepick/episode_116 succeeded with seed 20600 (attempt 0, 164.106s)
[1592/1842] RouteStick/episode_114 succeeded with seed 27400 (attempt 0, 213.516s)
[1593/1842] VideoRepick/episode_119 succeeded with seed 20900 (attempt 0, 107.825s)
[1594/1842] VideoRepick/episode_118 succeeded with seed 20800 (attempt 0, 128.705s)
[1595/1842] BinFill/episode_120 succeeded with seed 16000 (attempt 0, 102.23s)
[1596/1842] VideoRepick/episode_116 succeeded with seed 20600 (attempt 0, 172.513s)
/data/hongzefu/robomme_benchmark_MotionJEPANewTask/.venv/lib/python3.11/site-packages/torch/cuda/__init__.py:63: FutureWarning: The pynvml package is deprecated. Please install nvidia-ml-py instead. If you did not install pynvml directly, please report this to the maintainers of the package that installed pynvml for you.
  import pynvml  # type: ignore[import]
/data/hongzefu/robomme_benchmark_MotionJEPANewTask/.venv/lib/python3.11/site-packages/sapien/__init__.py:18: UserWarning: pkg_resources is deprecated as an API. See https://setuptools.pypa.io/en/latest/pkg_resources.html. The pkg_resources package is slated for removal as early as 2025-11-30. Refrain from using this package or pin to Setuptools<81.
  import pkg_resources
[1597/1842] BinFill/episode_119 succeeded with seed 15900 (attempt 0, 136.908s)
[1598/1842] VideoRepick/episode_117 succeeded with seed 20700 (attempt 0, 169.984s)
[1599/1842] VideoRepick/episode_118 succeeded with seed 20800 (attempt 0, 154.834s)
    VideoRepick/episode_106 seed 19600 单条墙钟超过 600 秒被终止（实测 615 秒）
    VideoRepick/episode_106 用尽 1 次 attempt，放弃
/data/hongzefu/robomme_benchmark_MotionJEPANewTask/.venv/lib/python3.11/site-packages/torch/cuda/__init__.py:63: FutureWarning: The pynvml package is deprecated. Please install nvidia-ml-py instead. If you did not install pynvml directly, please report this to the maintainers of the package that installed pynvml for you.
  import pynvml  # type: ignore[import]
/data/hongzefu/robomme_benchmark_MotionJEPANewTask/.venv/lib/python3.11/site-packages/sapien/__init__.py:18: UserWarning: pkg_resources is deprecated as an API. See https://setuptools.pypa.io/en/latest/pkg_resources.html. The pkg_resources package is slated for removal as early as 2025-11-30. Refrain from using this package or pin to Setuptools<81.
  import pkg_resources
[1600/1842] BinFill/episode_119 succeeded with seed 15900 (attempt 0, 133.312s)
[1601/1842] BinFill/episode_122 succeeded with seed 16200 (attempt 0, 70.09s)
[1602/1842] VideoRepick/episode_118 succeeded with seed 20800 (attempt 0, 164.372s)
[1603/1842] BinFill/episode_116 succeeded with seed 15600 (attempt 0, 194.469s)
[1604/1842] BinFill/episode_119 succeeded with seed 15900 (attempt 0, 155.499s)
[1605/1842] BinFill/episode_121 succeeded with seed 16100 (attempt 0, 108.901s)
[1606/1842] VideoRepick/episode_119 succeeded with seed 20900 (attempt 0, 147.283s)
[1607/1842] BinFill/episode_118 succeeded with seed 15800 (attempt 0, 186.529s)
[1608/1842] VideoRepick/episode_120 succeeded with seed 21000 (attempt 0, 129.046s)
[1609/1842] VideoRepick/episode_120 succeeded with seed 21000 (attempt 0, 118.49s)
[1610/1842] VideoRepick/episode_121 succeeded with seed 21100 (attempt 0, 108.004s)
[1611/1842] BinFill/episode_123 succeeded with seed 16300 (attempt 0, 76.96s)
[1612/1842] VideoRepick/episode_121 succeeded with seed 21100 (attempt 0, 116.886s)
[1613/1842] BinFill/episode_122 succeeded with seed 16200 (attempt 0, 103.327s)
screw plan failed
screw plan failed
screw plan failed
[1614/1842] BinFill/episode_120 succeeded with seed 16000 (attempt 0, 167.438s)
[1615/1842] VideoRepick/episode_120 succeeded with seed 21000 (attempt 0, 142.823s)
[1616/1842] VideoRepick/episode_122 succeeded with seed 21200 (attempt 0, 112.884s)
[1617/1842] VideoRepick/episode_119 succeeded with seed 20900 (attempt 0, 185.301s)
[1618/1842] VideoRepick/episode_122 succeeded with seed 21200 (attempt 0, 111.659s)
[1619/1842] BinFill/episode_121 succeeded with seed 16100 (attempt 0, 157.85s)
[1620/1842] BinFill/episode_122 succeeded with seed 16200 (attempt 0, 130.616s)
[1621/1842] BinFill/episode_126 succeeded with seed 16600 (attempt 0, 68.097s)
screw plan failed
screw plan failed
screw plan failed
[out#0/mp4 @ 0x73d3880] Error opening output /data/hongzefu/robomme_benchmark_MotionJEPANewTask/artifacts/injection/20260912-contract-v3-10/feasibility/P01x20/BinFill/easy/videos/.demo-tmp/BinFill_ep125_seed16500_easy_put_two_green_cubes_into_the_bin_then_press_the_button_to_stop__ALT__put_two_green_cubes_into_the_bin_and_press_the_button_to_stop.mp4: No such file or directory
Error opening output file /data/hongzefu/robomme_benchmark_MotionJEPANewTask/artifacts/injection/20260912-contract-v3-10/feasibility/P01x20/BinFill/easy/videos/.demo-tmp/BinFill_ep125_seed16500_easy_put_two_green_cubes_into_the_bin_then_press_the_button_to_stop__ALT__put_two_green_cubes_into_the_bin_and_press_the_button_to_stop.mp4.
Error opening output files: No such file or directory
[1622/1842] BinFill/episode_127 succeeded with seed 16700 (attempt 0, 64.259s)
    BinFill/episode_125 用尽 1 次 attempt，放弃
[1623/1842] BinFill/episode_123 succeeded with seed 16300 (attempt 0, 132.189s)
[1624/1842] VideoRepick/episode_123 succeeded with seed 21300 (attempt 0, 133.612s)
[1625/1842] VideoRepick/episode_121 succeeded with seed 21100 (attempt 0, 180.531s)
[1626/1842] BinFill/episode_126 succeeded with seed 16600 (attempt 0, 94.999s)
[1627/1842] VideoRepick/episode_122 succeeded with seed 21200 (attempt 0, 159.022s)
[1628/1842] BinFill/episode_124 succeeded with seed 16400 (attempt 0, 138.684s)
screw plan failed
screw plan failed
screw plan failed
[1629/1842] BinFill/episode_120 succeeded with seed 16000 (attempt 0, 214.623s)
/data/hongzefu/robomme_benchmark_MotionJEPANewTask/.venv/lib/python3.11/site-packages/torch/cuda/__init__.py:63: FutureWarning: The pynvml package is deprecated. Please install nvidia-ml-py instead. If you did not install pynvml directly, please report this to the maintainers of the package that installed pynvml for you.
  import pynvml  # type: ignore[import]
/data/hongzefu/robomme_benchmark_MotionJEPANewTask/.venv/lib/python3.11/site-packages/sapien/__init__.py:18: UserWarning: pkg_resources is deprecated as an API. See https://setuptools.pypa.io/en/latest/pkg_resources.html. The pkg_resources package is slated for removal as early as 2025-11-30. Refrain from using this package or pin to Setuptools<81.
  import pkg_resources
[1630/1842] BinFill/episode_121 succeeded with seed 16100 (attempt 0, 206.986s)
[1631/1842] BinFill/episode_124 succeeded with seed 16400 (attempt 0, 145.891s)
[1632/1842] VideoRepick/episode_125 succeeded with seed 21500 (attempt 0, 121.971s)
/data/hongzefu/robomme_benchmark_MotionJEPANewTask/.venv/lib/python3.11/site-packages/torch/cuda/__init__.py:63: FutureWarning: The pynvml package is deprecated. Please install nvidia-ml-py instead. If you did not install pynvml directly, please report this to the maintainers of the package that installed pynvml for you.
  import pynvml  # type: ignore[import]
/data/hongzefu/robomme_benchmark_MotionJEPANewTask/.venv/lib/python3.11/site-packages/sapien/__init__.py:18: UserWarning: pkg_resources is deprecated as an API. See https://setuptools.pypa.io/en/latest/pkg_resources.html. The pkg_resources package is slated for removal as early as 2025-11-30. Refrain from using this package or pin to Setuptools<81.
  import pkg_resources
[1633/1842] VideoRepick/episode_124 succeeded with seed 21400 (attempt 0, 142.22s)
[1634/1842] VideoRepick/episode_126 succeeded with seed 21600 (attempt 0, 108.985s)
[1635/1842] BinFill/episode_127 succeeded with seed 16700 (attempt 0, 105.538s)
screw plan failed
screw plan failed
screw plan failed
[1636/1842] VideoRepick/episode_125 succeeded with seed 21500 (attempt 0, 130.218s)
[1637/1842] BinFill/episode_125 succeeded with seed 16500 (attempt 0, 147.671s)
[1638/1842] BinFill/episode_123 succeeded with seed 16300 (attempt 0, 186.797s)
[1639/1842] VideoRepick/episode_123 succeeded with seed 21300 (attempt 0, 177.167s)
[1640/1842] VideoRepick/episode_123 succeeded with seed 21300 (attempt 0, 178.046s)
[1641/1842] BinFill/episode_128 succeeded with seed 16800 (attempt 0, 100.088s)
[1642/1842] BinFill/episode_124 succeeded with seed 16400 (attempt 0, 174.438s)
    BinFill/episode_128 用尽 1 次 attempt，放弃
/data/hongzefu/robomme_benchmark_MotionJEPANewTask/.venv/lib/python3.11/site-packages/torch/cuda/__init__.py:63: FutureWarning: The pynvml package is deprecated. Please install nvidia-ml-py instead. If you did not install pynvml directly, please report this to the maintainers of the package that installed pynvml for you.
  import pynvml  # type: ignore[import]
/data/hongzefu/robomme_benchmark_MotionJEPANewTask/.venv/lib/python3.11/site-packages/sapien/__init__.py:18: UserWarning: pkg_resources is deprecated as an API. See https://setuptools.pypa.io/en/latest/pkg_resources.html. The pkg_resources package is slated for removal as early as 2025-11-30. Refrain from using this package or pin to Setuptools<81.
  import pkg_resources
[1643/1842] VideoRepick/episode_124 succeeded with seed 21400 (attempt 0, 167.773s)
[1644/1842] BinFill/episode_126 succeeded with seed 16600 (attempt 0, 141.025s)
[1645/1842] VideoRepick/episode_124 succeeded with seed 21400 (attempt 0, 174.068s)
[1646/1842] VideoRepick/episode_126 succeeded with seed 21600 (attempt 0, 141.316s)
screw plan failed
screw plan failed
screw plan failed
/data/hongzefu/robomme_benchmark_MotionJEPANewTask/.venv/lib/python3.11/site-packages/torch/cuda/__init__.py:63: FutureWarning: The pynvml package is deprecated. Please install nvidia-ml-py instead. If you did not install pynvml directly, please report this to the maintainers of the package that installed pynvml for you.
  import pynvml  # type: ignore[import]
/data/hongzefu/robomme_benchmark_MotionJEPANewTask/.venv/lib/python3.11/site-packages/sapien/__init__.py:18: UserWarning: pkg_resources is deprecated as an API. See https://setuptools.pypa.io/en/latest/pkg_resources.html. The pkg_resources package is slated for removal as early as 2025-11-30. Refrain from using this package or pin to Setuptools<81.
  import pkg_resources
[1647/1842] VideoRepick/episode_126 succeeded with seed 21600 (attempt 0, 163.251s)
[1648/1842] BinFill/episode_129 succeeded with seed 16900 (attempt 0, 109.753s)
[1649/1842] BinFill/episode_125 succeeded with seed 16500 (attempt 0, 189.213s)
[1650/1842] VideoRepick/episode_127 succeeded with seed 21700 (attempt 0, 157.693s)
[1651/1842] VideoRepick/episode_127 succeeded with seed 21700 (attempt 0, 149.196s)
[1652/1842] VideoRepick/episode_127 succeeded with seed 21700 (attempt 0, 160.343s)
[1653/1842] BinFill/episode_127 succeeded with seed 16700 (attempt 0, 173.872s)
[1654/1842] VideoRepick/episode_128 succeeded with seed 21800 (attempt 0, 138.395s)
[1655/1842] VideoRepick/episode_128 succeeded with seed 21800 (attempt 0, 160.056s)
[1656/1842] BinFill/episode_130 succeeded with seed 17000 (attempt 0, 123.435s)
[1657/1842] VideoRepick/episode_131 succeeded with seed 22100 (attempt 0, 101.748s)
screw plan failed
screw plan failed
screw plan failed
[1658/1842] BinFill/episode_130 succeeded with seed 17000 (attempt 0, 126.462s)
[1659/1842] VideoRepick/episode_128 succeeded with seed 21800 (attempt 0, 173.344s)
[1660/1842] VideoRepick/episode_129 succeeded with seed 21900 (attempt 0, 152.415s)
screw plan failed
screw plan failed
screw plan failed
[1661/1842] BinFill/episode_133 succeeded with seed 17300 (attempt 0, 94.049s)
[1662/1842] BinFill/episode_131 succeeded with seed 17100 (attempt 0, 131.171s)
[1663/1842] BinFill/episode_129 succeeded with seed 16900 (attempt 0, 176.07s)
[1664/1842] BinFill/episode_131 succeeded with seed 17100 (attempt 0, 144.001s)
[1665/1842] BinFill/episode_131 succeeded with seed 17100 (attempt 0, 141.17s)
[1666/1842] VideoRepick/episode_131 succeeded with seed 22100 (attempt 0, 129.32s)
[1667/1842] VideoRepick/episode_129 succeeded with seed 21900 (attempt 0, 171.602s)
[1668/1842] VideoRepick/episode_130 succeeded with seed 22000 (attempt 0, 138.477s)
[1669/1842] VideoRepick/episode_129 succeeded with seed 21900 (attempt 0, 171.441s)
[1670/1842] BinFill/episode_128 succeeded with seed 16800 (attempt 0, 211.07s)
/data/hongzefu/robomme_benchmark_MotionJEPANewTask/.venv/lib/python3.11/site-packages/torch/cuda/__init__.py:63: FutureWarning: The pynvml package is deprecated. Please install nvidia-ml-py instead. If you did not install pynvml directly, please report this to the maintainers of the package that installed pynvml for you.
  import pynvml  # type: ignore[import]
/data/hongzefu/robomme_benchmark_MotionJEPANewTask/.venv/lib/python3.11/site-packages/sapien/__init__.py:18: UserWarning: pkg_resources is deprecated as an API. See https://setuptools.pypa.io/en/latest/pkg_resources.html. The pkg_resources package is slated for removal as early as 2025-11-30. Refrain from using this package or pin to Setuptools<81.
  import pkg_resources
    BinFill/episode_132 用尽 1 次 attempt，放弃
/data/hongzefu/robomme_benchmark_MotionJEPANewTask/.venv/lib/python3.11/site-packages/torch/cuda/__init__.py:63: FutureWarning: The pynvml package is deprecated. Please install nvidia-ml-py instead. If you did not install pynvml directly, please report this to the maintainers of the package that installed pynvml for you.
  import pynvml  # type: ignore[import]
/data/hongzefu/robomme_benchmark_MotionJEPANewTask/.venv/lib/python3.11/site-packages/sapien/__init__.py:18: UserWarning: pkg_resources is deprecated as an API. See https://setuptools.pypa.io/en/latest/pkg_resources.html. The pkg_resources package is slated for removal as early as 2025-11-30. Refrain from using this package or pin to Setuptools<81.
  import pkg_resources
    BinFill/episode_130 用尽 1 次 attempt，放弃
[1671/1842] BinFill/episode_132 succeeded with seed 17200 (attempt 0, 134.442s)
[1672/1842] VideoRepick/episode_130 succeeded with seed 22000 (attempt 0, 154.86s)
[1673/1842] VideoRepick/episode_130 succeeded with seed 22000 (attempt 0, 167.983s)
/data/hongzefu/robomme_benchmark_MotionJEPANewTask/.venv/lib/python3.11/site-packages/torch/cuda/__init__.py:63: FutureWarning: The pynvml package is deprecated. Please install nvidia-ml-py instead. If you did not install pynvml directly, please report this to the maintainers of the package that installed pynvml for you.
  import pynvml  # type: ignore[import]
/data/hongzefu/robomme_benchmark_MotionJEPANewTask/.venv/lib/python3.11/site-packages/sapien/__init__.py:18: UserWarning: pkg_resources is deprecated as an API. See https://setuptools.pypa.io/en/latest/pkg_resources.html. The pkg_resources package is slated for removal as early as 2025-11-30. Refrain from using this package or pin to Setuptools<81.
  import pkg_resources
[1674/1842] BinFill/episode_134 succeeded with seed 17400 (attempt 0, 101.438s)
[1675/1842] BinFill/episode_129 succeeded with seed 16900 (attempt 0, 205.892s)
[1676/1842] VideoRepick/episode_132 succeeded with seed 22200 (attempt 0, 148.295s)
[1677/1842] BinFill/episode_134 succeeded with seed 17400 (attempt 0, 106.594s)
[1678/1842] VideoRepick/episode_133 succeeded with seed 22300 (attempt 0, 128.234s)
[1679/1842] VideoRepick/episode_133 succeeded with seed 22300 (attempt 0, 124.06s)
[1680/1842] BinFill/episode_132 succeeded with seed 17200 (attempt 0, 159.269s)
[1681/1842] VideoRepick/episode_134 succeeded with seed 22400 (attempt 0, 115.105s)
[1682/1842] VideoRepick/episode_132 succeeded with seed 22200 (attempt 0, 157.344s)
/data/hongzefu/robomme_benchmark_MotionJEPANewTask/.venv/lib/python3.11/site-packages/torch/cuda/__init__.py:63: FutureWarning: The pynvml package is deprecated. Please install nvidia-ml-py instead. If you did not install pynvml directly, please report this to the maintainers of the package that installed pynvml for you.
  import pynvml  # type: ignore[import]
/data/hongzefu/robomme_benchmark_MotionJEPANewTask/.venv/lib/python3.11/site-packages/sapien/__init__.py:18: UserWarning: pkg_resources is deprecated as an API. See https://setuptools.pypa.io/en/latest/pkg_resources.html. The pkg_resources package is slated for removal as early as 2025-11-30. Refrain from using this package or pin to Setuptools<81.
  import pkg_resources
[1683/1842] VideoRepick/episode_132 succeeded with seed 22200 (attempt 0, 170.496s)
[1684/1842] VideoRepick/episode_131 succeeded with seed 22100 (attempt 0, 186.493s)
[1685/1842] BinFill/episode_136 succeeded with seed 17600 (attempt 0, 72.635s)
[1686/1842] BinFill/episode_133 succeeded with seed 17300 (attempt 0, 169.315s)
[1687/1842] BinFill/episode_135 succeeded with seed 17500 (attempt 0, 105.434s)
[1688/1842] BinFill/episode_133 succeeded with seed 17300 (attempt 0, 181.118s)
    VideoRepick/episode_114 seed 20400 单条墙钟超过 600 秒被终止（实测 602 秒）
    VideoRepick/episode_114 用尽 1 次 attempt，放弃
[1689/1842] BinFill/episode_134 succeeded with seed 17400 (attempt 0, 152.18s)
/data/hongzefu/robomme_benchmark_MotionJEPANewTask/.venv/lib/python3.11/site-packages/torch/cuda/__init__.py:63: FutureWarning: The pynvml package is deprecated. Please install nvidia-ml-py instead. If you did not install pynvml directly, please report this to the maintainers of the package that installed pynvml for you.
  import pynvml  # type: ignore[import]
/data/hongzefu/robomme_benchmark_MotionJEPANewTask/.venv/lib/python3.11/site-packages/sapien/__init__.py:18: UserWarning: pkg_resources is deprecated as an API. See https://setuptools.pypa.io/en/latest/pkg_resources.html. The pkg_resources package is slated for removal as early as 2025-11-30. Refrain from using this package or pin to Setuptools<81.
  import pkg_resources
[1690/1842] BinFill/episode_137 succeeded with seed 17700 (attempt 0, 64.843s)
[1691/1842] VideoRepick/episode_133 succeeded with seed 22300 (attempt 0, 167.522s)
[1692/1842] BinFill/episode_135 succeeded with seed 17500 (attempt 0, 143.476s)
[1693/1842] BinFill/episode_139 succeeded with seed 17900 (attempt 0, 68.595s)
[1694/1842] BinFill/episode_138 succeeded with seed 17800 (attempt 0, 79.186s)
[1695/1842] VideoRepick/episode_135 succeeded with seed 22500 (attempt 0, 129.801s)
/data/hongzefu/robomme_benchmark_MotionJEPANewTask/.venv/lib/python3.11/site-packages/torch/cuda/__init__.py:63: FutureWarning: The pynvml package is deprecated. Please install nvidia-ml-py instead. If you did not install pynvml directly, please report this to the maintainers of the package that installed pynvml for you.
  import pynvml  # type: ignore[import]
/data/hongzefu/robomme_benchmark_MotionJEPANewTask/.venv/lib/python3.11/site-packages/sapien/__init__.py:18: UserWarning: pkg_resources is deprecated as an API. See https://setuptools.pypa.io/en/latest/pkg_resources.html. The pkg_resources package is slated for removal as early as 2025-11-30. Refrain from using this package or pin to Setuptools<81.
  import pkg_resources
[1696/1842] VideoRepick/episode_134 succeeded with seed 22400 (attempt 0, 169.767s)
/data/hongzefu/robomme_benchmark_MotionJEPANewTask/.venv/lib/python3.11/site-packages/torch/cuda/__init__.py:63: FutureWarning: The pynvml package is deprecated. Please install nvidia-ml-py instead. If you did not install pynvml directly, please report this to the maintainers of the package that installed pynvml for you.
  import pynvml  # type: ignore[import]
/data/hongzefu/robomme_benchmark_MotionJEPANewTask/.venv/lib/python3.11/site-packages/sapien/__init__.py:18: UserWarning: pkg_resources is deprecated as an API. See https://setuptools.pypa.io/en/latest/pkg_resources.html. The pkg_resources package is slated for removal as early as 2025-11-30. Refrain from using this package or pin to Setuptools<81.
  import pkg_resources
[1697/1842] VideoRepick/episode_135 succeeded with seed 22500 (attempt 0, 144.838s)
[1698/1842] VideoRepick/episode_136 succeeded with seed 22600 (attempt 0, 117.734s)
[1699/1842] VideoRepick/episode_134 succeeded with seed 22400 (attempt 0, 184.069s)
/data/hongzefu/robomme_benchmark_MotionJEPANewTask/.venv/lib/python3.11/site-packages/torch/cuda/__init__.py:63: FutureWarning: The pynvml package is deprecated. Please install nvidia-ml-py instead. If you did not install pynvml directly, please report this to the maintainers of the package that installed pynvml for you.
  import pynvml  # type: ignore[import]
/data/hongzefu/robomme_benchmark_MotionJEPANewTask/.venv/lib/python3.11/site-packages/sapien/__init__.py:18: UserWarning: pkg_resources is deprecated as an API. See https://setuptools.pypa.io/en/latest/pkg_resources.html. The pkg_resources package is slated for removal as early as 2025-11-30. Refrain from using this package or pin to Setuptools<81.
  import pkg_resources
[1700/1842] VideoRepick/episode_137 succeeded with seed 22700 (attempt 0, 128.478s)
screw plan failed
screw plan failed
screw plan failed
[1701/1842] BinFill/episode_135 succeeded with seed 17500 (attempt 0, 180.184s)
[1702/1842] VideoRepick/episode_137 succeeded with seed 22700 (attempt 0, 141.377s)
[1703/1842] BinFill/episode_137 succeeded with seed 17700 (attempt 0, 150.269s)
[1704/1842] VideoRepick/episode_135 succeeded with seed 22500 (attempt 0, 172.903s)
[1705/1842] VideoRepick/episode_136 succeeded with seed 22600 (attempt 0, 144.98s)
/data/hongzefu/robomme_benchmark_MotionJEPANewTask/.venv/lib/python3.11/site-packages/torch/cuda/__init__.py:63: FutureWarning: The pynvml package is deprecated. Please install nvidia-ml-py instead. If you did not install pynvml directly, please report this to the maintainers of the package that installed pynvml for you.
  import pynvml  # type: ignore[import]
/data/hongzefu/robomme_benchmark_MotionJEPANewTask/.venv/lib/python3.11/site-packages/sapien/__init__.py:18: UserWarning: pkg_resources is deprecated as an API. See https://setuptools.pypa.io/en/latest/pkg_resources.html. The pkg_resources package is slated for removal as early as 2025-11-30. Refrain from using this package or pin to Setuptools<81.
  import pkg_resources
[1706/1842] VideoRepick/episode_136 succeeded with seed 22600 (attempt 0, 156.673s)
[1707/1842] BinFill/episode_137 succeeded with seed 17700 (attempt 0, 154.288s)
[1708/1842] BinFill/episode_140 succeeded with seed 18000 (attempt 0, 100.789s)
/data/hongzefu/robomme_benchmark_MotionJEPANewTask/.venv/lib/python3.11/site-packages/torch/cuda/__init__.py:63: FutureWarning: The pynvml package is deprecated. Please install nvidia-ml-py instead. If you did not install pynvml directly, please report this to the maintainers of the package that installed pynvml for you.
  import pynvml  # type: ignore[import]
/data/hongzefu/robomme_benchmark_MotionJEPANewTask/.venv/lib/python3.11/site-packages/sapien/__init__.py:18: UserWarning: pkg_resources is deprecated as an API. See https://setuptools.pypa.io/en/latest/pkg_resources.html. The pkg_resources package is slated for removal as early as 2025-11-30. Refrain from using this package or pin to Setuptools<81.
  import pkg_resources
[1709/1842] BinFill/episode_136 succeeded with seed 17600 (attempt 0, 170.015s)
[1710/1842] VideoRepick/episode_138 succeeded with seed 22800 (attempt 0, 141.08s)
[1711/1842] VideoRepick/episode_138 succeeded with seed 22800 (attempt 0, 144.943s)
[1712/1842] BinFill/episode_141 succeeded with seed 18100 (attempt 0, 98.111s)
[1713/1842] VideoRepick/episode_139 succeeded with seed 22900 (attempt 0, 127.73s)
[1714/1842] VideoRepick/episode_139 succeeded with seed 22900 (attempt 0, 147.532s)
[1715/1842] BinFill/episode_136 succeeded with seed 17600 (attempt 0, 196.162s)
[1716/1842] BinFill/episode_139 succeeded with seed 17900 (attempt 0, 162.063s)
[1717/1842] BinFill/episode_140 succeeded with seed 18000 (attempt 0, 134.834s)
[1718/1842] BinFill/episode_138 succeeded with seed 17800 (attempt 0, 180.022s)
[1719/1842] VideoRepick/episode_139 succeeded with seed 22900 (attempt 0, 156.638s)
[1720/1842] VideoRepick/episode_140 succeeded with seed 23000 (attempt 0, 134.488s)
[1721/1842] VideoRepick/episode_138 succeeded with seed 22800 (attempt 0, 179.173s)
[1722/1842] BinFill/episode_141 succeeded with seed 18100 (attempt 0, 131.431s)
[1723/1842] VideoRepick/episode_140 succeeded with seed 23000 (attempt 0, 146.405s)
[1724/1842] VideoRepick/episode_140 succeeded with seed 23000 (attempt 0, 150.352s)
[1725/1842] BinFill/episode_144 succeeded with seed 18400 (attempt 0, 68.077s)
[1726/1842] BinFill/episode_138 succeeded with seed 17800 (attempt 0, 201.178s)
[1727/1842] BinFill/episode_143 succeeded with seed 18300 (attempt 0, 96.182s)
[1728/1842] BinFill/episode_142 succeeded with seed 18200 (attempt 0, 133.087s)
[1729/1842] BinFill/episode_139 succeeded with seed 17900 (attempt 0, 197.509s)
[1730/1842] VideoRepick/episode_141 succeeded with seed 23100 (attempt 0, 141.586s)
[1731/1842] VideoRepick/episode_141 succeeded with seed 23100 (attempt 0, 157.974s)
[1732/1842] BinFill/episode_143 succeeded with seed 18300 (attempt 0, 101.721s)
[1733/1842] BinFill/episode_145 succeeded with seed 18500 (attempt 0, 73.021s)
[1734/1842] BinFill/episode_142 succeeded with seed 18200 (attempt 0, 138.904s)
[1735/1842] VideoRepick/episode_142 succeeded with seed 23200 (attempt 0, 138.123s)
/data/hongzefu/robomme_benchmark_MotionJEPANewTask/.venv/lib/python3.11/site-packages/torch/cuda/__init__.py:63: FutureWarning: The pynvml package is deprecated. Please install nvidia-ml-py instead. If you did not install pynvml directly, please report this to the maintainers of the package that installed pynvml for you.
  import pynvml  # type: ignore[import]
[1736/1842] VideoRepick/episode_142 succeeded with seed 23200 (attempt 0, 132.737s)
/data/hongzefu/robomme_benchmark_MotionJEPANewTask/.venv/lib/python3.11/site-packages/sapien/__init__.py:18: UserWarning: pkg_resources is deprecated as an API. See https://setuptools.pypa.io/en/latest/pkg_resources.html. The pkg_resources package is slated for removal as early as 2025-11-30. Refrain from using this package or pin to Setuptools<81.
  import pkg_resources
[1737/1842] VideoRepick/episode_141 succeeded with seed 23100 (attempt 0, 166.001s)
/data/hongzefu/robomme_benchmark_MotionJEPANewTask/.venv/lib/python3.11/site-packages/torch/cuda/__init__.py:63: FutureWarning: The pynvml package is deprecated. Please install nvidia-ml-py instead. If you did not install pynvml directly, please report this to the maintainers of the package that installed pynvml for you.
  import pynvml  # type: ignore[import]
/data/hongzefu/robomme_benchmark_MotionJEPANewTask/.venv/lib/python3.11/site-packages/sapien/__init__.py:18: UserWarning: pkg_resources is deprecated as an API. See https://setuptools.pypa.io/en/latest/pkg_resources.html. The pkg_resources package is slated for removal as early as 2025-11-30. Refrain from using this package or pin to Setuptools<81.
  import pkg_resources
[1738/1842] BinFill/episode_141 succeeded with seed 18100 (attempt 0, 175.845s)
[1739/1842] BinFill/episode_140 succeeded with seed 18000 (attempt 0, 211.488s)
/data/hongzefu/robomme_benchmark_MotionJEPANewTask/.venv/lib/python3.11/site-packages/torch/cuda/__init__.py:63: FutureWarning: The pynvml package is deprecated. Please install nvidia-ml-py instead. If you did not install pynvml directly, please report this to the maintainers of the package that installed pynvml for you.
  import pynvml  # type: ignore[import]
/data/hongzefu/robomme_benchmark_MotionJEPANewTask/.venv/lib/python3.11/site-packages/sapien/__init__.py:18: UserWarning: pkg_resources is deprecated as an API. See https://setuptools.pypa.io/en/latest/pkg_resources.html. The pkg_resources package is slated for removal as early as 2025-11-30. Refrain from using this package or pin to Setuptools<81.
  import pkg_resources
[1740/1842] VideoRepick/episode_142 succeeded with seed 23200 (attempt 0, 150.514s)
[1741/1842] VideoRepick/episode_143 succeeded with seed 23300 (attempt 0, 125.874s)
[1742/1842] BinFill/episode_142 succeeded with seed 18200 (attempt 0, 169.819s)
[1743/1842] BinFill/episode_145 succeeded with seed 18500 (attempt 0, 112.815s)
[1744/1842] BinFill/episode_144 succeeded with seed 18400 (attempt 0, 134.374s)
[1745/1842] VideoRepick/episode_143 succeeded with seed 23300 (attempt 0, 143.358s)
[1746/1842] VideoRepick/episode_144 succeeded with seed 23400 (attempt 0, 133.642s)
[1747/1842] BinFill/episode_144 succeeded with seed 18400 (attempt 0, 136.87s)
[1748/1842] VideoRepick/episode_145 succeeded with seed 23500 (attempt 0, 116.501s)
[1749/1842] BinFill/episode_148 succeeded with seed 18800 (attempt 0, 68.016s)
    VideoRepick/episode_125 seed 21500 单条墙钟超过 600 秒被终止（实测 601 秒）
    VideoRepick/episode_125 用尽 1 次 attempt，放弃
/data/hongzefu/robomme_benchmark_MotionJEPANewTask/.venv/lib/python3.11/site-packages/torch/cuda/__init__.py:63: FutureWarning: The pynvml package is deprecated. Please install nvidia-ml-py instead. If you did not install pynvml directly, please report this to the maintainers of the package that installed pynvml for you.
  import pynvml  # type: ignore[import]
/data/hongzefu/robomme_benchmark_MotionJEPANewTask/.venv/lib/python3.11/site-packages/sapien/__init__.py:18: UserWarning: pkg_resources is deprecated as an API. See https://setuptools.pypa.io/en/latest/pkg_resources.html. The pkg_resources package is slated for removal as early as 2025-11-30. Refrain from using this package or pin to Setuptools<81.
  import pkg_resources
[1750/1842] VideoRepick/episode_146 succeeded with seed 23600 (attempt 0, 117.595s)
[1751/1842] VideoRepick/episode_144 succeeded with seed 23400 (attempt 0, 154.571s)
[1752/1842] BinFill/episode_143 succeeded with seed 18300 (attempt 0, 171.782s)
[out#0/mp4 @ 0x7ecc880] Error opening output /data/hongzefu/robomme_benchmark_MotionJEPANewTask/artifacts/injection/20260912-contract-v3-10/feasibility/P01x20/BinFill/easy/videos/.demo-tmp/BinFill_ep146_seed18600_easy_put_three_red_cubes_into_the_bin_then_press_the_button_to_stop__ALT__put_three_red_cubes_into_the_bin_and_press_the_button_to_stop.mp4: No such file or directory
Error opening output file /data/hongzefu/robomme_benchmark_MotionJEPANewTask/artifacts/injection/20260912-contract-v3-10/feasibility/P01x20/BinFill/easy/videos/.demo-tmp/BinFill_ep146_seed18600_easy_put_three_red_cubes_into_the_bin_then_press_the_button_to_stop__ALT__put_three_red_cubes_into_the_bin_and_press_the_button_to_stop.mp4.
Error opening output files: No such file or directory
[1753/1842] BinFill/episode_149 succeeded with seed 18900 (attempt 0, 63.364s)
[1754/1842] VideoRepick/episode_145 succeeded with seed 23500 (attempt 0, 142.64s)
    BinFill/episode_146 用尽 1 次 attempt，放弃
[1755/1842] VideoRepick/episode_147 succeeded with seed 23700 (attempt 0, 104.947s)
[1756/1842] BinFill/episode_148 succeeded with seed 18800 (attempt 0, 101.252s)
[1757/1842] VideoRepick/episode_143 succeeded with seed 23300 (attempt 0, 188.578s)
[1758/1842] BinFill/episode_147 succeeded with seed 18700 (attempt 0, 122.263s)
[1759/1842] VideoRepick/episode_144 succeeded with seed 23400 (attempt 0, 181.869s)
[1760/1842] BinFill/episode_146 succeeded with seed 18600 (attempt 0, 151.21s)
[1761/1842] BinFill/episode_147 succeeded with seed 18700 (attempt 0, 136.081s)
/data/hongzefu/robomme_benchmark_MotionJEPANewTask/.venv/lib/python3.11/site-packages/torch/cuda/__init__.py:63: FutureWarning: The pynvml package is deprecated. Please install nvidia-ml-py instead. If you did not install pynvml directly, please report this to the maintainers of the package that installed pynvml for you.
  import pynvml  # type: ignore[import]
/data/hongzefu/robomme_benchmark_MotionJEPANewTask/.venv/lib/python3.11/site-packages/sapien/__init__.py:18: UserWarning: pkg_resources is deprecated as an API. See https://setuptools.pypa.io/en/latest/pkg_resources.html. The pkg_resources package is slated for removal as early as 2025-11-30. Refrain from using this package or pin to Setuptools<81.
  import pkg_resources
    BinFill/episode_151 用尽 1 次 attempt，放弃
[1762/1842] VideoRepick/episode_146 succeeded with seed 23600 (attempt 0, 150.751s)
/data/hongzefu/robomme_benchmark_MotionJEPANewTask/.venv/lib/python3.11/site-packages/torch/cuda/__init__.py:63: FutureWarning: The pynvml package is deprecated. Please install nvidia-ml-py instead. If you did not install pynvml directly, please report this to the maintainers of the package that installed pynvml for you.
  import pynvml  # type: ignore[import]
[1763/1842] BinFill/episode_147 succeeded with seed 18700 (attempt 0, 153.975s)
/data/hongzefu/robomme_benchmark_MotionJEPANewTask/.venv/lib/python3.11/site-packages/sapien/__init__.py:18: UserWarning: pkg_resources is deprecated as an API. See https://setuptools.pypa.io/en/latest/pkg_resources.html. The pkg_resources package is slated for removal as early as 2025-11-30. Refrain from using this package or pin to Setuptools<81.
  import pkg_resources
[1764/1842] VideoRepick/episode_147 succeeded with seed 23700 (attempt 0, 144.376s)
[1765/1842] BinFill/episode_146 succeeded with seed 18600 (attempt 0, 178.55s)
[1766/1842] VideoRepick/episode_146 succeeded with seed 23600 (attempt 0, 168.861s)
[1767/1842] BinFill/episode_150 succeeded with seed 19000 (attempt 0, 96.867s)
[1768/1842] VideoRepick/episode_148 succeeded with seed 23800 (attempt 0, 132.223s)
[1769/1842] BinFill/episode_145 succeeded with seed 18500 (attempt 0, 211.607s)
[1770/1842] VideoRepick/episode_147 succeeded with seed 23700 (attempt 0, 165.449s)
[1771/1842] BinFill/episode_149 succeeded with seed 18900 (attempt 0, 137.635s)
[1772/1842] VideoRepick/episode_148 succeeded with seed 23800 (attempt 0, 156.918s)
[1773/1842] VideoRepick/episode_149 succeeded with seed 23900 (attempt 0, 123.015s)
[1774/1842] BinFill/episode_151 succeeded with seed 19100 (attempt 0, 103.104s)
[1775/1842] BinFill/episode_149 succeeded with seed 18900 (attempt 0, 146.37s)
[1776/1842] BinFill/episode_150 succeeded with seed 19000 (attempt 0, 123.308s)
[1777/1842] VideoRepick/episode_150 succeeded with seed 24000 (attempt 0, 122.096s)
[1778/1842] BinFill/episode_148 succeeded with seed 18800 (attempt 0, 170.641s)
[1779/1842] VideoRepick/episode_149 succeeded with seed 23900 (attempt 0, 144.202s)
screw plan failed
screw plan failed
screw plan failed
[1780/1842] VideoRepick/episode_152 succeeded with seed 24200 (attempt 0, 101.149s)
[1781/1842] VideoRepick/episode_149 succeeded with seed 23900 (attempt 0, 161.749s)
[1782/1842] VideoRepick/episode_153 succeeded with seed 24300 (attempt 0, 85.896s)
[1783/1842] VideoRepick/episode_151 succeeded with seed 24100 (attempt 0, 119.247s)
/data/hongzefu/robomme_benchmark_MotionJEPANewTask/.venv/lib/python3.11/site-packages/torch/cuda/__init__.py:63: FutureWarning: The pynvml package is deprecated. Please install nvidia-ml-py instead. If you did not install pynvml directly, please report this to the maintainers of the package that installed pynvml for you.
  import pynvml  # type: ignore[import]
/data/hongzefu/robomme_benchmark_MotionJEPANewTask/.venv/lib/python3.11/site-packages/sapien/__init__.py:18: UserWarning: pkg_resources is deprecated as an API. See https://setuptools.pypa.io/en/latest/pkg_resources.html. The pkg_resources package is slated for removal as early as 2025-11-30. Refrain from using this package or pin to Setuptools<81.
  import pkg_resources
screw plan failed
screw plan failed
screw plan failed
[1784/1842] VideoRepick/episode_150 succeeded with seed 24000 (attempt 0, 144.489s)
[1785/1842] BinFill/episode_154 succeeded with seed 19400 (attempt 0, 83.121s)
[1786/1842] VideoRepick/episode_150 succeeded with seed 24000 (attempt 0, 153.884s)
/data/hongzefu/robomme_benchmark_MotionJEPANewTask/.venv/lib/python3.11/site-packages/torch/cuda/__init__.py:63: FutureWarning: The pynvml package is deprecated. Please install nvidia-ml-py instead. If you did not install pynvml directly, please report this to the maintainers of the package that installed pynvml for you.
  import pynvml  # type: ignore[import]
/data/hongzefu/robomme_benchmark_MotionJEPANewTask/.venv/lib/python3.11/site-packages/sapien/__init__.py:18: UserWarning: pkg_resources is deprecated as an API. See https://setuptools.pypa.io/en/latest/pkg_resources.html. The pkg_resources package is slated for removal as early as 2025-11-30. Refrain from using this package or pin to Setuptools<81.
  import pkg_resources
[1787/1842] VideoRepick/episode_154 succeeded with seed 24400 (attempt 0, 93.335s)
[1788/1842] VideoRepick/episode_151 succeeded with seed 24100 (attempt 0, 134.938s)
[1789/1842] VideoRepick/episode_152 succeeded with seed 24200 (attempt 0, 114.949s)
[1790/1842] BinFill/episode_150 succeeded with seed 19000 (attempt 0, 168.258s)
[1791/1842] VideoRepick/episode_151 succeeded with seed 24100 (attempt 0, 136.647s)
[1792/1842] BinFill/episode_153 succeeded with seed 19300 (attempt 0, 115.171s)
[1793/1842] BinFill/episode_152 succeeded with seed 19200 (attempt 0, 132.675s)
[1794/1842] VideoRepick/episode_152 succeeded with seed 24200 (attempt 0, 131.895s)
[1795/1842] BinFill/episode_152 succeeded with seed 19200 (attempt 0, 137.94s)
[out#0/mp4 @ 0x6de6880] Error opening output /data/hongzefu/robomme_benchmark_MotionJEPANewTask/artifacts/injection/20260912-contract-v3-10/feasibility/P01x20/BinFill/hard/videos/.demo-tmp/BinFill_ep152_seed19200_hard_put_three_red_cubes_one_blue_cube_and_one_green_cube_into_the_bin_then_press_the_button_to_stop__ALT__put_three_red_cubes_one_blue_cube_and_one_green_cube_into___HASH__2871bdbdcc08.mp4: No such file or directory
Error opening output file /data/hongzefu/robomme_benchmark_MotionJEPANewTask/artifacts/injection/20260912-contract-v3-10/feasibility/P01x20/BinFill/hard/videos/.demo-tmp/BinFill_ep152_seed19200_hard_put_three_red_cubes_one_blue_cube_and_one_green_cube_into_the_bin_then_press_the_button_to_stop__ALT__put_three_red_cubes_one_blue_cube_and_one_green_cube_into___HASH__2871bdbdcc08.mp4.
Error opening output files: No such file or directory
    BinFill/episode_152 用尽 1 次 attempt，放弃
[1796/1842] BinFill/episode_151 succeeded with seed 19100 (attempt 0, 175.031s)
    VideoRepick/episode_137 seed 22700 单条墙钟超过 600 秒被终止（实测 601 秒）
    VideoRepick/episode_137 用尽 1 次 attempt，放弃
/data/hongzefu/robomme_benchmark_MotionJEPANewTask/.venv/lib/python3.11/site-packages/torch/cuda/__init__.py:63: FutureWarning: The pynvml package is deprecated. Please install nvidia-ml-py instead. If you did not install pynvml directly, please report this to the maintainers of the package that installed pynvml for you.
  import pynvml  # type: ignore[import]
/data/hongzefu/robomme_benchmark_MotionJEPANewTask/.venv/lib/python3.11/site-packages/sapien/__init__.py:18: UserWarning: pkg_resources is deprecated as an API. See https://setuptools.pypa.io/en/latest/pkg_resources.html. The pkg_resources package is slated for removal as early as 2025-11-30. Refrain from using this package or pin to Setuptools<81.
  import pkg_resources
    VideoRepick/episode_145 seed 23500 单条墙钟超过 600 秒被终止（实测 601 秒）
    VideoRepick/episode_145 用尽 1 次 attempt，放弃
/data/hongzefu/robomme_benchmark_MotionJEPANewTask/.venv/lib/python3.11/site-packages/torch/cuda/__init__.py:63: FutureWarning: The pynvml package is deprecated. Please install nvidia-ml-py instead. If you did not install pynvml directly, please report this to the maintainers of the package that installed pynvml for you.
  import pynvml  # type: ignore[import]
/data/hongzefu/robomme_benchmark_MotionJEPANewTask/.venv/lib/python3.11/site-packages/sapien/__init__.py:18: UserWarning: pkg_resources is deprecated as an API. See https://setuptools.pypa.io/en/latest/pkg_resources.html. The pkg_resources package is slated for removal as early as 2025-11-30. Refrain from using this package or pin to Setuptools<81.
  import pkg_resources
    VideoRepick/episode_148 seed 23800 单条墙钟超过 600 秒被终止（实测 610 秒）
    VideoRepick/episode_148 用尽 1 次 attempt，放弃
Traceback (most recent call last):
  File "<string>", line 1, in <module>
  File "/home/hongzefu/.local/share/uv/python/cpython-3.11.14-linux-x86_64-gnu/lib/python3.11/multiprocessing/spawn.py", line 122, in spawn_main
    exitcode = _main(fd, parent_sentinel)
               ^^^^^^^^^^^^^^^^^^^^^^^^^^
  File "/home/hongzefu/.local/share/uv/python/cpython-3.11.14-linux-x86_64-gnu/lib/python3.11/multiprocessing/spawn.py", line 132, in _main
    self = reduction.pickle.load(from_parent)
           ^^^^^^^^^^^^^^^^^^^^^^^^^^^^^^^^^^
  File "/home/hongzefu/.local/share/uv/python/cpython-3.11.14-linux-x86_64-gnu/lib/python3.11/multiprocessing/synchronize.py", line 115, in __setstate__
    self._semlock = _multiprocessing.SemLock._rebuild(*state)
                    ^^^^^^^^^^^^^^^^^^^^^^^^^^^^^^^^^^^^^^^^^
FileNotFoundError: [Errno 2] No such file or directory
{"parameters": {"output_dir": "/data/hongzefu/robomme_benchmark_MotionJEPANewTask/artifacts/injection/20260912-contract-v3-10/feasibility/P01x20", "env": "all", "tasks": ["BinFill", "RouteStick", "VideoRepick", "VideoUnmaskSwap"], "episodes": 100, "episode_start": 0, "workers": 40, "gpus": ["0", "1"], "seed_layout": "train", "difficulty_ratio": "211", "difficulty_cycle": ["easy", "easy", "medium", "hard"], "max_attempts": 1, "limit_threads": true, "max_tasks_per_child": 8, "affinity": "per-gpu", "episode_timeout_s": 600.0, "binfill_demo": true, "save_video_for_recording": true, "sampling_config": "/data/hongzefu/robomme_benchmark_MotionJEPANewTask/scripts/configs/newtask-v2/native_sampling.json", "sampling_config_tasks": ["BinFill", "RouteStick", "VideoRepick", "VideoUnmaskSwap"], "episode_specs": "/data/hongzefu/robomme_benchmark_MotionJEPANewTask/artifacts/injection/20260912-contract-v3-10/manifests/feasibility_all_1842.json", "episode_spec_groups": [{"task": "BinFill", "difficulty": "easy", "spec_path": "/data/hongzefu/robomme_benchmark_MotionJEPANewTask/artifacts/injection/20260912-contract-v3-10/specs/BinFill/easy.json", "output_root": "/data/hongzefu/robomme_benchmark_MotionJEPANewTask/artifacts/injection/20260912-contract-v3-10/feasibility/P01x20/BinFill/easy", "episodes": [0, 1, 2, 3, 4, 5, 6, 7, 8, 9, 10, 11, 12, 13, 14, 15, 16, 17, 18, 19, 20, 21, 22, 23, 24, 25, 26, 27, 28, 29, 30, 31, 32, 33, 34, 35, 36, 37, 38, 39, 40, 41, 42, 43, 44, 45, 46, 47, 48, 49, 50, 51, 52, 53, 54, 55, 56, 57, 58, 59, 60, 61, 62, 63, 64, 65, 66, 67, 68, 69, 70, 71, 72, 73, 74, 75, 76, 77, 78, 79, 80, 81, 82, 83, 84, 85, 86, 87, 88, 89, 90, 91, 92, 93, 94, 95, 96, 97, 98, 99, 100, 101, 102, 103, 104, 105, 106, 107, 108, 109, 110, 111, 112, 113, 114, 115, 116, 117, 118, 119, 120, 121, 122, 123, 124, 125, 126, 127, 128, 129, 130, 131, 132, 133, 134, 135, 136, 137, 138, 139, 140, 141, 142, 143, 144, 145, 146, 147, 148, 149, 150, 151, 152, 153, 154]}, {"task": "BinFill", "difficulty": "medium", "spec_path": "/data/hongzefu/robomme_benchmark_MotionJEPANewTask/artifacts/injection/20260912-contract-v3-10/specs/BinFill/medium.json", "output_root": "/data/hongzefu/robomme_benchmark_MotionJEPANewTask/artifacts/injection/20260912-contract-v3-10/feasibility/P01x20/BinFill/medium", "episodes": [0, 1, 2, 3, 4, 5, 6, 7, 8, 9, 10, 11, 12, 13, 14, 15, 16, 17, 18, 19, 20, 21, 22, 23, 24, 25, 26, 27, 28, 29, 30, 31, 32, 33, 34, 35, 36, 37, 38, 39, 40, 41, 42, 43, 44, 45, 46, 47, 48, 49, 50, 51, 52, 53, 54, 55, 56, 57, 58, 59, 60, 61, 62, 63, 64, 65, 66, 67, 68, 69, 70, 71, 72, 73, 74, 75, 76, 77, 78, 79, 80, 81, 82, 83, 84, 85, 86, 87, 88, 89, 90, 91, 92, 93, 94, 95, 96, 97, 98, 99, 100, 101, 102, 103, 104, 105, 106, 107, 108, 109, 110, 111, 112, 113, 114, 115, 116, 117, 118, 119, 120, 121, 122, 123, 124, 125, 126, 127, 128, 129, 130, 131, 132, 133, 134, 135, 136, 137, 138, 139, 140, 141, 142, 143, 144, 145, 146, 147, 148, 149, 150, 151, 152]}, {"task": "BinFill", "difficulty": "hard", "spec_path": "/data/hongzefu/robomme_benchmark_MotionJEPANewTask/artifacts/injection/20260912-contract-v3-10/specs/BinFill/hard.json", "output_root": "/data/hongzefu/robomme_benchmark_MotionJEPANewTask/artifacts/injection/20260912-contract-v3-10/feasibility/P01x20/BinFill/hard", "episodes": [0, 1, 2, 3, 4, 5, 6, 7, 8, 9, 10, 11, 12, 13, 14, 15, 16, 17, 18, 19, 20, 21, 22, 23, 24, 25, 26, 27, 28, 29, 30, 31, 32, 33, 34, 35, 36, 37, 38, 39, 40, 41, 42, 43, 44, 45, 46, 47, 48, 49, 50, 51, 52, 53, 54, 55, 56, 57, 58, 59, 60, 61, 62, 63, 64, 65, 66, 67, 68, 69, 70, 71, 72, 73, 74, 75, 76, 77, 78, 79, 80, 81, 82, 83, 84, 85, 86, 87, 88, 89, 90, 91, 92, 93, 94, 95, 96, 97, 98, 99, 100, 101, 102, 103, 104, 105, 106, 107, 108, 109, 110, 111, 112, 113, 114, 115, 116, 117, 118, 119, 120, 121, 122, 123, 124, 125, 126, 127, 128, 129, 130, 131, 132, 133, 134, 135, 136, 137, 138, 139, 140, 141, 142, 143, 144, 145, 146, 147, 148, 149, 150, 151, 152]}, {"task": "RouteStick", "difficulty": "easy", "spec_path": "/data/hongzefu/robomme_benchmark_MotionJEPANewTask/artifacts/injection/20260912-contract-v3-10/specs/RouteStick/easy.json", "output_root": "/data/hongzefu/robomme_benchmark_MotionJEPANewTask/artifacts/injection/20260912-contract-v3-10/feasibility/P01x20/RouteStick/easy", "episodes": [0, 1, 2, 3, 4, 5, 6, 7, 8, 9, 10, 11, 12, 13, 14, 15, 16, 17, 18, 19, 20, 21, 22, 23, 24, 25, 26, 27, 28, 29, 30, 31, 32, 33, 34, 35, 36, 37, 38, 39, 40, 41, 42, 43, 44, 45, 46, 47, 48, 49, 50, 51, 52, 53, 54, 55, 56, 57, 58, 59, 60, 61, 62, 63, 64, 65, 66, 67, 68, 69, 70, 71, 72, 73, 74, 75, 76, 77, 78, 79, 80, 81, 82, 83, 84, 85, 86, 87, 88, 89, 90, 91, 92, 93, 94, 95, 96, 97, 98, 99, 100, 101, 102, 103, 104, 105, 106, 107, 108, 109, 110, 111, 112, 113, 114]}, {"task": "RouteStick", "difficulty": "medium", "spec_path": "/data/hongzefu/robomme_benchmark_MotionJEPANewTask/artifacts/injection/20260912-contract-v3-10/specs/RouteStick/medium.json", "output_root": "/data/hongzefu/robomme_benchmark_MotionJEPANewTask/artifacts/injection/20260912-contract-v3-10/feasibility/P01x20/RouteStick/medium", "episodes": [0, 1, 2, 3, 4, 5, 6, 7, 8, 9, 10, 11, 12, 13, 14, 15, 16, 17, 18, 19, 20, 21, 22, 23, 24, 25, 26, 27, 28, 29, 30, 31, 32, 33, 34, 35, 36, 37, 38, 39, 40, 41, 42, 43, 44, 45, 46, 47, 48, 49, 50, 51, 52, 53, 54, 55, 56, 57, 58, 59, 60, 61, 62, 63, 64, 65, 66, 67, 68, 69, 70, 71, 72, 73, 74, 75, 76, 77, 78, 79, 80, 81, 82, 83, 84, 85, 86, 87, 88, 89, 90, 91, 92, 93, 94, 95, 96, 97, 98, 99, 100, 101, 102, 103, 104, 105, 106, 107, 108, 109, 110, 111, 112, 113, 114]}, {"task": "RouteStick", "difficulty": "hard", "spec_path": "/data/hongzefu/robomme_benchmark_MotionJEPANewTask/artifacts/injection/20260912-contract-v3-10/specs/RouteStick/hard.json", "output_root": "/data/hongzefu/robomme_benchmark_MotionJEPANewTask/artifacts/injection/20260912-contract-v3-10/feasibility/P01x20/RouteStick/hard", "episodes": [0, 1, 2, 3, 4, 5, 6, 7, 8, 9, 10, 11, 12, 13, 14, 15, 16, 17, 18, 19, 20, 21, 22, 23, 24, 25, 26, 27, 28, 29, 30, 31, 32, 33, 34, 35, 36, 37, 38, 39, 40, 41, 42, 43, 44, 45, 46, 47, 48, 49, 50, 51, 52, 53, 54, 55, 56, 57, 58, 59, 60, 61, 62, 63, 64, 65, 66, 67, 68, 69, 70, 71, 72, 73, 74, 75, 76, 77, 78, 79, 80, 81, 82, 83, 84, 85, 86, 87, 88, 89, 90, 91, 92, 93, 94, 95, 96, 97, 98, 99, 100, 101, 102, 103, 104, 105, 106, 107, 108, 109, 110, 111, 112, 113, 114]}, {"task": "VideoUnmaskSwap", "difficulty": "easy", "spec_path": "/data/hongzefu/robomme_benchmark_MotionJEPANewTask/artifacts/injection/20260912-contract-v3-10/specs/VideoUnmaskSwap/easy.json", "output_root": "/data/hongzefu/robomme_benchmark_MotionJEPANewTask/artifacts/injection/20260912-contract-v3-10/feasibility/P01x20/VideoUnmaskSwap/easy", "episodes": [0, 1, 2, 3, 4, 5, 6, 7, 8, 9, 10, 11, 12, 13, 14, 15, 16, 17, 18, 19, 20, 21, 22, 23, 24, 25, 26, 27, 28, 29, 30, 31, 32, 33, 34, 35, 36, 37, 38, 39, 40, 41, 42, 43, 44, 45, 46, 47, 48, 49, 50, 51, 52, 53, 54, 55, 56, 57, 58, 59, 60, 61, 62, 63, 64, 65, 66, 67, 68, 69, 70, 71, 72, 73, 74, 75, 76, 77, 78, 79, 80, 81, 82, 83, 84, 85, 86, 87, 88, 89, 90, 91, 92, 93, 94, 95, 96, 97, 98, 99, 100, 101, 102, 103, 104, 105, 106, 107, 108, 109, 110, 111, 112, 113, 114]}, {"task": "VideoUnmaskSwap", "difficulty": "medium", "spec_path": "/data/hongzefu/robomme_benchmark_MotionJEPANewTask/artifacts/injection/20260912-contract-v3-10/specs/VideoUnmaskSwap/medium.json", "output_root": "/data/hongzefu/robomme_benchmark_MotionJEPANewTask/artifacts/injection/20260912-contract-v3-10/feasibility/P01x20/VideoUnmaskSwap/medium", "episodes": [0, 1, 2, 3, 4, 5, 6, 7, 8, 9, 10, 11, 12, 13, 14, 15, 16, 17, 18, 19, 20, 21, 22, 23, 24, 25, 26, 27, 28, 29, 30, 31, 32, 33, 34, 35, 36, 37, 38, 39, 40, 41, 42, 43, 44, 45, 46, 47, 48, 49, 50, 51, 52, 53, 54, 55, 56, 57, 58, 59, 60, 61, 62, 63, 64, 65, 66, 67, 68, 69, 70, 71, 72, 73, 74, 75, 76, 77, 78, 79, 80, 81, 82, 83, 84, 85, 86, 87, 88, 89, 90, 91, 92, 93, 94, 95, 96, 97, 98, 99, 100, 101, 102, 103, 104, 105, 106, 107, 108, 109, 110, 111, 112, 113, 114]}, {"task": "VideoUnmaskSwap", "difficulty": "hard", "spec_path": "/data/hongzefu/robomme_benchmark_MotionJEPANewTask/artifacts/injection/20260912-contract-v3-10/specs/VideoUnmaskSwap/hard.json", "output_root": "/data/hongzefu/robomme_benchmark_MotionJEPANewTask/artifacts/injection/20260912-contract-v3-10/feasibility/P01x20/VideoUnmaskSwap/hard", "episodes": [0, 1, 2, 3, 4, 5, 6, 7, 8, 9, 10, 11, 12, 13, 14, 15, 16, 17, 18, 19, 20, 21, 22, 23, 24, 25, 26, 27, 28, 29, 30, 31, 32, 33, 34, 35, 36, 37, 38, 39, 40, 41, 42, 43, 44, 45, 46, 47, 48, 49, 50, 51, 52, 53, 54, 55, 56, 57, 58, 59, 60, 61, 62, 63, 64, 65, 66, 67, 68, 69, 70, 71, 72, 73, 74, 75, 76, 77, 78, 79, 80, 81, 82, 83, 84, 85, 86, 87, 88, 89, 90, 91, 92, 93, 94, 95, 96, 97, 98, 99, 100, 101, 102, 103, 104, 105, 106, 107, 108, 109, 110, 111, 112, 113, 114]}, {"task": "VideoRepick", "difficulty": "easy", "spec_path": "/data/hongzefu/robomme_benchmark_MotionJEPANewTask/artifacts/injection/20260912-contract-v3-10/specs/VideoRepick/easy.json", "output_root": "/data/hongzefu/robomme_benchmark_MotionJEPANewTask/artifacts/injection/20260912-contract-v3-10/feasibility/P01x20/VideoRepick/easy", "episodes": [0, 1, 2, 3, 4, 5, 6, 7, 8, 9, 10, 11, 12, 13, 14, 15, 16, 17, 18, 19, 20, 21, 22, 23, 24, 25, 26, 27, 28, 29, 30, 31, 32, 33, 34, 35, 36, 37, 38, 39, 40, 41, 42, 43, 44, 45, 46, 47, 48, 49, 50, 51, 52, 53, 54, 55, 56, 57, 58, 59, 60, 61, 62, 63, 64, 65, 66, 67, 68, 69, 70, 71, 72, 73, 74, 75, 76, 77, 78, 79, 80, 81, 82, 83, 84, 85, 86, 87, 88, 89, 90, 91, 92, 93, 94, 95, 96, 97, 98, 99, 100, 101, 102, 103, 104, 105, 106, 107, 108, 109, 110, 111, 112, 113, 114, 115, 116, 117, 118, 119, 120, 121, 122, 123, 124, 125, 126, 127, 128, 129, 130, 131, 132, 133, 134, 135, 136, 137, 138, 139, 140, 141, 142, 143, 144, 145, 146, 147, 148, 149, 150, 151, 152, 153, 154]}, {"task": "VideoRepick", "difficulty": "medium", "spec_path": "/data/hongzefu/robomme_benchmark_MotionJEPANewTask/artifacts/injection/20260912-contract-v3-10/specs/VideoRepick/medium.json", "output_root": "/data/hongzefu/robomme_benchmark_MotionJEPANewTask/artifacts/injection/20260912-contract-v3-10/feasibility/P01x20/VideoRepick/medium", "episodes": [0, 1, 2, 3, 4, 5, 6, 7, 8, 9, 10, 11, 12, 13, 14, 15, 16, 17, 18, 19, 20, 21, 22, 23, 24, 25, 26, 27, 28, 29, 30, 31, 32, 33, 34, 35, 36, 37, 38, 39, 40, 41, 42, 43, 44, 45, 46, 47, 48, 49, 50, 51, 52, 53, 54, 55, 56, 57, 58, 59, 60, 61, 62, 63, 64, 65, 66, 67, 68, 69, 70, 71, 72, 73, 74, 75, 76, 77, 78, 79, 80, 81, 82, 83, 84, 85, 86, 87, 88, 89, 90, 91, 92, 93, 94, 95, 96, 97, 98, 99, 100, 101, 102, 103, 104, 105, 106, 107, 108, 109, 110, 111, 112, 113, 114, 115, 116, 117, 118, 119, 120, 121, 122, 123, 124, 125, 126, 127, 128, 129, 130, 131, 132, 133, 134, 135, 136, 137, 138, 139, 140, 141, 142, 143, 144, 145, 146, 147, 148, 149, 150, 151, 152]}, {"task": "RouteStick", "difficulty": "xhard", "spec_path": "/data/hongzefu/robomme_benchmark_MotionJEPANewTask/artifacts/injection/20260912-contract-v3-10/specs/RouteStick/xhard.json", "output_root": "/data/hongzefu/robomme_benchmark_MotionJEPANewTask/artifacts/injection/20260912-contract-v3-10/feasibility/P01x20/RouteStick/xhard", "episodes": [0, 1, 2, 3, 4, 5, 6, 7, 8, 9, 10, 11, 12, 13, 14, 15, 16, 17, 18, 19, 20, 21, 22, 23, 24, 25, 26, 27, 28, 29, 30, 31, 32, 33, 34, 35, 36, 37, 38, 39, 40, 41, 42, 43, 44, 45, 46, 47, 48, 49, 50, 51, 52, 53, 54, 55, 56, 57, 58, 59, 60, 61, 62, 63, 64, 65, 66, 67, 68, 69, 70, 71, 72, 73, 74, 75, 76, 77, 78, 79, 80, 81, 82, 83, 84, 85, 86, 87, 88, 89, 90, 91, 92, 93, 94, 95, 96, 97, 98, 99, 100, 101, 102, 103, 104, 105, 106, 107, 108, 109, 110, 111, 112, 113, 114]}, {"task": "VideoUnmaskSwap", "difficulty": "xhard", "spec_path": "/data/hongzefu/robomme_benchmark_MotionJEPANewTask/artifacts/injection/20260912-contract-v3-10/specs/VideoUnmaskSwap/xhard.json", "output_root": "/data/hongzefu/robomme_benchmark_MotionJEPANewTask/artifacts/injection/20260912-contract-v3-10/feasibility/P01x20/VideoUnmaskSwap/xhard", "episodes": [0, 1, 2, 3, 4, 5, 6, 7, 8, 9, 10, 11, 12, 13, 14, 15, 16, 17, 18, 19, 20, 21, 22, 23, 24, 25, 26, 27, 28, 29, 30, 31, 32, 33, 34, 35, 36, 37, 38, 39, 40, 41, 42, 43, 44, 45, 46, 47, 48, 49, 50, 51, 52, 53, 54, 55, 56, 57, 58, 59, 60, 61, 62, 63, 64, 65, 66, 67, 68, 69, 70, 71, 72, 73, 74, 75, 76, 77, 78, 79, 80, 81, 82, 83, 84, 85, 86, 87, 88, 89, 90, 91, 92, 93, 94, 95, 96, 97, 98, 99, 100, 101, 102, 103, 104, 105, 106, 107, 108, 109, 110, 111, 112, 113, 114]}, {"task": "VideoRepick", "difficulty": "xhard", "spec_path": "/data/hongzefu/robomme_benchmark_MotionJEPANewTask/artifacts/injection/20260912-contract-v3-10/specs/VideoRepick/xhard.json", "output_root": "/data/hongzefu/robomme_benchmark_MotionJEPANewTask/artifacts/injection/20260912-contract-v3-10/feasibility/P01x20/VideoRepick/xhard", "episodes": [0, 1, 2, 3, 4, 5, 6, 7, 8, 9, 10, 11, 12, 13, 14, 15, 16, 17, 18, 19, 20, 21, 22, 23, 24, 25, 26, 27, 28, 29, 30, 31, 32, 33, 34, 35, 36, 37, 38, 39, 40, 41, 42, 43, 44, 45, 46, 47, 48, 49, 50, 51, 52, 53, 54, 55, 56, 57, 58, 59, 60, 61, 62, 63, 64, 65, 66, 67, 68, 69, 70, 71, 72, 73, 74, 75, 76, 77, 78, 79, 80, 81, 82, 83, 84, 85, 86, 87, 88, 89, 90, 91, 92, 93, 94, 95, 96, 97, 98, 99, 100, 101, 102, 103, 104, 105, 106, 107, 108, 109, 110, 111, 112, 113, 114, 115, 116, 117, 118, 119, 120, 121, 122, 123, 124, 125, 126, 127, 128, 129, 130, 131, 132, 133, 134, 135, 136, 137, 138, 139, 140, 141, 142, 143, 144, 145, 146, 147, 148, 149, 150, 151, 152]}], "requested_jobs": 1842}, "requested_count": 1842, "success_count": 1796, "exhausted_count": 46, "elapsed_s": 6684.4, "throughput_ep_per_min": 16.12, "peak_rss_mb": 7045.1, "video_status_counts": {"complete": 1818, "frame_mismatch": 3, "missing": 0, "no_close": 21, "unrecorded": 0}, "timeout_count": 21, "binfill_demo_converted": 438}
