2026/09/07 23:25:44.826, 0, 0 %, 1017 MiB
2026/09/07 23:25:44.829, 1, 0 %, 9 MiB
2026/09/07 23:25:45.331, 0, 0 %, 1017 MiB
2026/09/07 23:25:45.331, 1, 0 %, 9 MiB
2026/09/07 23:25:45.832, 0, 0 %, 1017 MiB
2026/09/07 23:25:45.913, 1, 0 %, 9 MiB
2026/09/07 23:25:46.413, 0, 0 %, 1017 MiB
2026/09/07 23:25:46.498, 1, 0 %, 9 MiB
2026/09/07 23:25:47.127, 0, 0 %, 1017 MiB
2026/09/07 23:25:47.137, 1, 0 %, 9 MiB
2026/09/07 23:25:47.759, 0, 0 %, 1017 MiB
2026/09/07 23:25:47.991, 1, 0 %, 9 MiB
2026/09/07 23:25:48.733, 0, 0 %, 1017 MiB
2026/09/07 23:25:48.955, 1, 0 %, 9 MiB
2026/09/07 23:25:49.926, 0, 0 %, 1017 MiB
2026/09/07 23:25:50.038, 1, 0 %, 9 MiB
2026/09/07 23:25:50.779, 0, 0 %, 1017 MiB
2026/09/07 23:25:50.785, 1, 0 %, 9 MiB
2026/09/07 23:25:51.288, 0, 0 %, 1017 MiB
2026/09/07 23:25:51.398, 1, 0 %, 9 MiB
2026/09/07 23:25:51.902, 0, 0 %, 1017 MiB
2026/09/07 23:25:51.903, 1, 0 %, 9 MiB
2026/09/07 23:25:52.407, 0, 0 %, 1017 MiB
2026/09/07 23:25:52.529, 1, 0 %, 9 MiB
2026/09/07 23:25:53.146, 0, 0 %, 1017 MiB
2026/09/07 23:25:53.152, 1, 0 %, 9 MiB
2026/09/07 23:25:53.658, 0, 0 %, 1017 MiB
2026/09/07 23:25:53.660, 1, 0 %, 9 MiB
2026/09/07 23:25:54.635, 0, 0 %, 1017 MiB
2026/09/07 23:25:54.738, 1, 0 %, 9 MiB
2026/09/07 23:25:55.243, 0, 0 %, 1017 MiB
2026/09/07 23:25:55.348, 1, 0 %, 9 MiB
2026/09/07 23:25:56.319, 0, 0 %, 1017 MiB
2026/09/07 23:25:56.426, 1, 0 %, 9 MiB
2026/09/07 23:25:57.281, 0, 0 %, 1017 MiB
2026/09/07 23:25:57.283, 1, 0 %, 9 MiB
2026/09/07 23:25:58.020, 0, 0 %, 1017 MiB
2026/09/07 23:25:58.127, 1, 0 %, 9 MiB
2026/09/07 23:25:58.747, 0, 0 %, 1017 MiB
2026/09/07 23:25:58.860, 1, 0 %, 9 MiB
2026/09/07 23:25:59.478, 0, 0 %, 1017 MiB
2026/09/07 23:25:59.580, 1, 0 %, 9 MiB
2026/09/07 23:26:00.196, 0, 0 %, 1033 MiB
2026/09/07 23:26:00.305, 1, 0 %, 9 MiB
2026/09/07 23:26:00.924, 0, 0 %, 1068 MiB
2026/09/07 23:26:00.930, 1, 0 %, 9 MiB
2026/09/07 23:26:01.549, 0, 0 %, 1250 MiB
2026/09/07 23:26:01.557, 1, 0 %, 9 MiB
2026/09/07 23:26:02.061, 0, 0 %, 1303 MiB
2026/09/07 23:26:02.092, 1, 0 %, 9 MiB
2026/09/07 23:26:02.596, 0, 0 %, 1343 MiB
2026/09/07 23:26:02.599, 1, 0 %, 9 MiB
2026/09/07 23:26:03.101, 0, 0 %, 1398 MiB
2026/09/07 23:26:03.105, 1, 0 %, 9 MiB
2026/09/07 23:26:03.608, 0, 1 %, 1479 MiB
2026/09/07 23:26:03.711, 1, 0 %, 9 MiB
2026/09/07 23:26:04.365, 0, 1 %, 1443 MiB
2026/09/07 23:26:04.370, 1, 0 %, 9 MiB
2026/09/07 23:26:04.872, 0, 0 %, 1255 MiB
2026/09/07 23:26:04.995, 1, 0 %, 9 MiB
2026/09/07 23:26:05.639, 0, 0 %, 1113 MiB
2026/09/07 23:26:05.640, 1, 0 %, 17 MiB
2026/09/07 23:26:06.143, 0, 0 %, 1042 MiB
2026/09/07 23:26:06.203, 1, 0 %, 28 MiB
2026/09/07 23:26:06.854, 0, 0 %, 1146 MiB
2026/09/07 23:26:06.857, 1, 1 %, 57 MiB
2026/09/07 23:26:07.360, 0, 0 %, 1180 MiB
2026/09/07 23:26:07.365, 1, 1 %, 92 MiB
2026/09/07 23:26:07.870, 0, 3 %, 1295 MiB
2026/09/07 23:26:07.873, 1, 1 %, 124 MiB
2026/09/07 23:26:08.379, 0, 3 %, 1343 MiB
2026/09/07 23:26:08.382, 1, 0 %, 129 MiB
2026/09/07 23:26:08.884, 0, 0 %, 1476 MiB
2026/09/07 23:26:08.889, 1, 0 %, 235 MiB
2026/09/07 23:26:09.395, 0, 2 %, 1536 MiB
2026/09/07 23:26:09.536, 1, 2 %, 348 MiB
2026/09/07 23:26:10.184, 0, 2 %, 1620 MiB
2026/09/07 23:26:10.188, 1, 2 %, 386 MiB
2026/09/07 23:26:10.693, 0, 2 %, 1688 MiB
2026/09/07 23:26:10.793, 1, 1 %, 532 MiB
2026/09/07 23:26:11.302, 0, 0 %, 1750 MiB
2026/09/07 23:26:11.307, 1, 1 %, 1026 MiB
2026/09/07 23:26:11.813, 0, 3 %, 1912 MiB
2026/09/07 23:26:11.817, 1, 1 %, 1141 MiB
2026/09/07 23:26:12.325, 0, 3 %, 1964 MiB
2026/09/07 23:26:12.326, 1, 2 %, 1283 MiB
2026/09/07 23:26:12.833, 0, 32 %, 2316 MiB
2026/09/07 23:26:12.840, 1, 2 %, 1501 MiB
2026/09/07 23:26:13.347, 0, 32 %, 2548 MiB
2026/09/07 23:26:13.355, 1, 6 %, 1901 MiB
2026/09/07 23:26:13.865, 0, 7 %, 2658 MiB
2026/09/07 23:26:13.885, 1, 1 %, 2065 MiB
2026/09/07 23:26:14.395, 0, 7 %, 3091 MiB
2026/09/07 23:26:14.405, 1, 1 %, 2354 MiB
2026/09/07 23:26:14.913, 0, 4 %, 3534 MiB
2026/09/07 23:26:14.943, 1, 19 %, 2815 MiB
2026/09/07 23:26:15.470, 0, 4 %, 3782 MiB
2026/09/07 23:26:15.509, 1, 19 %, 3008 MiB
2026/09/07 23:26:16.020, 0, 1 %, 4057 MiB
2026/09/07 23:26:16.042, 1, 1 %, 3388 MiB
2026/09/07 23:26:16.696, 0, 1 %, 4402 MiB
2026/09/07 23:26:16.708, 1, 1 %, 3718 MiB
2026/09/07 23:26:17.219, 0, 15 %, 5004 MiB
2026/09/07 23:26:17.233, 1, 3 %, 4021 MiB
2026/09/07 23:26:17.753, 0, 15 %, 5267 MiB
2026/09/07 23:26:17.761, 1, 3 %, 4551 MiB
2026/09/07 23:26:18.270, 0, 7 %, 6758 MiB
2026/09/07 23:26:18.322, 1, 4 %, 5708 MiB
2026/09/07 23:26:18.842, 0, 7 %, 7107 MiB
2026/09/07 23:26:18.903, 1, 4 %, 5790 MiB
2026/09/07 23:26:19.422, 0, 1 %, 7547 MiB
2026/09/07 23:26:19.431, 1, 1 %, 6032 MiB
2026/09/07 23:26:19.939, 0, 1 %, 8197 MiB
2026/09/07 23:26:19.946, 1, 1 %, 8039 MiB
2026/09/07 23:26:20.457, 0, 12 %, 9218 MiB
2026/09/07 23:26:20.494, 1, 17 %, 9472 MiB
2026/09/07 23:26:21.014, 0, 27 %, 9704 MiB
2026/09/07 23:26:21.077, 1, 7 %, 9654 MiB
2026/09/07 23:26:21.741, 0, 27 %, 10524 MiB
2026/09/07 23:26:21.742, 1, 24 %, 10133 MiB
2026/09/07 23:26:22.243, 0, 49 %, 11595 MiB
2026/09/07 23:26:22.250, 1, 24 %, 10958 MiB
2026/09/07 23:26:22.755, 0, 49 %, 13487 MiB
2026/09/07 23:26:22.850, 1, 24 %, 11520 MiB
2026/09/07 23:26:23.358, 0, 17 %, 13553 MiB
2026/09/07 23:26:23.359, 1, 22 %, 12056 MiB
2026/09/07 23:26:23.868, 0, 17 %, 13553 MiB
2026/09/07 23:26:23.981, 1, 22 %, 12056 MiB
2026/09/07 23:26:24.624, 0, 23 %, 13553 MiB
2026/09/07 23:26:24.629, 1, 22 %, 12056 MiB
2026/09/07 23:26:25.139, 0, 23 %, 13553 MiB
2026/09/07 23:26:25.143, 1, 23 %, 12056 MiB
2026/09/07 23:26:25.653, 0, 23 %, 13553 MiB
2026/09/07 23:26:25.656, 1, 23 %, 12056 MiB
2026/09/07 23:26:26.166, 0, 19 %, 13553 MiB
2026/09/07 23:26:26.175, 1, 25 %, 12056 MiB
2026/09/07 23:26:26.684, 0, 22 %, 13483 MiB
2026/09/07 23:26:26.805, 1, 25 %, 12056 MiB
2026/09/07 23:26:27.451, 0, 22 %, 13336 MiB
2026/09/07 23:26:27.456, 1, 27 %, 12056 MiB
2026/09/07 23:26:27.965, 0, 18 %, 12786 MiB
2026/09/07 23:26:27.968, 1, 27 %, 12056 MiB
2026/09/07 23:26:28.478, 0, 18 %, 12786 MiB
2026/09/07 23:26:28.483, 1, 23 %, 12056 MiB
2026/09/07 23:26:28.992, 0, 2 %, 12576 MiB
2026/09/07 23:26:29.068, 1, 21 %, 12056 MiB
2026/09/07 23:26:29.719, 0, 2 %, 12018 MiB
2026/09/07 23:26:29.725, 1, 21 %, 12056 MiB
2026/09/07 23:26:30.231, 0, 2 %, 12018 MiB
2026/09/07 23:26:30.233, 1, 0 %, 12056 MiB
2026/09/07 23:26:30.741, 0, 20 %, 12018 MiB
2026/09/07 23:26:30.879, 1, 0 %, 12056 MiB
2026/09/07 23:26:31.391, 0, 20 %, 12018 MiB
2026/09/07 23:26:31.397, 1, 0 %, 12056 MiB
2026/09/07 23:26:31.907, 0, 1 %, 12018 MiB
2026/09/07 23:26:31.996, 1, 21 %, 12056 MiB
2026/09/07 23:26:32.507, 0, 1 %, 12018 MiB
2026/09/07 23:26:32.509, 1, 21 %, 12056 MiB
2026/09/07 23:26:33.018, 0, 12 %, 12018 MiB
2026/09/07 23:26:33.022, 1, 21 %, 12056 MiB
2026/09/07 23:26:33.531, 0, 12 %, 11848 MiB
2026/09/07 23:26:33.533, 1, 27 %, 12056 MiB
2026/09/07 23:26:34.043, 0, 13 %, 11251 MiB
2026/09/07 23:26:34.045, 1, 5 %, 12056 MiB
2026/09/07 23:26:34.555, 0, 13 %, 11251 MiB
2026/09/07 23:26:34.671, 1, 5 %, 12056 MiB
2026/09/07 23:26:35.318, 0, 15 %, 11251 MiB
2026/09/07 23:26:35.368, 1, 5 %, 12056 MiB
2026/09/07 23:26:36.014, 0, 17 %, 11260 MiB
2026/09/07 23:26:36.017, 1, 17 %, 12056 MiB
2026/09/07 23:26:36.529, 0, 17 %, 11260 MiB
2026/09/07 23:26:36.537, 1, 17 %, 12056 MiB
2026/09/07 23:26:37.047, 0, 1 %, 11267 MiB
2026/09/07 23:26:37.050, 1, 19 %, 12056 MiB
2026/09/07 23:26:37.556, 0, 1 %, 11267 MiB
2026/09/07 23:26:37.657, 1, 19 %, 12056 MiB
2026/09/07 23:26:38.310, 0, 21 %, 11278 MiB
2026/09/07 23:26:38.317, 1, 21 %, 12056 MiB
2026/09/07 23:26:38.826, 0, 21 %, 11283 MiB
2026/09/07 23:26:38.908, 1, 23 %, 12056 MiB
2026/09/07 23:26:39.550, 0, 22 %, 11270 MiB
2026/09/07 23:26:39.552, 1, 23 %, 12056 MiB
2026/09/07 23:26:40.060, 0, 22 %, 11268 MiB
2026/09/07 23:26:40.132, 1, 24 %, 12056 MiB
2026/09/07 23:26:40.778, 0, 21 %, 11267 MiB
2026/09/07 23:26:40.783, 1, 24 %, 12056 MiB
2026/09/07 23:26:41.288, 0, 21 %, 11252 MiB
2026/09/07 23:26:41.371, 1, 21 %, 12056 MiB
2026/09/07 23:26:41.878, 0, 0 %, 11260 MiB
2026/09/07 23:26:41.880, 1, 23 %, 11846 MiB
2026/09/07 23:26:42.388, 0, 19 %, 11267 MiB
2026/09/07 23:26:42.394, 1, 23 %, 11834 MiB
2026/09/07 23:26:42.898, 0, 19 %, 11251 MiB
2026/09/07 23:26:42.934, 1, 21 %, 11303 MiB
2026/09/07 23:26:43.442, 0, 25 %, 11251 MiB
2026/09/07 23:26:43.444, 1, 21 %, 11303 MiB
2026/09/07 23:26:43.951, 0, 25 %, 11251 MiB
2026/09/07 23:26:44.050, 1, 18 %, 11303 MiB
2026/09/07 23:26:44.553, 0, 1 %, 11260 MiB
2026/09/07 23:26:44.558, 1, 1 %, 11303 MiB
2026/09/07 23:26:45.066, 0, 1 %, 11251 MiB
2026/09/07 23:26:45.072, 1, 1 %, 11303 MiB
2026/09/07 23:26:45.578, 0, 0 %, 11251 MiB
2026/09/07 23:26:45.584, 1, 22 %, 11303 MiB
2026/09/07 23:26:46.090, 0, 0 %, 11260 MiB
2026/09/07 23:26:46.095, 1, 22 %, 11133 MiB
2026/09/07 23:26:46.599, 0, 21 %, 11271 MiB
2026/09/07 23:26:46.610, 1, 21 %, 11081 MiB
2026/09/07 23:26:47.124, 0, 21 %, 11258 MiB
2026/09/07 23:26:47.146, 1, 21 %, 10550 MiB
2026/09/07 23:26:47.657, 0, 9 %, 11262 MiB
2026/09/07 23:26:47.660, 1, 19 %, 10333 MiB
2026/09/07 23:26:48.168, 0, 2 %, 11105 MiB
2026/09/07 23:26:48.172, 1, 19 %, 10328 MiB
2026/09/07 23:26:48.680, 0, 2 %, 11059 MiB
2026/09/07 23:26:48.755, 1, 12 %, 9798 MiB
2026/09/07 23:26:49.262, 0, 2 %, 10517 MiB
2026/09/07 23:26:49.266, 1, 12 %, 9798 MiB
2026/09/07 23:26:49.775, 0, 16 %, 10530 MiB
2026/09/07 23:26:49.778, 1, 1 %, 9798 MiB
2026/09/07 23:26:50.283, 0, 16 %, 10547 MiB
2026/09/07 23:26:50.382, 1, 1 %, 9798 MiB
2026/09/07 23:26:51.031, 0, 6 %, 10623 MiB
2026/09/07 23:26:51.053, 1, 7 %, 9798 MiB
2026/09/07 23:26:51.562, 0, 6 %, 10641 MiB
2026/09/07 23:26:51.685, 1, 8 %, 9798 MiB
2026/09/07 23:26:52.195, 0, 1 %, 10729 MiB
2026/09/07 23:26:52.290, 1, 8 %, 9798 MiB
2026/09/07 23:26:52.799, 0, 1 %, 10736 MiB
2026/09/07 23:26:52.800, 1, 8 %, 9798 MiB
2026/09/07 23:26:53.301, 0, 1 %, 10643 MiB
2026/09/07 23:26:53.306, 1, 20 %, 9576 MiB
2026/09/07 23:26:53.809, 0, 0 %, 10680 MiB
2026/09/07 23:26:53.814, 1, 20 %, 9575 MiB
2026/09/07 23:26:54.315, 0, 0 %, 10538 MiB
2026/09/07 23:26:54.319, 1, 4 %, 9045 MiB
2026/09/07 23:26:54.825, 0, 0 %, 10697 MiB
2026/09/07 23:26:54.930, 1, 4 %, 9045 MiB
2026/09/07 23:26:55.576, 0, 0 %, 10601 MiB
2026/09/07 23:26:55.576, 1, 4 %, 9045 MiB
2026/09/07 23:26:56.100, 0, 7 %, 10011 MiB
2026/09/07 23:26:56.155, 1, 11 %, 9045 MiB
2026/09/07 23:26:56.661, 0, 7 %, 9886 MiB
2026/09/07 23:26:56.662, 1, 11 %, 9045 MiB
2026/09/07 23:26:57.169, 0, 7 %, 9878 MiB
2026/09/07 23:26:57.331, 1, 1 %, 9045 MiB
2026/09/07 23:26:57.839, 0, 7 %, 9198 MiB
2026/09/07 23:26:57.968, 1, 1 %, 9045 MiB
2026/09/07 23:26:58.480, 0, 7 %, 8808 MiB
2026/09/07 23:26:58.489, 1, 8 %, 9045 MiB
2026/09/07 23:26:58.993, 0, 19 %, 8354 MiB
2026/09/07 23:26:59.001, 1, 8 %, 9045 MiB
2026/09/07 23:26:59.509, 0, 0 %, 8354 MiB
2026/09/07 23:26:59.607, 1, 0 %, 9045 MiB
2026/09/07 23:27:00.254, 0, 0 %, 8427 MiB
2026/09/07 23:27:00.340, 1, 0 %, 9045 MiB
2026/09/07 23:27:00.981, 0, 1 %, 8437 MiB
2026/09/07 23:27:01.040, 1, 1 %, 9045 MiB
2026/09/07 23:27:01.684, 0, 1 %, 8435 MiB
2026/09/07 23:27:01.739, 1, 1 %, 9045 MiB
2026/09/07 23:27:02.243, 0, 0 %, 8435 MiB
2026/09/07 23:27:02.372, 1, 6 %, 9045 MiB
2026/09/07 23:27:02.882, 0, 0 %, 8847 MiB
2026/09/07 23:27:02.913, 1, 14 %, 9045 MiB
2026/09/07 23:27:03.551, 0, 0 %, 8913 MiB
2026/09/07 23:27:03.660, 1, 14 %, 9045 MiB
2026/09/07 23:27:04.168, 0, 3 %, 8934 MiB
2026/09/07 23:27:04.169, 1, 14 %, 9045 MiB
2026/09/07 23:27:04.675, 0, 3 %, 8934 MiB
2026/09/07 23:27:04.745, 1, 16 %, 9050 MiB
2026/09/07 23:27:05.252, 0, 18 %, 8727 MiB
2026/09/07 23:27:05.261, 1, 19 %, 9052 MiB
2026/09/07 23:27:05.768, 0, 18 %, 8731 MiB
2026/09/07 23:27:05.802, 1, 19 %, 9053 MiB
2026/09/07 23:27:06.308, 0, 14 %, 8198 MiB
2026/09/07 23:27:06.309, 1, 20 %, 9064 MiB
2026/09/07 23:27:06.815, 0, 14 %, 8178 MiB
2026/09/07 23:27:06.893, 1, 20 %, 9074 MiB
2026/09/07 23:27:07.542, 0, 14 %, 8196 MiB
2026/09/07 23:27:07.545, 1, 20 %, 9084 MiB
2026/09/07 23:27:08.047, 0, 13 %, 8214 MiB
2026/09/07 23:27:08.053, 1, 15 %, 9097 MiB
2026/09/07 23:27:08.555, 0, 13 %, 8225 MiB
2026/09/07 23:27:08.677, 1, 15 %, 9135 MiB
2026/09/07 23:27:09.183, 0, 8 %, 8230 MiB
2026/09/07 23:27:09.189, 1, 22 %, 8945 MiB
2026/09/07 23:27:09.694, 0, 8 %, 8214 MiB
2026/09/07 23:27:09.698, 1, 19 %, 8499 MiB
2026/09/07 23:27:10.202, 0, 8 %, 8214 MiB
2026/09/07 23:27:10.205, 1, 19 %, 8568 MiB
2026/09/07 23:27:10.710, 0, 13 %, 8190 MiB
2026/09/07 23:27:10.717, 1, 0 %, 8610 MiB
2026/09/07 23:27:11.501, 0, 0 %, 8198 MiB
2026/09/07 23:27:11.636, 1, 0 %, 8630 MiB
2026/09/07 23:27:12.152, 0, 0 %, 8202 MiB
2026/09/07 23:27:12.161, 1, 0 %, 9188 MiB
2026/09/07 23:27:12.663, 0, 1 %, 8218 MiB
2026/09/07 23:27:12.669, 1, 3 %, 9204 MiB
2026/09/07 23:27:13.176, 0, 1 %, 8220 MiB
2026/09/07 23:27:13.180, 1, 3 %, 9038 MiB
2026/09/07 23:27:13.690, 0, 3 %, 8233 MiB
2026/09/07 23:27:13.696, 1, 12 %, 8657 MiB
2026/09/07 23:27:14.204, 0, 3 %, 8302 MiB
2026/09/07 23:27:14.206, 1, 15 %, 8682 MiB
2026/09/07 23:27:14.715, 0, 3 %, 8306 MiB
2026/09/07 23:27:14.722, 1, 15 %, 8685 MiB
2026/09/07 23:27:15.229, 0, 27 %, 8338 MiB
2026/09/07 23:27:15.235, 1, 16 %, 8755 MiB
2026/09/07 23:27:15.743, 0, 9 %, 8374 MiB
2026/09/07 23:27:15.745, 1, 16 %, 9323 MiB
2026/09/07 23:27:16.257, 0, 9 %, 8379 MiB
2026/09/07 23:27:16.263, 1, 16 %, 9332 MiB
2026/09/07 23:27:16.785, 0, 9 %, 8455 MiB
2026/09/07 23:27:16.787, 1, 16 %, 9335 MiB
2026/09/07 23:27:17.291, 0, 10 %, 8587 MiB
2026/09/07 23:27:17.299, 1, 16 %, 9747 MiB
2026/09/07 23:27:17.805, 0, 10 %, 8592 MiB
2026/09/07 23:27:17.810, 1, 16 %, 9838 MiB
2026/09/07 23:27:18.319, 0, 21 %, 9083 MiB
2026/09/07 23:27:18.327, 1, 13 %, 9853 MiB
2026/09/07 23:27:18.833, 0, 21 %, 9185 MiB
2026/09/07 23:27:18.975, 1, 18 %, 9913 MiB
2026/09/07 23:27:19.622, 0, 16 %, 9348 MiB
2026/09/07 23:27:19.627, 1, 18 %, 9913 MiB
2026/09/07 23:27:20.137, 0, 16 %, 9452 MiB
2026/09/07 23:27:20.140, 1, 19 %, 9983 MiB
2026/09/07 23:27:20.648, 0, 16 %, 9462 MiB
2026/09/07 23:27:20.658, 1, 19 %, 10047 MiB
2026/09/07 23:27:21.167, 0, 14 %, 9496 MiB
2026/09/07 23:27:21.172, 1, 20 %, 10068 MiB
2026/09/07 23:27:21.676, 0, 14 %, 10029 MiB
2026/09/07 23:27:21.679, 1, 20 %, 10070 MiB
2026/09/07 23:27:22.194, 0, 0 %, 10226 MiB
2026/09/07 23:27:22.197, 1, 7 %, 10480 MiB
2026/09/07 23:27:22.702, 0, 0 %, 10296 MiB
2026/09/07 23:27:22.704, 1, 7 %, 10550 MiB
2026/09/07 23:27:23.214, 0, 14 %, 10481 MiB
2026/09/07 23:27:23.321, 1, 21 %, 10334 MiB
2026/09/07 23:27:23.969, 0, 26 %, 11007 MiB
2026/09/07 23:27:23.971, 1, 15 %, 9798 MiB
2026/09/07 23:27:24.477, 0, 26 %, 11224 MiB
2026/09/07 23:27:24.503, 1, 15 %, 9664 MiB
2026/09/07 23:27:25.014, 0, 26 %, 11295 MiB
2026/09/07 23:27:25.032, 1, 14 %, 9588 MiB
2026/09/07 23:27:25.539, 0, 10 %, 11313 MiB
2026/09/07 23:27:25.596, 1, 10 %, 9588 MiB
2026/09/07 23:27:26.104, 0, 10 %, 11793 MiB
2026/09/07 23:27:26.107, 1, 10 %, 9045 MiB
2026/09/07 23:27:26.637, 0, 13 %, 11793 MiB
2026/09/07 23:27:26.793, 1, 13 %, 9045 MiB
2026/09/07 23:27:27.440, 0, 13 %, 12609 MiB
2026/09/07 23:27:27.445, 1, 16 %, 9045 MiB
2026/09/07 23:27:27.955, 0, 5 %, 12758 MiB
2026/09/07 23:27:27.957, 1, 16 %, 9045 MiB
2026/09/07 23:27:28.465, 0, 5 %, 12775 MiB
2026/09/07 23:27:28.468, 1, 17 %, 9045 MiB
2026/09/07 23:27:28.980, 0, 5 %, 12780 MiB
2026/09/07 23:27:28.991, 1, 17 %, 9045 MiB
2026/09/07 23:27:29.496, 0, 8 %, 12796 MiB
2026/09/07 23:27:29.497, 1, 17 %, 9045 MiB
2026/09/07 23:27:30.004, 0, 8 %, 12804 MiB
2026/09/07 23:27:30.119, 1, 18 %, 9050 MiB
2026/09/07 23:27:30.625, 0, 18 %, 12871 MiB
2026/09/07 23:27:30.626, 1, 18 %, 9053 MiB
2026/09/07 23:27:31.134, 0, 18 %, 12871 MiB
2026/09/07 23:27:31.138, 1, 16 %, 9064 MiB
2026/09/07 23:27:31.647, 0, 18 %, 12942 MiB
2026/09/07 23:27:31.652, 1, 16 %, 9064 MiB
2026/09/07 23:27:32.158, 0, 21 %, 13040 MiB
2026/09/07 23:27:32.170, 1, 14 %, 9100 MiB
2026/09/07 23:27:32.679, 0, 21 %, 13054 MiB
2026/09/07 23:27:32.738, 1, 15 %, 9092 MiB
2026/09/07 23:27:33.238, 0, 13 %, 13055 MiB
2026/09/07 23:27:33.257, 1, 15 %, 9160 MiB
2026/09/07 23:27:33.767, 0, 13 %, 13537 MiB
2026/09/07 23:27:33.910, 1, 19 %, 9160 MiB
2026/09/07 23:27:34.560, 0, 16 %, 13548 MiB
2026/09/07 23:27:34.561, 1, 14 %, 9305 MiB
2026/09/07 23:27:35.069, 0, 16 %, 13414 MiB
2026/09/07 23:27:35.084, 1, 15 %, 9152 MiB
2026/09/07 23:27:35.595, 0, 16 %, 13323 MiB
2026/09/07 23:27:35.604, 1, 15 %, 9107 MiB
2026/09/07 23:27:36.109, 0, 19 %, 12770 MiB
2026/09/07 23:27:36.130, 1, 3 %, 8658 MiB
2026/09/07 23:27:36.719, 0, 19 %, 12754 MiB
2026/09/07 23:27:36.858, 1, 3 %, 9064 MiB
2026/09/07 23:27:37.367, 0, 5 %, 12754 MiB
2026/09/07 23:27:37.368, 1, 3 %, 9092 MiB
2026/09/07 23:27:37.876, 0, 6 %, 12754 MiB
2026/09/07 23:27:37.888, 1, 1 %, 9092 MiB
2026/09/07 23:27:38.530, 0, 6 %, 12740 MiB
2026/09/07 23:27:38.621, 1, 1 %, 8820 MiB
2026/09/07 23:27:39.270, 0, 15 %, 12722 MiB
2026/09/07 23:27:39.372, 1, 15 %, 8190 MiB
2026/09/07 23:27:40.018, 0, 15 %, 12706 MiB
2026/09/07 23:27:40.080, 1, 15 %, 7655 MiB
2026/09/07 23:27:40.587, 0, 14 %, 12706 MiB
2026/09/07 23:27:40.638, 1, 15 %, 7789 MiB
2026/09/07 23:27:41.281, 0, 14 %, 12714 MiB
2026/09/07 23:27:41.283, 1, 15 %, 7809 MiB
2026/09/07 23:27:41.790, 0, 25 %, 12721 MiB
2026/09/07 23:27:41.795, 1, 11 %, 7810 MiB
2026/09/07 23:27:42.304, 0, 25 %, 12721 MiB
2026/09/07 23:27:42.438, 1, 1 %, 7812 MiB
2026/09/07 23:27:43.084, 0, 1 %, 11954 MiB
2026/09/07 23:27:43.089, 1, 1 %, 8074 MiB
2026/09/07 23:27:43.591, 0, 24 %, 11938 MiB
2026/09/07 23:27:43.711, 1, 2 %, 7544 MiB
2026/09/07 23:27:44.353, 0, 23 %, 11948 MiB
2026/09/07 23:27:44.361, 1, 2 %, 7546 MiB
2026/09/07 23:27:45.007, 0, 21 %, 11973 MiB
2026/09/07 23:27:45.010, 1, 2 %, 7559 MiB
2026/09/07 23:27:45.520, 0, 21 %, 11986 MiB
2026/09/07 23:27:45.525, 1, 7 %, 7393 MiB
2026/09/07 23:27:46.028, 0, 21 %, 11816 MiB
2026/09/07 23:27:46.042, 1, 7 %, 7341 MiB
2026/09/07 23:27:46.548, 0, 26 %, 11752 MiB
2026/09/07 23:27:46.552, 1, 15 %, 6839 MiB
2026/09/07 23:27:47.060, 0, 1 %, 11033 MiB
2026/09/07 23:27:47.077, 1, 0 %, 6875 MiB
2026/09/07 23:27:47.584, 0, 1 %, 10444 MiB
2026/09/07 23:27:47.586, 1, 0 %, 6910 MiB
2026/09/07 23:27:48.091, 0, 0 %, 10452 MiB
2026/09/07 23:27:48.281, 1, 3 %, 6921 MiB
2026/09/07 23:27:48.920, 0, 0 %, 10443 MiB
2026/09/07 23:27:48.922, 1, 3 %, 7055 MiB
2026/09/07 23:27:49.427, 0, 0 %, 10421 MiB
2026/09/07 23:27:49.430, 1, 13 %, 7088 MiB
2026/09/07 23:27:49.932, 0, 7 %, 10420 MiB
2026/09/07 23:27:50.010, 1, 13 %, 7104 MiB
2026/09/07 23:27:50.521, 0, 7 %, 10420 MiB
2026/09/07 23:27:50.529, 1, 13 %, 7140 MiB
2026/09/07 23:27:51.034, 0, 7 %, 10420 MiB
2026/09/07 23:27:51.035, 1, 23 %, 7175 MiB
2026/09/07 23:27:51.543, 0, 19 %, 10420 MiB
2026/09/07 23:27:51.674, 1, 23 %, 7655 MiB
2026/09/07 23:27:52.182, 0, 0 %, 10416 MiB
2026/09/07 23:27:52.221, 1, 23 %, 7725 MiB
2026/09/07 23:27:52.862, 0, 0 %, 10420 MiB
2026/09/07 23:27:52.963, 1, 1 %, 7588 MiB
2026/09/07 23:27:53.467, 0, 0 %, 10420 MiB
2026/09/07 23:27:53.491, 1, 1 %, 7588 MiB
2026/09/07 23:27:54.136, 0, 0 %, 10422 MiB
2026/09/07 23:27:54.143, 1, 14 %, 7139 MiB
2026/09/07 23:27:54.647, 0, 0 %, 10429 MiB
2026/09/07 23:27:54.649, 1, 14 %, 7539 MiB
2026/09/07 23:27:55.157, 0, 10 %, 10435 MiB
2026/09/07 23:27:55.160, 1, 0 %, 7539 MiB
2026/09/07 23:27:55.815, 0, 19 %, 10436 MiB
2026/09/07 23:27:55.817, 1, 0 %, 7539 MiB
2026/09/07 23:27:56.319, 0, 19 %, 10445 MiB
2026/09/07 23:27:56.588, 1, 12 %, 7544 MiB
2026/09/07 23:27:57.093, 0, 1 %, 10391 MiB
2026/09/07 23:27:57.094, 1, 12 %, 7476 MiB
2026/09/07 23:27:57.595, 0, 1 %, 10256 MiB
2026/09/07 23:27:57.712, 1, 12 %, 7324 MiB
2026/09/07 23:27:58.213, 0, 13 %, 9704 MiB
2026/09/07 23:27:58.292, 1, 12 %, 6806 MiB
2026/09/07 23:27:58.798, 0, 13 %, 9473 MiB
2026/09/07 23:27:58.920, 1, 12 %, 6814 MiB
2026/09/07 23:27:59.423, 0, 16 %, 9498 MiB
2026/09/07 23:27:59.429, 1, 12 %, 6841 MiB
2026/09/07 23:28:00.083, 0, 13 %, 8970 MiB
2026/09/07 23:28:00.346, 1, 7 %, 6910 MiB
2026/09/07 23:28:00.852, 0, 0 %, 9035 MiB
2026/09/07 23:28:00.952, 1, 15 %, 6921 MiB
2026/09/07 23:28:01.460, 0, 0 %, 9035 MiB
2026/09/07 23:28:01.512, 1, 13 %, 6868 MiB
2026/09/07 23:28:02.152, 0, 13 %, 8997 MiB
2026/09/07 23:28:02.156, 1, 13 %, 6882 MiB
2026/09/07 23:28:02.670, 0, 13 %, 8979 MiB
2026/09/07 23:28:02.677, 1, 13 %, 6424 MiB
2026/09/07 23:28:03.223, 0, 1 %, 8430 MiB
2026/09/07 23:28:03.226, 1, 24 %, 6832 MiB
2026/09/07 23:28:03.738, 0, 1 %, 8644 MiB
2026/09/07 23:28:03.824, 1, 10 %, 6902 MiB
2026/09/07 23:28:04.331, 0, 0 %, 8725 MiB
2026/09/07 23:28:04.401, 1, 10 %, 6756 MiB
2026/09/07 23:28:04.909, 0, 11 %, 8185 MiB
2026/09/07 23:28:04.913, 1, 10 %, 6303 MiB
2026/09/07 23:28:05.424, 0, 11 %, 8211 MiB
2026/09/07 23:28:05.430, 1, 0 %, 6304 MiB
2026/09/07 23:28:05.932, 0, 8 %, 8241 MiB
2026/09/07 23:28:06.014, 1, 0 %, 6306 MiB
2026/09/07 23:28:06.519, 0, 8 %, 8252 MiB
2026/09/07 23:28:06.522, 1, 0 %, 6716 MiB
2026/09/07 23:28:07.025, 0, 14 %, 8419 MiB
2026/09/07 23:28:07.143, 1, 14 %, 6786 MiB
2026/09/07 23:28:07.787, 0, 0 %, 8264 MiB
2026/09/07 23:28:07.790, 1, 1 %, 6786 MiB
2026/09/07 23:28:08.299, 0, 0 %, 7679 MiB
2026/09/07 23:28:08.394, 1, 1 %, 6786 MiB
2026/09/07 23:28:09.046, 0, 11 %, 7707 MiB
2026/09/07 23:28:09.047, 1, 1 %, 6786 MiB
2026/09/07 23:28:09.547, 0, 11 %, 7800 MiB
2026/09/07 23:28:09.552, 1, 1 %, 6791 MiB
2026/09/07 23:28:10.061, 0, 11 %, 8134 MiB
2026/09/07 23:28:10.076, 1, 12 %, 6791 MiB
2026/09/07 23:28:10.722, 0, 0 %, 8242 MiB
2026/09/07 23:28:10.910, 1, 1 %, 6791 MiB
2026/09/07 23:28:11.414, 0, 24 %, 7501 MiB
2026/09/07 23:28:11.416, 1, 1 %, 6793 MiB
2026/09/07 23:28:11.923, 0, 24 %, 7538 MiB
2026/09/07 23:28:12.154, 1, 1 %, 6794 MiB
2026/09/07 23:28:12.660, 0, 11 %, 7547 MiB
2026/09/07 23:28:12.669, 1, 13 %, 6804 MiB
2026/09/07 23:28:13.175, 0, 11 %, 7636 MiB
2026/09/07 23:28:13.231, 1, 13 %, 6806 MiB
2026/09/07 23:28:13.739, 0, 1 %, 7736 MiB
2026/09/07 23:28:13.812, 1, 13 %, 6806 MiB
2026/09/07 23:28:14.318, 0, 1 %, 7785 MiB
2026/09/07 23:28:14.371, 1, 2 %, 6806 MiB
2026/09/07 23:28:14.876, 0, 1 %, 7795 MiB
2026/09/07 23:28:14.894, 1, 2 %, 6839 MiB
2026/09/07 23:28:15.407, 0, 0 %, 7725 MiB
2026/09/07 23:28:15.454, 1, 6 %, 6841 MiB
2026/09/07 23:28:16.110, 0, 0 %, 7032 MiB
2026/09/07 23:28:16.150, 1, 6 %, 6882 MiB
2026/09/07 23:28:16.666, 0, 12 %, 7516 MiB
2026/09/07 23:28:16.704, 1, 26 %, 6916 MiB
2026/09/07 23:28:17.212, 0, 9 %, 7673 MiB
2026/09/07 23:28:17.215, 1, 26 %, 6936 MiB
2026/09/07 23:28:17.721, 0, 9 %, 7672 MiB
2026/09/07 23:28:17.725, 1, 6 %, 7008 MiB
2026/09/07 23:28:18.233, 0, 9 %, 7698 MiB
2026/09/07 23:28:18.265, 1, 6 %, 7079 MiB
2026/09/07 23:28:18.768, 0, 3 %, 8207 MiB
2026/09/07 23:28:18.770, 1, 11 %, 7128 MiB
2026/09/07 23:28:19.273, 0, 1 %, 8213 MiB
2026/09/07 23:28:19.275, 1, 0 %, 6938 MiB
2026/09/07 23:28:19.775, 0, 1 %, 8198 MiB
2026/09/07 23:28:19.802, 1, 0 %, 7020 MiB
2026/09/07 23:28:20.308, 0, 13 %, 7964 MiB
2026/09/07 23:28:20.313, 1, 0 %, 7017 MiB
2026/09/07 23:28:20.817, 0, 13 %, 7986 MiB
2026/09/07 23:28:20.895, 1, 12 %, 7017 MiB
2026/09/07 23:28:21.538, 0, 2 %, 7446 MiB
2026/09/07 23:28:21.586, 1, 0 %, 7157 MiB
2026/09/07 23:28:22.093, 0, 2 %, 7429 MiB
2026/09/07 23:28:22.097, 1, 0 %, 7318 MiB
2026/09/07 23:28:22.608, 0, 8 %, 7421 MiB
2026/09/07 23:28:22.777, 1, 0 %, 7327 MiB
2026/09/07 23:28:23.285, 0, 8 %, 7430 MiB
2026/09/07 23:28:23.413, 1, 0 %, 7327 MiB
2026/09/07 23:28:23.922, 0, 10 %, 7452 MiB
2026/09/07 23:28:23.923, 1, 18 %, 8156 MiB
2026/09/07 23:28:24.427, 0, 10 %, 7465 MiB
2026/09/07 23:28:24.433, 1, 18 %, 8292 MiB
2026/09/07 23:28:24.935, 0, 10 %, 7505 MiB
2026/09/07 23:28:24.940, 1, 0 %, 8292 MiB
2026/09/07 23:28:25.442, 0, 27 %, 7517 MiB
2026/09/07 23:28:25.452, 1, 0 %, 8297 MiB
2026/09/07 23:28:25.957, 0, 27 %, 7586 MiB
2026/09/07 23:28:26.056, 1, 1 %, 8299 MiB
2026/09/07 23:28:26.593, 0, 16 %, 7695 MiB
2026/09/07 23:28:26.603, 1, 1 %, 8314 MiB
2026/09/07 23:28:27.109, 0, 16 %, 7733 MiB
2026/09/07 23:28:27.152, 1, 1 %, 8318 MiB
2026/09/07 23:28:27.658, 0, 17 %, 7751 MiB
2026/09/07 23:28:27.659, 1, 0 %, 8319 MiB
2026/09/07 23:28:28.163, 0, 17 %, 8214 MiB
2026/09/07 23:28:28.165, 1, 0 %, 8359 MiB
2026/09/07 23:28:28.671, 0, 17 %, 8222 MiB
2026/09/07 23:28:28.673, 1, 0 %, 8400 MiB
2026/09/07 23:28:29.174, 0, 13 %, 8259 MiB
2026/09/07 23:28:29.180, 1, 0 %, 8392 MiB
2026/09/07 23:28:29.691, 0, 4 %, 8299 MiB
2026/09/07 23:28:29.744, 1, 0 %, 8245 MiB
2026/09/07 23:28:30.251, 0, 4 %, 8303 MiB
2026/09/07 23:28:30.284, 1, 0 %, 7816 MiB
2026/09/07 23:28:30.791, 0, 13 %, 8312 MiB
2026/09/07 23:28:30.806, 1, 0 %, 7944 MiB
2026/09/07 23:28:31.316, 0, 13 %, 8344 MiB
2026/09/07 23:28:31.454, 1, 10 %, 7949 MiB
2026/09/07 23:28:31.962, 0, 2 %, 8397 MiB
2026/09/07 23:28:31.967, 1, 11 %, 8126 MiB
2026/09/07 23:28:32.473, 0, 13 %, 8533 MiB
2026/09/07 23:28:32.475, 1, 20 %, 8663 MiB
2026/09/07 23:28:32.989, 0, 13 %, 8588 MiB
2026/09/07 23:28:32.996, 1, 20 %, 8695 MiB
2026/09/07 23:28:33.510, 0, 14 %, 8641 MiB
2026/09/07 23:28:33.517, 1, 14 %, 9109 MiB
2026/09/07 23:28:34.024, 0, 14 %, 8847 MiB
2026/09/07 23:28:34.247, 1, 14 %, 9264 MiB
2026/09/07 23:28:34.757, 0, 11 %, 9123 MiB
2026/09/07 23:28:34.762, 1, 15 %, 9362 MiB
2026/09/07 23:28:35.269, 0, 6 %, 9200 MiB
2026/09/07 23:28:35.276, 1, 15 %, 9399 MiB
2026/09/07 23:28:35.781, 0, 6 %, 9279 MiB
2026/09/07 23:28:35.870, 1, 11 %, 9431 MiB
2026/09/07 23:28:36.378, 0, 23 %, 10299 MiB
2026/09/07 23:28:36.382, 1, 11 %, 9843 MiB
2026/09/07 23:28:36.891, 0, 23 %, 10914 MiB
2026/09/07 23:28:36.903, 1, 15 %, 10047 MiB
2026/09/07 23:28:37.408, 0, 23 %, 11065 MiB
2026/09/07 23:28:37.416, 1, 15 %, 10057 MiB
2026/09/07 23:28:37.922, 0, 16 %, 11112 MiB
2026/09/07 23:28:37.922, 1, 12 %, 10073 MiB
2026/09/07 23:28:38.423, 0, 16 %, 11148 MiB
2026/09/07 23:28:38.435, 1, 12 %, 10075 MiB
2026/09/07 23:28:38.943, 0, 0 %, 11188 MiB
2026/09/07 23:28:38.947, 1, 10 %, 10075 MiB
2026/09/07 23:28:39.612, 0, 0 %, 12016 MiB
2026/09/07 23:28:39.614, 1, 17 %, 10558 MiB
2026/09/07 23:28:40.120, 0, 0 %, 12152 MiB
2026/09/07 23:28:40.121, 1, 17 %, 10567 MiB
2026/09/07 23:28:40.631, 0, 11 %, 12286 MiB
2026/09/07 23:28:40.742, 1, 16 %, 10570 MiB
2026/09/07 23:28:41.251, 0, 11 %, 12309 MiB
2026/09/07 23:28:41.255, 1, 16 %, 10594 MiB
2026/09/07 23:28:41.764, 0, 19 %, 12314 MiB
2026/09/07 23:28:41.773, 1, 19 %, 10432 MiB
2026/09/07 23:28:42.297, 0, 2 %, 12335 MiB
2026/09/07 23:28:42.306, 1, 19 %, 10432 MiB
2026/09/07 23:28:42.806, 0, 2 %, 12791 MiB
2026/09/07 23:28:42.807, 1, 13 %, 9913 MiB
2026/09/07 23:28:43.315, 0, 0 %, 12811 MiB
2026/09/07 23:28:43.413, 1, 13 %, 9695 MiB
2026/09/07 23:28:44.063, 0, 0 %, 12803 MiB
2026/09/07 23:28:44.066, 1, 13 %, 9230 MiB
2026/09/07 23:28:44.574, 0, 6 %, 12839 MiB
2026/09/07 23:28:44.580, 1, 19 %, 9294 MiB
2026/09/07 23:28:45.092, 0, 6 %, 12871 MiB
2026/09/07 23:28:45.193, 1, 7 %, 9315 MiB
2026/09/07 23:28:45.705, 0, 20 %, 12881 MiB
2026/09/07 23:28:45.830, 1, 7 %, 9315 MiB
2026/09/07 23:28:46.471, 0, 20 %, 12881 MiB
2026/09/07 23:28:46.473, 1, 7 %, 9316 MiB
2026/09/07 23:28:46.987, 0, 22 %, 13021 MiB
2026/09/07 23:28:47.113, 1, 14 %, 9728 MiB
2026/09/07 23:28:47.760, 0, 22 %, 13038 MiB
2026/09/07 23:28:47.766, 1, 14 %, 9798 MiB
2026/09/07 23:28:48.408, 0, 0 %, 13039 MiB
2026/09/07 23:28:48.413, 1, 8 %, 9798 MiB
2026/09/07 23:28:48.919, 0, 0 %, 13045 MiB
2026/09/07 23:28:48.922, 1, 1 %, 9798 MiB
2026/09/07 23:28:49.429, 0, 28 %, 13521 MiB
2026/09/07 23:28:49.430, 1, 1 %, 9797 MiB
2026/09/07 23:28:49.938, 0, 28 %, 13512 MiB
2026/09/07 23:28:49.979, 1, 20 %, 9797 MiB
2026/09/07 23:28:50.484, 0, 17 %, 13505 MiB
2026/09/07 23:28:50.484, 1, 20 %, 9797 MiB
2026/09/07 23:28:50.994, 0, 17 %, 13505 MiB
2026/09/07 23:28:51.019, 1, 21 %, 9797 MiB
2026/09/07 23:28:51.664, 0, 24 %, 13521 MiB
2026/09/07 23:28:51.671, 1, 20 %, 9797 MiB
2026/09/07 23:28:52.179, 0, 24 %, 13319 MiB
2026/09/07 23:28:52.444, 1, 17 %, 9797 MiB
2026/09/07 23:28:52.952, 0, 21 %, 12763 MiB
2026/09/07 23:28:52.952, 1, 17 %, 9797 MiB
2026/09/07 23:28:53.462, 0, 21 %, 12769 MiB
2026/09/07 23:28:53.602, 1, 19 %, 9797 MiB
2026/09/07 23:28:54.246, 0, 21 %, 12761 MiB
2026/09/07 23:28:54.349, 1, 3 %, 9797 MiB
2026/09/07 23:28:54.856, 0, 17 %, 12769 MiB
2026/09/07 23:28:54.862, 1, 3 %, 9797 MiB
2026/09/07 23:28:55.366, 0, 17 %, 12769 MiB
2026/09/07 23:28:55.371, 1, 1 %, 9797 MiB
2026/09/07 23:28:55.877, 0, 17 %, 12769 MiB
2026/09/07 23:28:55.882, 1, 1 %, 9797 MiB
2026/09/07 23:28:56.389, 0, 23 %, 12754 MiB
2026/09/07 23:28:56.391, 1, 1 %, 9802 MiB
2026/09/07 23:28:56.901, 0, 9 %, 12753 MiB
2026/09/07 23:28:56.902, 1, 0 %, 9804 MiB
2026/09/07 23:28:57.408, 0, 9 %, 12753 MiB
2026/09/07 23:28:57.411, 1, 18 %, 9815 MiB
2026/09/07 23:28:57.923, 0, 9 %, 12619 MiB
2026/09/07 23:28:57.923, 1, 18 %, 9817 MiB
2026/09/07 23:28:58.423, 0, 20 %, 12544 MiB
2026/09/07 23:28:58.424, 1, 18 %, 9837 MiB
2026/09/07 23:28:58.925, 0, 20 %, 12542 MiB
2026/09/07 23:28:58.930, 1, 23 %, 9845 MiB
2026/09/07 23:28:59.434, 0, 21 %, 12002 MiB
2026/09/07 23:28:59.438, 1, 14 %, 9913 MiB
2026/09/07 23:28:59.945, 0, 21 %, 12002 MiB
2026/09/07 23:29:00.026, 1, 14 %, 9913 MiB
2026/09/07 23:29:00.537, 0, 4 %, 12020 MiB
2026/09/07 23:29:00.607, 1, 18 %, 9988 MiB
2026/09/07 23:29:01.116, 0, 4 %, 11820 MiB
2026/09/07 23:29:01.128, 1, 18 %, 9905 MiB
2026/09/07 23:29:01.634, 0, 4 %, 11816 MiB
2026/09/07 23:29:01.635, 1, 0 %, 9858 MiB
2026/09/07 23:29:02.136, 0, 4 %, 11816 MiB
2026/09/07 23:29:02.141, 1, 0 %, 9854 MiB
2026/09/07 23:29:02.651, 0, 14 %, 11251 MiB
2026/09/07 23:29:02.655, 1, 27 %, 9752 MiB
2026/09/07 23:29:03.158, 0, 14 %, 11251 MiB
2026/09/07 23:29:03.164, 1, 27 %, 9844 MiB
2026/09/07 23:29:03.674, 0, 17 %, 11251 MiB
2026/09/07 23:29:03.689, 1, 0 %, 9852 MiB
2026/09/07 23:29:04.195, 0, 13 %, 11024 MiB
2026/09/07 23:29:04.199, 1, 0 %, 9713 MiB
2026/09/07 23:29:04.705, 0, 13 %, 11017 MiB
2026/09/07 23:29:04.715, 1, 0 %, 9708 MiB
2026/09/07 23:29:05.226, 0, 1 %, 10286 MiB
2026/09/07 23:29:05.267, 1, 5 %, 9179 MiB
2026/09/07 23:29:05.773, 0, 1 %, 9515 MiB
2026/09/07 23:29:05.775, 1, 5 %, 9180 MiB
2026/09/07 23:29:06.280, 0, 1 %, 9467 MiB
2026/09/07 23:29:06.298, 1, 5 %, 9272 MiB
2026/09/07 23:29:06.802, 0, 2 %, 9467 MiB
2026/09/07 23:29:06.901, 1, 9 %, 9342 MiB
2026/09/07 23:29:07.543, 0, 12 %, 8747 MiB
2026/09/07 23:29:07.557, 1, 14 %, 9362 MiB
2026/09/07 23:29:08.066, 0, 12 %, 8701 MiB
2026/09/07 23:29:08.068, 1, 14 %, 9398 MiB
2026/09/07 23:29:08.571, 0, 12 %, 8699 MiB
2026/09/07 23:29:08.574, 1, 1 %, 9431 MiB
2026/09/07 23:29:09.162, 0, 6 %, 8150 MiB
2026/09/07 23:29:09.199, 1, 1 %, 9431 MiB
2026/09/07 23:29:09.845, 0, 6 %, 8159 MiB
2026/09/07 23:29:09.847, 1, 12 %, 9443 MiB
2026/09/07 23:29:10.354, 0, 7 %, 8159 MiB
2026/09/07 23:29:10.357, 1, 12 %, 9847 MiB
2026/09/07 23:29:10.864, 0, 7 %, 8166 MiB
2026/09/07 23:29:10.883, 1, 12 %, 9983 MiB
2026/09/07 23:29:11.391, 0, 1 %, 8166 MiB
2026/09/07 23:29:11.392, 1, 9 %, 10047 MiB
2026/09/07 23:29:11.901, 0, 1 %, 8166 MiB
2026/09/07 23:29:12.096, 1, 9 %, 10051 MiB
2026/09/07 23:29:12.596, 0, 0 %, 8184 MiB
2026/09/07 23:29:12.604, 1, 0 %, 10067 MiB
2026/09/07 23:29:13.113, 0, 1 %, 8187 MiB
2026/09/07 23:29:13.215, 1, 0 %, 10068 MiB
2026/09/07 23:29:13.720, 0, 1 %, 8198 MiB
2026/09/07 23:29:13.780, 1, 22 %, 10074 MiB
2026/09/07 23:29:14.287, 0, 16 %, 8194 MiB
2026/09/07 23:29:14.292, 1, 22 %, 10348 MiB
2026/09/07 23:29:14.801, 0, 16 %, 8211 MiB
2026/09/07 23:29:14.932, 1, 0 %, 10328 MiB
2026/09/07 23:29:15.439, 0, 2 %, 8213 MiB
2026/09/07 23:29:15.448, 1, 0 %, 9797 MiB
2026/09/07 23:29:15.957, 0, 11 %, 8211 MiB
2026/09/07 23:29:16.138, 1, 19 %, 9580 MiB
2026/09/07 23:29:16.643, 0, 11 %, 8202 MiB
2026/09/07 23:29:16.785, 1, 19 %, 9045 MiB
2026/09/07 23:29:17.288, 0, 0 %, 8211 MiB
2026/09/07 23:29:17.420, 1, 19 %, 9045 MiB
2026/09/07 23:29:17.928, 0, 0 %, 8227 MiB
2026/09/07 23:29:18.008, 1, 14 %, 9045 MiB
2026/09/07 23:29:18.515, 0, 0 %, 8231 MiB
2026/09/07 23:29:18.520, 1, 14 %, 9045 MiB
2026/09/07 23:29:19.026, 0, 0 %, 8257 MiB
2026/09/07 23:29:19.065, 1, 12 %, 9045 MiB
2026/09/07 23:29:19.707, 0, 0 %, 8312 MiB
2026/09/07 23:29:19.713, 1, 12 %, 9045 MiB
2026/09/07 23:29:20.216, 0, 12 %, 8307 MiB
2026/09/07 23:29:20.461, 1, 0 %, 9045 MiB
2026/09/07 23:29:20.963, 0, 12 %, 8245 MiB
2026/09/07 23:29:20.965, 1, 0 %, 9045 MiB
2026/09/07 23:29:21.470, 0, 8 %, 8230 MiB
2026/09/07 23:29:21.549, 1, 18 %, 8843 MiB
2026/09/07 23:29:22.057, 0, 8 %, 7496 MiB
2026/09/07 23:29:22.058, 1, 18 %, 8823 MiB
2026/09/07 23:29:22.560, 0, 2 %, 7961 MiB
2026/09/07 23:29:22.617, 1, 14 %, 8095 MiB
2026/09/07 23:29:23.267, 0, 2 %, 7430 MiB
2026/09/07 23:29:23.322, 1, 6 %, 8081 MiB
2026/09/07 23:29:23.965, 0, 2 %, 7458 MiB
2026/09/07 23:29:24.113, 1, 1 %, 7548 MiB
2026/09/07 23:29:24.618, 0, 3 %, 7474 MiB
2026/09/07 23:29:24.758, 1, 1 %, 7564 MiB
2026/09/07 23:29:25.264, 0, 3 %, 7571 MiB
2026/09/07 23:29:25.374, 1, 4 %, 7566 MiB
2026/09/07 23:29:25.879, 0, 0 %, 7591 MiB
2026/09/07 23:29:25.917, 1, 4 %, 7587 MiB
2026/09/07 23:29:26.422, 0, 0 %, 7464 MiB
2026/09/07 23:29:26.524, 1, 12 %, 7606 MiB
2026/09/07 23:29:27.025, 0, 0 %, 7532 MiB
2026/09/07 23:29:27.026, 1, 12 %, 7674 MiB
2026/09/07 23:29:27.535, 0, 6 %, 6999 MiB
2026/09/07 23:29:27.566, 1, 13 %, 7695 MiB
2026/09/07 23:29:28.072, 0, 11 %, 7058 MiB
2026/09/07 23:29:28.096, 1, 13 %, 7550 MiB
2026/09/07 23:29:28.596, 0, 11 %, 7103 MiB
2026/09/07 23:29:28.605, 1, 2 %, 7650 MiB
2026/09/07 23:29:29.117, 0, 1 %, 7544 MiB
2026/09/07 23:29:29.222, 1, 2 %, 7095 MiB
2026/09/07 23:29:29.728, 0, 1 %, 7667 MiB
2026/09/07 23:29:29.840, 1, 2 %, 6950 MiB
2026/09/07 23:29:30.344, 0, 1 %, 7527 MiB
2026/09/07 23:29:30.348, 1, 1 %, 6420 MiB
2026/09/07 23:29:30.868, 0, 15 %, 7632 MiB
2026/09/07 23:29:30.872, 1, 1 %, 6502 MiB
2026/09/07 23:29:31.376, 0, 15 %, 7168 MiB
2026/09/07 23:29:31.429, 1, 8 %, 6970 MiB
2026/09/07 23:29:31.936, 0, 15 %, 7252 MiB
2026/09/07 23:29:31.942, 1, 9 %, 7057 MiB
2026/09/07 23:29:32.585, 0, 15 %, 7390 MiB
2026/09/07 23:29:32.589, 1, 9 %, 7057 MiB
2026/09/07 23:29:33.093, 0, 6 %, 7531 MiB
2026/09/07 23:29:33.201, 1, 0 %, 7057 MiB
2026/09/07 23:29:33.706, 0, 6 %, 7629 MiB
2026/09/07 23:29:33.710, 1, 0 %, 7069 MiB
2026/09/07 23:29:34.215, 0, 1 %, 8108 MiB
2026/09/07 23:29:34.286, 1, 10 %, 7539 MiB
2026/09/07 23:29:34.790, 0, 1 %, 8353 MiB
2026/09/07 23:29:34.792, 1, 7 %, 7539 MiB
2026/09/07 23:29:35.306, 0, 1 %, 8353 MiB
2026/09/07 23:29:35.329, 1, 7 %, 7539 MiB
2026/09/07 23:29:35.983, 0, 1 %, 8560 MiB
2026/09/07 23:29:36.121, 1, 3 %, 7539 MiB
2026/09/07 23:29:36.778, 0, 0 %, 9410 MiB
2026/09/07 23:29:36.785, 1, 3 %, 7539 MiB
2026/09/07 23:29:37.298, 0, 0 %, 9480 MiB
2026/09/07 23:29:37.422, 1, 0 %, 7539 MiB
2026/09/07 23:29:38.073, 0, 5 %, 9497 MiB
2026/09/07 23:29:38.119, 1, 0 %, 7374 MiB
2026/09/07 23:29:38.626, 0, 13 %, 10422 MiB
2026/09/07 23:29:38.668, 1, 13 %, 6799 MiB
2026/09/07 23:29:39.174, 0, 13 %, 10429 MiB
2026/09/07 23:29:39.180, 1, 13 %, 6811 MiB
2026/09/07 23:29:39.683, 0, 13 %, 10445 MiB
2026/09/07 23:29:39.759, 1, 1 %, 6813 MiB
2026/09/07 23:29:40.401, 0, 13 %, 10451 MiB
2026/09/07 23:29:40.406, 1, 1 %, 6833 MiB
2026/09/07 23:29:40.907, 0, 10 %, 10447 MiB
2026/09/07 23:29:40.914, 1, 16 %, 6683 MiB
2026/09/07 23:29:41.423, 0, 0 %, 10445 MiB
2026/09/07 23:29:41.424, 1, 16 %, 6683 MiB
2026/09/07 23:29:41.925, 0, 0 %, 10460 MiB
2026/09/07 23:29:41.980, 1, 11 %, 6727 MiB
2026/09/07 23:29:42.483, 0, 8 %, 10438 MiB
2026/09/07 23:29:42.486, 1, 13 %, 6264 MiB
2026/09/07 23:29:42.991, 0, 8 %, 10432 MiB
2026/09/07 23:29:43.091, 1, 14 %, 6398 MiB
2026/09/07 23:29:43.730, 0, 6 %, 10450 MiB
2026/09/07 23:29:43.732, 1, 14 %, 6417 MiB
2026/09/07 23:29:44.241, 0, 15 %, 10471 MiB
2026/09/07 23:29:44.245, 1, 12 %, 6553 MiB
2026/09/07 23:29:44.751, 0, 15 %, 10465 MiB
2026/09/07 23:29:44.883, 1, 12 %, 6574 MiB
2026/09/07 23:29:45.391, 0, 15 %, 10459 MiB
2026/09/07 23:29:45.392, 1, 12 %, 6653 MiB
2026/09/07 23:29:45.903, 0, 10 %, 10480 MiB
2026/09/07 23:29:45.909, 1, 13 %, 7069 MiB
2026/09/07 23:29:46.415, 0, 10 %, 10413 MiB
2026/09/07 23:29:46.419, 1, 13 %, 7478 MiB
2026/09/07 23:29:46.927, 0, 22 %, 10286 MiB
2026/09/07 23:29:46.932, 1, 13 %, 7546 MiB
2026/09/07 23:29:47.440, 0, 0 %, 9744 MiB
2026/09/07 23:29:47.554, 1, 13 %, 7547 MiB
2026/09/07 23:29:48.205, 0, 0 %, 9818 MiB
2026/09/07 23:29:48.206, 1, 18 %, 7558 MiB
2026/09/07 23:29:48.713, 0, 18 %, 9832 MiB
2026/09/07 23:29:48.790, 1, 18 %, 7558 MiB
2026/09/07 23:29:49.292, 0, 18 %, 9841 MiB
2026/09/07 23:29:49.322, 1, 18 %, 7579 MiB
2026/09/07 23:29:49.828, 0, 16 %, 10013 MiB
2026/09/07 23:29:49.829, 1, 2 %, 7591 MiB
2026/09/07 23:29:50.334, 0, 16 %, 10016 MiB
2026/09/07 23:29:50.340, 1, 2 %, 7630 MiB
2026/09/07 23:29:50.847, 0, 10 %, 10017 MiB
2026/09/07 23:29:50.944, 1, 1 %, 7662 MiB
2026/09/07 23:29:51.450, 0, 10 %, 10533 MiB
2026/09/07 23:29:51.451, 1, 1 %, 7679 MiB
2026/09/07 23:29:51.956, 0, 20 %, 10583 MiB
2026/09/07 23:29:52.094, 1, 1 %, 7815 MiB
2026/09/07 23:29:52.602, 0, 0 %, 10627 MiB
2026/09/07 23:29:52.612, 1, 0 %, 7856 MiB
2026/09/07 23:29:53.125, 0, 16 %, 10640 MiB
2026/09/07 23:29:53.131, 1, 0 %, 7877 MiB
2026/09/07 23:29:53.639, 0, 16 %, 10714 MiB
2026/09/07 23:29:53.667, 1, 4 %, 7879 MiB
2026/09/07 23:29:54.177, 0, 19 %, 10792 MiB
2026/09/07 23:29:54.190, 1, 4 %, 8455 MiB
2026/09/07 23:29:54.699, 0, 19 %, 10797 MiB
2026/09/07 23:29:54.702, 1, 10 %, 8462 MiB
2026/09/07 23:29:55.214, 0, 19 %, 10818 MiB
2026/09/07 23:29:55.221, 1, 10 %, 8498 MiB
2026/09/07 23:29:55.725, 0, 12 %, 10943 MiB
2026/09/07 23:29:55.727, 1, 24 %, 8675 MiB
2026/09/07 23:29:56.234, 0, 14 %, 11420 MiB
2026/09/07 23:29:56.244, 1, 24 %, 8547 MiB
2026/09/07 23:29:56.765, 0, 14 %, 11422 MiB
2026/09/07 23:29:56.781, 1, 0 %, 8545 MiB
2026/09/07 23:29:57.294, 0, 21 %, 11417 MiB
2026/09/07 23:29:57.296, 1, 0 %, 8109 MiB
2026/09/07 23:29:57.801, 0, 21 %, 11505 MiB
2026/09/07 23:29:57.806, 1, 17 %, 8623 MiB
2026/09/07 23:29:58.313, 0, 21 %, 11605 MiB
2026/09/07 23:29:58.318, 1, 17 %, 8653 MiB
2026/09/07 23:29:58.827, 0, 35 %, 11644 MiB
2026/09/07 23:29:58.829, 1, 8 %, 9097 MiB
2026/09/07 23:29:59.335, 0, 35 %, 11648 MiB
2026/09/07 23:29:59.422, 1, 13 %, 9177 MiB
2026/09/07 23:30:00.077, 0, 28 %, 12200 MiB
2026/09/07 23:30:00.083, 1, 13 %, 9313 MiB
2026/09/07 23:30:00.591, 0, 28 %, 12287 MiB
2026/09/07 23:30:00.593, 1, 17 %, 9355 MiB
2026/09/07 23:30:01.101, 0, 0 %, 12287 MiB
2026/09/07 23:30:01.103, 1, 17 %, 9358 MiB
2026/09/07 23:30:01.611, 0, 0 %, 12299 MiB
2026/09/07 23:30:01.615, 1, 12 %, 9449 MiB
2026/09/07 23:30:02.123, 0, 22 %, 12769 MiB
2026/09/07 23:30:02.259, 1, 12 %, 9918 MiB
2026/09/07 23:30:02.770, 0, 22 %, 12769 MiB
2026/09/07 23:30:02.778, 1, 12 %, 9921 MiB
2026/09/07 23:30:03.283, 0, 18 %, 12769 MiB
2026/09/07 23:30:03.327, 1, 18 %, 10000 MiB
2026/09/07 23:30:03.974, 0, 18 %, 12779 MiB
2026/09/07 23:30:03.976, 1, 21 %, 10087 MiB
2026/09/07 23:30:04.485, 0, 20 %, 12785 MiB
2026/09/07 23:30:04.605, 1, 18 %, 10115 MiB
2026/09/07 23:30:05.255, 0, 23 %, 12785 MiB
2026/09/07 23:30:05.258, 1, 18 %, 10638 MiB
2026/09/07 23:30:05.765, 0, 20 %, 12792 MiB
2026/09/07 23:30:05.905, 1, 17 %, 10673 MiB
2026/09/07 23:30:06.552, 0, 20 %, 12796 MiB
2026/09/07 23:30:06.560, 1, 18 %, 10673 MiB
2026/09/07 23:30:07.067, 0, 18 %, 12807 MiB
2026/09/07 23:30:07.097, 1, 14 %, 10800 MiB
2026/09/07 23:30:07.741, 0, 26 %, 12828 MiB
2026/09/07 23:30:07.747, 1, 14 %, 10820 MiB
2026/09/07 23:30:08.254, 0, 26 %, 12835 MiB
2026/09/07 23:30:08.279, 1, 23 %, 10823 MiB
2026/09/07 23:30:08.919, 0, 19 %, 12686 MiB
2026/09/07 23:30:08.948, 1, 23 %, 11303 MiB
2026/09/07 23:30:09.591, 0, 19 %, 12136 MiB
2026/09/07 23:30:09.598, 1, 23 %, 11303 MiB
2026/09/07 23:30:10.110, 0, 1 %, 12206 MiB
2026/09/07 23:30:10.112, 1, 1 %, 11303 MiB
2026/09/07 23:30:10.617, 0, 1 %, 12270 MiB
2026/09/07 23:30:10.620, 1, 1 %, 11303 MiB
2026/09/07 23:30:11.124, 0, 1 %, 12287 MiB
2026/09/07 23:30:11.137, 1, 12 %, 11169 MiB
2026/09/07 23:30:11.643, 0, 1 %, 12287 MiB
2026/09/07 23:30:11.726, 1, 12 %, 11085 MiB
2026/09/07 23:30:12.231, 0, 1 %, 12066 MiB
2026/09/07 23:30:12.234, 1, 12 %, 10550 MiB
2026/09/07 23:30:12.740, 0, 3 %, 12536 MiB
2026/09/07 23:30:12.741, 1, 15 %, 10416 MiB
2026/09/07 23:30:13.241, 0, 3 %, 11986 MiB
2026/09/07 23:30:13.244, 1, 15 %, 10333 MiB
2026/09/07 23:30:13.887, 0, 1 %, 11970 MiB
2026/09/07 23:30:13.909, 1, 10 %, 9797 MiB
2026/09/07 23:30:14.456, 0, 1 %, 11970 MiB
2026/09/07 23:30:14.608, 1, 10 %, 9575 MiB
2026/09/07 23:30:15.255, 0, 0 %, 11970 MiB
2026/09/07 23:30:15.267, 1, 8 %, 9374 MiB
2026/09/07 23:30:15.911, 0, 0 %, 11938 MiB
2026/09/07 23:30:15.916, 1, 8 %, 8292 MiB
2026/09/07 23:30:16.423, 0, 21 %, 11947 MiB
2026/09/07 23:30:16.424, 1, 20 %, 8292 MiB
2026/09/07 23:30:16.934, 0, 21 %, 11948 MiB
2026/09/07 23:30:16.937, 1, 20 %, 8292 MiB
2026/09/07 23:30:17.442, 0, 27 %, 11954 MiB
2026/09/07 23:30:17.444, 1, 20 %, 8292 MiB
2026/09/07 23:30:17.951, 0, 27 %, 11784 MiB
2026/09/07 23:30:17.956, 1, 20 %, 8292 MiB
2026/09/07 23:30:18.457, 0, 21 %, 11752 MiB
2026/09/07 23:30:18.459, 1, 16 %, 8090 MiB
2026/09/07 23:30:18.961, 0, 21 %, 11203 MiB
2026/09/07 23:30:19.047, 1, 16 %, 8070 MiB
2026/09/07 23:30:19.554, 0, 22 %, 11171 MiB
2026/09/07 23:30:19.562, 1, 18 %, 7539 MiB
2026/09/07 23:30:20.067, 0, 22 %, 11171 MiB
2026/09/07 23:30:20.158, 1, 6 %, 7539 MiB
2026/09/07 23:30:20.664, 0, 22 %, 11180 MiB
2026/09/07 23:30:20.738, 1, 6 %, 7539 MiB
2026/09/07 23:30:21.242, 0, 0 %, 11180 MiB
2026/09/07 23:30:21.394, 1, 6 %, 7539 MiB
2026/09/07 23:30:22.037, 0, 0 %, 11182 MiB
2026/09/07 23:30:22.076, 1, 15 %, 7539 MiB
2026/09/07 23:30:22.582, 0, 23 %, 11187 MiB
2026/09/07 23:30:22.729, 1, 9 %, 7539 MiB
2026/09/07 23:30:23.369, 0, 23 %, 11187 MiB
2026/09/07 23:30:23.371, 1, 9 %, 7539 MiB
2026/09/07 23:30:23.875, 0, 0 %, 11187 MiB
2026/09/07 23:30:23.883, 1, 20 %, 7539 MiB
2026/09/07 23:30:24.390, 0, 0 %, 11171 MiB
2026/09/07 23:30:24.396, 1, 20 %, 7539 MiB
2026/09/07 23:30:24.902, 0, 0 %, 10969 MiB
2026/09/07 23:30:24.918, 1, 19 %, 7544 MiB
2026/09/07 23:30:25.425, 0, 16 %, 10969 MiB
2026/09/07 23:30:25.434, 1, 20 %, 7546 MiB
2026/09/07 23:30:25.938, 0, 16 %, 10420 MiB
2026/09/07 23:30:26.062, 1, 20 %, 7548 MiB
2026/09/07 23:30:26.567, 0, 16 %, 10420 MiB
2026/09/07 23:30:26.637, 1, 20 %, 7558 MiB
2026/09/07 23:30:27.145, 0, 0 %, 10429 MiB
2026/09/07 23:30:27.146, 1, 0 %, 7558 MiB
2026/09/07 23:30:27.656, 0, 0 %, 10440 MiB
2026/09/07 23:30:27.736, 1, 0 %, 7581 MiB
2026/09/07 23:30:28.249, 0, 8 %, 10451 MiB
2026/09/07 23:30:28.355, 1, 0 %, 7587 MiB
2026/09/07 23:30:28.865, 0, 8 %, 10452 MiB
2026/09/07 23:30:28.896, 1, 0 %, 7595 MiB
2026/09/07 23:30:29.401, 0, 8 %, 10480 MiB
2026/09/07 23:30:29.523, 1, 5 %, 7662 MiB
2026/09/07 23:30:30.029, 0, 2 %, 10481 MiB
2026/09/07 23:30:30.032, 1, 5 %, 7662 MiB
2026/09/07 23:30:30.541, 0, 18 %, 10514 MiB
2026/09/07 23:30:30.545, 1, 22 %, 7725 MiB
2026/09/07 23:30:31.047, 0, 18 %, 10448 MiB
2026/09/07 23:30:31.047, 1, 13 %, 7793 MiB
2026/09/07 23:30:31.559, 0, 18 %, 10327 MiB
2026/09/07 23:30:31.574, 1, 13 %, 7816 MiB
2026/09/07 23:30:32.089, 0, 8 %, 9589 MiB
2026/09/07 23:30:32.101, 1, 13 %, 7817 MiB
2026/09/07 23:30:32.612, 0, 2 %, 9521 MiB
2026/09/07 23:30:32.624, 1, 10 %, 7818 MiB
2026/09/07 23:30:33.220, 0, 0 %, 8830 MiB
2026/09/07 23:30:33.293, 1, 10 %, 7705 MiB
2026/09/07 23:30:33.801, 0, 0 %, 8341 MiB
2026/09/07 23:30:33.804, 1, 9 %, 7558 MiB
2026/09/07 23:30:34.309, 0, 10 %, 8420 MiB
2026/09/07 23:30:34.344, 1, 9 %, 7567 MiB
2026/09/07 23:30:34.848, 0, 10 %, 8443 MiB
2026/09/07 23:30:34.940, 1, 9 %, 7579 MiB
2026/09/07 23:30:35.449, 0, 1 %, 8474 MiB
2026/09/07 23:30:35.454, 1, 10 %, 7619 MiB
2026/09/07 23:30:35.961, 0, 1 %, 8504 MiB
2026/09/07 23:30:36.090, 1, 28 %, 7654 MiB
2026/09/07 23:30:36.598, 0, 1 %, 9051 MiB
2026/09/07 23:30:36.743, 1, 28 %, 7654 MiB
2026/09/07 23:30:37.530, 0, 1 %, 9062 MiB
2026/09/07 23:30:37.534, 1, 16 %, 7789 MiB
2026/09/07 23:30:38.037, 0, 1 %, 9201 MiB
2026/09/07 23:30:38.135, 1, 16 %, 7809 MiB
2026/09/07 23:30:38.637, 0, 1 %, 9202 MiB
2026/09/07 23:30:38.641, 1, 11 %, 7820 MiB
2026/09/07 23:30:39.144, 0, 11 %, 9197 MiB
2026/09/07 23:30:39.168, 1, 11 %, 8297 MiB
2026/09/07 23:30:39.810, 0, 11 %, 9668 MiB
2026/09/07 23:30:39.922, 1, 11 %, 8300 MiB
2026/09/07 23:30:40.571, 0, 1 %, 9677 MiB
2026/09/07 23:30:40.603, 1, 1 %, 8311 MiB
2026/09/07 23:30:41.111, 0, 1 %, 9669 MiB
2026/09/07 23:30:41.119, 1, 7 %, 8311 MiB
2026/09/07 23:30:41.626, 0, 1 %, 9598 MiB
2026/09/07 23:30:41.630, 1, 7 %, 8339 MiB
2026/09/07 23:30:42.278, 0, 2 %, 9485 MiB
2026/09/07 23:30:42.280, 1, 7 %, 8407 MiB
2026/09/07 23:30:42.786, 0, 17 %, 9498 MiB
2026/09/07 23:30:42.954, 1, 14 %, 8407 MiB
2026/09/07 23:30:43.456, 0, 15 %, 8952 MiB
2026/09/07 23:30:43.463, 1, 16 %, 8324 MiB
2026/09/07 23:30:43.970, 0, 15 %, 8934 MiB
2026/09/07 23:30:44.023, 1, 7 %, 7792 MiB
2026/09/07 23:30:44.529, 0, 2 %, 8938 MiB
2026/09/07 23:30:44.530, 1, 7 %, 7814 MiB
2026/09/07 23:30:45.036, 0, 2 %, 8931 MiB
2026/09/07 23:30:45.116, 1, 9 %, 7819 MiB
2026/09/07 23:30:45.770, 0, 0 %, 8942 MiB
2026/09/07 23:30:45.775, 1, 9 %, 8027 MiB
2026/09/07 23:30:46.285, 0, 0 %, 8958 MiB
2026/09/07 23:30:46.288, 1, 10 %, 8082 MiB
2026/09/07 23:30:46.792, 0, 2 %, 8955 MiB
2026/09/07 23:30:47.075, 1, 13 %, 7336 MiB
2026/09/07 23:30:47.580, 0, 5 %, 8979 MiB
2026/09/07 23:30:47.601, 1, 13 %, 6818 MiB
2026/09/07 23:30:48.245, 0, 5 %, 9018 MiB
2026/09/07 23:30:48.247, 1, 21 %, 6841 MiB
2026/09/07 23:30:48.752, 0, 18 %, 9063 MiB
2026/09/07 23:30:48.757, 1, 21 %, 6873 MiB
2026/09/07 23:30:49.260, 0, 18 %, 9003 MiB
2026/09/07 23:30:49.266, 1, 21 %, 6921 MiB
2026/09/07 23:30:49.772, 0, 19 %, 9017 MiB
2026/09/07 23:30:49.870, 1, 18 %, 6921 MiB
2026/09/07 23:30:50.378, 0, 19 %, 9110 MiB
2026/09/07 23:30:50.500, 1, 6 %, 7005 MiB
2026/09/07 23:30:51.012, 0, 16 %, 8575 MiB
2026/09/07 23:30:51.015, 1, 6 %, 7104 MiB
2026/09/07 23:30:51.517, 0, 0 %, 8710 MiB
2026/09/07 23:30:51.599, 1, 6 %, 7140 MiB
2026/09/07 23:30:52.109, 0, 0 %, 8798 MiB
2026/09/07 23:30:52.157, 1, 2 %, 7172 MiB
2026/09/07 23:30:52.658, 0, 0 %, 9213 MiB
2026/09/07 23:30:52.661, 1, 0 %, 7174 MiB
2026/09/07 23:30:53.171, 0, 14 %, 9233 MiB
2026/09/07 23:30:53.276, 1, 0 %, 7659 MiB
2026/09/07 23:30:53.917, 0, 20 %, 9248 MiB
2026/09/07 23:30:53.999, 1, 0 %, 7731 MiB
2026/09/07 23:30:54.508, 0, 14 %, 9734 MiB
2026/09/07 23:30:54.508, 1, 2 %, 7818 MiB
2026/09/07 23:30:55.012, 0, 14 %, 9770 MiB
2026/09/07 23:30:55.016, 1, 2 %, 7827 MiB
2026/09/07 23:30:55.524, 0, 14 %, 9818 MiB
2026/09/07 23:30:55.529, 1, 16 %, 8245 MiB
2026/09/07 23:30:56.035, 0, 0 %, 9818 MiB
2026/09/07 23:30:56.037, 1, 16 %, 8251 MiB
2026/09/07 23:30:56.543, 0, 0 %, 9888 MiB
2026/09/07 23:30:56.546, 1, 4 %, 8129 MiB
2026/09/07 23:30:57.055, 0, 0 %, 9937 MiB
2026/09/07 23:30:57.157, 1, 4 %, 7587 MiB
2026/09/07 23:30:57.803, 0, 0 %, 9953 MiB
2026/09/07 23:30:57.891, 1, 4 %, 7654 MiB
2026/09/07 23:30:58.536, 0, 10 %, 9972 MiB
2026/09/07 23:30:58.563, 1, 9 %, 7654 MiB
2026/09/07 23:30:59.069, 0, 24 %, 10456 MiB
2026/09/07 23:30:59.072, 1, 18 %, 7724 MiB
2026/09/07 23:30:59.579, 0, 24 %, 10473 MiB
2026/09/07 23:30:59.586, 1, 18 %, 7789 MiB
2026/09/07 23:31:00.091, 0, 24 %, 10483 MiB
2026/09/07 23:31:00.133, 1, 11 %, 7809 MiB
2026/09/07 23:31:00.633, 0, 0 %, 10490 MiB
2026/09/07 23:31:00.871, 1, 11 %, 7809 MiB
2026/09/07 23:31:01.372, 0, 7 %, 10512 MiB
2026/09/07 23:31:01.373, 1, 0 %, 7810 MiB
2026/09/07 23:31:01.880, 0, 7 %, 10505 MiB
2026/09/07 23:31:01.881, 1, 0 %, 8222 MiB
2026/09/07 23:31:02.382, 0, 18 %, 10511 MiB
2026/09/07 23:31:02.458, 1, 17 %, 8297 MiB
2026/09/07 23:31:03.100, 0, 18 %, 10547 MiB
2026/09/07 23:31:03.106, 1, 17 %, 8299 MiB
2026/09/07 23:31:03.613, 0, 4 %, 10594 MiB
2026/09/07 23:31:03.619, 1, 1 %, 8299 MiB
2026/09/07 23:31:04.119, 0, 4 %, 10586 MiB
2026/09/07 23:31:04.123, 1, 1 %, 8309 MiB
2026/09/07 23:31:04.627, 0, 17 %, 10656 MiB
2026/09/07 23:31:04.713, 1, 1 %, 8311 MiB
2026/09/07 23:31:05.222, 0, 17 %, 10746 MiB
2026/09/07 23:31:05.228, 1, 0 %, 8342 MiB
2026/09/07 23:31:05.735, 0, 12 %, 10755 MiB
2026/09/07 23:31:05.954, 1, 0 %, 8346 MiB
2026/09/07 23:31:06.462, 0, 12 %, 11244 MiB
2026/09/07 23:31:06.472, 1, 8 %, 8427 MiB
2026/09/07 23:31:06.982, 0, 17 %, 11231 MiB
2026/09/07 23:31:07.111, 1, 18 %, 8427 MiB
2026/09/07 23:31:07.620, 0, 17 %, 11244 MiB
2026/09/07 23:31:07.627, 1, 18 %, 8593 MiB
2026/09/07 23:31:08.134, 0, 14 %, 11276 MiB
2026/09/07 23:31:08.149, 1, 19 %, 8645 MiB
2026/09/07 23:31:08.677, 0, 14 %, 11272 MiB
2026/09/07 23:31:08.681, 1, 3 %, 8678 MiB
2026/09/07 23:31:09.181, 0, 14 %, 11273 MiB
2026/09/07 23:31:09.183, 1, 3 %, 9090 MiB
2026/09/07 23:31:09.688, 0, 19 %, 11278 MiB
2026/09/07 23:31:09.784, 1, 3 %, 9230 MiB
2026/09/07 23:31:10.292, 0, 19 %, 11295 MiB
2026/09/07 23:31:10.293, 1, 5 %, 9315 MiB
2026/09/07 23:31:10.801, 0, 17 %, 11292 MiB
2026/09/07 23:31:10.940, 1, 5 %, 9317 MiB
2026/09/07 23:31:11.585, 0, 17 %, 11323 MiB
2026/09/07 23:31:11.589, 1, 4 %, 9797 MiB
2026/09/07 23:31:12.098, 0, 21 %, 11379 MiB
2026/09/07 23:31:12.167, 1, 22 %, 9797 MiB
2026/09/07 23:31:12.819, 0, 21 %, 11435 MiB
2026/09/07 23:31:12.824, 1, 22 %, 9802 MiB
2026/09/07 23:31:13.331, 0, 4 %, 11573 MiB
2026/09/07 23:31:13.386, 1, 22 %, 9804 MiB
2026/09/07 23:31:14.030, 0, 4 %, 11653 MiB
2026/09/07 23:31:14.031, 1, 22 %, 9814 MiB
2026/09/07 23:31:14.537, 0, 4 %, 11586 MiB
2026/09/07 23:31:14.538, 1, 13 %, 9822 MiB
2026/09/07 23:31:15.046, 0, 7 %, 11532 MiB
2026/09/07 23:31:15.052, 1, 13 %, 9824 MiB
2026/09/07 23:31:15.557, 0, 7 %, 11247 MiB
2026/09/07 23:31:15.576, 1, 13 %, 9839 MiB
2026/09/07 23:31:16.086, 0, 16 %, 10790 MiB
2026/09/07 23:31:16.161, 1, 14 %, 9862 MiB
2026/09/07 23:31:16.669, 0, 16 %, 11197 MiB
2026/09/07 23:31:16.673, 1, 14 %, 9900 MiB
2026/09/07 23:31:17.175, 0, 20 %, 11059 MiB
2026/09/07 23:31:17.176, 1, 19 %, 9942 MiB
2026/09/07 23:31:17.684, 0, 20 %, 11055 MiB
2026/09/07 23:31:17.685, 1, 19 %, 9965 MiB
2026/09/07 23:31:18.196, 0, 15 %, 10506 MiB
2026/09/07 23:31:18.214, 1, 10 %, 10035 MiB
2026/09/07 23:31:18.721, 0, 12 %, 10519 MiB
2026/09/07 23:31:18.723, 1, 10 %, 10190 MiB
2026/09/07 23:31:19.230, 0, 12 %, 10521 MiB
2026/09/07 23:31:19.231, 1, 12 %, 10200 MiB
2026/09/07 23:31:19.738, 0, 0 %, 10521 MiB
2026/09/07 23:31:19.773, 1, 12 %, 10201 MiB
2026/09/07 23:31:20.276, 0, 0 %, 10522 MiB
2026/09/07 23:31:20.282, 1, 3 %, 10203 MiB
2026/09/07 23:31:20.788, 0, 21 %, 10550 MiB
2026/09/07 23:31:20.794, 1, 24 %, 10860 MiB
2026/09/07 23:31:21.301, 0, 21 %, 10586 MiB
2026/09/07 23:31:21.309, 1, 24 %, 10868 MiB
2026/09/07 23:31:21.819, 0, 1 %, 10618 MiB
2026/09/07 23:31:21.820, 1, 24 %, 10876 MiB
2026/09/07 23:31:22.334, 0, 17 %, 10617 MiB
2026/09/07 23:31:22.338, 1, 22 %, 11386 MiB
2026/09/07 23:31:22.846, 0, 17 %, 10688 MiB
2026/09/07 23:31:22.863, 1, 22 %, 11418 MiB
2026/09/07 23:31:23.371, 0, 17 %, 10768 MiB
2026/09/07 23:31:23.374, 1, 22 %, 11418 MiB
2026/09/07 23:31:23.882, 0, 18 %, 10769 MiB
2026/09/07 23:31:23.882, 1, 19 %, 11556 MiB
2026/09/07 23:31:24.393, 0, 1 %, 10786 MiB
2026/09/07 23:31:24.397, 1, 19 %, 11573 MiB
2026/09/07 23:31:24.904, 0, 12 %, 11267 MiB
2026/09/07 23:31:24.910, 1, 14 %, 11574 MiB
2026/09/07 23:31:25.412, 0, 12 %, 11267 MiB
2026/09/07 23:31:25.475, 1, 14 %, 11586 MiB
2026/09/07 23:31:25.982, 0, 12 %, 11276 MiB
2026/09/07 23:31:25.987, 1, 14 %, 11834 MiB
2026/09/07 23:31:26.497, 0, 18 %, 11267 MiB
2026/09/07 23:31:26.583, 1, 20 %, 11303 MiB
2026/09/07 23:31:27.092, 0, 18 %, 11267 MiB
2026/09/07 23:31:27.101, 1, 25 %, 11303 MiB
2026/09/07 23:31:27.612, 0, 3 %, 11251 MiB
2026/09/07 23:31:27.728, 1, 25 %, 11169 MiB
2026/09/07 23:31:28.234, 0, 3 %, 11251 MiB
2026/09/07 23:31:28.238, 1, 25 %, 11089 MiB
2026/09/07 23:31:28.746, 0, 3 %, 11235 MiB
2026/09/07 23:31:28.749, 1, 23 %, 10550 MiB
2026/09/07 23:31:29.257, 0, 0 %, 11219 MiB
2026/09/07 23:31:29.398, 1, 12 %, 10550 MiB
2026/09/07 23:31:29.903, 0, 0 %, 11219 MiB
2026/09/07 23:31:29.906, 1, 12 %, 10550 MiB
2026/09/07 23:31:30.409, 0, 9 %, 11219 MiB
2026/09/07 23:31:30.454, 1, 19 %, 10550 MiB
2026/09/07 23:31:30.960, 0, 9 %, 11219 MiB
2026/09/07 23:31:30.965, 1, 21 %, 10550 MiB
2026/09/07 23:31:31.470, 0, 0 %, 11026 MiB
2026/09/07 23:31:31.471, 1, 21 %, 10550 MiB
2026/09/07 23:31:31.975, 0, 0 %, 11017 MiB
2026/09/07 23:31:32.113, 1, 20 %, 10550 MiB
2026/09/07 23:31:32.624, 0, 2 %, 11017 MiB
2026/09/07 23:31:32.634, 1, 20 %, 10336 MiB
2026/09/07 23:31:33.143, 0, 2 %, 10463 MiB
2026/09/07 23:31:33.145, 1, 18 %, 9797 MiB
2026/09/07 23:31:33.650, 0, 6 %, 10474 MiB
2026/09/07 23:31:33.654, 1, 18 %, 9797 MiB
2026/09/07 23:31:34.159, 0, 6 %, 10483 MiB
2026/09/07 23:31:34.307, 1, 3 %, 9797 MiB
2026/09/07 23:31:34.954, 0, 1 %, 10290 MiB
2026/09/07 23:31:35.011, 1, 3 %, 9596 MiB
2026/09/07 23:31:35.523, 0, 1 %, 9745 MiB
2026/09/07 23:31:35.525, 1, 15 %, 9576 MiB
2026/09/07 23:31:36.030, 0, 1 %, 9729 MiB
2026/09/07 23:31:36.034, 1, 15 %, 9045 MiB
2026/09/07 23:31:36.539, 0, 10 %, 9741 MiB
2026/09/07 23:31:36.667, 1, 1 %, 9045 MiB
2026/09/07 23:31:37.307, 0, 0 %, 9554 MiB
2026/09/07 23:31:37.358, 1, 1 %, 9045 MiB
2026/09/07 23:31:37.866, 0, 0 %, 9005 MiB
2026/09/07 23:31:37.906, 1, 4 %, 9045 MiB
2026/09/07 23:31:38.412, 0, 0 %, 9073 MiB
2026/09/07 23:31:38.417, 1, 4 %, 8829 MiB
2026/09/07 23:31:38.921, 0, 0 %, 9097 MiB
2026/09/07 23:31:38.987, 1, 11 %, 8605 MiB
2026/09/07 23:31:39.496, 0, 0 %, 9077 MiB
2026/09/07 23:31:39.499, 1, 11 %, 8074 MiB
2026/09/07 23:31:40.009, 0, 0 %, 9063 MiB
2026/09/07 23:31:40.013, 1, 11 %, 7539 MiB
2026/09/07 23:31:40.519, 0, 3 %, 9266 MiB
2026/09/07 23:31:40.617, 1, 1 %, 7539 MiB
2026/09/07 23:31:41.258, 0, 15 %, 9288 MiB
2026/09/07 23:31:41.381, 1, 10 %, 7317 MiB
2026/09/07 23:31:42.024, 0, 15 %, 9362 MiB
2026/09/07 23:31:42.127, 1, 10 %, 6786 MiB
2026/09/07 23:31:42.631, 0, 20 %, 9930 MiB
2026/09/07 23:31:42.637, 1, 9 %, 6786 MiB
2026/09/07 23:31:43.141, 0, 20 %, 9937 MiB
2026/09/07 23:31:43.163, 1, 9 %, 6786 MiB
2026/09/07 23:31:43.669, 0, 2 %, 9930 MiB
2026/09/07 23:31:43.672, 1, 6 %, 6359 MiB
2026/09/07 23:31:44.177, 0, 19 %, 10422 MiB
2026/09/07 23:31:44.244, 1, 8 %, 6337 MiB
2026/09/07 23:31:44.881, 0, 19 %, 10392 MiB
2026/09/07 23:31:44.939, 1, 8 %, 5281 MiB
2026/09/07 23:31:45.445, 0, 13 %, 10403 MiB
2026/09/07 23:31:45.452, 1, 12 %, 5281 MiB
2026/09/07 23:31:45.957, 0, 0 %, 10388 MiB
2026/09/07 23:31:46.015, 1, 12 %, 5281 MiB
2026/09/07 23:31:46.521, 0, 0 %, 10387 MiB
2026/09/07 23:31:46.522, 1, 1 %, 5288 MiB
2026/09/07 23:31:47.026, 0, 0 %, 10387 MiB
2026/09/07 23:31:47.047, 1, 1 %, 5289 MiB
2026/09/07 23:31:47.688, 0, 2 %, 10397 MiB
2026/09/07 23:31:47.802, 1, 1 %, 5300 MiB
2026/09/07 23:31:48.312, 0, 2 %, 10221 MiB
2026/09/07 23:31:48.399, 1, 1 %, 5313 MiB
2026/09/07 23:31:48.902, 0, 2 %, 10179 MiB
2026/09/07 23:31:48.906, 1, 1 %, 5328 MiB
2026/09/07 23:31:49.411, 0, 12 %, 9659 MiB
2026/09/07 23:31:49.530, 1, 1 %, 5396 MiB
2026/09/07 23:31:50.174, 0, 12 %, 9664 MiB
2026/09/07 23:31:50.275, 1, 1 %, 5396 MiB
2026/09/07 23:31:50.782, 0, 1 %, 9608 MiB
2026/09/07 23:31:50.825, 1, 9 %, 5530 MiB
2026/09/07 23:31:51.325, 0, 1 %, 8927 MiB
2026/09/07 23:31:51.355, 1, 9 %, 5556 MiB
2026/09/07 23:31:51.862, 0, 13 %, 8952 MiB
2026/09/07 23:31:51.869, 1, 5 %, 5558 MiB
2026/09/07 23:31:52.376, 0, 10 %, 8847 MiB
2026/09/07 23:31:52.481, 1, 8 %, 5346 MiB
2026/09/07 23:31:52.986, 0, 10 %, 8783 MiB
2026/09/07 23:31:52.998, 1, 8 %, 5759 MiB
2026/09/07 23:31:53.505, 0, 13 %, 8315 MiB
2026/09/07 23:31:53.512, 1, 9 %, 5300 MiB
2026/09/07 23:31:54.016, 0, 13 %, 8356 MiB
2026/09/07 23:31:54.017, 1, 9 %, 5315 MiB
2026/09/07 23:31:54.529, 0, 0 %, 8392 MiB
2026/09/07 23:31:54.533, 1, 1 %, 5343 MiB
2026/09/07 23:31:55.037, 0, 0 %, 8549 MiB
2026/09/07 23:31:55.154, 1, 1 %, 5336 MiB
2026/09/07 23:31:55.654, 0, 0 %, 8411 MiB
2026/09/07 23:31:55.660, 1, 8 %, 5416 MiB
2026/09/07 23:31:56.162, 0, 11 %, 8531 MiB
2026/09/07 23:31:56.214, 1, 8 %, 5416 MiB
2026/09/07 23:31:56.723, 0, 11 %, 8382 MiB
2026/09/07 23:31:56.739, 1, 0 %, 5426 MiB
2026/09/07 23:31:57.243, 0, 6 %, 8278 MiB
2026/09/07 23:31:57.253, 1, 0 %, 5589 MiB
2026/09/07 23:31:57.762, 0, 2 %, 8396 MiB
2026/09/07 23:31:57.904, 1, 10 %, 5641 MiB
2026/09/07 23:31:58.549, 0, 2 %, 8251 MiB
2026/09/07 23:31:58.623, 1, 4 %, 5674 MiB
2026/09/07 23:31:59.129, 0, 8 %, 8322 MiB
2026/09/07 23:31:59.233, 1, 4 %, 6098 MiB
2026/09/07 23:31:59.738, 0, 8 %, 8386 MiB
2026/09/07 23:31:59.749, 1, 3 %, 6238 MiB
2026/09/07 23:32:00.277, 0, 7 %, 8245 MiB
2026/09/07 23:32:00.287, 1, 3 %, 6318 MiB
2026/09/07 23:32:00.793, 0, 7 %, 8212 MiB
2026/09/07 23:32:00.927, 1, 8 %, 6358 MiB
2026/09/07 23:32:01.431, 0, 0 %, 8212 MiB
2026/09/07 23:32:01.521, 1, 8 %, 6358 MiB
2026/09/07 23:32:02.168, 0, 0 %, 8064 MiB
2026/09/07 23:32:02.169, 1, 7 %, 6443 MiB
2026/09/07 23:32:02.674, 0, 9 %, 8143 MiB
2026/09/07 23:32:02.729, 1, 7 %, 6921 MiB
2026/09/07 23:32:03.230, 0, 9 %, 8150 MiB
2026/09/07 23:32:03.235, 1, 7 %, 7004 MiB
2026/09/07 23:32:03.739, 0, 1 %, 8157 MiB
2026/09/07 23:32:03.971, 1, 18 %, 7119 MiB
2026/09/07 23:32:04.474, 0, 1 %, 8159 MiB
2026/09/07 23:32:04.477, 1, 25 %, 7211 MiB
2026/09/07 23:32:04.983, 0, 1 %, 8166 MiB
2026/09/07 23:32:04.985, 1, 25 %, 7681 MiB
2026/09/07 23:32:05.489, 0, 0 %, 8175 MiB
2026/09/07 23:32:05.510, 1, 25 %, 7851 MiB
2026/09/07 23:32:06.154, 0, 0 %, 7957 MiB
2026/09/07 23:32:06.272, 1, 12 %, 7886 MiB
2026/09/07 23:32:06.780, 0, 7 %, 7787 MiB
2026/09/07 23:32:06.799, 1, 12 %, 7973 MiB
2026/09/07 23:32:07.300, 0, 7 %, 7196 MiB
2026/09/07 23:32:07.305, 1, 1 %, 8021 MiB
2026/09/07 23:32:07.808, 0, 7 %, 7183 MiB
2026/09/07 23:32:07.865, 1, 1 %, 8593 MiB
2026/09/07 23:32:08.371, 0, 1 %, 6665 MiB
2026/09/07 23:32:08.374, 1, 20 %, 8677 MiB
2026/09/07 23:32:08.879, 0, 8 %, 6481 MiB
2026/09/07 23:32:09.008, 1, 20 %, 8816 MiB
2026/09/07 23:32:09.515, 0, 8 %, 6473 MiB
2026/09/07 23:32:09.539, 1, 20 %, 8832 MiB
2026/09/07 23:32:10.047, 0, 7 %, 5906 MiB
2026/09/07 23:32:10.055, 1, 9 %, 9249 MiB
2026/09/07 23:32:10.556, 0, 7 %, 5932 MiB
2026/09/07 23:32:10.609, 1, 16 %, 9327 MiB
2026/09/07 23:32:11.120, 0, 7 %, 5948 MiB
2026/09/07 23:32:11.122, 1, 16 %, 9797 MiB
2026/09/07 23:32:11.625, 0, 11 %, 5988 MiB
2026/09/07 23:32:11.627, 1, 26 %, 9797 MiB
2026/09/07 23:32:12.131, 0, 0 %, 6038 MiB
2026/09/07 23:32:12.132, 1, 26 %, 9797 MiB
2026/09/07 23:32:12.638, 0, 0 %, 6086 MiB
2026/09/07 23:32:12.641, 1, 18 %, 9797 MiB
2026/09/07 23:32:13.148, 0, 10 %, 6188 MiB
2026/09/07 23:32:13.216, 1, 18 %, 9797 MiB
2026/09/07 23:32:13.723, 0, 9 %, 6318 MiB
2026/09/07 23:32:13.728, 1, 23 %, 9802 MiB
2026/09/07 23:32:14.233, 0, 9 %, 6330 MiB
2026/09/07 23:32:14.314, 1, 23 %, 9804 MiB
2026/09/07 23:32:14.823, 0, 0 %, 6336 MiB
2026/09/07 23:32:15.071, 1, 1 %, 9804 MiB
2026/09/07 23:32:15.585, 0, 0 %, 6991 MiB
2026/09/07 23:32:15.597, 1, 1 %, 9817 MiB
2026/09/07 23:32:16.100, 0, 0 %, 7007 MiB
2026/09/07 23:32:16.117, 1, 18 %, 9817 MiB
2026/09/07 23:32:16.758, 0, 0 %, 7167 MiB
2026/09/07 23:32:16.759, 1, 18 %, 9853 MiB
2026/09/07 23:32:17.265, 0, 13 %, 7575 MiB
2026/09/07 23:32:17.272, 1, 0 %, 9845 MiB
2026/09/07 23:32:17.774, 0, 13 %, 7525 MiB
2026/09/07 23:32:17.775, 1, 0 %, 9711 MiB
2026/09/07 23:32:18.282, 0, 10 %, 7550 MiB
2026/09/07 23:32:18.395, 1, 0 %, 9691 MiB
2026/09/07 23:32:18.907, 0, 6 %, 7013 MiB
2026/09/07 23:32:18.918, 1, 15 %, 9230 MiB
2026/09/07 23:32:19.424, 0, 6 %, 7522 MiB
2026/09/07 23:32:19.429, 1, 15 %, 9315 MiB
2026/09/07 23:32:19.938, 0, 6 %, 7590 MiB
2026/09/07 23:32:19.941, 1, 1 %, 9315 MiB
2026/09/07 23:32:20.586, 0, 7 %, 7598 MiB
2026/09/07 23:32:20.613, 1, 1 %, 9315 MiB
2026/09/07 23:32:21.119, 0, 10 %, 7800 MiB
2026/09/07 23:32:21.125, 1, 17 %, 9797 MiB
2026/09/07 23:32:21.629, 0, 10 %, 7800 MiB
2026/09/07 23:32:21.807, 1, 17 %, 9802 MiB
2026/09/07 23:32:22.318, 0, 1 %, 7826 MiB
2026/09/07 23:32:22.323, 1, 8 %, 9804 MiB
2026/09/07 23:32:22.830, 0, 1 %, 7754 MiB
2026/09/07 23:32:22.949, 1, 8 %, 9805 MiB
2026/09/07 23:32:23.460, 0, 5 %, 8163 MiB
2026/09/07 23:32:23.490, 1, 12 %, 9815 MiB
2026/09/07 23:32:23.995, 0, 5 %, 7683 MiB
2026/09/07 23:32:23.999, 1, 12 %, 9817 MiB
2026/09/07 23:32:24.500, 0, 5 %, 7703 MiB
2026/09/07 23:32:24.500, 1, 19 %, 9747 MiB
2026/09/07 23:32:25.001, 0, 0 %, 8115 MiB
2026/09/07 23:32:25.010, 1, 19 %, 9610 MiB
2026/09/07 23:32:25.516, 0, 0 %, 8165 MiB
2026/09/07 23:32:25.518, 1, 4 %, 9084 MiB
2026/09/07 23:32:26.062, 0, 11 %, 8150 MiB
2026/09/07 23:32:26.075, 1, 4 %, 9092 MiB
2026/09/07 23:32:26.580, 0, 11 %, 8154 MiB
2026/09/07 23:32:26.655, 1, 4 %, 9160 MiB
2026/09/07 23:32:27.162, 0, 11 %, 8156 MiB
2026/09/07 23:32:27.164, 1, 0 %, 9160 MiB
2026/09/07 23:32:27.665, 0, 0 %, 8178 MiB
2026/09/07 23:32:27.669, 1, 0 %, 9160 MiB
2026/09/07 23:32:28.171, 0, 0 %, 8209 MiB
2026/09/07 23:32:28.251, 1, 1 %, 9294 MiB
2026/09/07 23:32:28.759, 0, 0 %, 8219 MiB
2026/09/07 23:32:28.778, 1, 1 %, 9315 MiB
2026/09/07 23:32:29.278, 0, 1 %, 8239 MiB
2026/09/07 23:32:29.281, 1, 1 %, 9319 MiB
2026/09/07 23:32:29.787, 0, 1 %, 8266 MiB
2026/09/07 23:32:29.868, 1, 0 %, 9802 MiB
2026/09/07 23:32:30.375, 0, 13 %, 8316 MiB
2026/09/07 23:32:30.379, 1, 0 %, 9814 MiB
2026/09/07 23:32:30.881, 0, 13 %, 8385 MiB
2026/09/07 23:32:30.918, 1, 16 %, 9817 MiB
2026/09/07 23:32:31.440, 0, 0 %, 8271 MiB
2026/09/07 23:32:31.446, 1, 16 %, 9845 MiB
2026/09/07 23:32:31.951, 0, 0 %, 8275 MiB
2026/09/07 23:32:31.953, 1, 0 %, 9877 MiB
2026/09/07 23:32:32.457, 0, 8 %, 8212 MiB
2026/09/07 23:32:32.462, 1, 0 %, 9743 MiB
2026/09/07 23:32:32.967, 0, 8 %, 8240 MiB
2026/09/07 23:32:32.971, 1, 17 %, 9691 MiB
2026/09/07 23:32:33.474, 0, 2 %, 8166 MiB
2026/09/07 23:32:33.477, 1, 17 %, 9008 MiB
2026/09/07 23:32:33.981, 0, 2 %, 8062 MiB
2026/09/07 23:32:34.050, 1, 1 %, 9092 MiB
2026/09/07 23:32:34.555, 0, 2 %, 7532 MiB
2026/09/07 23:32:34.555, 1, 1 %, 8562 MiB
2026/09/07 23:32:35.061, 0, 11 %, 7532 MiB
2026/09/07 23:32:35.062, 1, 16 %, 8565 MiB
2026/09/07 23:32:35.568, 0, 11 %, 7523 MiB
2026/09/07 23:32:35.569, 1, 16 %, 8977 MiB
2026/09/07 23:32:36.072, 0, 1 %, 7655 MiB
2026/09/07 23:32:36.078, 1, 16 %, 9050 MiB
2026/09/07 23:32:36.581, 0, 1 %, 7682 MiB
2026/09/07 23:32:36.587, 1, 0 %, 9052 MiB
2026/09/07 23:32:37.092, 0, 1 %, 7689 MiB
2026/09/07 23:32:37.133, 1, 0 %, 9052 MiB
2026/09/07 23:32:37.639, 0, 0 %, 7569 MiB
2026/09/07 23:32:37.640, 1, 4 %, 9052 MiB
2026/09/07 23:32:38.143, 0, 0 %, 7978 MiB
2026/09/07 23:32:38.257, 1, 4 %, 9064 MiB
2026/09/07 23:32:38.763, 0, 15 %, 7471 MiB
2026/09/07 23:32:38.765, 1, 13 %, 9092 MiB
2026/09/07 23:32:39.272, 0, 15 %, 7515 MiB
2026/09/07 23:32:39.294, 1, 13 %, 9128 MiB
2026/09/07 23:32:39.803, 0, 15 %, 7602 MiB
2026/09/07 23:32:39.804, 1, 23 %, 9160 MiB
2026/09/07 23:32:40.308, 0, 2 %, 7699 MiB
2026/09/07 23:32:40.312, 1, 23 %, 9230 MiB
2026/09/07 23:32:40.834, 0, 2 %, 7847 MiB
2026/09/07 23:32:40.868, 1, 23 %, 9320 MiB
2026/09/07 23:32:41.515, 0, 7 %, 7970 MiB
2026/09/07 23:32:41.516, 1, 5 %, 9345 MiB
2026/09/07 23:32:42.022, 0, 7 %, 8449 MiB
2026/09/07 23:32:42.024, 1, 5 %, 9817 MiB
2026/09/07 23:32:42.528, 0, 18 %, 8734 MiB
2026/09/07 23:32:42.697, 1, 10 %, 9623 MiB
2026/09/07 23:32:43.200, 0, 18 %, 8735 MiB
2026/09/07 23:32:43.301, 1, 12 %, 9690 MiB
2026/09/07 23:32:43.945, 0, 6 %, 9130 MiB
2026/09/07 23:32:44.064, 1, 12 %, 9160 MiB
2026/09/07 23:32:44.569, 0, 0 %, 9668 MiB
2026/09/07 23:32:44.652, 1, 1 %, 9230 MiB
2026/09/07 23:32:45.158, 0, 0 %, 9450 MiB
2026/09/07 23:32:45.159, 1, 6 %, 9304 MiB
2026/09/07 23:32:45.661, 0, 11 %, 9450 MiB
2026/09/07 23:32:45.663, 1, 6 %, 9315 MiB
2026/09/07 23:32:46.166, 0, 11 %, 8831 MiB
2026/09/07 23:32:46.170, 1, 6 %, 9315 MiB
2026/09/07 23:32:46.673, 0, 2 %, 8698 MiB
2026/09/07 23:32:46.785, 1, 12 %, 9575 MiB
2026/09/07 23:32:47.291, 0, 2 %, 8165 MiB
2026/09/07 23:32:47.406, 1, 12 %, 9570 MiB
2026/09/07 23:32:47.913, 0, 6 %, 8149 MiB
2026/09/07 23:32:48.000, 1, 13 %, 9049 MiB
2026/09/07 23:32:48.505, 0, 0 %, 8149 MiB
2026/09/07 23:32:48.510, 1, 8 %, 9059 MiB
2026/09/07 23:32:49.016, 0, 0 %, 8161 MiB
2026/09/07 23:32:49.026, 1, 8 %, 9073 MiB
2026/09/07 23:32:49.532, 0, 0 %, 8165 MiB
2026/09/07 23:32:49.621, 1, 8 %, 8499 MiB
2026/09/07 23:32:50.130, 0, 0 %, 8165 MiB
2026/09/07 23:32:50.131, 1, 3 %, 8466 MiB
2026/09/07 23:32:50.636, 0, 0 %, 8126 MiB
2026/09/07 23:32:50.641, 1, 3 %, 6949 MiB
2026/09/07 23:32:51.144, 0, 4 %, 8126 MiB
2026/09/07 23:32:51.282, 1, 7 %, 6985 MiB
2026/09/07 23:32:51.793, 0, 4 %, 7914 MiB
2026/09/07 23:32:51.797, 1, 10 %, 7017 MiB
2026/09/07 23:32:52.306, 0, 0 %, 7350 MiB
2026/09/07 23:32:52.391, 1, 10 %, 7087 MiB
2026/09/07 23:32:52.925, 0, 0 %, 7350 MiB
2026/09/07 23:32:53.080, 1, 10 %, 7087 MiB
2026/09/07 23:32:53.586, 0, 0 %, 7350 MiB
2026/09/07 23:32:53.702, 1, 8 %, 7242 MiB
2026/09/07 23:32:54.209, 0, 2 %, 7350 MiB
2026/09/07 23:32:54.322, 1, 8 %, 7242 MiB
2026/09/07 23:32:54.829, 0, 2 %, 7359 MiB
2026/09/07 23:32:54.945, 1, 5 %, 7318 MiB
2026/09/07 23:32:55.452, 0, 0 %, 7361 MiB
2026/09/07 23:32:55.460, 1, 5 %, 7333 MiB
2026/09/07 23:32:55.961, 0, 0 %, 7357 MiB
2026/09/07 23:32:56.056, 1, 5 %, 7337 MiB
2026/09/07 23:32:56.562, 0, 0 %, 7350 MiB
2026/09/07 23:32:56.565, 1, 85 %, 7888 MiB
2026/09/07 23:32:57.069, 0, 2 %, 7359 MiB
2026/09/07 23:32:57.180, 1, 3 %, 8292 MiB
2026/09/07 23:32:57.819, 0, 11 %, 7391 MiB
2026/09/07 23:32:57.893, 1, 3 %, 8292 MiB
2026/09/07 23:32:58.400, 0, 11 %, 7382 MiB
2026/09/07 23:32:58.442, 1, 3 %, 8292 MiB
2026/09/07 23:32:58.947, 0, 11 %, 7423 MiB
2026/09/07 23:32:59.092, 1, 16 %, 8292 MiB
2026/09/07 23:32:59.736, 0, 0 %, 7430 MiB
2026/09/07 23:32:59.739, 1, 16 %, 8292 MiB
2026/09/07 23:33:00.244, 0, 0 %, 7450 MiB
2026/09/07 23:33:00.244, 1, 7 %, 8297 MiB
2026/09/07 23:33:00.748, 0, 13 %, 7471 MiB
2026/09/07 23:33:00.801, 1, 7 %, 8300 MiB
2026/09/07 23:33:01.307, 0, 10 %, 7532 MiB
2026/09/07 23:33:01.418, 1, 7 %, 8089 MiB
2026/09/07 23:33:02.059, 0, 10 %, 7516 MiB
2026/09/07 23:33:02.237, 1, 9 %, 7575 MiB
2026/09/07 23:33:02.745, 0, 10 %, 7586 MiB
2026/09/07 23:33:02.843, 1, 0 %, 7417 MiB
2026/09/07 23:33:03.350, 0, 6 %, 7676 MiB
2026/09/07 23:33:03.435, 1, 0 %, 7433 MiB
2026/09/07 23:33:03.946, 0, 6 %, 7677 MiB
2026/09/07 23:33:03.984, 1, 3 %, 6902 MiB
2026/09/07 23:33:04.488, 0, 0 %, 7696 MiB
2026/09/07 23:33:04.497, 1, 3 %, 6700 MiB
2026/09/07 23:33:05.006, 0, 0 %, 7691 MiB
2026/09/07 23:33:05.212, 1, 7 %, 6219 MiB
2026/09/07 23:33:05.743, 0, 0 %, 8128 MiB
2026/09/07 23:33:05.747, 1, 7 %, 6283 MiB
2026/09/07 23:33:06.248, 0, 0 %, 8132 MiB
2026/09/07 23:33:06.310, 1, 1 %, 6296 MiB
2026/09/07 23:33:06.959, 0, 10 %, 8202 MiB
2026/09/07 23:33:06.990, 1, 1 %, 6311 MiB
2026/09/07 23:33:07.496, 0, 10 %, 8287 MiB
2026/09/07 23:33:07.556, 1, 1 %, 6323 MiB
2026/09/07 23:33:08.067, 0, 1 %, 8298 MiB
2026/09/07 23:33:08.174, 1, 0 %, 6731 MiB
2026/09/07 23:33:08.680, 0, 1 %, 8316 MiB
2026/09/07 23:33:08.682, 1, 0 %, 6813 MiB
2026/09/07 23:33:09.189, 0, 1 %, 8520 MiB
2026/09/07 23:33:09.343, 1, 6 %, 6847 MiB
2026/09/07 23:33:09.987, 0, 0 %, 8602 MiB
2026/09/07 23:33:09.989, 1, 12 %, 6882 MiB
2026/09/07 23:33:10.492, 0, 14 %, 9028 MiB
2026/09/07 23:33:10.505, 1, 12 %, 6932 MiB
2026/09/07 23:33:11.007, 0, 14 %, 9275 MiB
2026/09/07 23:33:11.012, 1, 11 %, 7025 MiB
2026/09/07 23:33:11.520, 0, 0 %, 9305 MiB
2026/09/07 23:33:11.644, 1, 11 %, 7036 MiB
2026/09/07 23:33:12.154, 0, 0 %, 9331 MiB
2026/09/07 23:33:12.157, 1, 11 %, 7177 MiB
2026/09/07 23:33:12.663, 0, 19 %, 9797 MiB
2026/09/07 23:33:12.848, 1, 6 %, 7152 MiB
2026/09/07 23:33:13.361, 0, 19 %, 9900 MiB
2026/09/07 23:33:13.366, 1, 11 %, 6704 MiB
2026/09/07 23:33:13.873, 0, 10 %, 10042 MiB
2026/09/07 23:33:13.944, 1, 7 %, 7724 MiB
2026/09/07 23:33:14.451, 0, 0 %, 9942 MiB
2026/09/07 23:33:14.598, 1, 7 %, 7788 MiB
2026/09/07 23:33:15.106, 0, 15 %, 9772 MiB
2026/09/07 23:33:15.115, 1, 9 %, 7809 MiB
2026/09/07 23:33:15.635, 0, 15 %, 9223 MiB
2026/09/07 23:33:15.637, 1, 9 %, 7809 MiB
2026/09/07 23:33:16.141, 0, 15 %, 9331 MiB
2026/09/07 23:33:16.145, 1, 0 %, 7810 MiB
2026/09/07 23:33:16.648, 0, 4 %, 9304 MiB
2026/09/07 23:33:16.655, 1, 0 %, 8226 MiB
2026/09/07 23:33:17.162, 0, 7 %, 9316 MiB
2026/09/07 23:33:17.163, 1, 15 %, 8292 MiB
2026/09/07 23:33:17.669, 0, 7 %, 9865 MiB
2026/09/07 23:33:17.671, 1, 15 %, 8292 MiB
2026/09/07 23:33:18.173, 0, 7 %, 9961 MiB
2026/09/07 23:33:18.287, 1, 15 %, 8299 MiB
2026/09/07 23:33:18.792, 0, 0 %, 9969 MiB
2026/09/07 23:33:18.796, 1, 1 %, 8299 MiB
2026/09/07 23:33:19.301, 0, 0 %, 10460 MiB
2026/09/07 23:33:19.333, 1, 1 %, 8316 MiB
2026/09/07 23:33:19.839, 0, 15 %, 10481 MiB
2026/09/07 23:33:19.843, 1, 1 %, 8168 MiB
2026/09/07 23:33:20.353, 0, 15 %, 10490 MiB
2026/09/07 23:33:20.356, 1, 1 %, 8125 MiB
2026/09/07 23:33:20.863, 0, 15 %, 10333 MiB
2026/09/07 23:33:20.870, 1, 2 %, 8171 MiB
2026/09/07 23:33:21.381, 0, 7 %, 9729 MiB
2026/09/07 23:33:21.385, 1, 5 %, 7674 MiB
2026/09/07 23:33:21.890, 0, 7 %, 9738 MiB
2026/09/07 23:33:22.161, 1, 5 %, 7698 MiB
2026/09/07 23:33:22.668, 0, 2 %, 9762 MiB
2026/09/07 23:33:22.693, 1, 5 %, 7787 MiB
2026/09/07 23:33:23.198, 0, 2 %, 9766 MiB
2026/09/07 23:33:23.314, 1, 14 %, 7891 MiB
2026/09/07 23:33:23.843, 0, 2 %, 9811 MiB
2026/09/07 23:33:23.846, 1, 5 %, 7931 MiB
2026/09/07 23:33:24.349, 0, 15 %, 9837 MiB
2026/09/07 23:33:24.397, 1, 5 %, 7998 MiB
2026/09/07 23:33:25.037, 0, 15 %, 9834 MiB
2026/09/07 23:33:25.041, 1, 15 %, 8432 MiB
2026/09/07 23:33:25.548, 0, 1 %, 9968 MiB
2026/09/07 23:33:25.686, 1, 15 %, 8704 MiB
2026/09/07 23:33:26.192, 0, 1 %, 9984 MiB
2026/09/07 23:33:26.346, 1, 1 %, 8793 MiB
2026/09/07 23:33:26.846, 0, 1 %, 9994 MiB
2026/09/07 23:33:26.852, 1, 1 %, 8867 MiB
2026/09/07 23:33:27.357, 0, 14 %, 10397 MiB
2026/09/07 23:33:27.470, 1, 1 %, 9493 MiB
2026/09/07 23:33:27.978, 0, 14 %, 10467 MiB
2026/09/07 23:33:27.982, 1, 8 %, 9585 MiB
2026/09/07 23:33:28.496, 0, 6 %, 10486 MiB
2026/09/07 23:33:28.626, 1, 15 %, 10002 MiB
2026/09/07 23:33:29.135, 0, 6 %, 10486 MiB
2026/09/07 23:33:29.136, 1, 15 %, 10550 MiB
2026/09/07 23:33:29.641, 0, 20 %, 10483 MiB
2026/09/07 23:33:29.644, 1, 15 %, 10550 MiB
2026/09/07 23:33:30.149, 0, 20 %, 10499 MiB
2026/09/07 23:33:30.152, 1, 10 %, 10558 MiB
2026/09/07 23:33:30.661, 0, 7 %, 10499 MiB
2026/09/07 23:33:30.729, 1, 16 %, 10567 MiB
2026/09/07 23:33:31.236, 0, 7 %, 10499 MiB
2026/09/07 23:33:31.239, 1, 16 %, 10371 MiB
2026/09/07 23:33:31.743, 0, 17 %, 10483 MiB
2026/09/07 23:33:31.821, 1, 7 %, 9845 MiB
2026/09/07 23:33:32.329, 0, 17 %, 10488 MiB
2026/09/07 23:33:32.340, 1, 7 %, 9913 MiB
2026/09/07 23:33:32.848, 0, 0 %, 10505 MiB
2026/09/07 23:33:32.853, 1, 12 %, 9913 MiB
2026/09/07 23:33:33.358, 0, 15 %, 10532 MiB
2026/09/07 23:33:33.365, 1, 12 %, 10067 MiB
2026/09/07 23:33:33.872, 0, 15 %, 10589 MiB
2026/09/07 23:33:33.885, 1, 7 %, 10068 MiB
2026/09/07 23:33:34.392, 0, 15 %, 10639 MiB
2026/09/07 23:33:34.430, 1, 7 %, 10550 MiB
2026/09/07 23:33:35.072, 0, 1 %, 10817 MiB
2026/09/07 23:33:35.080, 1, 7 %, 10421 MiB
2026/09/07 23:33:35.585, 0, 1 %, 10699 MiB
2026/09/07 23:33:35.603, 1, 0 %, 10270 MiB
2026/09/07 23:33:36.109, 0, 1 %, 10668 MiB
2026/09/07 23:33:36.110, 1, 0 %, 9592 MiB
2026/09/07 23:33:36.618, 0, 4 %, 10053 MiB
2026/09/07 23:33:36.715, 1, 1 %, 9594 MiB
2026/09/07 23:33:37.229, 0, 4 %, 10512 MiB
2026/09/07 23:33:37.230, 1, 1 %, 9088 MiB
2026/09/07 23:33:37.731, 0, 14 %, 9989 MiB
2026/09/07 23:33:37.814, 1, 1 %, 9092 MiB
2026/09/07 23:33:38.457, 0, 14 %, 9991 MiB
2026/09/07 23:33:38.500, 1, 1 %, 8958 MiB
2026/09/07 23:33:39.007, 0, 11 %, 10485 MiB
2026/09/07 23:33:39.008, 1, 14 %, 8407 MiB
2026/09/07 23:33:39.514, 0, 7 %, 10517 MiB
2026/09/07 23:33:39.555, 1, 1 %, 8477 MiB
2026/09/07 23:33:40.206, 0, 7 %, 10553 MiB
2026/09/07 23:33:40.335, 1, 1 %, 8562 MiB
2026/09/07 23:33:40.982, 0, 2 %, 10553 MiB
2026/09/07 23:33:40.986, 1, 10 %, 8562 MiB
2026/09/07 23:33:41.494, 0, 2 %, 10623 MiB
2026/09/07 23:33:41.640, 1, 13 %, 8975 MiB
2026/09/07 23:33:42.151, 0, 5 %, 10704 MiB
2026/09/07 23:33:42.152, 1, 13 %, 9045 MiB
2026/09/07 23:33:42.658, 0, 5 %, 10570 MiB
2026/09/07 23:33:42.660, 1, 16 %, 9045 MiB
2026/09/07 23:33:43.167, 0, 5 %, 10489 MiB
2026/09/07 23:33:43.172, 1, 1 %, 9044 MiB
2026/09/07 23:33:43.678, 0, 3 %, 10968 MiB
2026/09/07 23:33:43.787, 1, 1 %, 9044 MiB
2026/09/07 23:33:44.294, 0, 3 %, 10428 MiB
2026/09/07 23:33:44.297, 1, 3 %, 9044 MiB
2026/09/07 23:33:44.802, 0, 21 %, 10431 MiB
2026/09/07 23:33:44.806, 1, 3 %, 9044 MiB
2026/09/07 23:33:45.316, 0, 24 %, 10435 MiB
2026/09/07 23:33:45.325, 1, 19 %, 9044 MiB
2026/09/07 23:33:45.831, 0, 24 %, 10444 MiB
2026/09/07 23:33:45.977, 1, 19 %, 9044 MiB
2026/09/07 23:33:46.622, 0, 15 %, 10451 MiB
2026/09/07 23:33:46.675, 1, 1 %, 9044 MiB
2026/09/07 23:33:47.321, 0, 15 %, 10451 MiB
2026/09/07 23:33:47.418, 1, 1 %, 9044 MiB
2026/09/07 23:33:48.067, 0, 2 %, 10436 MiB
2026/09/07 23:33:48.071, 1, 0 %, 9044 MiB
2026/09/07 23:33:48.580, 0, 2 %, 10435 MiB
2026/09/07 23:33:48.594, 1, 0 %, 9044 MiB
2026/09/07 23:33:49.103, 0, 2 %, 10445 MiB
2026/09/07 23:33:49.210, 1, 0 %, 9044 MiB
2026/09/07 23:33:49.851, 0, 2 %, 10436 MiB
2026/09/07 23:33:49.922, 1, 0 %, 9044 MiB
2026/09/07 23:33:50.427, 0, 14 %, 10435 MiB
2026/09/07 23:33:50.431, 1, 5 %, 9044 MiB
2026/09/07 23:33:51.080, 0, 14 %, 10435 MiB
2026/09/07 23:33:51.165, 1, 5 %, 9044 MiB
2026/09/07 23:33:51.672, 0, 17 %, 10420 MiB
2026/09/07 23:33:51.755, 1, 16 %, 9044 MiB
2026/09/07 23:33:52.262, 0, 17 %, 10444 MiB
2026/09/07 23:33:52.264, 1, 14 %, 8827 MiB
2026/09/07 23:33:52.768, 0, 9 %, 10451 MiB
2026/09/07 23:33:52.771, 1, 14 %, 8822 MiB
2026/09/07 23:33:53.274, 0, 9 %, 10478 MiB
2026/09/07 23:33:53.277, 1, 14 %, 8297 MiB
2026/09/07 23:33:53.786, 0, 9 %, 10483 MiB
2026/09/07 23:33:53.790, 1, 6 %, 8229 MiB
2026/09/07 23:33:54.294, 0, 2 %, 10483 MiB
2026/09/07 23:33:54.366, 1, 6 %, 8078 MiB
2026/09/07 23:33:54.873, 0, 2 %, 10483 MiB
2026/09/07 23:33:54.962, 1, 6 %, 8087 MiB
2026/09/07 23:33:55.470, 0, 5 %, 10300 MiB
2026/09/07 23:33:55.513, 1, 8 %, 7563 MiB
2026/09/07 23:33:56.019, 0, 5 %, 10241 MiB
2026/09/07 23:33:56.022, 1, 8 %, 7582 MiB
2026/09/07 23:33:56.528, 0, 5 %, 9681 MiB
2026/09/07 23:33:56.533, 1, 13 %, 7594 MiB
2026/09/07 23:33:57.040, 0, 15 %, 9684 MiB
2026/09/07 23:33:57.145, 1, 15 %, 7611 MiB
2026/09/07 23:33:57.797, 0, 15 %, 9684 MiB
2026/09/07 23:33:57.828, 1, 15 %, 7709 MiB
2026/09/07 23:33:58.331, 0, 15 %, 9684 MiB
2026/09/07 23:33:58.444, 1, 0 %, 7497 MiB
2026/09/07 23:33:59.092, 0, 4 %, 9684 MiB
2026/09/07 23:33:59.098, 1, 0 %, 7603 MiB
2026/09/07 23:33:59.614, 0, 4 %, 9659 MiB
2026/09/07 23:33:59.656, 1, 16 %, 7174 MiB
2026/09/07 23:34:00.163, 0, 10 %, 9661 MiB
2026/09/07 23:34:00.168, 1, 11 %, 7220 MiB
2026/09/07 23:34:00.681, 0, 10 %, 9663 MiB
2026/09/07 23:34:00.739, 1, 11 %, 7220 MiB
2026/09/07 23:34:01.248, 0, 10 %, 9663 MiB
2026/09/07 23:34:01.257, 1, 11 %, 7326 MiB
2026/09/07 23:34:01.767, 0, 0 %, 9694 MiB
2026/09/07 23:34:01.771, 1, 0 %, 7434 MiB
2026/09/07 23:34:02.274, 0, 0 %, 9716 MiB
2026/09/07 23:34:02.541, 1, 0 %, 7925 MiB
2026/09/07 23:34:03.041, 0, 0 %, 9716 MiB
2026/09/07 23:34:03.099, 1, 0 %, 7925 MiB
2026/09/07 23:34:03.599, 0, 0 %, 9723 MiB
2026/09/07 23:34:03.602, 1, 0 %, 8477 MiB
2026/09/07 23:34:04.105, 0, 0 %, 9727 MiB
2026/09/07 23:34:04.107, 1, 0 %, 8567 MiB
2026/09/07 23:34:04.613, 0, 11 %, 9549 MiB
2026/09/07 23:34:04.617, 1, 11 %, 8569 MiB
2026/09/07 23:34:05.122, 0, 11 %, 9551 MiB
2026/09/07 23:34:05.141, 1, 11 %, 8648 MiB
2026/09/07 23:34:05.644, 0, 12 %, 9025 MiB
2026/09/07 23:34:05.645, 1, 15 %, 9064 MiB
2026/09/07 23:34:06.148, 0, 12 %, 9051 MiB
2026/09/07 23:34:06.156, 1, 15 %, 9064 MiB
2026/09/07 23:34:06.667, 0, 1 %, 9142 MiB
2026/09/07 23:34:06.675, 1, 15 %, 9088 MiB
2026/09/07 23:34:07.180, 0, 1 %, 9178 MiB
2026/09/07 23:34:07.315, 1, 0 %, 9092 MiB
2026/09/07 23:34:07.984, 0, 1 %, 9287 MiB
2026/09/07 23:34:07.987, 1, 0 %, 8958 MiB
2026/09/07 23:34:08.494, 0, 10 %, 9252 MiB
2026/09/07 23:34:08.501, 1, 22 %, 8407 MiB
2026/09/07 23:34:09.006, 0, 10 %, 9245 MiB
2026/09/07 23:34:09.032, 1, 22 %, 8407 MiB
2026/09/07 23:34:09.540, 0, 3 %, 8765 MiB
2026/09/07 23:34:09.559, 1, 14 %, 8477 MiB
2026/09/07 23:34:10.063, 0, 13 %, 9060 MiB
2026/09/07 23:34:10.073, 1, 14 %, 8562 MiB
2026/09/07 23:34:10.578, 0, 13 %, 9103 MiB
2026/09/07 23:34:10.581, 1, 11 %, 8562 MiB
2026/09/07 23:34:11.105, 0, 15 %, 9067 MiB
2026/09/07 23:34:11.108, 1, 11 %, 8564 MiB
2026/09/07 23:34:11.610, 0, 15 %, 9044 MiB
2026/09/07 23:34:11.611, 1, 1 %, 8974 MiB
2026/09/07 23:34:12.114, 0, 14 %, 9106 MiB
2026/09/07 23:34:12.117, 1, 1 %, 9044 MiB
2026/09/07 23:34:12.626, 0, 14 %, 9201 MiB
2026/09/07 23:34:12.627, 1, 7 %, 9051 MiB
2026/09/07 23:34:13.134, 0, 14 %, 9211 MiB
2026/09/07 23:34:13.421, 1, 7 %, 8882 MiB
2026/09/07 23:34:13.929, 0, 20 %, 9616 MiB
2026/09/07 23:34:14.001, 1, 17 %, 8311 MiB
2026/09/07 23:34:14.508, 0, 1 %, 9684 MiB
2026/09/07 23:34:14.597, 1, 17 %, 8311 MiB
2026/09/07 23:34:15.239, 0, 1 %, 9706 MiB
2026/09/07 23:34:15.241, 1, 2 %, 8347 MiB
2026/09/07 23:34:15.747, 0, 1 %, 9711 MiB
2026/09/07 23:34:15.757, 1, 2 %, 8383 MiB
2026/09/07 23:34:16.261, 0, 3 %, 9711 MiB
2026/09/07 23:34:16.415, 1, 4 %, 8415 MiB
2026/09/07 23:34:16.921, 0, 16 %, 9742 MiB
2026/09/07 23:34:16.994, 1, 4 %, 8407 MiB
2026/09/07 23:34:17.638, 0, 16 %, 9762 MiB
2026/09/07 23:34:17.728, 1, 13 %, 8382 MiB
2026/09/07 23:34:18.375, 0, 23 %, 9330 MiB
2026/09/07 23:34:18.379, 1, 11 %, 8357 MiB
2026/09/07 23:34:18.882, 0, 23 %, 8814 MiB
2026/09/07 23:34:18.888, 1, 11 %, 7836 MiB
2026/09/07 23:34:19.393, 0, 10 %, 8299 MiB
2026/09/07 23:34:19.429, 1, 8 %, 7912 MiB
2026/09/07 23:34:19.940, 0, 10 %, 8310 MiB
2026/09/07 23:34:20.031, 1, 8 %, 8347 MiB
2026/09/07 23:34:20.540, 0, 10 %, 8310 MiB
2026/09/07 23:34:20.541, 1, 8 %, 8347 MiB
2026/09/07 23:34:21.047, 0, 12 %, 8391 MiB
2026/09/07 23:34:21.098, 1, 4 %, 8359 MiB
2026/09/07 23:34:21.603, 0, 12 %, 8472 MiB
2026/09/07 23:34:21.649, 1, 4 %, 8427 MiB
2026/09/07 23:34:22.293, 0, 12 %, 8504 MiB
2026/09/07 23:34:22.295, 1, 4 %, 8449 MiB
2026/09/07 23:34:22.796, 0, 14 %, 8526 MiB
2026/09/07 23:34:22.802, 1, 2 %, 8463 MiB
2026/09/07 23:34:23.307, 0, 14 %, 9051 MiB
2026/09/07 23:34:23.314, 1, 2 %, 8661 MiB
2026/09/07 23:34:23.823, 0, 0 %, 9083 MiB
2026/09/07 23:34:23.870, 1, 2 %, 8677 MiB
2026/09/07 23:34:24.375, 0, 0 %, 9089 MiB
2026/09/07 23:34:24.386, 1, 7 %, 9006 MiB
2026/09/07 23:34:24.892, 0, 13 %, 9214 MiB
2026/09/07 23:34:25.023, 1, 13 %, 9092 MiB
2026/09/07 23:34:25.532, 0, 13 %, 9222 MiB
2026/09/07 23:34:25.534, 1, 13 %, 8347 MiB
2026/09/07 23:34:26.045, 0, 14 %, 9208 MiB
2026/09/07 23:34:26.120, 1, 9 %, 8537 MiB
2026/09/07 23:34:26.765, 0, 14 %, 9280 MiB
2026/09/07 23:34:26.798, 1, 9 %, 8070 MiB
2026/09/07 23:34:27.303, 0, 7 %, 9713 MiB
2026/09/07 23:34:27.304, 1, 6 %, 7539 MiB
2026/09/07 23:34:27.811, 0, 7 %, 9756 MiB
2026/09/07 23:34:27.928, 1, 6 %, 7539 MiB
2026/09/07 23:34:28.437, 0, 7 %, 9795 MiB
2026/09/07 23:34:28.499, 1, 9 %, 7539 MiB
2026/09/07 23:34:29.005, 0, 7 %, 9802 MiB
2026/09/07 23:34:29.012, 1, 9 %, 7539 MiB
2026/09/07 23:34:29.513, 0, 0 %, 9802 MiB
2026/09/07 23:34:29.529, 1, 16 %, 7539 MiB
2026/09/07 23:34:30.029, 0, 0 %, 9872 MiB
2026/09/07 23:34:30.033, 1, 16 %, 7539 MiB
2026/09/07 23:34:30.541, 0, 0 %, 9945 MiB
2026/09/07 23:34:30.544, 1, 14 %, 7539 MiB
2026/09/07 23:34:31.050, 0, 0 %, 9966 MiB
2026/09/07 23:34:31.051, 1, 14 %, 7539 MiB
2026/09/07 23:34:31.555, 0, 0 %, 9971 MiB
2026/09/07 23:34:31.672, 1, 14 %, 7539 MiB
2026/09/07 23:34:32.178, 0, 24 %, 9969 MiB
2026/09/07 23:34:32.181, 1, 9 %, 7539 MiB
2026/09/07 23:34:32.687, 0, 24 %, 9807 MiB
2026/09/07 23:34:32.695, 1, 9 %, 7539 MiB
2026/09/07 23:34:33.221, 0, 7 %, 9690 MiB
2026/09/07 23:34:33.478, 1, 1 %, 7544 MiB
2026/09/07 23:34:33.984, 0, 7 %, 9699 MiB
2026/09/07 23:34:33.985, 1, 1 %, 7546 MiB
2026/09/07 23:34:34.492, 0, 18 %, 9734 MiB
2026/09/07 23:34:34.524, 1, 6 %, 7554 MiB
2026/09/07 23:34:35.170, 0, 6 %, 9779 MiB
2026/09/07 23:34:35.172, 1, 6 %, 7563 MiB
2026/09/07 23:34:35.675, 0, 6 %, 9827 MiB
2026/09/07 23:34:35.761, 1, 6 %, 7578 MiB
2026/09/07 23:34:36.269, 0, 5 %, 9833 MiB
2026/09/07 23:34:36.478, 1, 4 %, 7594 MiB
2026/09/07 23:34:36.989, 0, 5 %, 9990 MiB
2026/09/07 23:34:36.992, 1, 15 %, 7634 MiB
2026/09/07 23:34:37.498, 0, 6 %, 10010 MiB
2026/09/07 23:34:37.594, 1, 15 %, 7670 MiB
2026/09/07 23:34:38.100, 0, 6 %, 10006 MiB
2026/09/07 23:34:38.104, 1, 15 %, 7770 MiB
2026/09/07 23:34:38.608, 0, 6 %, 10479 MiB
2026/09/07 23:34:38.736, 1, 15 %, 7845 MiB
2026/09/07 23:34:39.272, 0, 1 %, 10490 MiB
2026/09/07 23:34:39.277, 1, 15 %, 8069 MiB
2026/09/07 23:34:39.785, 0, 1 %, 10494 MiB
2026/09/07 23:34:39.880, 1, 15 %, 8088 MiB
2026/09/07 23:34:40.387, 0, 6 %, 10283 MiB
2026/09/07 23:34:40.392, 1, 11 %, 8522 MiB
2026/09/07 23:34:40.898, 0, 6 %, 10304 MiB
2026/09/07 23:34:41.027, 1, 11 %, 9074 MiB
2026/09/07 23:34:41.540, 0, 17 %, 9776 MiB
2026/09/07 23:34:41.543, 1, 11 %, 9092 MiB
2026/09/07 23:34:42.045, 0, 17 %, 9782 MiB
2026/09/07 23:34:42.097, 1, 0 %, 9092 MiB
2026/09/07 23:34:42.604, 0, 17 %, 9859 MiB
2026/09/07 23:34:42.610, 1, 0 %, 9160 MiB
2026/09/07 23:34:43.117, 0, 27 %, 9872 MiB
2026/09/07 23:34:43.184, 1, 0 %, 9160 MiB
2026/09/07 23:34:43.823, 0, 2 %, 9864 MiB
2026/09/07 23:34:43.826, 1, 2 %, 9165 MiB
2026/09/07 23:34:44.329, 0, 17 %, 9855 MiB
2026/09/07 23:34:44.334, 1, 2 %, 9321 MiB
2026/09/07 23:34:44.841, 0, 17 %, 9814 MiB
2026/09/07 23:34:44.847, 1, 6 %, 9327 MiB
2026/09/07 23:34:45.360, 0, 12 %, 9300 MiB
2026/09/07 23:34:45.378, 1, 6 %, 9346 MiB
2026/09/07 23:34:45.884, 0, 12 %, 9723 MiB
2026/09/07 23:34:45.958, 1, 6 %, 9824 MiB
2026/09/07 23:34:46.463, 0, 16 %, 9866 MiB
2026/09/07 23:34:46.583, 1, 10 %, 9651 MiB
2026/09/07 23:34:47.224, 0, 5 %, 9866 MiB
2026/09/07 23:34:47.234, 1, 15 %, 9745 MiB
2026/09/07 23:34:47.881, 0, 15 %, 9988 MiB
2026/09/07 23:34:47.890, 1, 15 %, 9225 MiB
2026/09/07 23:34:48.396, 0, 15 %, 10014 MiB
2026/09/07 23:34:48.400, 1, 13 %, 9263 MiB
2026/09/07 23:34:48.909, 0, 15 %, 10019 MiB
2026/09/07 23:34:48.932, 1, 13 %, 9429 MiB
2026/09/07 23:34:49.438, 0, 11 %, 10061 MiB
2026/09/07 23:34:49.443, 1, 12 %, 9268 MiB
2026/09/07 23:34:49.949, 0, 11 %, 10537 MiB
2026/09/07 23:34:50.012, 1, 14 %, 9422 MiB
2026/09/07 23:34:50.656, 0, 4 %, 10554 MiB
2026/09/07 23:34:50.659, 1, 14 %, 9430 MiB
2026/09/07 23:34:51.170, 0, 4 %, 10386 MiB
2026/09/07 23:34:51.317, 1, 0 %, 9431 MiB
2026/09/07 23:34:51.823, 0, 3 %, 10419 MiB
2026/09/07 23:34:51.826, 1, 0 %, 9983 MiB
2026/09/07 23:34:52.463, 0, 8 %, 9856 MiB
2026/09/07 23:34:52.471, 1, 0 %, 10067 MiB
2026/09/07 23:34:52.980, 0, 7 %, 9956 MiB
2026/09/07 23:34:52.984, 1, 0 %, 10067 MiB
2026/09/07 23:34:53.502, 0, 7 %, 10019 MiB
2026/09/07 23:34:53.506, 1, 0 %, 10068 MiB
2026/09/07 23:34:54.013, 0, 7 %, 10050 MiB
2026/09/07 23:34:54.019, 1, 21 %, 10076 MiB
2026/09/07 23:34:54.521, 0, 13 %, 10119 MiB
2026/09/07 23:34:54.533, 1, 21 %, 10484 MiB
2026/09/07 23:34:55.042, 0, 10 %, 10127 MiB
2026/09/07 23:34:55.185, 1, 21 %, 10550 MiB
2026/09/07 23:34:55.691, 0, 10 %, 10671 MiB
2026/09/07 23:34:55.771, 1, 8 %, 10550 MiB
2026/09/07 23:34:56.277, 0, 10 %, 10735 MiB
2026/09/07 23:34:56.285, 1, 8 %, 10550 MiB
2026/09/07 23:34:56.790, 0, 12 %, 10736 MiB
2026/09/07 23:34:56.935, 1, 12 %, 10550 MiB
2026/09/07 23:34:57.585, 0, 0 %, 10756 MiB
2026/09/07 23:34:57.589, 1, 12 %, 10550 MiB
2026/09/07 23:34:58.094, 0, 0 %, 11235 MiB
2026/09/07 23:34:58.117, 1, 20 %, 10550 MiB
2026/09/07 23:34:58.761, 0, 18 %, 11255 MiB
2026/09/07 23:34:58.766, 1, 19 %, 10550 MiB
2026/09/07 23:34:59.277, 0, 18 %, 11257 MiB
2026/09/07 23:34:59.277, 1, 19 %, 10550 MiB
2026/09/07 23:34:59.786, 0, 14 %, 11288 MiB
2026/09/07 23:34:59.790, 1, 12 %, 10550 MiB
2026/09/07 23:35:00.294, 0, 14 %, 11319 MiB
2026/09/07 23:35:00.298, 1, 12 %, 10550 MiB
2026/09/07 23:35:00.798, 0, 20 %, 11099 MiB
2026/09/07 23:35:00.799, 1, 17 %, 10328 MiB
2026/09/07 23:35:01.309, 0, 20 %, 11118 MiB
2026/09/07 23:35:01.323, 1, 17 %, 9797 MiB
2026/09/07 23:35:01.969, 0, 0 %, 10605 MiB
2026/09/07 23:35:01.974, 1, 17 %, 9797 MiB
2026/09/07 23:35:02.478, 0, 3 %, 10603 MiB
2026/09/07 23:35:02.481, 1, 1 %, 9797 MiB
2026/09/07 23:35:02.988, 0, 3 %, 10672 MiB
2026/09/07 23:35:03.011, 1, 1 %, 9663 MiB
2026/09/07 23:35:03.520, 0, 10 %, 10740 MiB
2026/09/07 23:35:03.634, 1, 1 %, 8827 MiB
2026/09/07 23:35:04.145, 0, 10 %, 10739 MiB
2026/09/07 23:35:04.238, 1, 1 %, 8292 MiB
2026/09/07 23:35:04.883, 0, 10 %, 10608 MiB
2026/09/07 23:35:05.018, 1, 12 %, 8292 MiB
2026/09/07 23:35:05.536, 0, 10 %, 9979 MiB
2026/09/07 23:35:05.683, 1, 2 %, 8292 MiB
2026/09/07 23:35:06.186, 0, 1 %, 9985 MiB
2026/09/07 23:35:06.211, 1, 2 %, 8292 MiB
2026/09/07 23:35:06.719, 0, 23 %, 10495 MiB
2026/09/07 23:35:06.724, 1, 17 %, 8292 MiB
2026/09/07 23:35:07.236, 0, 23 %, 10533 MiB
2026/09/07 23:35:07.289, 1, 17 %, 8292 MiB
2026/09/07 23:35:07.935, 0, 0 %, 10569 MiB
2026/09/07 23:35:07.938, 1, 0 %, 8292 MiB
2026/09/07 23:35:08.443, 0, 0 %, 10556 MiB
2026/09/07 23:35:08.444, 1, 0 %, 8292 MiB
2026/09/07 23:35:08.953, 0, 0 %, 10553 MiB
2026/09/07 23:35:09.036, 1, 0 %, 8292 MiB
2026/09/07 23:35:09.543, 0, 1 %, 10632 MiB
2026/09/07 23:35:09.554, 1, 0 %, 8297 MiB
2026/09/07 23:35:10.061, 0, 1 %, 10729 MiB
2026/09/07 23:35:10.063, 1, 0 %, 8299 MiB
2026/09/07 23:35:10.571, 0, 1 %, 10736 MiB
2026/09/07 23:35:10.580, 1, 9 %, 8300 MiB
2026/09/07 23:35:11.082, 0, 16 %, 11162 MiB
2026/09/07 23:35:11.088, 1, 9 %, 8311 MiB
2026/09/07 23:35:11.595, 0, 16 %, 11239 MiB
2026/09/07 23:35:11.607, 1, 9 %, 8311 MiB
2026/09/07 23:35:12.116, 0, 21 %, 11264 MiB
2026/09/07 23:35:12.117, 1, 3 %, 8339 MiB
2026/09/07 23:35:12.617, 0, 21 %, 11268 MiB
2026/09/07 23:35:12.689, 1, 10 %, 8371 MiB
2026/09/07 23:35:13.193, 0, 1 %, 11292 MiB
2026/09/07 23:35:13.196, 1, 10 %, 8407 MiB
2026/09/07 23:35:13.704, 0, 19 %, 11308 MiB
2026/09/07 23:35:13.755, 1, 9 %, 8477 MiB
2026/09/07 23:35:14.395, 0, 19 %, 11384 MiB
2026/09/07 23:35:14.396, 1, 9 %, 8568 MiB
2026/09/07 23:35:14.902, 0, 13 %, 11384 MiB
2026/09/07 23:35:14.975, 1, 14 %, 8570 MiB
2026/09/07 23:35:15.613, 0, 13 %, 11493 MiB
2026/09/07 23:35:15.618, 1, 22 %, 9064 MiB
2026/09/07 23:35:16.124, 0, 0 %, 11504 MiB
2026/09/07 23:35:16.207, 1, 22 %, 9072 MiB
2026/09/07 23:35:16.713, 0, 0 %, 11516 MiB
2026/09/07 23:35:16.714, 1, 22 %, 9100 MiB
2026/09/07 23:35:17.220, 0, 20 %, 11986 MiB
2026/09/07 23:35:17.247, 1, 0 %, 9092 MiB
2026/09/07 23:35:17.754, 0, 20 %, 11832 MiB
2026/09/07 23:35:17.758, 1, 0 %, 9167 MiB
2026/09/07 23:35:18.263, 0, 20 %, 11784 MiB
2026/09/07 23:35:18.263, 1, 21 %, 9167 MiB
2026/09/07 23:35:18.766, 0, 0 %, 11244 MiB
2026/09/07 23:35:18.789, 1, 21 %, 9317 MiB
2026/09/07 23:35:19.295, 0, 12 %, 11264 MiB
2026/09/07 23:35:19.381, 1, 0 %, 9334 MiB
2026/09/07 23:35:19.893, 0, 14 %, 11286 MiB
2026/09/07 23:35:19.897, 1, 0 %, 9783 MiB
2026/09/07 23:35:20.403, 0, 14 %, 11287 MiB
2026/09/07 23:35:20.407, 1, 12 %, 9893 MiB
2026/09/07 23:35:20.910, 0, 14 %, 11304 MiB
2026/09/07 23:35:20.912, 1, 12 %, 9926 MiB
2026/09/07 23:35:21.418, 0, 0 %, 11304 MiB
2026/09/07 23:35:21.423, 1, 12 %, 9928 MiB
2026/09/07 23:35:21.925, 0, 0 %, 11333 MiB
2026/09/07 23:35:21.938, 1, 12 %, 10062 MiB
2026/09/07 23:35:22.584, 0, 8 %, 10903 MiB
2026/09/07 23:35:22.589, 1, 9 %, 10104 MiB
2026/09/07 23:35:23.094, 0, 8 %, 10966 MiB
2026/09/07 23:35:23.236, 1, 22 %, 10137 MiB
2026/09/07 23:35:23.746, 0, 12 %, 9886 MiB
2026/09/07 23:35:23.749, 1, 22 %, 10638 MiB
2026/09/07 23:35:24.254, 0, 12 %, 9958 MiB
2026/09/07 23:35:24.257, 1, 21 %, 10645 MiB
2026/09/07 23:35:24.761, 0, 12 %, 9958 MiB
2026/09/07 23:35:24.810, 1, 1 %, 10717 MiB
2026/09/07 23:35:25.321, 0, 2 %, 10067 MiB
2026/09/07 23:35:25.322, 1, 1 %, 10781 MiB
2026/09/07 23:35:25.836, 0, 2 %, 10099 MiB
2026/09/07 23:35:25.975, 1, 1 %, 10781 MiB
2026/09/07 23:35:26.611, 0, 10 %, 10565 MiB
2026/09/07 23:35:26.615, 1, 2 %, 11049 MiB
2026/09/07 23:35:27.121, 0, 3 %, 10633 MiB
2026/09/07 23:35:27.131, 1, 2 %, 11090 MiB
2026/09/07 23:35:27.637, 0, 3 %, 10767 MiB
2026/09/07 23:35:27.646, 1, 10 %, 11092 MiB
2026/09/07 23:35:28.159, 0, 11 %, 10784 MiB
2026/09/07 23:35:28.188, 1, 10 %, 11916 MiB
2026/09/07 23:35:28.690, 0, 11 %, 10554 MiB
2026/09/07 23:35:28.693, 1, 10 %, 12056 MiB
2026/09/07 23:35:29.197, 0, 11 %, 10958 MiB
2026/09/07 23:35:29.199, 1, 0 %, 11846 MiB
2026/09/07 23:35:29.709, 0, 0 %, 10267 MiB
2026/09/07 23:35:29.713, 1, 0 %, 11627 MiB
2026/09/07 23:35:30.217, 0, 0 %, 10249 MiB
2026/09/07 23:35:30.218, 1, 11 %, 11086 MiB
2026/09/07 23:35:30.722, 0, 0 %, 10258 MiB
2026/09/07 23:35:30.723, 1, 11 %, 11081 MiB
2026/09/07 23:35:31.239, 0, 13 %, 9700 MiB
2026/09/07 23:35:31.310, 1, 0 %, 10550 MiB
2026/09/07 23:35:31.953, 0, 13 %, 9700 MiB
2026/09/07 23:35:32.085, 1, 0 %, 10550 MiB
2026/09/07 23:35:32.592, 0, 12 %, 9700 MiB
2026/09/07 23:35:32.666, 1, 1 %, 10550 MiB
2026/09/07 23:35:33.173, 0, 12 %, 9709 MiB
2026/09/07 23:35:33.177, 1, 8 %, 10550 MiB
2026/09/07 23:35:33.679, 0, 9 %, 9709 MiB
2026/09/07 23:35:33.742, 1, 8 %, 10550 MiB
2026/09/07 23:35:34.384, 0, 9 %, 9485 MiB
2026/09/07 23:35:34.516, 1, 17 %, 10550 MiB
2026/09/07 23:35:35.019, 0, 11 %, 8721 MiB
2026/09/07 23:35:35.021, 1, 17 %, 10332 MiB
2026/09/07 23:35:35.522, 0, 11 %, 8524 MiB
2026/09/07 23:35:35.524, 1, 15 %, 10158 MiB
2026/09/07 23:35:36.025, 0, 7 %, 7969 MiB
2026/09/07 23:35:36.031, 1, 15 %, 10114 MiB
2026/09/07 23:35:36.536, 0, 7 %, 7388 MiB
2026/09/07 23:35:36.565, 1, 15 %, 9045 MiB
2026/09/07 23:35:37.072, 0, 0 %, 7398 MiB
2026/09/07 23:35:37.082, 1, 0 %, 8875 MiB
2026/09/07 23:35:37.588, 0, 0 %, 7418 MiB
2026/09/07 23:35:37.723, 1, 0 %, 8823 MiB
2026/09/07 23:35:38.370, 0, 0 %, 7416 MiB
2026/09/07 23:35:38.374, 1, 0 %, 8292 MiB
2026/09/07 23:35:38.882, 0, 15 %, 7494 MiB
2026/09/07 23:35:39.046, 1, 15 %, 8292 MiB
2026/09/07 23:35:39.558, 0, 15 %, 7518 MiB
2026/09/07 23:35:39.613, 1, 1 %, 8222 MiB
2026/09/07 23:35:40.121, 0, 15 %, 7511 MiB
2026/09/07 23:35:40.123, 1, 1 %, 7539 MiB
2026/09/07 23:35:40.626, 0, 15 %, 7650 MiB
2026/09/07 23:35:40.685, 1, 1 %, 7539 MiB
2026/09/07 23:35:41.190, 0, 6 %, 7662 MiB
2026/09/07 23:35:41.269, 1, 5 %, 7539 MiB
2026/09/07 23:35:41.774, 0, 6 %, 7665 MiB
2026/09/07 23:35:41.803, 1, 3 %, 7539 MiB
2026/09/07 23:35:42.453, 0, 6 %, 7656 MiB
2026/09/07 23:35:42.456, 1, 3 %, 7539 MiB
2026/09/07 23:35:42.963, 0, 0 %, 8137 MiB
2026/09/07 23:35:43.051, 1, 3 %, 7539 MiB
2026/09/07 23:35:43.557, 0, 16 %, 8150 MiB
2026/09/07 23:35:43.698, 1, 2 %, 7539 MiB
2026/09/07 23:35:44.203, 0, 16 %, 8176 MiB
2026/09/07 23:35:44.257, 1, 14 %, 7539 MiB
2026/09/07 23:35:44.763, 0, 16 %, 8254 MiB
2026/09/07 23:35:44.766, 1, 14 %, 7539 MiB
2026/09/07 23:35:45.271, 0, 0 %, 8251 MiB
2026/09/07 23:35:45.279, 1, 14 %, 7539 MiB
2026/09/07 23:35:45.786, 0, 0 %, 8270 MiB
2026/09/07 23:35:45.789, 1, 1 %, 7539 MiB
2026/09/07 23:35:46.294, 0, 15 %, 8427 MiB
2026/09/07 23:35:46.488, 1, 0 %, 7539 MiB
2026/09/07 23:35:46.993, 0, 11 %, 8459 MiB
2026/09/07 23:35:47.031, 1, 0 %, 7539 MiB
2026/09/07 23:35:47.537, 0, 11 %, 8446 MiB
2026/09/07 23:35:47.638, 1, 10 %, 7539 MiB
2026/09/07 23:35:48.286, 0, 2 %, 8923 MiB
2026/09/07 23:35:48.442, 1, 12 %, 7549 MiB
2026/09/07 23:35:48.953, 0, 2 %, 8954 MiB
2026/09/07 23:35:48.958, 1, 14 %, 7564 MiB
2026/09/07 23:35:49.464, 0, 2 %, 8964 MiB
2026/09/07 23:35:49.465, 1, 14 %, 7578 MiB
2026/09/07 23:35:49.970, 0, 18 %, 8987 MiB
2026/09/07 23:35:49.977, 1, 13 %, 7626 MiB
2026/09/07 23:35:50.484, 0, 18 %, 9025 MiB
2026/09/07 23:35:50.486, 1, 13 %, 7642 MiB
2026/09/07 23:35:50.988, 0, 18 %, 9085 MiB
2026/09/07 23:35:50.994, 1, 26 %, 7770 MiB
2026/09/07 23:35:51.499, 0, 17 %, 9104 MiB
2026/09/07 23:35:51.504, 1, 26 %, 7770 MiB
2026/09/07 23:35:52.005, 0, 17 %, 9270 MiB
2026/09/07 23:35:52.008, 1, 26 %, 7994 MiB
2026/09/07 23:35:52.508, 0, 5 %, 9284 MiB
2026/09/07 23:35:52.534, 1, 8 %, 8079 MiB
2026/09/07 23:35:53.180, 0, 5 %, 9562 MiB
2026/09/07 23:35:53.183, 1, 8 %, 8166 MiB
2026/09/07 23:35:53.687, 0, 5 %, 9093 MiB
2026/09/07 23:35:53.725, 1, 8 %, 8982 MiB
2026/09/07 23:35:54.227, 0, 0 %, 9239 MiB
2026/09/07 23:35:54.230, 1, 8 %, 9064 MiB
2026/09/07 23:35:54.735, 0, 0 %, 9276 MiB
2026/09/07 23:35:54.736, 1, 2 %, 9064 MiB
2026/09/07 23:35:55.241, 0, 2 %, 9262 MiB
2026/09/07 23:35:55.242, 1, 2 %, 9093 MiB
2026/09/07 23:35:55.748, 0, 2 %, 9353 MiB
2026/09/07 23:35:55.859, 1, 12 %, 8934 MiB
2026/09/07 23:35:56.365, 0, 7 %, 9834 MiB
2026/09/07 23:35:56.403, 1, 5 %, 8956 MiB
2026/09/07 23:35:57.045, 0, 4 %, 9600 MiB
2026/09/07 23:35:57.046, 1, 5 %, 8448 MiB
2026/09/07 23:35:57.551, 0, 4 %, 9674 MiB
2026/09/07 23:35:57.566, 1, 15 %, 8517 MiB
2026/09/07 23:35:58.072, 0, 1 %, 9212 MiB
2026/09/07 23:35:58.074, 1, 15 %, 8609 MiB
2026/09/07 23:35:58.579, 0, 1 %, 9222 MiB
2026/09/07 23:35:58.705, 1, 13 %, 8678 MiB
2026/09/07 23:35:59.205, 0, 18 %, 9746 MiB
2026/09/07 23:35:59.206, 1, 19 %, 8938 MiB
2026/09/07 23:35:59.706, 0, 18 %, 9750 MiB
2026/09/07 23:35:59.707, 1, 19 %, 9072 MiB
2026/09/07 23:36:00.220, 0, 21 %, 9811 MiB
2026/09/07 23:36:00.228, 1, 19 %, 8562 MiB
2026/09/07 23:36:00.732, 0, 21 %, 9818 MiB
2026/09/07 23:36:00.863, 1, 12 %, 8575 MiB
2026/09/07 23:36:01.372, 0, 1 %, 9686 MiB
2026/09/07 23:36:01.397, 1, 12 %, 8816 MiB
2026/09/07 23:36:01.903, 0, 15 %, 9201 MiB
2026/09/07 23:36:01.908, 1, 16 %, 8622 MiB
2026/09/07 23:36:02.692, 0, 15 %, 9185 MiB
2026/09/07 23:36:02.779, 1, 8 %, 8089 MiB
2026/09/07 23:36:03.286, 0, 6 %, 9170 MiB
2026/09/07 23:36:03.290, 1, 8 %, 7580 MiB
2026/09/07 23:36:03.794, 0, 6 %, 9569 MiB
2026/09/07 23:36:03.797, 1, 2 %, 7595 MiB
2026/09/07 23:36:04.300, 0, 0 %, 9636 MiB
2026/09/07 23:36:04.304, 1, 2 %, 7623 MiB
2026/09/07 23:36:04.808, 0, 0 %, 9636 MiB
2026/09/07 23:36:04.901, 1, 0 %, 7655 MiB
2026/09/07 23:36:05.408, 0, 0 %, 9636 MiB
2026/09/07 23:36:05.410, 1, 0 %, 7655 MiB
2026/09/07 23:36:05.916, 0, 0 %, 9636 MiB
2026/09/07 23:36:06.004, 1, 20 %, 7793 MiB
2026/09/07 23:36:06.508, 0, 16 %, 9636 MiB
2026/09/07 23:36:06.509, 1, 14 %, 7820 MiB
2026/09/07 23:36:07.015, 0, 16 %, 9226 MiB
2026/09/07 23:36:07.017, 1, 14 %, 8292 MiB
2026/09/07 23:36:07.523, 0, 19 %, 8682 MiB
2026/09/07 23:36:07.524, 1, 21 %, 8292 MiB
2026/09/07 23:36:08.031, 0, 1 %, 8133 MiB
2026/09/07 23:36:08.129, 1, 21 %, 8292 MiB
2026/09/07 23:36:08.629, 0, 1 %, 8133 MiB
2026/09/07 23:36:08.634, 1, 21 %, 8292 MiB
2026/09/07 23:36:09.138, 0, 1 %, 8127 MiB
2026/09/07 23:36:09.211, 1, 19 %, 8292 MiB
2026/09/07 23:36:09.720, 0, 1 %, 8138 MiB
2026/09/07 23:36:09.723, 1, 19 %, 8292 MiB
2026/09/07 23:36:10.226, 0, 1 %, 8155 MiB
2026/09/07 23:36:10.322, 1, 18 %, 8292 MiB
2026/09/07 23:36:10.827, 0, 19 %, 8184 MiB
2026/09/07 23:36:10.958, 1, 20 %, 8070 MiB
2026/09/07 23:36:11.597, 0, 14 %, 8220 MiB
2026/09/07 23:36:11.602, 1, 20 %, 7539 MiB
2026/09/07 23:36:12.108, 0, 14 %, 8229 MiB
2026/09/07 23:36:12.111, 1, 20 %, 7539 MiB
2026/09/07 23:36:12.642, 0, 10 %, 8369 MiB
2026/09/07 23:36:12.644, 1, 20 %, 7539 MiB
2026/09/07 23:36:13.145, 0, 10 %, 8386 MiB
2026/09/07 23:36:13.160, 1, 20 %, 7539 MiB
2026/09/07 23:36:13.665, 0, 10 %, 8387 MiB
2026/09/07 23:36:13.670, 1, 6 %, 7539 MiB
2026/09/07 23:36:14.184, 0, 10 %, 8878 MiB
2026/09/07 23:36:14.268, 1, 6 %, 7547 MiB
2026/09/07 23:36:14.773, 0, 1 %, 8901 MiB
2026/09/07 23:36:14.775, 1, 7 %, 7583 MiB
2026/09/07 23:36:15.280, 0, 1 %, 8901 MiB
2026/09/07 23:36:15.283, 1, 7 %, 7522 MiB
2026/09/07 23:36:15.790, 0, 1 %, 8885 MiB
2026/09/07 23:36:15.858, 1, 7 %, 7372 MiB
2026/09/07 23:36:16.366, 0, 0 %, 8869 MiB
2026/09/07 23:36:16.370, 1, 4 %, 6921 MiB
2026/09/07 23:36:16.875, 0, 0 %, 8869 MiB
2026/09/07 23:36:16.879, 1, 4 %, 7015 MiB
2026/09/07 23:36:17.381, 0, 13 %, 8869 MiB
2026/09/07 23:36:17.384, 1, 13 %, 7104 MiB
2026/09/07 23:36:17.888, 0, 13 %, 8877 MiB
2026/09/07 23:36:17.892, 1, 13 %, 7140 MiB
2026/09/07 23:36:18.404, 0, 15 %, 8893 MiB
2026/09/07 23:36:18.405, 1, 23 %, 7179 MiB
2026/09/07 23:36:18.908, 0, 15 %, 8901 MiB
2026/09/07 23:36:18.960, 1, 23 %, 7655 MiB
2026/09/07 23:36:19.461, 0, 15 %, 8907 MiB
2026/09/07 23:36:19.613, 1, 23 %, 7809 MiB
2026/09/07 23:36:20.116, 0, 1 %, 8907 MiB
2026/09/07 23:36:20.117, 1, 2 %, 7822 MiB
2026/09/07 23:36:20.622, 0, 1 %, 8907 MiB
2026/09/07 23:36:20.625, 1, 3 %, 8292 MiB
2026/09/07 23:36:21.129, 0, 1 %, 8935 MiB
2026/09/07 23:36:21.142, 1, 3 %, 8063 MiB
2026/09/07 23:36:21.778, 0, 3 %, 8987 MiB
2026/09/07 23:36:21.782, 1, 0 %, 7317 MiB
2026/09/07 23:36:22.560, 0, 4 %, 8914 MiB
2026/09/07 23:36:22.562, 1, 0 %, 6786 MiB
2026/09/07 23:36:23.067, 0, 4 %, 8930 MiB
2026/09/07 23:36:23.168, 1, 0 %, 6786 MiB
2026/09/07 23:36:23.676, 0, 5 %, 8869 MiB
2026/09/07 23:36:23.682, 1, 9 %, 6793 MiB
2026/09/07 23:36:24.184, 0, 5 %, 8853 MiB
2026/09/07 23:36:24.187, 1, 9 %, 6804 MiB
2026/09/07 23:36:24.687, 0, 5 %, 8853 MiB
2026/09/07 23:36:24.828, 1, 9 %, 6604 MiB
2026/09/07 23:36:25.333, 0, 0 %, 8837 MiB
2026/09/07 23:36:25.421, 1, 6 %, 6081 MiB
2026/09/07 23:36:26.065, 0, 0 %, 8837 MiB
2026/09/07 23:36:26.096, 1, 6 %, 6149 MiB
2026/09/07 23:36:26.604, 0, 18 %, 8846 MiB
2026/09/07 23:36:26.604, 1, 15 %, 6149 MiB
2026/09/07 23:36:27.108, 0, 18 %, 8853 MiB
2026/09/07 23:36:27.111, 1, 15 %, 6219 MiB
2026/09/07 23:36:27.613, 0, 5 %, 8853 MiB
2026/09/07 23:36:27.617, 1, 7 %, 6304 MiB
2026/09/07 23:36:28.118, 0, 5 %, 8853 MiB
2026/09/07 23:36:28.219, 1, 7 %, 6794 MiB
2026/09/07 23:36:28.725, 0, 5 %, 8853 MiB
2026/09/07 23:36:28.784, 1, 7 %, 6834 MiB
2026/09/07 23:36:29.289, 0, 17 %, 8853 MiB
2026/09/07 23:36:29.333, 1, 28 %, 6842 MiB
2026/09/07 23:36:29.838, 0, 17 %, 8853 MiB
2026/09/07 23:36:29.909, 1, 28 %, 6902 MiB
2026/09/07 23:36:30.416, 0, 14 %, 8869 MiB
2026/09/07 23:36:30.492, 1, 0 %, 7056 MiB
2026/09/07 23:36:31.136, 0, 1 %, 8869 MiB
2026/09/07 23:36:31.255, 1, 17 %, 7539 MiB
2026/09/07 23:36:31.760, 0, 1 %, 8853 MiB
2026/09/07 23:36:31.828, 1, 17 %, 7539 MiB
2026/09/07 23:36:32.331, 0, 3 %, 8869 MiB
2026/09/07 23:36:32.418, 1, 17 %, 7539 MiB
2026/09/07 23:36:32.923, 0, 3 %, 8869 MiB
2026/09/07 23:36:32.997, 1, 17 %, 7547 MiB
2026/09/07 23:36:33.503, 0, 17 %, 8869 MiB
2026/09/07 23:36:33.606, 1, 17 %, 7350 MiB
2026/09/07 23:36:34.111, 0, 17 %, 8853 MiB
2026/09/07 23:36:34.236, 1, 16 %, 6834 MiB
2026/09/07 23:36:34.743, 0, 17 %, 8853 MiB
2026/09/07 23:36:34.761, 1, 16 %, 6902 MiB
2026/09/07 23:36:35.268, 0, 17 %, 8853 MiB
2026/09/07 23:36:35.326, 1, 22 %, 6607 MiB
2026/09/07 23:36:35.966, 0, 13 %, 8175 MiB
2026/09/07 23:36:36.084, 1, 4 %, 6546 MiB
2026/09/07 23:36:36.591, 0, 13 %, 7547 MiB
2026/09/07 23:36:36.614, 1, 4 %, 6034 MiB
2026/09/07 23:36:37.156, 0, 0 %, 6519 MiB
2026/09/07 23:36:37.296, 1, 2 %, 6034 MiB
2026/09/07 23:36:37.939, 0, 1 %, 6519 MiB
2026/09/07 23:36:37.952, 1, 0 %, 6034 MiB
2026/09/07 23:36:38.588, 0, 1 %, 6301 MiB
2026/09/07 23:36:38.637, 1, 0 %, 6034 MiB
2026/09/07 23:36:39.277, 0, 0 %, 5752 MiB
2026/09/07 23:36:39.281, 1, 5 %, 6033 MiB
2026/09/07 23:36:39.783, 0, 0 %, 5752 MiB
2026/09/07 23:36:39.784, 1, 5 %, 6033 MiB
2026/09/07 23:36:40.286, 0, 0 %, 5752 MiB
2026/09/07 23:36:40.286, 1, 5 %, 6033 MiB
2026/09/07 23:36:40.787, 0, 7 %, 5761 MiB
2026/09/07 23:36:40.788, 1, 0 %, 5811 MiB
2026/09/07 23:36:41.289, 0, 7 %, 5768 MiB
2026/09/07 23:36:41.289, 1, 0 %, 5794 MiB
2026/09/07 23:36:41.790, 0, 7 %, 5752 MiB
2026/09/07 23:36:41.869, 1, 8 %, 5281 MiB
2026/09/07 23:36:42.374, 0, 7 %, 5752 MiB
2026/09/07 23:36:42.506, 1, 8 %, 5281 MiB
2026/09/07 23:36:43.149, 0, 0 %, 5736 MiB
2026/09/07 23:36:43.250, 1, 8 %, 5079 MiB
2026/09/07 23:36:43.754, 0, 5 %, 5736 MiB
2026/09/07 23:36:43.798, 1, 8 %, 5027 MiB
2026/09/07 23:36:44.302, 0, 5 %, 5752 MiB
2026/09/07 23:36:44.303, 1, 0 %, 4375 MiB
2026/09/07 23:36:44.807, 0, 5 %, 5758 MiB
2026/09/07 23:36:44.808, 1, 0 %, 4330 MiB
2026/09/07 23:36:45.311, 0, 5 %, 5794 MiB
2026/09/07 23:36:45.311, 1, 7 %, 4330 MiB
2026/09/07 23:36:45.812, 0, 18 %, 5786 MiB
2026/09/07 23:36:45.812, 1, 7 %, 3858 MiB
2026/09/07 23:36:46.313, 0, 18 %, 5858 MiB
2026/09/07 23:36:46.441, 1, 18 %, 3890 MiB
2026/09/07 23:36:47.090, 0, 0 %, 5940 MiB
2026/09/07 23:36:47.115, 1, 18 %, 3960 MiB
2026/09/07 23:36:47.617, 0, 0 %, 6020 MiB
2026/09/07 23:36:47.623, 1, 8 %, 4045 MiB
2026/09/07 23:36:48.126, 0, 8 %, 6017 MiB
2026/09/07 23:36:48.162, 1, 8 %, 4054 MiB
2026/09/07 23:36:48.667, 0, 8 %, 6487 MiB
2026/09/07 23:36:48.667, 1, 15 %, 4528 MiB
2026/09/07 23:36:49.167, 0, 9 %, 6503 MiB
2026/09/07 23:36:49.167, 1, 15 %, 4528 MiB
2026/09/07 23:36:49.668, 0, 9 %, 6503 MiB
2026/09/07 23:36:49.669, 1, 6 %, 4547 MiB
2026/09/07 23:36:50.170, 0, 9 %, 6519 MiB
2026/09/07 23:36:50.175, 1, 6 %, 4583 MiB
2026/09/07 23:36:50.680, 0, 4 %, 6503 MiB
2026/09/07 23:36:50.706, 1, 13 %, 4643 MiB
2026/09/07 23:36:51.212, 0, 4 %, 6487 MiB
2026/09/07 23:36:51.313, 1, 13 %, 4524 MiB
2026/09/07 23:36:51.813, 0, 1 %, 6498 MiB
2026/09/07 23:36:51.829, 1, 6 %, 4124 MiB
2026/09/07 23:36:52.468, 0, 3 %, 6503 MiB
2026/09/07 23:36:52.510, 1, 3 %, 4547 MiB
2026/09/07 23:36:53.014, 0, 3 %, 6503 MiB
2026/09/07 23:36:53.014, 1, 3 %, 4583 MiB
2026/09/07 23:36:53.514, 0, 0 %, 6503 MiB
2026/09/07 23:36:53.515, 1, 3 %, 4651 MiB
2026/09/07 23:36:54.015, 0, 0 %, 6503 MiB
2026/09/07 23:36:54.016, 1, 16 %, 4651 MiB
2026/09/07 23:36:54.516, 0, 0 %, 6503 MiB
2026/09/07 23:36:54.527, 1, 16 %, 4798 MiB
2026/09/07 23:36:55.031, 0, 2 %, 6503 MiB
2026/09/07 23:36:55.031, 1, 5 %, 5281 MiB
2026/09/07 23:36:55.531, 0, 2 %, 6503 MiB
2026/09/07 23:36:55.532, 1, 5 %, 5111 MiB
2026/09/07 23:36:56.032, 0, 1 %, 6487 MiB
2026/09/07 23:36:56.039, 1, 1 %, 5027 MiB
2026/09/07 23:36:56.543, 0, 1 %, 6219 MiB
2026/09/07 23:36:56.564, 1, 1 %, 4528 MiB
2026/09/07 23:36:57.069, 0, 1 %, 5720 MiB
2026/09/07 23:36:57.070, 1, 1 %, 4528 MiB
2026/09/07 23:36:57.572, 0, 3 %, 5720 MiB
2026/09/07 23:36:57.704, 1, 5 %, 4528 MiB
2026/09/07 23:36:58.210, 0, 1 %, 5720 MiB
2026/09/07 23:36:58.210, 1, 5 %, 4528 MiB
2026/09/07 23:36:58.710, 0, 1 %, 5486 MiB
2026/09/07 23:36:58.712, 1, 17 %, 4528 MiB
2026/09/07 23:36:59.213, 0, 1 %, 4952 MiB
2026/09/07 23:36:59.225, 1, 17 %, 4528 MiB
2026/09/07 23:36:59.728, 0, 5 %, 4952 MiB
2026/09/07 23:36:59.836, 1, 10 %, 4528 MiB
2026/09/07 23:37:00.478, 0, 5 %, 4952 MiB
2026/09/07 23:37:00.693, 1, 10 %, 4306 MiB
2026/09/07 23:37:01.193, 0, 5 %, 4936 MiB
2026/09/07 23:37:01.194, 1, 0 %, 3775 MiB
2026/09/07 23:37:01.694, 0, 0 %, 4952 MiB
2026/09/07 23:37:01.787, 1, 3 %, 3775 MiB
2026/09/07 23:37:02.426, 0, 0 %, 4952 MiB
2026/09/07 23:37:02.426, 1, 3 %, 3775 MiB
2026/09/07 23:37:03.064, 0, 11 %, 4936 MiB
2026/09/07 23:37:03.065, 1, 13 %, 3775 MiB
2026/09/07 23:37:03.566, 0, 11 %, 4968 MiB
2026/09/07 23:37:03.592, 1, 13 %, 3775 MiB
2026/09/07 23:37:04.095, 0, 8 %, 4953 MiB
2026/09/07 23:37:04.126, 1, 13 %, 3788 MiB
2026/09/07 23:37:04.630, 0, 8 %, 4952 MiB
2026/09/07 23:37:04.631, 1, 13 %, 3822 MiB
2026/09/07 23:37:05.131, 0, 8 %, 4984 MiB
2026/09/07 23:37:05.144, 1, 11 %, 3822 MiB
2026/09/07 23:37:05.646, 0, 0 %, 4728 MiB
2026/09/07 23:37:05.765, 1, 11 %, 3890 MiB
2026/09/07 23:37:06.269, 0, 4 %, 4750 MiB
2026/09/07 23:37:06.369, 1, 3 %, 4032 MiB
2026/09/07 23:37:06.875, 0, 4 %, 4319 MiB
2026/09/07 23:37:07.006, 1, 0 %, 4528 MiB
2026/09/07 23:37:07.510, 0, 11 %, 4405 MiB
2026/09/07 23:37:07.537, 1, 0 %, 4532 MiB
2026/09/07 23:37:08.040, 0, 11 %, 4490 MiB
2026/09/07 23:37:08.171, 1, 0 %, 4547 MiB
2026/09/07 23:37:08.673, 0, 11 %, 4968 MiB
2026/09/07 23:37:08.674, 1, 0 %, 4583 MiB
2026/09/07 23:37:09.174, 0, 11 %, 4968 MiB
2026/09/07 23:37:09.174, 1, 15 %, 4651 MiB
2026/09/07 23:37:09.674, 0, 11 %, 4968 MiB
2026/09/07 23:37:09.702, 1, 14 %, 4798 MiB
2026/09/07 23:37:10.203, 0, 0 %, 4968 MiB
2026/09/07 23:37:10.203, 1, 14 %, 5281 MiB
2026/09/07 23:37:10.703, 0, 0 %, 4968 MiB
2026/09/07 23:37:10.704, 1, 14 %, 5281 MiB
2026/09/07 23:37:11.205, 0, 0 %, 4968 MiB
2026/09/07 23:37:11.205, 1, 20 %, 5281 MiB
2026/09/07 23:37:11.705, 0, 0 %, 4701 MiB
2026/09/07 23:37:11.706, 1, 20 %, 5281 MiB
2026/09/07 23:37:12.206, 0, 0 %, 4700 MiB
2026/09/07 23:37:12.207, 1, 9 %, 5280 MiB
2026/09/07 23:37:12.707, 0, 0 %, 4201 MiB
2026/09/07 23:37:12.842, 1, 9 %, 5280 MiB
2026/09/07 23:37:13.482, 0, 0 %, 4201 MiB
2026/09/07 23:37:13.547, 1, 8 %, 5280 MiB
2026/09/07 23:37:14.185, 0, 0 %, 4201 MiB
2026/09/07 23:37:14.186, 1, 8 %, 5280 MiB
2026/09/07 23:37:14.830, 0, 0 %, 4201 MiB
2026/09/07 23:37:14.830, 1, 7 %, 5280 MiB
2026/09/07 23:37:15.330, 0, 3 %, 4201 MiB
2026/09/07 23:37:15.331, 1, 7 %, 5280 MiB
2026/09/07 23:37:15.831, 0, 3 %, 4185 MiB
2026/09/07 23:37:15.831, 1, 0 %, 5027 MiB
2026/09/07 23:37:16.331, 0, 3 %, 4185 MiB
2026/09/07 23:37:16.331, 1, 0 %, 4528 MiB
2026/09/07 23:37:16.832, 0, 3 %, 4185 MiB
2026/09/07 23:37:16.966, 1, 0 %, 4528 MiB
2026/09/07 23:37:17.468, 0, 3 %, 4194 MiB
2026/09/07 23:37:17.502, 1, 0 %, 4528 MiB
2026/09/07 23:37:18.141, 0, 5 %, 4185 MiB
2026/09/07 23:37:18.142, 1, 1 %, 4528 MiB
2026/09/07 23:37:18.642, 0, 5 %, 4201 MiB
2026/09/07 23:37:18.764, 1, 1 %, 4528 MiB
2026/09/07 23:37:19.398, 0, 0 %, 4243 MiB
2026/09/07 23:37:19.398, 1, 7 %, 4528 MiB
2026/09/07 23:37:19.898, 0, 0 %, 4287 MiB
2026/09/07 23:37:19.898, 1, 7 %, 4528 MiB
2026/09/07 23:37:20.399, 0, 0 %, 4092 MiB
2026/09/07 23:37:20.399, 1, 0 %, 4528 MiB
2026/09/07 23:37:20.901, 0, 0 %, 4217 MiB
2026/09/07 23:37:20.903, 1, 0 %, 4528 MiB
2026/09/07 23:37:21.405, 0, 4 %, 3708 MiB
2026/09/07 23:37:21.426, 1, 7 %, 4528 MiB
2026/09/07 23:37:21.929, 0, 4 %, 4200 MiB
2026/09/07 23:37:21.929, 1, 7 %, 4528 MiB
2026/09/07 23:37:22.429, 0, 1 %, 4200 MiB
2026/09/07 23:37:22.429, 1, 7 %, 4567 MiB
2026/09/07 23:37:22.929, 0, 1 %, 4200 MiB
2026/09/07 23:37:23.066, 1, 9 %, 4583 MiB
2026/09/07 23:37:23.705, 0, 0 %, 4200 MiB
2026/09/07 23:37:23.706, 1, 0 %, 4651 MiB
2026/09/07 23:37:24.206, 0, 0 %, 4200 MiB
2026/09/07 23:37:24.226, 1, 0 %, 4798 MiB
2026/09/07 23:37:24.727, 0, 0 %, 4200 MiB
2026/09/07 23:37:24.727, 1, 0 %, 5281 MiB
2026/09/07 23:37:25.227, 0, 2 %, 4200 MiB
2026/09/07 23:37:25.227, 1, 12 %, 5281 MiB
2026/09/07 23:37:25.727, 0, 2 %, 4200 MiB
2026/09/07 23:37:25.728, 1, 12 %, 5281 MiB
2026/09/07 23:37:26.229, 0, 3 %, 4200 MiB
2026/09/07 23:37:26.345, 1, 9 %, 5281 MiB
2026/09/07 23:37:26.983, 0, 3 %, 4184 MiB
2026/09/07 23:37:26.983, 1, 9 %, 5027 MiB
2026/09/07 23:37:27.484, 0, 4 %, 4184 MiB
2026/09/07 23:37:27.490, 1, 14 %, 4528 MiB
2026/09/07 23:37:27.993, 0, 4 %, 4184 MiB
2026/09/07 23:37:27.993, 1, 14 %, 4528 MiB
2026/09/07 23:37:28.494, 0, 4 %, 4168 MiB
2026/09/07 23:37:28.494, 1, 10 %, 4274 MiB
2026/09/07 23:37:28.995, 0, 4 %, 4168 MiB
2026/09/07 23:37:29.117, 1, 10 %, 4274 MiB
2026/09/07 23:37:29.752, 0, 1 %, 3950 MiB
2026/09/07 23:37:29.752, 1, 21 %, 3775 MiB
2026/09/07 23:37:30.253, 0, 1 %, 3183 MiB
2026/09/07 23:37:30.285, 1, 21 %, 3775 MiB
2026/09/07 23:37:30.787, 0, 11 %, 2634 MiB
2026/09/07 23:37:30.787, 1, 5 %, 3775 MiB
2026/09/07 23:37:31.289, 0, 1 %, 2634 MiB
2026/09/07 23:37:31.298, 1, 5 %, 3775 MiB
2026/09/07 23:37:31.936, 0, 0 %, 2634 MiB
2026/09/07 23:37:32.040, 1, 2 %, 3775 MiB
2026/09/07 23:37:32.542, 0, 0 %, 2634 MiB
2026/09/07 23:37:32.669, 1, 1 %, 3775 MiB
2026/09/07 23:37:33.173, 0, 0 %, 2634 MiB
2026/09/07 23:37:33.174, 1, 1 %, 3775 MiB
2026/09/07 23:37:33.674, 0, 0 %, 2618 MiB
2026/09/07 23:37:33.674, 1, 1 %, 3521 MiB
2026/09/07 23:37:34.175, 0, 0 %, 2618 MiB
2026/09/07 23:37:34.176, 1, 9 %, 3022 MiB
2026/09/07 23:37:34.676, 0, 2 %, 2634 MiB
2026/09/07 23:37:34.799, 1, 9 %, 3022 MiB
2026/09/07 23:37:35.439, 0, 2 %, 2618 MiB
2026/09/07 23:37:35.501, 1, 1 %, 3022 MiB
2026/09/07 23:37:36.139, 0, 0 %, 2618 MiB
2026/09/07 23:37:36.265, 1, 3 %, 3022 MiB
2026/09/07 23:37:36.907, 0, 0 %, 2634 MiB
2026/09/07 23:37:36.907, 1, 3 %, 3022 MiB
2026/09/07 23:37:37.407, 0, 0 %, 2697 MiB
2026/09/07 23:37:37.407, 1, 3 %, 3022 MiB
2026/09/07 23:37:37.908, 0, 0 %, 2750 MiB
2026/09/07 23:37:37.908, 1, 8 %, 3022 MiB
2026/09/07 23:37:38.408, 0, 0 %, 2863 MiB
2026/09/07 23:37:38.409, 1, 8 %, 3022 MiB
2026/09/07 23:37:38.909, 0, 0 %, 3042 MiB
2026/09/07 23:37:38.928, 1, 7 %, 3022 MiB
2026/09/07 23:37:39.432, 0, 9 %, 3187 MiB
2026/09/07 23:37:39.433, 1, 7 %, 3022 MiB
2026/09/07 23:37:39.934, 0, 9 %, 4014 MiB
2026/09/07 23:37:39.934, 1, 8 %, 3022 MiB
2026/09/07 23:37:40.434, 0, 3 %, 4168 MiB
2026/09/07 23:37:40.434, 1, 8 %, 3030 MiB
2026/09/07 23:37:40.934, 0, 3 %, 4168 MiB
2026/09/07 23:37:40.935, 1, 10 %, 3078 MiB
2026/09/07 23:37:41.435, 0, 3 %, 4168 MiB
2026/09/07 23:37:41.435, 1, 10 %, 3146 MiB
2026/09/07 23:37:41.936, 0, 0 %, 4168 MiB
2026/09/07 23:37:41.936, 1, 10 %, 3272 MiB
2026/09/07 23:37:42.436, 0, 0 %, 4168 MiB
2026/09/07 23:37:42.568, 1, 13 %, 3705 MiB
2026/09/07 23:37:43.210, 0, 0 %, 4168 MiB
2026/09/07 23:37:43.210, 1, 0 %, 3775 MiB
2026/09/07 23:37:43.711, 0, 0 %, 4168 MiB
2026/09/07 23:37:43.711, 1, 0 %, 3775 MiB
2026/09/07 23:37:44.211, 0, 0 %, 4168 MiB
2026/09/07 23:37:44.212, 1, 0 %, 3775 MiB
2026/09/07 23:37:44.712, 0, 7 %, 4168 MiB
2026/09/07 23:37:44.839, 1, 16 %, 3775 MiB
2026/09/07 23:37:45.481, 0, 5 %, 4168 MiB
2026/09/07 23:37:45.481, 1, 11 %, 3775 MiB
2026/09/07 23:37:45.981, 0, 5 %, 4168 MiB
2026/09/07 23:37:45.982, 1, 11 %, 3775 MiB
2026/09/07 23:37:46.482, 0, 5 %, 4168 MiB
2026/09/07 23:37:46.483, 1, 11 %, 3775 MiB
2026/09/07 23:37:46.984, 0, 3 %, 4168 MiB
2026/09/07 23:37:47.097, 1, 9 %, 3775 MiB
2026/09/07 23:37:47.731, 0, 0 %, 4168 MiB
2026/09/07 23:37:47.731, 1, 2 %, 3775 MiB
2026/09/07 23:37:48.232, 0, 0 %, 4168 MiB
2026/09/07 23:37:48.232, 1, 2 %, 3775 MiB
2026/09/07 23:37:48.732, 0, 0 %, 3639 MiB
2026/09/07 23:37:48.732, 1, 2 %, 3775 MiB
2026/09/07 23:37:49.233, 0, 6 %, 3133 MiB
2026/09/07 23:37:49.233, 1, 6 %, 3775 MiB
2026/09/07 23:37:49.734, 0, 6 %, 2634 MiB
2026/09/07 23:37:49.782, 1, 0 %, 3775 MiB
2026/09/07 23:37:50.422, 0, 0 %, 2634 MiB
2026/09/07 23:37:50.549, 1, 0 %, 3775 MiB
2026/09/07 23:37:51.052, 0, 0 %, 2618 MiB
2026/09/07 23:37:51.160, 1, 0 %, 3022 MiB
2026/09/07 23:37:51.800, 0, 0 %, 2618 MiB
2026/09/07 23:37:51.924, 1, 0 %, 3022 MiB
2026/09/07 23:37:52.701, 0, 0 %, 2618 MiB
2026/09/07 23:37:52.721, 1, 0 %, 3022 MiB
2026/09/07 23:37:53.358, 0, 0 %, 2627 MiB
2026/09/07 23:37:53.359, 1, 3 %, 3022 MiB
2026/09/07 23:37:53.859, 0, 0 %, 2618 MiB
2026/09/07 23:37:53.859, 1, 3 %, 3022 MiB
2026/09/07 23:37:54.359, 0, 0 %, 2650 MiB
2026/09/07 23:37:54.360, 1, 3 %, 3022 MiB
2026/09/07 23:37:54.861, 0, 1 %, 2653 MiB
2026/09/07 23:37:54.971, 1, 7 %, 3022 MiB
2026/09/07 23:37:55.609, 0, 1 %, 2475 MiB
2026/09/07 23:37:55.610, 1, 7 %, 3022 MiB
2026/09/07 23:37:56.111, 0, 0 %, 2461 MiB
2026/09/07 23:37:56.119, 1, 4 %, 3022 MiB
2026/09/07 23:37:56.623, 0, 0 %, 2020 MiB
2026/09/07 23:37:56.683, 1, 4 %, 3022 MiB
2026/09/07 23:37:57.185, 0, 0 %, 2193 MiB
2026/09/07 23:37:57.186, 1, 4 %, 3022 MiB
2026/09/07 23:37:57.688, 0, 0 %, 2230 MiB
2026/09/07 23:37:57.690, 1, 3 %, 3042 MiB
2026/09/07 23:37:58.192, 0, 0 %, 2752 MiB
2026/09/07 23:37:58.206, 1, 8 %, 2816 MiB
2026/09/07 23:37:58.706, 0, 0 %, 2886 MiB
2026/09/07 23:37:58.740, 1, 8 %, 2349 MiB
2026/09/07 23:37:59.242, 0, 0 %, 3315 MiB
2026/09/07 23:37:59.242, 1, 0 %, 2385 MiB
2026/09/07 23:37:59.742, 0, 0 %, 3385 MiB
2026/09/07 23:37:59.742, 1, 0 %, 2539 MiB
2026/09/07 23:38:00.243, 0, 0 %, 3385 MiB
2026/09/07 23:38:00.243, 1, 0 %, 3022 MiB
2026/09/07 23:38:00.743, 0, 0 %, 3385 MiB
2026/09/07 23:38:00.880, 1, 1 %, 3022 MiB
2026/09/07 23:38:01.381, 0, 0 %, 3385 MiB
2026/09/07 23:38:01.465, 1, 1 %, 3022 MiB
2026/09/07 23:38:01.966, 0, 0 %, 3385 MiB
2026/09/07 23:38:01.966, 1, 7 %, 3022 MiB
2026/09/07 23:38:02.466, 0, 0 %, 3385 MiB
2026/09/07 23:38:02.467, 1, 7 %, 3022 MiB
2026/09/07 23:38:02.968, 0, 0 %, 3385 MiB
2026/09/07 23:38:03.086, 1, 2 %, 3022 MiB
2026/09/07 23:38:03.722, 0, 0 %, 3385 MiB
2026/09/07 23:38:03.722, 1, 2 %, 3022 MiB
2026/09/07 23:38:04.222, 0, 0 %, 3385 MiB
2026/09/07 23:38:04.222, 1, 7 %, 3022 MiB
2026/09/07 23:38:04.723, 0, 3 %, 3385 MiB
2026/09/07 23:38:04.847, 1, 3 %, 3022 MiB
2026/09/07 23:38:05.487, 0, 3 %, 3385 MiB
2026/09/07 23:38:05.487, 1, 3 %, 3022 MiB
2026/09/07 23:38:05.987, 0, 0 %, 3369 MiB
2026/09/07 23:38:05.987, 1, 3 %, 2769 MiB
2026/09/07 23:38:06.487, 0, 0 %, 3369 MiB
2026/09/07 23:38:06.606, 1, 10 %, 2769 MiB
2026/09/07 23:38:07.243, 0, 1 %, 3369 MiB
2026/09/07 23:38:07.385, 1, 2 %, 2269 MiB
2026/09/07 23:38:07.887, 0, 2 %, 3369 MiB
2026/09/07 23:38:07.893, 1, 4 %, 2068 MiB
2026/09/07 23:38:08.395, 0, 2 %, 3353 MiB
2026/09/07 23:38:08.468, 1, 0 %, 1517 MiB
2026/09/07 23:38:09.105, 0, 0 %, 3353 MiB
2026/09/07 23:38:09.120, 1, 0 %, 1517 MiB
2026/09/07 23:38:09.757, 0, 0 %, 3353 MiB
2026/09/07 23:38:09.856, 1, 0 %, 1517 MiB
2026/09/07 23:38:10.358, 0, 0 %, 3353 MiB
2026/09/07 23:38:10.358, 1, 0 %, 1517 MiB
2026/09/07 23:38:10.858, 0, 0 %, 3369 MiB
2026/09/07 23:38:10.858, 1, 0 %, 1517 MiB
2026/09/07 23:38:11.359, 0, 0 %, 3353 MiB
2026/09/07 23:38:11.481, 1, 0 %, 1517 MiB
2026/09/07 23:38:12.118, 0, 0 %, 3369 MiB
2026/09/07 23:38:12.118, 1, 4 %, 1524 MiB
2026/09/07 23:38:12.618, 0, 5 %, 3385 MiB
2026/09/07 23:38:12.620, 1, 4 %, 1564 MiB
2026/09/07 23:38:13.120, 0, 5 %, 3369 MiB
2026/09/07 23:38:13.121, 1, 3 %, 1600 MiB
2026/09/07 23:38:13.621, 0, 5 %, 3385 MiB
2026/09/07 23:38:13.622, 1, 3 %, 1702 MiB
2026/09/07 23:38:14.125, 0, 2 %, 3385 MiB
2026/09/07 23:38:14.126, 1, 3 %, 1796 MiB
2026/09/07 23:38:14.628, 0, 2 %, 3385 MiB
2026/09/07 23:38:14.753, 1, 3 %, 2325 MiB
2026/09/07 23:38:15.393, 0, 4 %, 3385 MiB
2026/09/07 23:38:15.393, 1, 6 %, 2361 MiB
2026/09/07 23:38:15.893, 0, 4 %, 3385 MiB
2026/09/07 23:38:15.915, 1, 6 %, 2463 MiB
2026/09/07 23:38:16.417, 0, 0 %, 3385 MiB
2026/09/07 23:38:16.417, 1, 0 %, 2618 MiB
2026/09/07 23:38:16.919, 0, 0 %, 3385 MiB
2026/09/07 23:38:17.027, 1, 0 %, 3022 MiB
2026/09/07 23:38:17.666, 0, 0 %, 3385 MiB
2026/09/07 23:38:17.666, 1, 1 %, 3022 MiB
2026/09/07 23:38:18.166, 0, 0 %, 3385 MiB
2026/09/07 23:38:18.167, 1, 1 %, 3022 MiB
2026/09/07 23:38:18.667, 0, 0 %, 3385 MiB
2026/09/07 23:38:18.779, 1, 0 %, 3022 MiB
2026/09/07 23:38:19.419, 0, 0 %, 3385 MiB
2026/09/07 23:38:19.419, 1, 0 %, 3022 MiB
2026/09/07 23:38:19.919, 0, 3 %, 3385 MiB
2026/09/07 23:38:19.920, 1, 0 %, 3022 MiB
2026/09/07 23:38:20.420, 0, 3 %, 3385 MiB
2026/09/07 23:38:20.535, 1, 0 %, 3022 MiB
2026/09/07 23:38:21.173, 0, 3 %, 3385 MiB
2026/09/07 23:38:21.173, 1, 0 %, 3022 MiB
2026/09/07 23:38:21.674, 0, 0 %, 3385 MiB
2026/09/07 23:38:21.674, 1, 0 %, 3022 MiB
2026/09/07 23:38:22.174, 0, 0 %, 3385 MiB
2026/09/07 23:38:22.289, 1, 0 %, 3022 MiB
2026/09/07 23:38:22.925, 0, 2 %, 3385 MiB
2026/09/07 23:38:22.926, 1, 0 %, 3022 MiB
2026/09/07 23:38:23.426, 0, 2 %, 3385 MiB
2026/09/07 23:38:23.426, 1, 0 %, 3022 MiB
2026/09/07 23:38:23.926, 0, 2 %, 3369 MiB
2026/09/07 23:38:24.048, 1, 0 %, 2769 MiB
2026/09/07 23:38:24.689, 0, 0 %, 3151 MiB
2026/09/07 23:38:24.713, 1, 0 %, 2269 MiB
2026/09/07 23:38:25.214, 0, 0 %, 2602 MiB
2026/09/07 23:38:25.356, 1, 0 %, 2269 MiB
2026/09/07 23:38:25.856, 0, 0 %, 2602 MiB
2026/09/07 23:38:25.988, 1, 0 %, 2269 MiB
2026/09/07 23:38:26.629, 0, 0 %, 2602 MiB
2026/09/07 23:38:26.744, 1, 0 %, 2269 MiB
2026/09/07 23:38:27.246, 0, 0 %, 2602 MiB
2026/09/07 23:38:27.360, 1, 0 %, 2269 MiB
2026/09/07 23:38:28.000, 0, 0 %, 2602 MiB
2026/09/07 23:38:28.000, 1, 0 %, 2269 MiB
2026/09/07 23:38:28.500, 0, 0 %, 2602 MiB
2026/09/07 23:38:28.500, 1, 0 %, 2269 MiB
2026/09/07 23:38:29.000, 0, 0 %, 2618 MiB
2026/09/07 23:38:29.122, 1, 0 %, 2269 MiB
2026/09/07 23:38:29.757, 0, 2 %, 2617 MiB
2026/09/07 23:38:29.758, 1, 0 %, 2269 MiB
2026/09/07 23:38:30.262, 0, 2 %, 2629 MiB
2026/09/07 23:38:30.264, 1, 0 %, 2274 MiB
2026/09/07 23:38:30.764, 0, 1 %, 2666 MiB
2026/09/07 23:38:30.764, 1, 0 %, 2313 MiB
2026/09/07 23:38:31.264, 0, 1 %, 2684 MiB
2026/09/07 23:38:31.367, 1, 0 %, 2325 MiB
2026/09/07 23:38:32.009, 0, 1 %, 2752 MiB
2026/09/07 23:38:32.010, 1, 1 %, 2393 MiB
2026/09/07 23:38:32.510, 0, 1 %, 2896 MiB
2026/09/07 23:38:32.528, 1, 1 %, 2523 MiB
2026/09/07 23:38:33.031, 0, 1 %, 3317 MiB
2026/09/07 23:38:33.051, 1, 1 %, 2952 MiB
2026/09/07 23:38:33.552, 0, 1 %, 3385 MiB
2026/09/07 23:38:33.552, 1, 1 %, 3022 MiB
2026/09/07 23:38:34.053, 0, 1 %, 3385 MiB
2026/09/07 23:38:34.053, 1, 1 %, 3022 MiB
2026/09/07 23:38:34.553, 0, 2 %, 3385 MiB
2026/09/07 23:38:34.670, 1, 1 %, 3022 MiB
2026/09/07 23:38:35.307, 0, 2 %, 3369 MiB
2026/09/07 23:38:35.307, 1, 1 %, 2769 MiB
2026/09/07 23:38:35.807, 0, 0 %, 3369 MiB
2026/09/07 23:38:35.808, 1, 0 %, 2269 MiB
2026/09/07 23:38:36.308, 0, 0 %, 3369 MiB
2026/09/07 23:38:36.308, 1, 0 %, 2269 MiB
2026/09/07 23:38:36.809, 0, 0 %, 3369 MiB
2026/09/07 23:38:36.904, 1, 0 %, 2269 MiB
2026/09/07 23:38:37.541, 0, 0 %, 3369 MiB
2026/09/07 23:38:37.541, 1, 0 %, 2269 MiB
2026/09/07 23:38:38.041, 0, 0 %, 3369 MiB
2026/09/07 23:38:38.041, 1, 0 %, 2269 MiB
2026/09/07 23:38:38.541, 0, 0 %, 3369 MiB
2026/09/07 23:38:38.662, 1, 0 %, 2269 MiB
2026/09/07 23:38:39.164, 0, 0 %, 3369 MiB
2026/09/07 23:38:39.237, 1, 0 %, 2269 MiB
2026/09/07 23:38:39.739, 0, 0 %, 3369 MiB
2026/09/07 23:38:39.740, 1, 1 %, 2269 MiB
2026/09/07 23:38:40.240, 0, 0 %, 3353 MiB
2026/09/07 23:38:40.246, 1, 1 %, 2016 MiB
2026/09/07 23:38:40.746, 0, 0 %, 3353 MiB
2026/09/07 23:38:40.862, 1, 0 %, 2016 MiB
2026/09/07 23:38:41.502, 0, 0 %, 3353 MiB
2026/09/07 23:38:41.628, 1, 4 %, 1517 MiB
2026/09/07 23:38:42.269, 0, 2 %, 3353 MiB
2026/09/07 23:38:42.396, 1, 4 %, 1517 MiB
2026/09/07 23:38:42.897, 0, 2 %, 3353 MiB
2026/09/07 23:38:43.013, 1, 0 %, 1517 MiB
2026/09/07 23:38:43.652, 0, 2 %, 3353 MiB
2026/09/07 23:38:43.652, 1, 0 %, 1517 MiB
2026/09/07 23:38:44.152, 0, 0 %, 3353 MiB
2026/09/07 23:38:44.153, 1, 0 %, 1517 MiB
2026/09/07 23:38:44.653, 0, 3 %, 3353 MiB
2026/09/07 23:38:44.750, 1, 4 %, 1517 MiB
2026/09/07 23:38:45.391, 0, 3 %, 3353 MiB
2026/09/07 23:38:45.391, 1, 4 %, 1517 MiB
2026/09/07 23:38:45.891, 0, 3 %, 3369 MiB
2026/09/07 23:38:45.891, 1, 0 %, 1517 MiB
2026/09/07 23:38:46.392, 0, 1 %, 3369 MiB
2026/09/07 23:38:46.518, 1, 0 %, 1564 MiB
2026/09/07 23:38:47.152, 0, 1 %, 3369 MiB
2026/09/07 23:38:47.152, 1, 2 %, 1572 MiB
2026/09/07 23:38:47.652, 0, 1 %, 3369 MiB
2026/09/07 23:38:47.659, 1, 13 %, 1710 MiB
2026/09/07 23:38:48.160, 0, 0 %, 3369 MiB
2026/09/07 23:38:48.288, 1, 13 %, 2269 MiB
2026/09/07 23:38:48.924, 0, 0 %, 3369 MiB
2026/09/07 23:38:48.924, 1, 0 %, 2269 MiB
2026/09/07 23:38:49.425, 0, 0 %, 3369 MiB
2026/09/07 23:38:49.425, 1, 0 %, 2269 MiB
2026/09/07 23:38:49.925, 0, 1 %, 3369 MiB
2026/09/07 23:38:50.035, 1, 0 %, 2269 MiB
2026/09/07 23:38:50.673, 0, 4 %, 3369 MiB
2026/09/07 23:38:50.674, 1, 0 %, 2269 MiB
2026/09/07 23:38:51.174, 0, 4 %, 3369 MiB
2026/09/07 23:38:51.174, 1, 0 %, 2269 MiB
2026/09/07 23:38:51.674, 0, 4 %, 3369 MiB
2026/09/07 23:38:51.768, 1, 0 %, 2269 MiB
2026/09/07 23:38:52.407, 0, 0 %, 3369 MiB
2026/09/07 23:38:52.408, 1, 2 %, 2269 MiB
2026/09/07 23:38:52.908, 0, 0 %, 3369 MiB
2026/09/07 23:38:52.908, 1, 3 %, 2269 MiB
2026/09/07 23:38:53.408, 0, 0 %, 3369 MiB
2026/09/07 23:38:53.512, 1, 3 %, 2269 MiB
2026/09/07 23:38:54.147, 0, 0 %, 3369 MiB
2026/09/07 23:38:54.147, 1, 0 %, 2269 MiB
2026/09/07 23:38:54.647, 0, 0 %, 3369 MiB
2026/09/07 23:38:54.647, 1, 0 %, 2269 MiB
2026/09/07 23:38:55.147, 0, 0 %, 3369 MiB
2026/09/07 23:38:55.249, 1, 0 %, 2269 MiB
2026/09/07 23:38:55.885, 0, 0 %, 3369 MiB
2026/09/07 23:38:55.886, 1, 0 %, 2269 MiB
2026/09/07 23:38:56.386, 0, 0 %, 3353 MiB
2026/09/07 23:38:56.386, 1, 1 %, 2016 MiB
2026/09/07 23:38:56.886, 0, 2 %, 3353 MiB
2026/09/07 23:38:57.000, 1, 1 %, 1517 MiB
2026/09/07 23:38:57.641, 0, 2 %, 3353 MiB
2026/09/07 23:38:57.642, 1, 1 %, 1517 MiB
2026/09/07 23:38:58.283, 0, 0 %, 3353 MiB
2026/09/07 23:38:58.284, 1, 0 %, 1294 MiB
2026/09/07 23:38:58.920, 0, 0 %, 3337 MiB
2026/09/07 23:38:58.927, 1, 0 %, 764 MiB
2026/09/07 23:38:59.427, 0, 0 %, 3337 MiB
2026/09/07 23:38:59.481, 1, 0 %, 764 MiB
2026/09/07 23:39:00.118, 0, 0 %, 3337 MiB
2026/09/07 23:39:00.244, 1, 0 %, 764 MiB
2026/09/07 23:39:00.745, 0, 4 %, 3337 MiB
2026/09/07 23:39:00.869, 1, 0 %, 764 MiB
2026/09/07 23:39:01.504, 0, 4 %, 3337 MiB
2026/09/07 23:39:01.505, 1, 0 %, 764 MiB
2026/09/07 23:39:02.005, 0, 4 %, 3353 MiB
2026/09/07 23:39:02.005, 1, 1 %, 764 MiB
2026/09/07 23:39:02.506, 0, 0 %, 3353 MiB
2026/09/07 23:39:02.634, 1, 1 %, 811 MiB
2026/09/07 23:39:03.275, 0, 0 %, 3353 MiB
2026/09/07 23:39:03.295, 1, 0 %, 847 MiB
2026/09/07 23:39:03.796, 0, 0 %, 3369 MiB
2026/09/07 23:39:03.807, 1, 0 %, 949 MiB
2026/09/07 23:39:04.308, 0, 0 %, 3369 MiB
2026/09/07 23:39:04.309, 1, 0 %, 1054 MiB
2026/09/07 23:39:04.810, 0, 0 %, 3369 MiB
2026/09/07 23:39:04.811, 1, 0 %, 1572 MiB
2026/09/07 23:39:05.311, 0, 0 %, 3369 MiB
2026/09/07 23:39:05.422, 1, 0 %, 1608 MiB
2026/09/07 23:39:06.062, 0, 0 %, 3144 MiB
2026/09/07 23:39:06.072, 1, 0 %, 1702 MiB
2026/09/07 23:39:06.574, 0, 0 %, 2601 MiB
2026/09/07 23:39:06.607, 1, 0 %, 2201 MiB
2026/09/07 23:39:07.108, 0, 0 %, 2601 MiB
2026/09/07 23:39:07.156, 1, 0 %, 2269 MiB
2026/09/07 23:39:07.797, 0, 0 %, 2601 MiB
2026/09/07 23:39:07.917, 1, 0 %, 2269 MiB
2026/09/07 23:39:08.419, 0, 1 %, 2601 MiB
2026/09/07 23:39:08.419, 1, 0 %, 2269 MiB
2026/09/07 23:39:08.919, 0, 1 %, 2601 MiB
2026/09/07 23:39:08.920, 1, 0 %, 2269 MiB
2026/09/07 23:39:09.420, 0, 1 %, 2601 MiB
2026/09/07 23:39:09.524, 1, 0 %, 2269 MiB
2026/09/07 23:39:10.161, 0, 0 %, 2601 MiB
2026/09/07 23:39:10.161, 1, 0 %, 2269 MiB
2026/09/07 23:39:10.662, 0, 0 %, 2617 MiB
2026/09/07 23:39:10.662, 1, 0 %, 2269 MiB
2026/09/07 23:39:11.162, 0, 0 %, 2601 MiB
2026/09/07 23:39:11.271, 1, 2 %, 2269 MiB
2026/09/07 23:39:11.907, 0, 0 %, 2637 MiB
2026/09/07 23:39:11.908, 1, 4 %, 2269 MiB
2026/09/07 23:39:12.408, 0, 0 %, 2668 MiB
2026/09/07 23:39:12.408, 1, 4 %, 2269 MiB
2026/09/07 23:39:12.908, 0, 0 %, 2735 MiB
2026/09/07 23:39:12.909, 1, 1 %, 2269 MiB
2026/09/07 23:39:13.409, 0, 0 %, 2854 MiB
2026/09/07 23:39:13.410, 1, 1 %, 2016 MiB
2026/09/07 23:39:13.911, 0, 0 %, 3283 MiB
2026/09/07 23:39:13.913, 1, 1 %, 1517 MiB
2026/09/07 23:39:14.413, 0, 0 %, 3353 MiB
2026/09/07 23:39:14.598, 1, 2 %, 1517 MiB
2026/09/07 23:39:15.100, 0, 0 %, 3353 MiB
2026/09/07 23:39:15.235, 1, 2 %, 1517 MiB
2026/09/07 23:39:15.736, 0, 0 %, 3353 MiB
2026/09/07 23:39:15.850, 1, 2 %, 1517 MiB
2026/09/07 23:39:16.493, 0, 0 %, 3353 MiB
2026/09/07 23:39:16.493, 1, 2 %, 1517 MiB
2026/09/07 23:39:16.994, 0, 2 %, 3353 MiB
2026/09/07 23:39:16.994, 1, 3 %, 1517 MiB
2026/09/07 23:39:17.494, 0, 2 %, 3353 MiB
2026/09/07 23:39:17.606, 1, 1 %, 1517 MiB
2026/09/07 23:39:18.240, 0, 2 %, 3353 MiB
2026/09/07 23:39:18.240, 1, 1 %, 1517 MiB
2026/09/07 23:39:18.740, 0, 3 %, 3369 MiB
2026/09/07 23:39:18.740, 1, 1 %, 1517 MiB
2026/09/07 23:39:19.241, 0, 3 %, 3369 MiB
2026/09/07 23:39:19.372, 1, 3 %, 1564 MiB
2026/09/07 23:39:20.013, 0, 1 %, 3369 MiB
2026/09/07 23:39:20.013, 1, 1 %, 1608 MiB
2026/09/07 23:39:20.514, 0, 1 %, 3369 MiB
2026/09/07 23:39:20.526, 1, 1 %, 1710 MiB
2026/09/07 23:39:21.028, 0, 1 %, 3369 MiB
2026/09/07 23:39:21.167, 1, 14 %, 2269 MiB
2026/09/07 23:39:21.806, 0, 0 %, 3369 MiB
2026/09/07 23:39:21.806, 1, 14 %, 2269 MiB
2026/09/07 23:39:22.306, 0, 0 %, 3369 MiB
2026/09/07 23:39:22.306, 1, 14 %, 2269 MiB
2026/09/07 23:39:22.806, 0, 0 %, 3369 MiB
2026/09/07 23:39:22.932, 1, 7 %, 2269 MiB
2026/09/07 23:39:23.571, 0, 0 %, 3369 MiB
2026/09/07 23:39:23.571, 1, 0 %, 2269 MiB
2026/09/07 23:39:24.071, 0, 0 %, 3369 MiB
2026/09/07 23:39:24.071, 1, 0 %, 2269 MiB
2026/09/07 23:39:24.571, 0, 0 %, 3369 MiB
2026/09/07 23:39:24.687, 1, 0 %, 2269 MiB
2026/09/07 23:39:25.322, 0, 0 %, 3369 MiB
2026/09/07 23:39:25.322, 1, 5 %, 2269 MiB
2026/09/07 23:39:25.822, 0, 0 %, 3369 MiB
2026/09/07 23:39:25.822, 1, 5 %, 2269 MiB
2026/09/07 23:39:26.323, 0, 0 %, 3369 MiB
2026/09/07 23:39:26.440, 1, 5 %, 2269 MiB
2026/09/07 23:39:27.076, 0, 0 %, 3369 MiB
2026/09/07 23:39:27.076, 1, 5 %, 2269 MiB
2026/09/07 23:39:27.576, 0, 0 %, 3369 MiB
2026/09/07 23:39:27.576, 1, 5 %, 2269 MiB
2026/09/07 23:39:28.077, 0, 0 %, 3369 MiB
2026/09/07 23:39:28.187, 1, 4 %, 2269 MiB
2026/09/07 23:39:28.827, 0, 0 %, 3353 MiB
2026/09/07 23:39:28.827, 1, 4 %, 2016 MiB
2026/09/07 23:39:29.328, 0, 0 %, 3353 MiB
2026/09/07 23:39:29.328, 1, 4 %, 1517 MiB
2026/09/07 23:39:29.828, 0, 0 %, 3353 MiB
2026/09/07 23:39:29.958, 1, 4 %, 1517 MiB
2026/09/07 23:39:30.460, 0, 0 %, 3353 MiB
2026/09/07 23:39:30.575, 1, 4 %, 1517 MiB
2026/09/07 23:39:31.079, 0, 0 %, 3353 MiB
2026/09/07 23:39:31.079, 1, 4 %, 1517 MiB
2026/09/07 23:39:31.579, 0, 0 %, 3353 MiB
2026/09/07 23:39:31.580, 1, 4 %, 1517 MiB
2026/09/07 23:39:32.080, 0, 5 %, 3353 MiB
2026/09/07 23:39:32.166, 1, 0 %, 1517 MiB
2026/09/07 23:39:32.801, 0, 5 %, 3353 MiB
2026/09/07 23:39:32.801, 1, 0 %, 1517 MiB
2026/09/07 23:39:33.301, 0, 5 %, 3369 MiB
2026/09/07 23:39:33.301, 1, 0 %, 1517 MiB
2026/09/07 23:39:33.802, 0, 5 %, 3353 MiB
2026/09/07 23:39:33.899, 1, 0 %, 1517 MiB
2026/09/07 23:39:34.535, 0, 0 %, 3369 MiB
2026/09/07 23:39:34.536, 1, 0 %, 1534 MiB
2026/09/07 23:39:35.036, 0, 0 %, 3369 MiB
2026/09/07 23:39:35.036, 1, 0 %, 1572 MiB
2026/09/07 23:39:35.536, 0, 0 %, 3369 MiB
2026/09/07 23:39:35.657, 1, 0 %, 1640 MiB
2026/09/07 23:39:36.298, 0, 0 %, 3369 MiB
2026/09/07 23:39:36.311, 1, 0 %, 1786 MiB
2026/09/07 23:39:36.811, 0, 0 %, 3369 MiB
2026/09/07 23:39:36.812, 1, 1 %, 2269 MiB
2026/09/07 23:39:37.312, 0, 0 %, 3369 MiB
2026/09/07 23:39:37.428, 1, 3 %, 2269 MiB
2026/09/07 23:39:38.069, 0, 5 %, 3369 MiB
2026/09/07 23:39:38.069, 1, 3 %, 2269 MiB
2026/09/07 23:39:38.570, 0, 5 %, 3353 MiB
2026/09/07 23:39:38.581, 1, 3 %, 2016 MiB
2026/09/07 23:39:39.082, 0, 5 %, 3353 MiB
2026/09/07 23:39:39.195, 1, 3 %, 2016 MiB
2026/09/07 23:39:39.835, 0, 0 %, 3353 MiB
2026/09/07 23:39:39.835, 1, 3 %, 1517 MiB
2026/09/07 23:39:40.336, 0, 0 %, 3353 MiB
2026/09/07 23:39:40.336, 1, 4 %, 1517 MiB
2026/09/07 23:39:40.836, 0, 0 %, 3353 MiB
2026/09/07 23:39:40.946, 1, 4 %, 1517 MiB
2026/09/07 23:39:41.587, 0, 0 %, 3353 MiB
2026/09/07 23:39:41.588, 1, 3 %, 1517 MiB
2026/09/07 23:39:42.088, 0, 0 %, 3353 MiB
2026/09/07 23:39:42.088, 1, 3 %, 1517 MiB
2026/09/07 23:39:42.588, 0, 0 %, 3353 MiB
2026/09/07 23:39:42.685, 1, 0 %, 1517 MiB
2026/09/07 23:39:43.322, 0, 0 %, 3353 MiB
2026/09/07 23:39:43.322, 1, 0 %, 1517 MiB
2026/09/07 23:39:43.822, 0, 0 %, 3353 MiB
2026/09/07 23:39:43.822, 1, 0 %, 1517 MiB
2026/09/07 23:39:44.323, 0, 0 %, 3337 MiB
2026/09/07 23:39:44.423, 1, 2 %, 1263 MiB
2026/09/07 23:39:45.062, 0, 0 %, 3337 MiB
2026/09/07 23:39:45.176, 1, 2 %, 764 MiB
2026/09/07 23:39:45.812, 0, 0 %, 3337 MiB
2026/09/07 23:39:45.932, 1, 2 %, 764 MiB
2026/09/07 23:39:46.434, 0, 0 %, 3337 MiB
2026/09/07 23:39:46.542, 1, 0 %, 764 MiB
2026/09/07 23:39:47.178, 0, 0 %, 3069 MiB
2026/09/07 23:39:47.185, 1, 0 %, 764 MiB
2026/09/07 23:39:47.686, 0, 0 %, 2569 MiB
2026/09/07 23:39:47.686, 1, 0 %, 764 MiB
2026/09/07 23:39:48.186, 0, 0 %, 2569 MiB
2026/09/07 23:39:48.238, 1, 1 %, 764 MiB
2026/09/07 23:39:48.739, 0, 0 %, 2569 MiB
2026/09/07 23:39:48.858, 1, 0 %, 764 MiB
2026/09/07 23:39:49.494, 0, 0 %, 2569 MiB
2026/09/07 23:39:49.631, 1, 0 %, 764 MiB
2026/09/07 23:39:50.268, 0, 0 %, 2585 MiB
2026/09/07 23:39:50.269, 1, 0 %, 781 MiB
2026/09/07 23:39:50.770, 0, 0 %, 2585 MiB
2026/09/07 23:39:50.770, 1, 0 %, 819 MiB
2026/09/07 23:39:51.270, 0, 0 %, 2585 MiB
2026/09/07 23:39:51.372, 1, 0 %, 887 MiB
2026/09/07 23:39:52.011, 0, 0 %, 2601 MiB
2026/09/07 23:39:52.012, 1, 0 %, 1013 MiB
2026/09/07 23:39:52.512, 0, 0 %, 2601 MiB
2026/09/07 23:39:52.512, 1, 2 %, 1517 MiB
2026/09/07 23:39:53.012, 0, 0 %, 2647 MiB
2026/09/07 23:39:53.013, 1, 2 %, 1517 MiB
2026/09/07 23:39:53.513, 0, 0 %, 2651 MiB
2026/09/07 23:39:53.606, 1, 0 %, 1517 MiB
2026/09/07 23:39:54.245, 0, 0 %, 2719 MiB
2026/09/07 23:39:54.245, 1, 2 %, 1517 MiB
2026/09/07 23:39:54.746, 0, 0 %, 2871 MiB
2026/09/07 23:39:54.746, 1, 2 %, 1517 MiB
2026/09/07 23:39:55.247, 0, 0 %, 3353 MiB
2026/09/07 23:39:55.375, 1, 2 %, 1517 MiB
2026/09/07 23:39:55.877, 0, 0 %, 3353 MiB
2026/09/07 23:39:55.951, 1, 0 %, 1517 MiB
2026/09/07 23:39:56.453, 0, 0 %, 3353 MiB
2026/09/07 23:39:56.453, 1, 0 %, 1517 MiB
2026/09/07 23:39:56.953, 0, 2 %, 3353 MiB
2026/09/07 23:39:56.953, 1, 0 %, 1517 MiB
2026/09/07 23:39:57.454, 0, 2 %, 3353 MiB
2026/09/07 23:39:57.536, 1, 0 %, 1517 MiB
2026/09/07 23:39:58.176, 0, 2 %, 3085 MiB
2026/09/07 23:39:58.176, 1, 4 %, 1517 MiB
2026/09/07 23:39:58.676, 0, 2 %, 2585 MiB
2026/09/07 23:39:58.676, 1, 4 %, 1517 MiB
2026/09/07 23:39:59.176, 0, 0 %, 2585 MiB
2026/09/07 23:39:59.301, 1, 4 %, 1517 MiB
2026/09/07 23:39:59.802, 0, 0 %, 2585 MiB
2026/09/07 23:39:59.928, 1, 4 %, 1517 MiB
2026/09/07 23:40:00.429, 0, 0 %, 2585 MiB
2026/09/07 23:40:00.542, 1, 0 %, 1517 MiB
2026/09/07 23:40:01.179, 0, 0 %, 2570 MiB
2026/09/07 23:40:01.179, 1, 0 %, 1263 MiB
2026/09/07 23:40:01.680, 0, 0 %, 2569 MiB
2026/09/07 23:40:01.680, 1, 0 %, 764 MiB
2026/09/07 23:40:02.180, 0, 0 %, 2569 MiB
2026/09/07 23:40:02.203, 1, 0 %, 764 MiB
2026/09/07 23:40:02.841, 0, 0 %, 2569 MiB
2026/09/07 23:40:02.967, 1, 0 %, 764 MiB
2026/09/07 23:40:03.468, 0, 1 %, 2569 MiB
2026/09/07 23:40:03.601, 1, 0 %, 764 MiB
2026/09/07 23:40:04.240, 0, 1 %, 2579 MiB
2026/09/07 23:40:04.241, 1, 0 %, 764 MiB
2026/09/07 23:40:04.742, 0, 1 %, 2631 MiB
2026/09/07 23:40:04.742, 1, 1 %, 764 MiB
2026/09/07 23:40:05.242, 0, 1 %, 2635 MiB
2026/09/07 23:40:05.335, 1, 0 %, 764 MiB
2026/09/07 23:40:05.972, 0, 0 %, 2719 MiB
2026/09/07 23:40:05.975, 1, 0 %, 764 MiB
2026/09/07 23:40:06.476, 0, 0 %, 2854 MiB
2026/09/07 23:40:06.497, 1, 0 %, 764 MiB
2026/09/07 23:40:06.998, 0, 0 %, 3353 MiB
2026/09/07 23:40:06.998, 1, 0 %, 772 MiB
2026/09/07 23:40:07.499, 0, 0 %, 3353 MiB
2026/09/07 23:40:07.635, 1, 0 %, 819 MiB
2026/09/07 23:40:08.275, 0, 0 %, 3353 MiB
2026/09/07 23:40:08.275, 1, 1 %, 887 MiB
2026/09/07 23:40:08.776, 0, 0 %, 3353 MiB
2026/09/07 23:40:08.799, 1, 1 %, 957 MiB
2026/09/07 23:40:09.300, 0, 0 %, 3353 MiB
2026/09/07 23:40:09.300, 1, 0 %, 1517 MiB
2026/09/07 23:40:09.801, 0, 0 %, 3353 MiB
2026/09/07 23:40:09.880, 1, 0 %, 1517 MiB
2026/09/07 23:40:10.518, 0, 0 %, 3353 MiB
2026/09/07 23:40:10.518, 1, 0 %, 1517 MiB
2026/09/07 23:40:11.018, 0, 0 %, 3353 MiB
2026/09/07 23:40:11.018, 1, 3 %, 1517 MiB
2026/09/07 23:40:11.519, 0, 0 %, 3353 MiB
2026/09/07 23:40:11.636, 1, 3 %, 1517 MiB
2026/09/07 23:40:12.273, 0, 0 %, 3353 MiB
2026/09/07 23:40:12.274, 1, 1 %, 1517 MiB
2026/09/07 23:40:12.774, 0, 0 %, 3353 MiB
2026/09/07 23:40:12.774, 1, 4 %, 1517 MiB
2026/09/07 23:40:13.274, 0, 0 %, 3353 MiB
2026/09/07 23:40:13.372, 1, 4 %, 1517 MiB
2026/09/07 23:40:14.011, 0, 2 %, 3353 MiB
2026/09/07 23:40:14.012, 1, 2 %, 1517 MiB
2026/09/07 23:40:14.512, 0, 2 %, 3353 MiB
2026/09/07 23:40:14.512, 1, 2 %, 1517 MiB
2026/09/07 23:40:15.012, 0, 2 %, 3353 MiB
2026/09/07 23:40:15.133, 1, 2 %, 1517 MiB
2026/09/07 23:40:15.774, 0, 0 %, 3353 MiB
2026/09/07 23:40:15.774, 1, 2 %, 1517 MiB
2026/09/07 23:40:16.275, 0, 0 %, 3353 MiB
2026/09/07 23:40:16.275, 1, 2 %, 1517 MiB
2026/09/07 23:40:16.775, 0, 0 %, 3353 MiB
2026/09/07 23:40:16.868, 1, 0 %, 1517 MiB
2026/09/07 23:40:17.503, 0, 1 %, 3339 MiB
2026/09/07 23:40:17.503, 1, 0 %, 1263 MiB
2026/09/07 23:40:18.004, 0, 3 %, 3337 MiB
2026/09/07 23:40:18.004, 1, 2 %, 764 MiB
2026/09/07 23:40:18.504, 0, 3 %, 3337 MiB
2026/09/07 23:40:18.512, 1, 2 %, 764 MiB
2026/09/07 23:40:19.148, 0, 3 %, 3337 MiB
2026/09/07 23:40:19.262, 1, 2 %, 764 MiB
2026/09/07 23:40:19.765, 0, 3 %, 3337 MiB
2026/09/07 23:40:19.765, 1, 0 %, 764 MiB
2026/09/07 23:40:20.265, 0, 3 %, 3337 MiB
2026/09/07 23:40:20.265, 1, 0 %, 764 MiB
2026/09/07 23:40:20.766, 0, 3 %, 3337 MiB
2026/09/07 23:40:20.853, 1, 0 %, 764 MiB
2026/09/07 23:40:21.489, 0, 0 %, 3337 MiB
2026/09/07 23:40:21.489, 1, 0 %, 764 MiB
2026/09/07 23:40:21.989, 0, 0 %, 3353 MiB
2026/09/07 23:40:21.990, 1, 0 %, 764 MiB
2026/09/07 23:40:22.490, 0, 0 %, 3337 MiB
2026/09/07 23:40:22.596, 1, 0 %, 764 MiB
2026/09/07 23:40:23.236, 0, 0 %, 3353 MiB
2026/09/07 23:40:23.236, 1, 1 %, 772 MiB
2026/09/07 23:40:23.737, 0, 0 %, 3353 MiB
2026/09/07 23:40:23.737, 1, 1 %, 819 MiB
2026/09/07 23:40:24.237, 0, 0 %, 3085 MiB
2026/09/07 23:40:24.372, 1, 1 %, 879 MiB
2026/09/07 23:40:24.873, 0, 0 %, 2585 MiB
2026/09/07 23:40:25.007, 1, 1 %, 949 MiB
2026/09/07 23:40:25.508, 0, 0 %, 2585 MiB
2026/09/07 23:40:25.595, 1, 1 %, 1039 MiB
2026/09/07 23:40:26.096, 0, 0 %, 2585 MiB
2026/09/07 23:40:26.096, 1, 1 %, 1517 MiB
2026/09/07 23:40:26.596, 0, 0 %, 2585 MiB
2026/09/07 23:40:26.597, 1, 2 %, 1517 MiB
2026/09/07 23:40:27.097, 0, 0 %, 2585 MiB
2026/09/07 23:40:27.191, 1, 2 %, 1517 MiB
2026/09/07 23:40:27.831, 0, 0 %, 2585 MiB
2026/09/07 23:40:27.831, 1, 0 %, 1517 MiB
2026/09/07 23:40:28.331, 0, 0 %, 2585 MiB
2026/09/07 23:40:28.332, 1, 4 %, 1517 MiB
2026/09/07 23:40:28.832, 0, 0 %, 2601 MiB
2026/09/07 23:40:28.947, 1, 4 %, 1516 MiB
2026/09/07 23:40:29.588, 0, 0 %, 2595 MiB
2026/09/07 23:40:29.589, 1, 4 %, 1516 MiB
2026/09/07 23:40:30.089, 0, 0 %, 2647 MiB
2026/09/07 23:40:30.091, 1, 4 %, 1516 MiB
2026/09/07 23:40:30.591, 0, 0 %, 2651 MiB
2026/09/07 23:40:30.679, 1, 4 %, 1516 MiB
2026/09/07 23:40:31.317, 0, 0 %, 2719 MiB
2026/09/07 23:40:31.317, 1, 2 %, 1516 MiB
2026/09/07 23:40:31.817, 0, 0 %, 2870 MiB
2026/09/07 23:40:31.819, 1, 2 %, 1516 MiB
2026/09/07 23:40:32.324, 0, 0 %, 3353 MiB
2026/09/07 23:40:32.463, 1, 0 %, 1516 MiB
2026/09/07 23:40:33.098, 0, 1 %, 3353 MiB
2026/09/07 23:40:33.098, 1, 0 %, 1516 MiB
2026/09/07 23:40:33.598, 0, 1 %, 3353 MiB
2026/09/07 23:40:33.598, 1, 0 %, 1516 MiB
2026/09/07 23:40:34.098, 0, 1 %, 3337 MiB
2026/09/07 23:40:34.206, 1, 0 %, 1263 MiB
2026/09/07 23:40:34.844, 0, 0 %, 3337 MiB
2026/09/07 23:40:34.962, 1, 0 %, 764 MiB
2026/09/07 23:40:35.598, 0, 0 %, 3337 MiB
2026/09/07 23:40:35.718, 1, 0 %, 764 MiB
2026/09/07 23:40:36.220, 0, 0 %, 3337 MiB
2026/09/07 23:40:36.328, 1, 1 %, 764 MiB
2026/09/07 23:40:36.969, 0, 0 %, 3337 MiB
2026/09/07 23:40:36.969, 1, 1 %, 764 MiB
2026/09/07 23:40:37.469, 0, 0 %, 3337 MiB
2026/09/07 23:40:37.470, 1, 1 %, 764 MiB
2026/09/07 23:40:37.970, 0, 0 %, 3337 MiB
2026/09/07 23:40:38.058, 1, 0 %, 764 MiB
2026/09/07 23:40:38.694, 0, 2 %, 3337 MiB
2026/09/07 23:40:38.694, 1, 0 %, 764 MiB
2026/09/07 23:40:39.194, 0, 2 %, 3353 MiB
2026/09/07 23:40:39.194, 1, 0 %, 764 MiB
2026/09/07 23:40:39.694, 0, 2 %, 3353 MiB
2026/09/07 23:40:39.809, 1, 0 %, 811 MiB
2026/09/07 23:40:40.446, 0, 0 %, 3353 MiB
2026/09/07 23:40:40.455, 1, 0 %, 855 MiB
2026/09/07 23:40:40.956, 0, 0 %, 3353 MiB
2026/09/07 23:40:40.962, 1, 0 %, 949 MiB
2026/09/07 23:40:41.464, 0, 0 %, 3085 MiB
2026/09/07 23:40:41.577, 1, 0 %, 1451 MiB
2026/09/07 23:40:42.215, 0, 0 %, 2367 MiB
2026/09/07 23:40:42.243, 1, 0 %, 1516 MiB
2026/09/07 23:40:42.743, 0, 0 %, 1818 MiB
2026/09/07 23:40:42.864, 1, 0 %, 1516 MiB
2026/09/07 23:40:43.500, 0, 0 %, 1818 MiB
2026/09/07 23:40:43.621, 1, 0 %, 1516 MiB
2026/09/07 23:40:44.121, 0, 0 %, 1818 MiB
2026/09/07 23:40:44.224, 1, 0 %, 1516 MiB
2026/09/07 23:40:44.725, 0, 0 %, 1818 MiB
2026/09/07 23:40:44.853, 1, 0 %, 1516 MiB
2026/09/07 23:40:45.354, 0, 0 %, 1818 MiB
2026/09/07 23:40:45.354, 1, 1 %, 1516 MiB
2026/09/07 23:40:45.854, 0, 0 %, 1818 MiB
2026/09/07 23:40:45.986, 1, 1 %, 1516 MiB
2026/09/07 23:40:46.486, 0, 0 %, 1834 MiB
2026/09/07 23:40:46.585, 1, 1 %, 1516 MiB
2026/09/07 23:40:47.087, 0, 0 %, 1837 MiB
2026/09/07 23:40:47.089, 1, 2 %, 1516 MiB
2026/09/07 23:40:47.589, 0, 0 %, 1854 MiB
2026/09/07 23:40:47.590, 1, 2 %, 1516 MiB
2026/09/07 23:40:48.090, 0, 0 %, 1884 MiB
2026/09/07 23:40:48.189, 1, 2 %, 1516 MiB
2026/09/07 23:40:48.825, 0, 0 %, 1943 MiB
2026/09/07 23:40:48.826, 1, 2 %, 1516 MiB
2026/09/07 23:40:49.326, 0, 0 %, 2088 MiB
2026/09/07 23:40:49.332, 1, 2 %, 1516 MiB
2026/09/07 23:40:49.832, 0, 0 %, 2249 MiB
2026/09/07 23:40:49.834, 1, 1 %, 1516 MiB
2026/09/07 23:40:50.334, 0, 0 %, 2853 MiB
2026/09/07 23:40:50.457, 1, 1 %, 1516 MiB
2026/09/07 23:40:51.091, 0, 2 %, 3267 MiB
2026/09/07 23:40:51.094, 1, 1 %, 1263 MiB
2026/09/07 23:40:51.595, 0, 2 %, 3321 MiB
2026/09/07 23:40:51.595, 1, 1 %, 1010 MiB
2026/09/07 23:40:52.096, 0, 5 %, 3321 MiB
2026/09/07 23:40:52.096, 1, 1 %, 11 MiB
2026/09/07 23:40:52.596, 0, 0 %, 3321 MiB
2026/09/07 23:40:52.728, 1, 1 %, 11 MiB
2026/09/07 23:40:53.229, 0, 0 %, 3321 MiB
2026/09/07 23:40:53.306, 1, 1 %, 11 MiB
2026/09/07 23:40:53.809, 0, 0 %, 3321 MiB
2026/09/07 23:40:53.809, 1, 1 %, 11 MiB
2026/09/07 23:40:54.309, 0, 3 %, 3321 MiB
2026/09/07 23:40:54.418, 1, 0 %, 11 MiB
2026/09/07 23:40:55.054, 0, 3 %, 3321 MiB
2026/09/07 23:40:55.054, 1, 0 %, 11 MiB
2026/09/07 23:40:55.555, 0, 3 %, 3337 MiB
2026/09/07 23:40:55.700, 1, 0 %, 11 MiB
2026/09/07 23:40:56.321, 0, 0 %, 3337 MiB
2026/09/07 23:40:56.321, 1, 0 %, 11 MiB
2026/09/07 23:40:56.821, 0, 0 %, 3337 MiB
2026/09/07 23:40:56.821, 1, 0 %, 55 MiB
2026/09/07 23:40:57.321, 0, 0 %, 3337 MiB
2026/09/07 23:40:57.414, 1, 0 %, 67 MiB
2026/09/07 23:40:58.055, 0, 0 %, 3337 MiB
2026/09/07 23:40:58.056, 1, 0 %, 134 MiB
2026/09/07 23:40:58.556, 0, 5 %, 3337 MiB
2026/09/07 23:40:58.556, 1, 0 %, 694 MiB
2026/09/07 23:40:59.056, 0, 5 %, 3337 MiB
2026/09/07 23:40:59.156, 1, 0 %, 764 MiB
2026/09/07 23:40:59.793, 0, 0 %, 3337 MiB
2026/09/07 23:40:59.793, 1, 2 %, 764 MiB
2026/09/07 23:41:00.293, 0, 0 %, 3337 MiB
2026/09/07 23:41:00.294, 1, 2 %, 764 MiB
2026/09/07 23:41:00.794, 0, 0 %, 3337 MiB
2026/09/07 23:41:00.886, 1, 2 %, 764 MiB
2026/09/07 23:41:01.522, 0, 0 %, 3337 MiB
2026/09/07 23:41:01.523, 1, 1 %, 764 MiB
2026/09/07 23:41:02.023, 0, 0 %, 3337 MiB
2026/09/07 23:41:02.023, 1, 1 %, 764 MiB
2026/09/07 23:41:02.523, 0, 1 %, 3337 MiB
2026/09/07 23:41:02.618, 1, 1 %, 764 MiB
2026/09/07 23:41:03.253, 0, 1 %, 3337 MiB
2026/09/07 23:41:03.253, 1, 0 %, 764 MiB
2026/09/07 23:41:03.753, 0, 1 %, 3337 MiB
2026/09/07 23:41:03.754, 1, 0 %, 764 MiB
2026/09/07 23:41:04.254, 0, 0 %, 3337 MiB
2026/09/07 23:41:04.340, 1, 0 %, 764 MiB
2026/09/07 23:41:04.976, 0, 0 %, 3337 MiB
2026/09/07 23:41:04.976, 1, 1 %, 764 MiB
2026/09/07 23:41:05.477, 0, 0 %, 3337 MiB
2026/09/07 23:41:05.479, 1, 2 %, 764 MiB
2026/09/07 23:41:05.979, 0, 0 %, 3337 MiB
2026/09/07 23:41:06.074, 1, 2 %, 562 MiB
2026/09/07 23:41:06.707, 0, 0 %, 3321 MiB
2026/09/07 23:41:06.707, 1, 0 %, 11 MiB
2026/09/07 23:41:07.207, 0, 0 %, 3321 MiB
2026/09/07 23:41:07.261, 1, 0 %, 11 MiB
2026/09/07 23:41:07.896, 0, 0 %, 3321 MiB
2026/09/07 23:41:07.995, 1, 0 %, 11 MiB
2026/09/07 23:41:08.496, 0, 1 %, 3321 MiB
2026/09/07 23:41:08.587, 1, 0 %, 11 MiB
2026/09/07 23:41:09.210, 0, 1 %, 3321 MiB
2026/09/07 23:41:09.210, 1, 0 %, 11 MiB
2026/09/07 23:41:09.710, 0, 1 %, 3321 MiB
2026/09/07 23:41:09.814, 1, 0 %, 11 MiB
2026/09/07 23:41:10.448, 0, 0 %, 3332 MiB
2026/09/07 23:41:10.449, 1, 0 %, 11 MiB
2026/09/07 23:41:10.950, 0, 0 %, 3321 MiB
2026/09/07 23:41:10.951, 1, 0 %, 11 MiB
2026/09/07 23:41:11.452, 0, 0 %, 3337 MiB
2026/09/07 23:41:11.540, 1, 0 %, 16 MiB
2026/09/07 23:41:12.179, 0, 0 %, 3337 MiB
2026/09/07 23:41:12.179, 1, 0 %, 67 MiB
2026/09/07 23:41:12.679, 0, 0 %, 3337 MiB
2026/09/07 23:41:12.679, 1, 0 %, 134 MiB
2026/09/07 23:41:13.179, 0, 5 %, 3337 MiB
2026/09/07 23:41:13.305, 1, 11 %, 261 MiB
2026/09/07 23:41:13.946, 0, 5 %, 3337 MiB
2026/09/07 23:41:13.947, 1, 11 %, 764 MiB
2026/09/07 23:41:14.447, 0, 0 %, 3337 MiB
2026/09/07 23:41:14.447, 1, 0 %, 764 MiB
2026/09/07 23:41:14.947, 0, 0 %, 3337 MiB
2026/09/07 23:41:15.035, 1, 0 %, 764 MiB
2026/09/07 23:41:15.669, 0, 0 %, 3337 MiB
2026/09/07 23:41:15.669, 1, 0 %, 764 MiB
2026/09/07 23:41:16.169, 0, 0 %, 3337 MiB
2026/09/07 23:41:16.169, 1, 1 %, 764 MiB
2026/09/07 23:41:16.670, 0, 1 %, 3337 MiB
2026/09/07 23:41:16.759, 1, 2 %, 764 MiB
2026/09/07 23:41:17.397, 0, 1 %, 3337 MiB
2026/09/07 23:41:17.397, 1, 2 %, 764 MiB
2026/09/07 23:41:17.898, 0, 1 %, 3337 MiB
2026/09/07 23:41:17.898, 1, 2 %, 764 MiB
2026/09/07 23:41:18.398, 0, 1 %, 3337 MiB
2026/09/07 23:41:18.479, 1, 0 %, 764 MiB
2026/09/07 23:41:19.115, 0, 0 %, 3337 MiB
2026/09/07 23:41:19.115, 1, 0 %, 764 MiB
2026/09/07 23:41:19.615, 0, 0 %, 3337 MiB
2026/09/07 23:41:19.616, 1, 0 %, 764 MiB
2026/09/07 23:41:20.116, 0, 0 %, 3337 MiB
2026/09/07 23:41:20.195, 1, 0 %, 764 MiB
2026/09/07 23:41:20.832, 0, 0 %, 3337 MiB
2026/09/07 23:41:20.832, 1, 1 %, 764 MiB
2026/09/07 23:41:21.333, 0, 0 %, 3337 MiB
2026/09/07 23:41:21.333, 1, 0 %, 630 MiB
2026/09/07 23:41:21.833, 0, 0 %, 3321 MiB
2026/09/07 23:41:21.935, 1, 0 %, 510 MiB
2026/09/07 23:41:22.570, 0, 0 %, 3321 MiB
2026/09/07 23:41:22.689, 1, 0 %, 11 MiB
2026/09/07 23:41:23.322, 0, 0 %, 3321 MiB
2026/09/07 23:41:23.411, 1, 0 %, 11 MiB
2026/09/07 23:41:23.912, 0, 1 %, 3321 MiB
2026/09/07 23:41:23.995, 1, 0 %, 11 MiB
2026/09/07 23:41:24.616, 0, 1 %, 3321 MiB
2026/09/07 23:41:24.616, 1, 0 %, 11 MiB
2026/09/07 23:41:25.116, 0, 1 %, 3321 MiB
2026/09/07 23:41:25.217, 1, 0 %, 11 MiB
2026/09/07 23:41:25.850, 0, 0 %, 3332 MiB
2026/09/07 23:41:25.850, 1, 0 %, 11 MiB
2026/09/07 23:41:26.350, 0, 0 %, 3321 MiB
2026/09/07 23:41:26.350, 1, 0 %, 11 MiB
2026/09/07 23:41:26.851, 0, 0 %, 3337 MiB
2026/09/07 23:41:26.934, 1, 0 %, 16 MiB
2026/09/07 23:41:27.575, 0, 1 %, 3337 MiB
2026/09/07 23:41:27.575, 1, 0 %, 67 MiB
2026/09/07 23:41:28.075, 0, 4 %, 3337 MiB
2026/09/07 23:41:28.076, 1, 0 %, 134 MiB
2026/09/07 23:41:28.576, 0, 4 %, 3337 MiB
2026/09/07 23:41:28.695, 1, 0 %, 261 MiB
2026/09/07 23:41:29.334, 0, 0 %, 3337 MiB
2026/09/07 23:41:29.334, 1, 0 %, 764 MiB
2026/09/07 23:41:29.835, 0, 0 %, 3337 MiB
2026/09/07 23:41:29.835, 1, 0 %, 764 MiB
2026/09/07 23:41:30.335, 0, 0 %, 3337 MiB
2026/09/07 23:41:30.424, 1, 1 %, 764 MiB
2026/09/07 23:41:31.063, 0, 1 %, 3337 MiB
2026/09/07 23:41:31.064, 1, 1 %, 764 MiB
2026/09/07 23:41:31.564, 0, 1 %, 3337 MiB
2026/09/07 23:41:31.564, 1, 1 %, 764 MiB
2026/09/07 23:41:32.064, 0, 0 %, 3337 MiB
2026/09/07 23:41:32.168, 1, 0 %, 764 MiB
2026/09/07 23:41:32.803, 0, 0 %, 3337 MiB
2026/09/07 23:41:32.803, 1, 0 %, 764 MiB
2026/09/07 23:41:33.303, 0, 0 %, 3337 MiB
2026/09/07 23:41:33.304, 1, 0 %, 764 MiB
2026/09/07 23:41:33.804, 0, 0 %, 3337 MiB
2026/09/07 23:41:33.882, 1, 0 %, 764 MiB
2026/09/07 23:41:34.517, 0, 0 %, 3337 MiB
2026/09/07 23:41:34.518, 1, 0 %, 764 MiB
2026/09/07 23:41:35.018, 0, 0 %, 3337 MiB
2026/09/07 23:41:35.018, 1, 0 %, 764 MiB
2026/09/07 23:41:35.518, 0, 0 %, 3337 MiB
2026/09/07 23:41:35.607, 1, 0 %, 764 MiB
2026/09/07 23:41:36.244, 0, 3 %, 3321 MiB
2026/09/07 23:41:36.260, 1, 4 %, 510 MiB
2026/09/07 23:41:36.760, 0, 3 %, 3321 MiB
2026/09/07 23:41:36.761, 1, 4 %, 11 MiB
2026/09/07 23:41:37.261, 0, 3 %, 3321 MiB
2026/09/07 23:41:37.348, 1, 0 %, 11 MiB
2026/09/07 23:41:37.985, 0, 0 %, 3321 MiB
2026/09/07 23:41:38.086, 1, 0 %, 11 MiB
2026/09/07 23:41:38.588, 0, 0 %, 3321 MiB
2026/09/07 23:41:38.665, 1, 0 %, 11 MiB
2026/09/07 23:41:39.167, 0, 0 %, 3321 MiB
2026/09/07 23:41:39.167, 1, 0 %, 11 MiB
2026/09/07 23:41:39.667, 0, 0 %, 3321 MiB
2026/09/07 23:41:39.779, 1, 0 %, 11 MiB
2026/09/07 23:41:40.397, 0, 0 %, 3321 MiB
2026/09/07 23:41:40.397, 1, 0 %, 11 MiB
2026/09/07 23:41:40.897, 0, 0 %, 3337 MiB
2026/09/07 23:41:40.898, 1, 0 %, 11 MiB
2026/09/07 23:41:41.398, 0, 2 %, 3321 MiB
2026/09/07 23:41:41.497, 1, 0 %, 11 MiB
2026/09/07 23:41:42.116, 0, 2 %, 3337 MiB
2026/09/07 23:41:42.116, 1, 0 %, 19 MiB
2026/09/07 23:41:42.616, 0, 0 %, 3337 MiB
2026/09/07 23:41:42.616, 1, 0 %, 67 MiB
2026/09/07 23:41:43.117, 0, 0 %, 3337 MiB
2026/09/07 23:41:43.246, 1, 0 %, 134 MiB
2026/09/07 23:41:43.747, 0, 5 %, 3337 MiB
2026/09/07 23:41:43.858, 1, 0 %, 261 MiB
2026/09/07 23:41:44.359, 0, 0 %, 3337 MiB
2026/09/07 23:41:44.359, 1, 0 %, 764 MiB
2026/09/07 23:41:44.860, 0, 0 %, 3337 MiB
2026/09/07 23:41:44.860, 1, 0 %, 764 MiB
2026/09/07 23:41:45.360, 0, 0 %, 3337 MiB
2026/09/07 23:41:45.447, 1, 0 %, 764 MiB
2026/09/07 23:41:46.084, 0, 0 %, 3337 MiB
2026/09/07 23:41:46.084, 1, 0 %, 764 MiB
2026/09/07 23:41:46.584, 0, 0 %, 3337 MiB
2026/09/07 23:41:46.584, 1, 1 %, 764 MiB
2026/09/07 23:41:47.084, 0, 0 %, 3337 MiB
2026/09/07 23:41:47.184, 1, 2 %, 764 MiB
2026/09/07 23:41:47.819, 0, 0 %, 3337 MiB
2026/09/07 23:41:47.819, 1, 2 %, 764 MiB
2026/09/07 23:41:48.319, 0, 0 %, 3337 MiB
2026/09/07 23:41:48.319, 1, 2 %, 764 MiB
2026/09/07 23:41:48.820, 0, 3 %, 3337 MiB
2026/09/07 23:41:48.924, 1, 2 %, 764 MiB
2026/09/07 23:41:49.559, 0, 3 %, 3337 MiB
2026/09/07 23:41:49.559, 1, 2 %, 764 MiB
2026/09/07 23:41:50.059, 0, 3 %, 3337 MiB
2026/09/07 23:41:50.059, 1, 0 %, 764 MiB
2026/09/07 23:41:50.560, 0, 0 %, 3337 MiB
2026/09/07 23:41:50.773, 1, 0 %, 764 MiB
2026/09/07 23:41:51.273, 0, 0 %, 3337 MiB
2026/09/07 23:41:51.273, 1, 0 %, 764 MiB
2026/09/07 23:41:51.774, 0, 0 %, 3321 MiB
2026/09/07 23:41:51.774, 1, 0 %, 510 MiB
2026/09/07 23:41:52.274, 0, 1 %, 3321 MiB
2026/09/07 23:41:52.365, 1, 0 %, 11 MiB
2026/09/07 23:41:53.005, 0, 0 %, 3321 MiB
2026/09/07 23:41:53.138, 1, 0 %, 11 MiB
2026/09/07 23:41:53.638, 0, 0 %, 3321 MiB
2026/09/07 23:41:53.701, 1, 0 %, 11 MiB
2026/09/07 23:41:54.203, 0, 0 %, 3321 MiB
2026/09/07 23:41:54.203, 1, 0 %, 11 MiB
2026/09/07 23:41:54.703, 0, 0 %, 3321 MiB
2026/09/07 23:41:54.796, 1, 0 %, 11 MiB
2026/09/07 23:41:55.413, 0, 2 %, 3321 MiB
2026/09/07 23:41:55.413, 1, 0 %, 11 MiB
2026/09/07 23:41:55.913, 0, 2 %, 3337 MiB
2026/09/07 23:41:55.914, 1, 0 %, 11 MiB
2026/09/07 23:41:56.415, 0, 2 %, 3321 MiB
2026/09/07 23:41:56.484, 1, 0 %, 11 MiB
2026/09/07 23:41:57.101, 0, 0 %, 3337 MiB
2026/09/07 23:41:57.101, 1, 0 %, 30 MiB
2026/09/07 23:41:57.602, 0, 0 %, 3337 MiB
2026/09/07 23:41:57.602, 1, 0 %, 67 MiB
2026/09/07 23:41:58.102, 0, 0 %, 3337 MiB
2026/09/07 23:41:58.198, 1, 0 %, 134 MiB
2026/09/07 23:41:58.842, 0, 0 %, 3337 MiB
2026/09/07 23:41:58.857, 1, 0 %, 281 MiB
2026/09/07 23:41:59.357, 0, 0 %, 3337 MiB
2026/09/07 23:41:59.357, 1, 0 %, 764 MiB
2026/09/07 23:41:59.857, 0, 0 %, 3337 MiB
2026/09/07 23:41:59.964, 1, 1 %, 764 MiB
2026/09/07 23:42:00.604, 0, 0 %, 3337 MiB
2026/09/07 23:42:00.605, 1, 1 %, 764 MiB
2026/09/07 23:42:01.105, 0, 3 %, 3337 MiB
2026/09/07 23:42:01.105, 1, 1 %, 764 MiB
2026/09/07 23:42:01.605, 0, 3 %, 3337 MiB
2026/09/07 23:42:01.684, 1, 1 %, 764 MiB
2026/09/07 23:42:02.322, 0, 3 %, 3337 MiB
2026/09/07 23:42:02.323, 1, 0 %, 764 MiB
2026/09/07 23:42:02.823, 0, 0 %, 3337 MiB
2026/09/07 23:42:02.823, 1, 0 %, 764 MiB
2026/09/07 23:42:03.324, 0, 0 %, 3337 MiB
2026/09/07 23:42:03.398, 1, 0 %, 764 MiB
2026/09/07 23:42:04.033, 0, 0 %, 3337 MiB
2026/09/07 23:42:04.033, 1, 0 %, 764 MiB
2026/09/07 23:42:04.534, 0, 0 %, 3069 MiB
2026/09/07 23:42:04.534, 1, 0 %, 764 MiB
2026/09/07 23:42:05.034, 0, 0 %, 2569 MiB
2026/09/07 23:42:05.131, 1, 0 %, 764 MiB
2026/09/07 23:42:05.766, 0, 0 %, 2317 MiB
2026/09/07 23:42:05.820, 1, 0 %, 764 MiB
2026/09/07 23:42:06.455, 0, 0 %, 1802 MiB
2026/09/07 23:42:06.524, 1, 0 %, 764 MiB
2026/09/07 23:42:07.162, 0, 0 %, 1802 MiB
2026/09/07 23:42:07.163, 1, 0 %, 764 MiB
2026/09/07 23:42:07.663, 0, 0 %, 1786 MiB
2026/09/07 23:42:07.663, 1, 3 %, 510 MiB
2026/09/07 23:42:08.163, 0, 0 %, 1786 MiB
2026/09/07 23:42:08.241, 1, 3 %, 11 MiB
2026/09/07 23:42:08.876, 0, 0 %, 1786 MiB
2026/09/07 23:42:09.007, 1, 3 %, 11 MiB
2026/09/07 23:42:09.509, 0, 0 %, 1786 MiB
2026/09/07 23:42:09.583, 1, 3 %, 11 MiB
2026/09/07 23:42:10.085, 0, 0 %, 1786 MiB
2026/09/07 23:42:10.085, 1, 0 %, 11 MiB
2026/09/07 23:42:10.585, 0, 0 %, 1802 MiB
2026/09/07 23:42:10.693, 1, 0 %, 11 MiB
2026/09/07 23:42:11.193, 0, 0 %, 1852 MiB
2026/09/07 23:42:11.220, 1, 0 %, 11 MiB
2026/09/07 23:42:11.720, 0, 1 %, 1900 MiB
2026/09/07 23:42:11.720, 1, 0 %, 11 MiB
2026/09/07 23:42:12.220, 0, 1 %, 1990 MiB
2026/09/07 23:42:12.221, 1, 0 %, 11 MiB
2026/09/07 23:42:12.721, 0, 0 %, 2493 MiB
2026/09/07 23:42:12.853, 1, 0 %, 11 MiB
2026/09/07 23:42:13.498, 0, 0 %, 2570 MiB
2026/09/07 23:42:13.498, 1, 0 %, 53 MiB
2026/09/07 23:42:13.998, 0, 0 %, 2570 MiB
2026/09/07 23:42:13.998, 1, 0 %, 67 MiB
2026/09/07 23:42:14.498, 0, 0 %, 2570 MiB
2026/09/07 23:42:14.590, 1, 0 %, 134 MiB
2026/09/07 23:42:15.228, 0, 0 %, 2570 MiB
2026/09/07 23:42:15.244, 1, 0 %, 281 MiB
2026/09/07 23:42:15.744, 0, 0 %, 2570 MiB
2026/09/07 23:42:15.744, 1, 0 %, 764 MiB
2026/09/07 23:42:16.245, 0, 0 %, 2570 MiB
2026/09/07 23:42:16.317, 1, 2 %, 764 MiB
2026/09/07 23:42:16.956, 0, 0 %, 2570 MiB
2026/09/07 23:42:16.956, 1, 2 %, 764 MiB
2026/09/07 23:42:17.457, 0, 0 %, 2570 MiB
2026/09/07 23:42:17.457, 1, 2 %, 764 MiB
2026/09/07 23:42:17.958, 0, 0 %, 2570 MiB
2026/09/07 23:42:18.029, 1, 0 %, 764 MiB
2026/09/07 23:42:18.663, 0, 0 %, 2570 MiB
2026/09/07 23:42:18.663, 1, 0 %, 764 MiB
2026/09/07 23:42:19.163, 0, 0 %, 2570 MiB
2026/09/07 23:42:19.164, 1, 0 %, 764 MiB
2026/09/07 23:42:19.664, 0, 0 %, 2570 MiB
2026/09/07 23:42:19.736, 1, 0 %, 764 MiB
2026/09/07 23:42:20.375, 0, 0 %, 2570 MiB
2026/09/07 23:42:20.375, 1, 0 %, 764 MiB
2026/09/07 23:42:20.876, 0, 1 %, 2570 MiB
2026/09/07 23:42:21.012, 1, 1 %, 764 MiB
2026/09/07 23:42:21.645, 0, 1 %, 2570 MiB
2026/09/07 23:42:21.645, 1, 1 %, 764 MiB
2026/09/07 23:42:22.145, 0, 1 %, 2570 MiB
2026/09/07 23:42:22.146, 1, 1 %, 562 MiB
2026/09/07 23:42:22.648, 0, 0 %, 2553 MiB
2026/09/07 23:42:22.717, 1, 0 %, 510 MiB
2026/09/07 23:42:23.354, 0, 0 %, 2553 MiB
2026/09/07 23:42:23.466, 1, 0 %, 11 MiB
2026/09/07 23:42:24.099, 0, 0 %, 2553 MiB
2026/09/07 23:42:24.183, 1, 0 %, 11 MiB
2026/09/07 23:42:24.683, 0, 0 %, 2553 MiB
2026/09/07 23:42:24.759, 1, 0 %, 11 MiB
2026/09/07 23:42:25.377, 0, 0 %, 2553 MiB
2026/09/07 23:42:25.377, 1, 0 %, 11 MiB
2026/09/07 23:42:25.877, 0, 0 %, 2553 MiB
2026/09/07 23:42:25.991, 1, 0 %, 11 MiB
2026/09/07 23:42:26.642, 0, 0 %, 2569 MiB
2026/09/07 23:42:26.643, 1, 0 %, 11 MiB
2026/09/07 23:42:27.143, 0, 0 %, 2285 MiB
2026/09/07 23:42:27.143, 1, 0 %, 11 MiB
2026/09/07 23:42:27.644, 0, 0 %, 2301 MiB
2026/09/07 23:42:27.730, 1, 0 %, 18 MiB
2026/09/07 23:42:28.363, 0, 0 %, 1802 MiB
2026/09/07 23:42:28.477, 1, 0 %, 59 MiB
2026/09/07 23:42:29.115, 0, 0 %, 1802 MiB
2026/09/07 23:42:29.217, 1, 0 %, 67 MiB
2026/09/07 23:42:29.717, 0, 0 %, 1802 MiB
2026/09/07 23:42:29.855, 1, 2 %, 204 MiB
2026/09/07 23:42:30.491, 0, 1 %, 1802 MiB
2026/09/07 23:42:30.491, 1, 2 %, 764 MiB
2026/09/07 23:42:30.992, 0, 0 %, 1802 MiB
2026/09/07 23:42:30.992, 1, 2 %, 764 MiB
2026/09/07 23:42:31.492, 0, 0 %, 1802 MiB
2026/09/07 23:42:31.587, 1, 0 %, 764 MiB
2026/09/07 23:42:32.222, 0, 0 %, 1802 MiB
2026/09/07 23:42:32.223, 1, 0 %, 764 MiB
2026/09/07 23:42:32.723, 0, 0 %, 1823 MiB
2026/09/07 23:42:32.724, 1, 0 %, 764 MiB
2026/09/07 23:42:33.224, 0, 0 %, 1860 MiB
2026/09/07 23:42:33.339, 1, 0 %, 764 MiB
2026/09/07 23:42:33.978, 0, 0 %, 1900 MiB
2026/09/07 23:42:33.981, 1, 0 %, 764 MiB
2026/09/07 23:42:34.481, 0, 0 %, 2006 MiB
2026/09/07 23:42:34.491, 1, 1 %, 764 MiB
2026/09/07 23:42:34.992, 0, 0 %, 2570 MiB
2026/09/07 23:42:35.087, 1, 1 %, 764 MiB
2026/09/07 23:42:35.726, 0, 1 %, 2570 MiB
2026/09/07 23:42:35.726, 1, 1 %, 764 MiB
2026/09/07 23:42:36.226, 0, 1 %, 2570 MiB
2026/09/07 23:42:36.226, 1, 0 %, 764 MiB
2026/09/07 23:42:36.727, 0, 1 %, 2570 MiB
2026/09/07 23:42:36.797, 1, 2 %, 764 MiB
2026/09/07 23:42:37.439, 0, 1 %, 2570 MiB
2026/09/07 23:42:37.439, 1, 2 %, 764 MiB
2026/09/07 23:42:37.939, 0, 1 %, 2553 MiB
2026/09/07 23:42:37.940, 1, 2 %, 510 MiB
2026/09/07 23:42:38.440, 0, 1 %, 2553 MiB
2026/09/07 23:42:38.508, 1, 0 %, 11 MiB
2026/09/07 23:42:39.008, 0, 0 %, 2553 MiB
2026/09/07 23:42:39.132, 1, 0 %, 11 MiB
2026/09/07 23:42:39.772, 0, 0 %, 2553 MiB
2026/09/07 23:42:39.833, 1, 0 %, 11 MiB
2026/09/07 23:42:40.335, 0, 2 %, 2553 MiB
2026/09/07 23:42:40.335, 1, 0 %, 11 MiB
2026/09/07 23:42:40.835, 0, 0 %, 2553 MiB
2026/09/07 23:42:40.935, 1, 0 %, 11 MiB
2026/09/07 23:42:41.551, 0, 0 %, 2553 MiB
2026/09/07 23:42:41.551, 1, 0 %, 11 MiB
2026/09/07 23:42:42.051, 0, 0 %, 2569 MiB
2026/09/07 23:42:42.051, 1, 0 %, 11 MiB
2026/09/07 23:42:42.552, 0, 0 %, 2553 MiB
2026/09/07 23:42:42.659, 1, 0 %, 11 MiB
2026/09/07 23:42:43.284, 0, 0 %, 2569 MiB
2026/09/07 23:42:43.284, 1, 0 %, 19 MiB
2026/09/07 23:42:43.786, 0, 0 %, 2569 MiB
2026/09/07 23:42:43.786, 1, 0 %, 67 MiB
2026/09/07 23:42:44.286, 0, 0 %, 2569 MiB
2026/09/07 23:42:44.387, 1, 0 %, 134 MiB
2026/09/07 23:42:45.030, 0, 0 %, 2569 MiB
2026/09/07 23:42:45.044, 1, 0 %, 281 MiB
2026/09/07 23:42:45.544, 0, 0 %, 2569 MiB
2026/09/07 23:42:45.544, 1, 0 %, 764 MiB
2026/09/07 23:42:46.044, 0, 1 %, 2569 MiB
2026/09/07 23:42:46.148, 1, 1 %, 764 MiB
2026/09/07 23:42:46.788, 0, 2 %, 2569 MiB
2026/09/07 23:42:46.788, 1, 1 %, 764 MiB
2026/09/07 23:42:47.289, 0, 2 %, 2569 MiB
2026/09/07 23:42:47.289, 1, 1 %, 764 MiB
2026/09/07 23:42:47.789, 0, 2 %, 2569 MiB
2026/09/07 23:42:47.870, 1, 1 %, 764 MiB
2026/09/07 23:42:48.508, 0, 0 %, 2569 MiB
2026/09/07 23:42:48.508, 1, 0 %, 764 MiB
2026/09/07 23:42:49.009, 0, 0 %, 2569 MiB
2026/09/07 23:42:49.148, 1, 0 %, 764 MiB
2026/09/07 23:42:49.648, 0, 0 %, 2569 MiB
2026/09/07 23:42:49.714, 1, 0 %, 764 MiB
2026/09/07 23:42:50.215, 0, 0 %, 2569 MiB
2026/09/07 23:42:50.215, 1, 0 %, 764 MiB
2026/09/07 23:42:50.715, 0, 0 %, 2569 MiB
2026/09/07 23:42:50.716, 1, 0 %, 764 MiB
2026/09/07 23:42:51.216, 0, 1 %, 2569 MiB
2026/09/07 23:42:51.296, 1, 2 %, 764 MiB
2026/09/07 23:42:51.934, 0, 1 %, 2569 MiB
2026/09/07 23:42:51.934, 1, 2 %, 764 MiB
2026/09/07 23:42:52.434, 0, 1 %, 2553 MiB
2026/09/07 23:42:52.434, 1, 2 %, 510 MiB
2026/09/07 23:42:52.935, 0, 0 %, 2553 MiB
2026/09/07 23:42:53.068, 1, 0 %, 11 MiB
2026/09/07 23:42:53.707, 0, 0 %, 2553 MiB
2026/09/07 23:42:53.843, 1, 0 %, 11 MiB
2026/09/07 23:42:54.343, 0, 0 %, 2553 MiB
2026/09/07 23:42:54.407, 1, 0 %, 11 MiB
2026/09/07 23:42:54.908, 0, 0 %, 2553 MiB
2026/09/07 23:42:54.908, 1, 0 %, 11 MiB
2026/09/07 23:42:55.408, 0, 0 %, 2553 MiB
2026/09/07 23:42:55.508, 1, 0 %, 11 MiB
2026/09/07 23:42:56.125, 0, 0 %, 2553 MiB
2026/09/07 23:42:56.126, 1, 0 %, 11 MiB
2026/09/07 23:42:56.626, 0, 0 %, 2569 MiB
2026/09/07 23:42:56.627, 1, 0 %, 11 MiB
2026/09/07 23:42:57.127, 0, 2 %, 2553 MiB
2026/09/07 23:42:57.225, 1, 0 %, 11 MiB
2026/09/07 23:42:57.853, 0, 2 %, 2569 MiB
2026/09/07 23:42:57.853, 1, 0 %, 19 MiB
2026/09/07 23:42:58.354, 0, 2 %, 2569 MiB
2026/09/07 23:42:58.354, 1, 0 %, 67 MiB
2026/09/07 23:42:58.854, 0, 2 %, 2569 MiB
2026/09/07 23:42:58.968, 1, 0 %, 134 MiB
2026/09/07 23:42:59.608, 0, 0 %, 2569 MiB
2026/09/07 23:42:59.611, 1, 4 %, 281 MiB
2026/09/07 23:43:00.112, 0, 0 %, 2569 MiB
2026/09/07 23:43:00.112, 1, 4 %, 764 MiB
2026/09/07 23:43:00.612, 0, 0 %, 2569 MiB
2026/09/07 23:43:00.701, 1, 0 %, 764 MiB
2026/09/07 23:43:01.340, 0, 0 %, 2569 MiB
2026/09/07 23:43:01.340, 1, 0 %, 764 MiB
2026/09/07 23:43:01.840, 0, 0 %, 2569 MiB
2026/09/07 23:43:01.841, 1, 0 %, 764 MiB
2026/09/07 23:43:02.341, 0, 0 %, 2569 MiB
2026/09/07 23:43:02.418, 1, 0 %, 764 MiB
2026/09/07 23:43:03.051, 0, 1 %, 2569 MiB
2026/09/07 23:43:03.052, 1, 0 %, 764 MiB
2026/09/07 23:43:03.552, 0, 1 %, 2569 MiB
2026/09/07 23:43:03.552, 1, 2 %, 764 MiB
2026/09/07 23:43:04.052, 0, 0 %, 2569 MiB
2026/09/07 23:43:04.136, 1, 2 %, 764 MiB
2026/09/07 23:43:04.771, 0, 0 %, 2569 MiB
2026/09/07 23:43:04.772, 1, 2 %, 764 MiB
2026/09/07 23:43:05.272, 0, 0 %, 2569 MiB
2026/09/07 23:43:05.272, 1, 0 %, 764 MiB
2026/09/07 23:43:05.772, 0, 0 %, 2569 MiB
2026/09/07 23:43:05.849, 1, 0 %, 764 MiB
2026/09/07 23:43:06.486, 0, 0 %, 2569 MiB
2026/09/07 23:43:06.486, 1, 0 %, 764 MiB
2026/09/07 23:43:06.986, 0, 0 %, 2569 MiB
2026/09/07 23:43:06.986, 1, 0 %, 598 MiB
2026/09/07 23:43:07.486, 0, 0 %, 2553 MiB
2026/09/07 23:43:07.567, 1, 0 %, 510 MiB
2026/09/07 23:43:08.203, 0, 0 %, 2553 MiB
2026/09/07 23:43:08.306, 1, 0 %, 11 MiB
2026/09/07 23:43:08.945, 0, 0 %, 2553 MiB
2026/09/07 23:43:09.037, 1, 0 %, 11 MiB
2026/09/07 23:43:09.538, 0, 1 %, 2553 MiB
2026/09/07 23:43:09.618, 1, 0 %, 11 MiB
2026/09/07 23:43:10.234, 0, 0 %, 2553 MiB
2026/09/07 23:43:10.235, 1, 0 %, 11 MiB
2026/09/07 23:43:10.735, 0, 0 %, 2553 MiB
2026/09/07 23:43:10.845, 1, 0 %, 11 MiB
2026/09/07 23:43:11.469, 0, 0 %, 2569 MiB
2026/09/07 23:43:11.470, 1, 0 %, 11 MiB
2026/09/07 23:43:11.970, 0, 0 %, 2553 MiB
2026/09/07 23:43:12.101, 1, 0 %, 11 MiB
2026/09/07 23:43:12.722, 0, 0 %, 2569 MiB
2026/09/07 23:43:12.722, 1, 0 %, 19 MiB
2026/09/07 23:43:13.225, 0, 0 %, 2569 MiB
2026/09/07 23:43:13.225, 1, 0 %, 67 MiB
2026/09/07 23:43:13.725, 0, 2 %, 2569 MiB
2026/09/07 23:43:13.840, 1, 0 %, 134 MiB
2026/09/07 23:43:14.476, 0, 2 %, 2569 MiB
2026/09/07 23:43:14.494, 1, 0 %, 281 MiB
2026/09/07 23:43:14.995, 0, 2 %, 2569 MiB
2026/09/07 23:43:14.995, 1, 0 %, 764 MiB
2026/09/07 23:43:15.495, 0, 0 %, 2569 MiB
2026/09/07 23:43:15.588, 1, 1 %, 764 MiB
2026/09/07 23:43:16.227, 0, 0 %, 2569 MiB
2026/09/07 23:43:16.227, 1, 1 %, 764 MiB
2026/09/07 23:43:16.727, 0, 0 %, 2569 MiB
2026/09/07 23:43:16.728, 1, 1 %, 764 MiB
2026/09/07 23:43:17.229, 0, 0 %, 2569 MiB
2026/09/07 23:43:17.308, 1, 0 %, 764 MiB
2026/09/07 23:43:17.948, 0, 0 %, 2569 MiB
2026/09/07 23:43:17.948, 1, 0 %, 764 MiB
2026/09/07 23:43:18.448, 0, 0 %, 2569 MiB
2026/09/07 23:43:18.448, 1, 0 %, 764 MiB
2026/09/07 23:43:18.949, 0, 0 %, 2569 MiB
2026/09/07 23:43:19.035, 1, 0 %, 764 MiB
2026/09/07 23:43:19.668, 0, 0 %, 2569 MiB
2026/09/07 23:43:19.668, 1, 0 %, 764 MiB
2026/09/07 23:43:20.168, 0, 0 %, 2569 MiB
2026/09/07 23:43:20.169, 1, 1 %, 764 MiB
2026/09/07 23:43:20.669, 0, 0 %, 2569 MiB
2026/09/07 23:43:20.755, 1, 1 %, 764 MiB
2026/09/07 23:43:21.390, 0, 0 %, 2569 MiB
2026/09/07 23:43:21.390, 1, 1 %, 764 MiB
2026/09/07 23:43:21.891, 0, 0 %, 2569 MiB
2026/09/07 23:43:22.014, 1, 0 %, 764 MiB
2026/09/07 23:43:22.647, 0, 0 %, 2569 MiB
2026/09/07 23:43:22.647, 1, 0 %, 764 MiB
2026/09/07 23:43:23.147, 0, 0 %, 2569 MiB
2026/09/07 23:43:23.148, 1, 0 %, 764 MiB
2026/09/07 23:43:23.648, 0, 0 %, 2569 MiB
2026/09/07 23:43:23.730, 1, 0 %, 764 MiB
2026/09/07 23:43:24.364, 0, 0 %, 2569 MiB
2026/09/07 23:43:24.364, 1, 2 %, 764 MiB
2026/09/07 23:43:24.864, 0, 2 %, 2569 MiB
2026/09/07 23:43:25.004, 1, 2 %, 764 MiB
2026/09/07 23:43:25.640, 0, 2 %, 2569 MiB
2026/09/07 23:43:25.640, 1, 2 %, 764 MiB
2026/09/07 23:43:26.141, 0, 2 %, 2569 MiB
2026/09/07 23:43:26.141, 1, 0 %, 764 MiB
2026/09/07 23:43:26.641, 0, 0 %, 2569 MiB
2026/09/07 23:43:26.727, 1, 0 %, 764 MiB
2026/09/07 23:43:27.361, 0, 0 %, 2569 MiB
2026/09/07 23:43:27.361, 1, 0 %, 764 MiB
2026/09/07 23:43:27.861, 0, 0 %, 2569 MiB
2026/09/07 23:43:27.992, 1, 1 %, 764 MiB
2026/09/07 23:43:28.634, 0, 0 %, 2569 MiB
2026/09/07 23:43:28.634, 1, 2 %, 764 MiB
2026/09/07 23:43:29.135, 0, 2 %, 2569 MiB
2026/09/07 23:43:29.135, 1, 2 %, 764 MiB
2026/09/07 23:43:29.635, 0, 2 %, 2569 MiB
2026/09/07 23:43:29.712, 1, 2 %, 764 MiB
2026/09/07 23:43:30.345, 0, 2 %, 2569 MiB
2026/09/07 23:43:30.345, 1, 0 %, 764 MiB
2026/09/07 23:43:30.845, 0, 0 %, 2569 MiB
2026/09/07 23:43:30.845, 1, 0 %, 764 MiB
2026/09/07 23:43:31.346, 0, 0 %, 2569 MiB
2026/09/07 23:43:31.426, 1, 0 %, 764 MiB
2026/09/07 23:43:32.060, 0, 0 %, 2569 MiB
2026/09/07 23:43:32.060, 1, 0 %, 764 MiB
2026/09/07 23:43:32.560, 0, 0 %, 2569 MiB
2026/09/07 23:43:32.561, 1, 1 %, 764 MiB
2026/09/07 23:43:33.061, 0, 2 %, 2569 MiB
2026/09/07 23:43:33.150, 1, 2 %, 764 MiB
2026/09/07 23:43:33.784, 0, 2 %, 2569 MiB
2026/09/07 23:43:33.785, 1, 2 %, 764 MiB
2026/09/07 23:43:34.285, 0, 2 %, 2569 MiB
2026/09/07 23:43:34.418, 1, 0 %, 764 MiB
2026/09/07 23:43:35.054, 0, 0 %, 2569 MiB
2026/09/07 23:43:35.054, 1, 0 %, 764 MiB
2026/09/07 23:43:35.554, 0, 0 %, 2569 MiB
2026/09/07 23:43:35.695, 1, 0 %, 764 MiB
2026/09/07 23:43:36.330, 0, 0 %, 2569 MiB
2026/09/07 23:43:36.330, 1, 0 %, 764 MiB
2026/09/07 23:43:36.830, 0, 0 %, 2569 MiB
2026/09/07 23:43:36.830, 1, 0 %, 764 MiB
2026/09/07 23:43:37.331, 0, 0 %, 2569 MiB
2026/09/07 23:43:37.407, 1, 0 %, 764 MiB
2026/09/07 23:43:38.040, 0, 0 %, 2569 MiB
2026/09/07 23:43:38.040, 1, 0 %, 764 MiB
2026/09/07 23:43:38.540, 0, 0 %, 2569 MiB
2026/09/07 23:43:38.541, 1, 0 %, 764 MiB
2026/09/07 23:43:39.041, 0, 0 %, 2569 MiB
2026/09/07 23:43:39.126, 1, 0 %, 764 MiB
2026/09/07 23:43:39.760, 0, 0 %, 2569 MiB
2026/09/07 23:43:39.760, 1, 0 %, 764 MiB
2026/09/07 23:43:40.260, 0, 0 %, 2569 MiB
2026/09/07 23:43:40.260, 1, 0 %, 764 MiB
2026/09/07 23:43:40.760, 0, 0 %, 2569 MiB
2026/09/07 23:43:40.837, 1, 0 %, 764 MiB
2026/09/07 23:43:41.472, 0, 0 %, 2569 MiB
2026/09/07 23:43:41.472, 1, 1 %, 764 MiB
2026/09/07 23:43:41.972, 0, 1 %, 2569 MiB
2026/09/07 23:43:42.107, 1, 1 %, 764 MiB
2026/09/07 23:43:42.742, 0, 1 %, 2569 MiB
2026/09/07 23:43:42.742, 1, 1 %, 764 MiB
2026/09/07 23:43:43.242, 0, 1 %, 2569 MiB
2026/09/07 23:43:43.242, 1, 0 %, 764 MiB
2026/09/07 23:43:43.743, 0, 0 %, 2569 MiB
2026/09/07 23:43:43.806, 1, 0 %, 764 MiB
2026/09/07 23:43:44.439, 0, 0 %, 2569 MiB
2026/09/07 23:43:44.439, 1, 0 %, 764 MiB
2026/09/07 23:43:44.940, 0, 0 %, 2569 MiB
2026/09/07 23:43:44.940, 1, 1 %, 764 MiB
2026/09/07 23:43:45.440, 0, 0 %, 2569 MiB
2026/09/07 23:43:45.511, 1, 1 %, 764 MiB
2026/09/07 23:43:46.148, 0, 0 %, 2569 MiB
2026/09/07 23:43:46.148, 1, 1 %, 764 MiB
2026/09/07 23:43:46.649, 0, 0 %, 2569 MiB
2026/09/07 23:43:46.649, 1, 1 %, 764 MiB
2026/09/07 23:43:47.149, 0, 0 %, 2569 MiB
2026/09/07 23:43:47.225, 1, 0 %, 764 MiB
2026/09/07 23:43:47.859, 0, 0 %, 2569 MiB
2026/09/07 23:43:47.860, 1, 0 %, 764 MiB
2026/09/07 23:43:48.360, 0, 0 %, 2569 MiB
2026/09/07 23:43:48.361, 1, 0 %, 764 MiB
2026/09/07 23:43:48.861, 0, 0 %, 2569 MiB
2026/09/07 23:43:48.937, 1, 0 %, 764 MiB
2026/09/07 23:43:49.572, 0, 0 %, 2569 MiB
2026/09/07 23:43:49.572, 1, 0 %, 764 MiB
2026/09/07 23:43:50.073, 0, 0 %, 2569 MiB
2026/09/07 23:43:50.206, 1, 1 %, 764 MiB
2026/09/07 23:43:50.840, 0, 0 %, 2569 MiB
2026/09/07 23:43:50.841, 1, 1 %, 764 MiB
2026/09/07 23:43:51.341, 0, 0 %, 2569 MiB
2026/09/07 23:43:51.341, 1, 1 %, 764 MiB
2026/09/07 23:43:51.841, 0, 0 %, 2301 MiB
2026/09/07 23:43:51.914, 1, 0 %, 764 MiB
2026/09/07 23:43:52.554, 0, 0 %, 1802 MiB
2026/09/07 23:43:52.554, 1, 0 %, 764 MiB
2026/09/07 23:43:53.054, 0, 0 %, 1802 MiB
2026/09/07 23:43:53.080, 1, 0 %, 764 MiB
2026/09/07 23:43:53.713, 0, 0 %, 1802 MiB
2026/09/07 23:43:53.829, 1, 0 %, 764 MiB
2026/09/07 23:43:54.331, 0, 0 %, 1802 MiB
2026/09/07 23:43:54.430, 1, 2 %, 764 MiB
2026/09/07 23:43:55.067, 0, 1 %, 1802 MiB
2026/09/07 23:43:55.067, 1, 2 %, 764 MiB
2026/09/07 23:43:55.567, 0, 1 %, 1802 MiB
2026/09/07 23:43:55.700, 1, 2 %, 764 MiB
2026/09/07 23:43:56.334, 0, 1 %, 1811 MiB
2026/09/07 23:43:56.334, 1, 0 %, 764 MiB
2026/09/07 23:43:56.835, 0, 0 %, 1802 MiB
2026/09/07 23:43:56.835, 1, 0 %, 764 MiB
2026/09/07 23:43:57.335, 0, 0 %, 1829 MiB
2026/09/07 23:43:57.447, 1, 0 %, 764 MiB
2026/09/07 23:43:58.083, 0, 0 %, 1868 MiB
2026/09/07 23:43:58.084, 1, 1 %, 764 MiB
2026/09/07 23:43:58.584, 0, 0 %, 1936 MiB
2026/09/07 23:43:58.729, 1, 1 %, 764 MiB
2026/09/07 23:43:59.364, 0, 0 %, 2087 MiB
2026/09/07 23:43:59.364, 1, 1 %, 764 MiB
2026/09/07 23:43:59.865, 0, 0 %, 2570 MiB
2026/09/07 23:43:59.865, 1, 2 %, 764 MiB
2026/09/07 23:44:00.365, 0, 0 %, 2570 MiB
2026/09/07 23:44:00.454, 1, 2 %, 764 MiB
2026/09/07 23:44:01.092, 0, 0 %, 2570 MiB
2026/09/07 23:44:01.093, 1, 2 %, 764 MiB
2026/09/07 23:44:01.593, 0, 0 %, 2570 MiB
2026/09/07 23:44:01.593, 1, 0 %, 764 MiB
2026/09/07 23:44:02.094, 0, 0 %, 2570 MiB
2026/09/07 23:44:02.159, 1, 0 %, 764 MiB
2026/09/07 23:44:02.793, 0, 1 %, 2570 MiB
2026/09/07 23:44:02.793, 1, 0 %, 764 MiB
2026/09/07 23:44:03.293, 0, 1 %, 2570 MiB
2026/09/07 23:44:03.423, 1, 1 %, 764 MiB
2026/09/07 23:44:04.059, 0, 1 %, 2570 MiB
2026/09/07 23:44:04.059, 1, 1 %, 764 MiB
2026/09/07 23:44:04.559, 0, 0 %, 2570 MiB
2026/09/07 23:44:04.702, 1, 1 %, 764 MiB
2026/09/07 23:44:05.336, 0, 0 %, 2570 MiB
2026/09/07 23:44:05.336, 1, 1 %, 764 MiB
2026/09/07 23:44:05.837, 0, 0 %, 2570 MiB
2026/09/07 23:44:05.951, 1, 0 %, 764 MiB
2026/09/07 23:44:06.574, 0, 0 %, 2570 MiB
2026/09/07 23:44:06.574, 1, 0 %, 764 MiB
2026/09/07 23:44:07.074, 0, 1 %, 2570 MiB
2026/09/07 23:44:07.180, 1, 0 %, 764 MiB
2026/09/07 23:44:07.802, 0, 1 %, 2301 MiB
2026/09/07 23:44:07.802, 1, 0 %, 764 MiB
2026/09/07 23:44:08.302, 0, 1 %, 1802 MiB
2026/09/07 23:44:08.414, 1, 0 %, 764 MiB
2026/09/07 23:44:09.049, 0, 0 %, 1802 MiB
2026/09/07 23:44:09.050, 1, 0 %, 764 MiB
2026/09/07 23:44:09.550, 0, 0 %, 1802 MiB
2026/09/07 23:44:09.667, 1, 0 %, 764 MiB
2026/09/07 23:44:10.283, 0, 0 %, 1802 MiB
2026/09/07 23:44:10.284, 1, 0 %, 764 MiB
2026/09/07 23:44:10.784, 0, 0 %, 1802 MiB
2026/09/07 23:44:10.885, 1, 0 %, 764 MiB
2026/09/07 23:44:11.506, 0, 0 %, 1802 MiB
2026/09/07 23:44:11.506, 1, 0 %, 764 MiB
2026/09/07 23:44:12.007, 0, 0 %, 1786 MiB
2026/09/07 23:44:12.131, 1, 5 %, 510 MiB
2026/09/07 23:44:12.776, 0, 0 %, 1786 MiB
2026/09/07 23:44:12.776, 1, 5 %, 11 MiB
2026/09/07 23:44:13.276, 0, 0 %, 1786 MiB
2026/09/07 23:44:13.297, 1, 5 %, 11 MiB
2026/09/07 23:44:13.932, 0, 0 %, 1786 MiB
2026/09/07 23:44:14.015, 1, 5 %, 11 MiB
2026/09/07 23:44:14.517, 0, 0 %, 1786 MiB
2026/09/07 23:44:14.595, 1, 5 %, 11 MiB
2026/09/07 23:44:15.212, 0, 0 %, 1786 MiB
2026/09/07 23:44:15.212, 1, 0 %, 11 MiB
2026/09/07 23:44:15.712, 0, 0 %, 1786 MiB
2026/09/07 23:44:15.796, 1, 0 %, 11 MiB
2026/09/07 23:44:16.419, 0, 0 %, 1802 MiB
2026/09/07 23:44:16.419, 1, 0 %, 11 MiB
2026/09/07 23:44:16.919, 0, 0 %, 1786 MiB
2026/09/07 23:44:17.046, 1, 0 %, 11 MiB
2026/09/07 23:44:17.662, 0, 0 %, 1802 MiB
2026/09/07 23:44:17.663, 1, 0 %, 30 MiB
2026/09/07 23:44:18.163, 0, 0 %, 1802 MiB
2026/09/07 23:44:18.163, 1, 1 %, 67 MiB
2026/09/07 23:44:18.663, 0, 1 %, 1802 MiB
2026/09/07 23:44:18.761, 1, 12 %, 134 MiB
2026/09/07 23:44:19.405, 0, 1 %, 1802 MiB
2026/09/07 23:44:19.411, 1, 12 %, 281 MiB
2026/09/07 23:44:19.911, 0, 0 %, 1802 MiB
2026/09/07 23:44:19.911, 1, 12 %, 764 MiB
2026/09/07 23:44:20.411, 0, 0 %, 1802 MiB
2026/09/07 23:44:20.497, 1, 0 %, 764 MiB
2026/09/07 23:44:21.134, 0, 0 %, 1802 MiB
2026/09/07 23:44:21.134, 1, 0 %, 764 MiB
2026/09/07 23:44:21.634, 0, 0 %, 1802 MiB
2026/09/07 23:44:21.634, 1, 0 %, 764 MiB
2026/09/07 23:44:22.134, 0, 0 %, 1802 MiB
2026/09/07 23:44:22.206, 1, 1 %, 764 MiB
2026/09/07 23:44:22.841, 0, 0 %, 1802 MiB
2026/09/07 23:44:22.841, 1, 2 %, 764 MiB
2026/09/07 23:44:23.341, 0, 0 %, 1802 MiB
2026/09/07 23:44:23.474, 1, 2 %, 764 MiB
2026/09/07 23:44:24.108, 0, 0 %, 1802 MiB
2026/09/07 23:44:24.108, 1, 2 %, 764 MiB
2026/09/07 23:44:24.608, 0, 0 %, 1802 MiB
2026/09/07 23:44:24.609, 1, 0 %, 764 MiB
2026/09/07 23:44:25.109, 0, 1 %, 1802 MiB
2026/09/07 23:44:25.191, 1, 0 %, 764 MiB
2026/09/07 23:44:25.825, 0, 1 %, 1802 MiB
2026/09/07 23:44:25.825, 1, 0 %, 764 MiB
2026/09/07 23:44:26.325, 0, 1 %, 1802 MiB
2026/09/07 23:44:26.326, 1, 1 %, 764 MiB
2026/09/07 23:44:26.826, 0, 0 %, 1802 MiB
2026/09/07 23:44:26.896, 1, 1 %, 764 MiB
2026/09/07 23:44:27.532, 0, 0 %, 1802 MiB
2026/09/07 23:44:27.533, 1, 1 %, 764 MiB
2026/09/07 23:44:28.033, 0, 0 %, 1802 MiB
2026/09/07 23:44:28.160, 1, 1 %, 764 MiB
2026/09/07 23:44:28.805, 0, 0 %, 1802 MiB
2026/09/07 23:44:28.805, 1, 0 %, 764 MiB
2026/09/07 23:44:29.305, 0, 0 %, 1802 MiB
2026/09/07 23:44:29.305, 1, 0 %, 764 MiB
2026/09/07 23:44:29.805, 0, 0 %, 1802 MiB
2026/09/07 23:44:29.882, 1, 0 %, 764 MiB
2026/09/07 23:44:30.518, 0, 0 %, 1802 MiB
2026/09/07 23:44:30.518, 1, 0 %, 764 MiB
2026/09/07 23:44:31.019, 0, 0 %, 1802 MiB
2026/09/07 23:44:31.019, 1, 0 %, 764 MiB
2026/09/07 23:44:31.519, 0, 0 %, 1802 MiB
2026/09/07 23:44:31.592, 1, 1 %, 764 MiB
2026/09/07 23:44:32.225, 0, 0 %, 1802 MiB
2026/09/07 23:44:32.226, 1, 1 %, 764 MiB
2026/09/07 23:44:32.726, 0, 0 %, 1802 MiB
2026/09/07 23:44:32.726, 1, 1 %, 764 MiB
2026/09/07 23:44:33.226, 0, 0 %, 1802 MiB
2026/09/07 23:44:33.291, 1, 0 %, 764 MiB
2026/09/07 23:44:33.926, 0, 0 %, 1802 MiB
2026/09/07 23:44:33.927, 1, 0 %, 764 MiB
2026/09/07 23:44:34.427, 0, 0 %, 1802 MiB
2026/09/07 23:44:34.427, 1, 0 %, 764 MiB
2026/09/07 23:44:34.928, 0, 0 %, 1802 MiB
2026/09/07 23:44:35.005, 1, 0 %, 764 MiB
2026/09/07 23:44:35.639, 0, 0 %, 1802 MiB
2026/09/07 23:44:35.639, 1, 2 %, 764 MiB
2026/09/07 23:44:36.139, 0, 0 %, 1802 MiB
2026/09/07 23:44:36.139, 1, 2 %, 764 MiB
2026/09/07 23:44:36.640, 0, 0 %, 1802 MiB
2026/09/07 23:44:36.711, 1, 2 %, 764 MiB
2026/09/07 23:44:37.344, 0, 0 %, 1802 MiB
2026/09/07 23:44:37.344, 1, 0 %, 764 MiB
2026/09/07 23:44:37.845, 0, 1 %, 1802 MiB
2026/09/07 23:44:37.845, 1, 0 %, 764 MiB
2026/09/07 23:44:38.345, 0, 1 %, 1802 MiB
2026/09/07 23:44:38.418, 1, 0 %, 764 MiB
2026/09/07 23:44:39.055, 0, 1 %, 1802 MiB
2026/09/07 23:44:39.055, 1, 0 %, 764 MiB
2026/09/07 23:44:39.555, 0, 0 %, 1802 MiB
2026/09/07 23:44:39.555, 1, 1 %, 764 MiB
2026/09/07 23:44:40.056, 0, 0 %, 1802 MiB
2026/09/07 23:44:40.129, 1, 0 %, 764 MiB
2026/09/07 23:44:40.767, 0, 0 %, 1802 MiB
2026/09/07 23:44:40.767, 1, 0 %, 764 MiB
2026/09/07 23:44:41.267, 0, 1 %, 1802 MiB
2026/09/07 23:44:41.409, 1, 0 %, 764 MiB
2026/09/07 23:44:42.044, 0, 1 %, 1802 MiB
2026/09/07 23:44:42.044, 1, 0 %, 764 MiB
2026/09/07 23:44:42.544, 0, 1 %, 1802 MiB
2026/09/07 23:44:42.685, 1, 0 %, 764 MiB
2026/09/07 23:44:43.319, 0, 1 %, 1802 MiB
2026/09/07 23:44:43.319, 1, 0 %, 764 MiB
2026/09/07 23:44:43.819, 0, 0 %, 1802 MiB
2026/09/07 23:44:43.820, 1, 0 %, 764 MiB
2026/09/07 23:44:44.320, 0, 0 %, 1802 MiB
2026/09/07 23:44:44.399, 1, 1 %, 764 MiB
2026/09/07 23:44:45.035, 0, 0 %, 1802 MiB
2026/09/07 23:44:45.035, 1, 1 %, 764 MiB
2026/09/07 23:44:45.535, 0, 0 %, 1802 MiB
2026/09/07 23:44:45.673, 1, 0 %, 764 MiB
2026/09/07 23:44:46.313, 0, 0 %, 1802 MiB
2026/09/07 23:44:46.313, 1, 0 %, 764 MiB
2026/09/07 23:44:46.813, 0, 0 %, 1802 MiB
2026/09/07 23:44:46.814, 1, 0 %, 764 MiB
2026/09/07 23:44:47.314, 0, 0 %, 1802 MiB
2026/09/07 23:44:47.383, 1, 0 %, 764 MiB
2026/09/07 23:44:48.017, 0, 0 %, 1802 MiB
2026/09/07 23:44:48.018, 1, 1 %, 764 MiB
2026/09/07 23:44:48.518, 0, 0 %, 1802 MiB
2026/09/07 23:44:48.656, 1, 2 %, 764 MiB
2026/09/07 23:44:49.294, 0, 0 %, 1802 MiB
2026/09/07 23:44:49.294, 1, 2 %, 764 MiB
2026/09/07 23:44:49.794, 0, 0 %, 1802 MiB
2026/09/07 23:44:49.794, 1, 2 %, 764 MiB
2026/09/07 23:44:50.294, 0, 1 %, 1802 MiB
2026/09/07 23:44:50.363, 1, 0 %, 764 MiB
2026/09/07 23:44:51.011, 0, 1 %, 1802 MiB
2026/09/07 23:44:51.011, 1, 0 %, 764 MiB
2026/09/07 23:44:51.511, 0, 1 %, 1802 MiB
2026/09/07 23:44:51.512, 1, 0 %, 764 MiB
2026/09/07 23:44:52.012, 0, 1 %, 1802 MiB
2026/09/07 23:44:52.083, 1, 1 %, 764 MiB
2026/09/07 23:44:52.716, 0, 0 %, 1802 MiB
2026/09/07 23:44:52.716, 1, 2 %, 764 MiB
2026/09/07 23:44:53.216, 0, 0 %, 1802 MiB
2026/09/07 23:44:53.355, 1, 2 %, 764 MiB
2026/09/07 23:44:53.997, 0, 0 %, 1802 MiB
2026/09/07 23:44:53.998, 1, 2 %, 764 MiB
2026/09/07 23:44:54.498, 0, 0 %, 1802 MiB
2026/09/07 23:44:54.498, 1, 0 %, 764 MiB
2026/09/07 23:44:54.999, 0, 1 %, 1802 MiB
2026/09/07 23:44:55.067, 1, 0 %, 764 MiB
2026/09/07 23:44:55.706, 0, 1 %, 1802 MiB
2026/09/07 23:44:55.706, 1, 0 %, 764 MiB
2026/09/07 23:44:56.207, 0, 1 %, 1802 MiB
2026/09/07 23:44:56.343, 1, 0 %, 764 MiB
2026/09/07 23:44:56.987, 0, 0 %, 1802 MiB
2026/09/07 23:44:56.987, 1, 2 %, 764 MiB
2026/09/07 23:44:57.487, 0, 0 %, 1802 MiB
2026/09/07 23:44:57.627, 1, 2 %, 764 MiB
2026/09/07 23:44:58.262, 0, 0 %, 1802 MiB
2026/09/07 23:44:58.263, 1, 2 %, 764 MiB
2026/09/07 23:44:58.763, 0, 0 %, 1802 MiB
2026/09/07 23:44:58.763, 1, 0 %, 764 MiB
2026/09/07 23:44:59.263, 0, 0 %, 1802 MiB
2026/09/07 23:44:59.334, 1, 0 %, 764 MiB
2026/09/07 23:44:59.970, 0, 0 %, 1802 MiB
2026/09/07 23:44:59.970, 1, 0 %, 764 MiB
2026/09/07 23:45:00.471, 0, 0 %, 1802 MiB
2026/09/07 23:45:00.471, 1, 0 %, 764 MiB
2026/09/07 23:45:00.971, 0, 0 %, 1802 MiB
2026/09/07 23:45:01.050, 1, 1 %, 764 MiB
2026/09/07 23:45:01.685, 0, 0 %, 1802 MiB
2026/09/07 23:45:01.685, 1, 1 %, 764 MiB
2026/09/07 23:45:02.186, 0, 0 %, 1802 MiB
2026/09/07 23:45:02.186, 1, 1 %, 764 MiB
2026/09/07 23:45:02.686, 0, 0 %, 1802 MiB
2026/09/07 23:45:02.747, 1, 0 %, 764 MiB
2026/09/07 23:45:03.391, 0, 0 %, 1802 MiB
2026/09/07 23:45:03.391, 1, 0 %, 764 MiB
2026/09/07 23:45:03.891, 0, 0 %, 1802 MiB
2026/09/07 23:45:04.030, 1, 0 %, 764 MiB
2026/09/07 23:45:04.668, 0, 0 %, 1802 MiB
2026/09/07 23:45:04.668, 1, 0 %, 764 MiB
2026/09/07 23:45:05.168, 0, 0 %, 1802 MiB
2026/09/07 23:45:05.169, 1, 1 %, 764 MiB
2026/09/07 23:45:05.669, 0, 0 %, 1802 MiB
2026/09/07 23:45:05.737, 1, 1 %, 764 MiB
2026/09/07 23:45:06.371, 0, 0 %, 1802 MiB
2026/09/07 23:45:06.371, 1, 1 %, 764 MiB
2026/09/07 23:45:06.871, 0, 0 %, 1802 MiB
2026/09/07 23:45:06.871, 1, 1 %, 764 MiB
2026/09/07 23:45:07.371, 0, 1 %, 1802 MiB
2026/09/07 23:45:07.443, 1, 0 %, 764 MiB
2026/09/07 23:45:08.083, 0, 1 %, 1802 MiB
2026/09/07 23:45:08.083, 1, 0 %, 764 MiB
2026/09/07 23:45:08.583, 0, 1 %, 1802 MiB
2026/09/07 23:45:08.721, 1, 0 %, 764 MiB
2026/09/07 23:45:09.356, 0, 0 %, 1802 MiB
2026/09/07 23:45:09.356, 1, 0 %, 764 MiB
2026/09/07 23:45:09.856, 0, 0 %, 1802 MiB
2026/09/07 23:45:09.952, 1, 0 %, 764 MiB
2026/09/07 23:45:10.578, 0, 0 %, 1802 MiB
2026/09/07 23:45:10.578, 1, 0 %, 764 MiB
2026/09/07 23:45:11.078, 0, 1 %, 1802 MiB
2026/09/07 23:45:11.171, 1, 0 %, 764 MiB
2026/09/07 23:45:11.789, 0, 0 %, 1802 MiB
2026/09/07 23:45:11.790, 1, 0 %, 764 MiB
2026/09/07 23:45:12.290, 0, 0 %, 1802 MiB
2026/09/07 23:45:12.381, 1, 0 %, 764 MiB
2026/09/07 23:45:12.997, 0, 0 %, 1802 MiB
2026/09/07 23:45:12.998, 1, 0 %, 764 MiB
2026/09/07 23:45:13.498, 0, 0 %, 1802 MiB
2026/09/07 23:45:13.584, 1, 0 %, 764 MiB
2026/09/07 23:45:14.200, 0, 0 %, 1802 MiB
2026/09/07 23:45:14.200, 1, 0 %, 764 MiB
2026/09/07 23:45:14.700, 0, 0 %, 1802 MiB
2026/09/07 23:45:14.804, 1, 0 %, 764 MiB
2026/09/07 23:45:15.422, 0, 0 %, 1786 MiB
2026/09/07 23:45:15.423, 1, 0 %, 510 MiB
2026/09/07 23:45:15.935, 0, 1 %, 1786 MiB
2026/09/07 23:45:16.078, 1, 0 %, 510 MiB
2026/09/07 23:45:16.579, 0, 0 %, 1786 MiB
2026/09/07 23:45:16.676, 1, 0 %, 11 MiB
2026/09/07 23:45:17.176, 0, 0 %, 1786 MiB
2026/09/07 23:45:17.177, 1, 0 %, 11 MiB
2026/09/07 23:45:17.677, 0, 0 %, 1786 MiB
2026/09/07 23:45:17.782, 1, 0 %, 11 MiB
2026/09/07 23:45:18.398, 0, 1 %, 1786 MiB
2026/09/07 23:45:18.398, 1, 0 %, 11 MiB
2026/09/07 23:45:18.898, 0, 0 %, 1786 MiB
2026/09/07 23:45:18.986, 1, 0 %, 11 MiB
2026/09/07 23:45:19.610, 0, 0 %, 1786 MiB
2026/09/07 23:45:19.611, 1, 0 %, 11 MiB
2026/09/07 23:45:20.111, 0, 0 %, 1786 MiB
2026/09/07 23:45:20.203, 1, 0 %, 11 MiB
2026/09/07 23:45:20.824, 0, 0 %, 1786 MiB
2026/09/07 23:45:20.824, 1, 0 %, 11 MiB
2026/09/07 23:45:21.324, 0, 0 %, 1786 MiB
2026/09/07 23:45:21.383, 1, 0 %, 11 MiB
2026/09/07 23:45:21.999, 0, 0 %, 1786 MiB
2026/09/07 23:45:21.999, 1, 0 %, 11 MiB
2026/09/07 23:45:22.499, 0, 0 %, 1786 MiB
2026/09/07 23:45:22.551, 1, 0 %, 11 MiB
2026/09/07 23:45:23.171, 0, 0 %, 1786 MiB
2026/09/07 23:45:23.171, 1, 0 %, 11 MiB
2026/09/07 23:45:23.671, 0, 0 %, 1786 MiB
2026/09/07 23:45:23.705, 1, 0 %, 11 MiB
2026/09/07 23:45:24.323, 0, 0 %, 1786 MiB
2026/09/07 23:45:24.324, 1, 0 %, 11 MiB
2026/09/07 23:45:24.824, 0, 0 %, 1786 MiB
2026/09/07 23:45:24.852, 1, 0 %, 11 MiB
2026/09/07 23:45:25.494, 0, 0 %, 1786 MiB
2026/09/07 23:45:25.495, 1, 0 %, 11 MiB
2026/09/07 23:45:25.995, 0, 0 %, 1786 MiB
2026/09/07 23:45:26.090, 1, 0 %, 11 MiB
2026/09/07 23:45:26.746, 0, 0 %, 1786 MiB
2026/09/07 23:45:26.746, 1, 0 %, 11 MiB
2026/09/07 23:45:27.246, 0, 0 %, 1786 MiB
2026/09/07 23:45:27.341, 1, 0 %, 11 MiB
2026/09/07 23:45:27.973, 0, 0 %, 1786 MiB
2026/09/07 23:45:27.973, 1, 0 %, 11 MiB
2026/09/07 23:45:28.473, 0, 0 %, 1786 MiB
2026/09/07 23:45:28.517, 1, 0 %, 11 MiB
2026/09/07 23:45:29.145, 0, 0 %, 1786 MiB
2026/09/07 23:45:29.145, 1, 0 %, 11 MiB
2026/09/07 23:45:29.645, 0, 0 %, 1786 MiB
2026/09/07 23:45:29.700, 1, 0 %, 11 MiB
2026/09/07 23:45:30.352, 0, 0 %, 1786 MiB
2026/09/07 23:45:30.352, 1, 0 %, 11 MiB
2026/09/07 23:45:30.852, 0, 0 %, 1786 MiB
2026/09/07 23:45:30.938, 1, 0 %, 11 MiB
2026/09/07 23:45:31.571, 0, 0 %, 1786 MiB
2026/09/07 23:45:31.572, 1, 0 %, 11 MiB
2026/09/07 23:45:32.072, 0, 0 %, 1518 MiB
2026/09/07 23:45:32.150, 1, 0 %, 11 MiB
2026/09/07 23:45:32.783, 0, 0 %, 1017 MiB
2026/09/07 23:45:32.783, 1, 0 %, 9 MiB
2026/09/07 23:45:33.283, 0, 0 %, 1017 MiB
2026/09/07 23:45:33.410, 1, 0 %, 9 MiB
2026/09/07 23:45:34.043, 0, 0 %, 1017 MiB
2026/09/07 23:45:34.043, 1, 0 %, 9 MiB
2026/09/07 23:45:34.543, 0, 0 %, 1017 MiB
2026/09/07 23:45:34.575, 1, 0 %, 9 MiB
2026/09/07 23:45:35.192, 0, 0 %, 1017 MiB
2026/09/07 23:45:35.193, 1, 0 %, 9 MiB
2026/09/07 23:45:35.693, 0, 0 %, 1017 MiB
2026/09/07 23:45:35.742, 1, 0 %, 9 MiB
2026/09/07 23:45:36.365, 0, 0 %, 1017 MiB
2026/09/07 23:45:36.365, 1, 0 %, 9 MiB
2026/09/07 23:45:36.865, 0, 0 %, 1017 MiB
2026/09/07 23:45:36.890, 1, 0 %, 9 MiB
2026/09/07 23:45:37.512, 0, 0 %, 1017 MiB
2026/09/07 23:45:37.512, 1, 0 %, 9 MiB
2026/09/07 23:45:38.012, 0, 0 %, 1017 MiB
2026/09/07 23:45:38.076, 1, 0 %, 9 MiB
2026/09/07 23:45:38.727, 0, 0 %, 1017 MiB
2026/09/07 23:45:38.727, 1, 0 %, 9 MiB
2026/09/07 23:45:39.227, 0, 0 %, 1017 MiB
2026/09/07 23:45:39.325, 1, 0 %, 9 MiB
2026/09/07 23:45:39.979, 0, 0 %, 1017 MiB
2026/09/07 23:45:39.979, 1, 0 %, 9 MiB
2026/09/07 23:45:40.479, 0, 0 %, 1017 MiB
2026/09/07 23:45:40.539, 1, 0 %, 9 MiB
2026/09/07 23:45:41.165, 0, 0 %, 1017 MiB
2026/09/07 23:45:41.165, 1, 0 %, 9 MiB
2026/09/07 23:45:41.665, 0, 0 %, 1017 MiB
2026/09/07 23:45:41.695, 1, 0 %, 9 MiB
2026/09/07 23:45:42.321, 0, 0 %, 1017 MiB
2026/09/07 23:45:42.321, 1, 0 %, 9 MiB
2026/09/07 23:45:42.821, 0, 0 %, 1017 MiB
2026/09/07 23:45:42.858, 1, 0 %, 9 MiB
2026/09/07 23:45:43.510, 0, 0 %, 1017 MiB
2026/09/07 23:45:43.510, 1, 0 %, 9 MiB
2026/09/07 23:45:44.011, 0, 0 %, 1017 MiB
2026/09/07 23:45:44.105, 1, 0 %, 9 MiB
2026/09/07 23:45:44.757, 0, 0 %, 1017 MiB
2026/09/07 23:45:44.757, 1, 0 %, 9 MiB
2026/09/07 23:45:45.257, 0, 0 %, 1017 MiB
2026/09/07 23:45:45.330, 1, 0 %, 9 MiB
2026/09/07 23:45:45.962, 0, 0 %, 1017 MiB
2026/09/07 23:45:45.962, 1, 0 %, 9 MiB
2026/09/07 23:45:46.462, 0, 0 %, 1017 MiB
2026/09/07 23:45:46.506, 1, 0 %, 9 MiB
2026/09/07 23:45:47.136, 0, 0 %, 1017 MiB
2026/09/07 23:45:47.136, 1, 0 %, 9 MiB
2026/09/07 23:45:47.637, 0, 0 %, 1017 MiB
2026/09/07 23:45:47.715, 1, 0 %, 9 MiB
2026/09/07 23:45:48.370, 0, 0 %, 1017 MiB
2026/09/07 23:45:48.370, 1, 0 %, 9 MiB
2026/09/07 23:45:48.871, 0, 0 %, 1017 MiB
2026/09/07 23:45:48.924, 1, 0 %, 9 MiB
2026/09/07 23:45:49.555, 0, 0 %, 1017 MiB
2026/09/07 23:45:49.555, 1, 0 %, 9 MiB
2026/09/07 23:45:50.055, 0, 0 %, 1017 MiB
2026/09/07 23:45:50.103, 1, 0 %, 9 MiB
2026/09/07 23:45:50.734, 0, 0 %, 1017 MiB
2026/09/07 23:45:50.735, 1, 0 %, 9 MiB
2026/09/07 23:45:51.237, 0, 0 %, 1017 MiB
2026/09/07 23:45:51.310, 1, 0 %, 9 MiB
2026/09/07 23:45:51.810, 0, 0 %, 1017 MiB
2026/09/07 23:45:51.810, 1, 0 %, 9 MiB
2026/09/07 23:45:52.382, 0, 0 %, 1017 MiB
2026/09/07 23:45:52.382, 1, 0 %, 9 MiB
2026/09/07 23:45:52.883, 0, 0 %, 1017 MiB
2026/09/07 23:45:52.919, 1, 0 %, 9 MiB
2026/09/07 23:45:53.419, 0, 0 %, 1017 MiB
2026/09/07 23:45:53.431, 1, 0 %, 9 MiB
2026/09/07 23:45:53.932, 0, 0 %, 1017 MiB
2026/09/07 23:45:54.077, 1, 0 %, 9 MiB
2026/09/07 23:45:54.582, 0, 0 %, 1017 MiB
2026/09/07 23:45:54.685, 1, 0 %, 9 MiB
2026/09/07 23:45:55.310, 0, 0 %, 1017 MiB
2026/09/07 23:45:55.642, 1, 0 %, 9 MiB
2026/09/07 23:45:56.388, 0, 0 %, 1017 MiB
2026/09/07 23:45:56.950, 1, 0 %, 9 MiB
2026/09/07 23:45:57.806, 0, 0 %, 1017 MiB
2026/09/07 23:45:58.150, 1, 0 %, 9 MiB
2026/09/07 23:45:59.123, 0, 0 %, 1017 MiB
2026/09/07 23:45:59.161, 1, 0 %, 9 MiB
2026/09/07 23:45:59.780, 0, 0 %, 1017 MiB
2026/09/07 23:45:59.848, 1, 0 %, 9 MiB
2026/09/07 23:46:00.352, 0, 0 %, 1017 MiB
2026/09/07 23:46:00.564, 1, 0 %, 9 MiB
2026/09/07 23:46:01.071, 0, 0 %, 1017 MiB
2026/09/07 23:46:01.295, 1, 0 %, 9 MiB
2026/09/07 23:46:01.917, 0, 0 %, 1017 MiB
2026/09/07 23:46:02.022, 1, 0 %, 9 MiB
2026/09/07 23:46:02.528, 0, 0 %, 1017 MiB
2026/09/07 23:46:02.633, 1, 0 %, 9 MiB
2026/09/07 23:46:03.257, 0, 0 %, 1017 MiB
2026/09/07 23:46:03.588, 1, 0 %, 9 MiB
2026/09/07 23:46:04.446, 0, 0 %, 1017 MiB
2026/09/07 23:46:04.531, 1, 0 %, 9 MiB
2026/09/07 23:46:05.156, 0, 0 %, 1017 MiB
2026/09/07 23:46:05.376, 1, 0 %, 9 MiB
2026/09/07 23:46:05.879, 0, 0 %, 1017 MiB
2026/09/07 23:46:06.103, 1, 0 %, 9 MiB
2026/09/07 23:46:06.722, 0, 0 %, 1017 MiB
2026/09/07 23:46:06.728, 1, 0 %, 9 MiB
2026/09/07 23:46:07.230, 0, 0 %, 1017 MiB
2026/09/07 23:46:07.230, 1, 0 %, 9 MiB
2026/09/07 23:46:07.731, 0, 0 %, 1049 MiB
2026/09/07 23:46:07.732, 1, 0 %, 9 MiB
2026/09/07 23:46:08.233, 0, 0 %, 1144 MiB
2026/09/07 23:46:08.234, 1, 0 %, 9 MiB
2026/09/07 23:46:08.734, 0, 0 %, 1073 MiB
2026/09/07 23:46:08.738, 1, 0 %, 9 MiB
2026/09/07 23:46:09.240, 0, 0 %, 1073 MiB
2026/09/07 23:46:09.241, 1, 0 %, 9 MiB
2026/09/07 23:46:09.743, 0, 0 %, 1193 MiB
2026/09/07 23:46:09.746, 1, 0 %, 9 MiB
2026/09/07 23:46:10.249, 0, 0 %, 1344 MiB
2026/09/07 23:46:10.249, 1, 0 %, 9 MiB
2026/09/07 23:46:10.751, 0, 0 %, 1434 MiB
2026/09/07 23:46:10.767, 1, 0 %, 13 MiB
2026/09/07 23:46:11.271, 0, 2 %, 1460 MiB
2026/09/07 23:46:11.273, 1, 0 %, 23 MiB
2026/09/07 23:46:11.775, 0, 2 %, 1433 MiB
2026/09/07 23:46:11.779, 1, 0 %, 63 MiB
2026/09/07 23:46:12.281, 0, 1 %, 1404 MiB
2026/09/07 23:46:12.282, 1, 1 %, 72 MiB
2026/09/07 23:46:12.783, 0, 1 %, 1356 MiB
2026/09/07 23:46:12.788, 1, 1 %, 158 MiB
2026/09/07 23:46:13.291, 0, 4 %, 1436 MiB
2026/09/07 23:46:13.297, 1, 1 %, 283 MiB
2026/09/07 23:46:13.799, 0, 4 %, 1640 MiB
2026/09/07 23:46:13.803, 1, 1 %, 467 MiB
2026/09/07 23:46:14.310, 0, 2 %, 1913 MiB
2026/09/07 23:46:14.330, 1, 3 %, 807 MiB
2026/09/07 23:46:14.835, 0, 2 %, 2180 MiB
2026/09/07 23:46:14.866, 1, 2 %, 1101 MiB
2026/09/07 23:46:15.376, 0, 1 %, 2484 MiB
2026/09/07 23:46:15.378, 1, 2 %, 1413 MiB
2026/09/07 23:46:15.909, 0, 4 %, 2770 MiB
2026/09/07 23:46:15.915, 1, 1 %, 1577 MiB
2026/09/07 23:46:16.424, 0, 4 %, 2850 MiB
2026/09/07 23:46:16.430, 1, 1 %, 1766 MiB
2026/09/07 23:46:16.938, 0, 0 %, 3392 MiB
2026/09/07 23:46:16.944, 1, 7 %, 2798 MiB
2026/09/07 23:46:17.454, 0, 0 %, 3857 MiB
2026/09/07 23:46:17.457, 1, 7 %, 3338 MiB
2026/09/07 23:46:17.965, 0, 2 %, 5389 MiB
2026/09/07 23:46:17.969, 1, 3 %, 4436 MiB
2026/09/07 23:46:18.475, 0, 2 %, 5485 MiB
2026/09/07 23:46:18.481, 1, 3 %, 4912 MiB
2026/09/07 23:46:18.987, 0, 7 %, 5653 MiB
2026/09/07 23:46:18.992, 1, 9 %, 5610 MiB
2026/09/07 23:46:19.501, 0, 7 %, 5827 MiB
2026/09/07 23:46:19.507, 1, 9 %, 5709 MiB
2026/09/07 23:46:20.019, 0, 9 %, 6007 MiB
2026/09/07 23:46:20.025, 1, 9 %, 5936 MiB
2026/09/07 23:46:20.530, 0, 9 %, 6329 MiB
2026/09/07 23:46:20.538, 1, 9 %, 6294 MiB
2026/09/07 23:46:21.072, 0, 26 %, 6587 MiB
2026/09/07 23:46:21.075, 1, 9 %, 6535 MiB
2026/09/07 23:46:21.581, 0, 26 %, 6909 MiB
2026/09/07 23:46:21.591, 1, 9 %, 6668 MiB
2026/09/07 23:46:22.102, 0, 6 %, 7590 MiB
2026/09/07 23:46:22.107, 1, 8 %, 7323 MiB
2026/09/07 23:46:22.615, 0, 6 %, 7891 MiB
2026/09/07 23:46:22.647, 1, 8 %, 8043 MiB
2026/09/07 23:46:23.155, 0, 6 %, 8930 MiB
2026/09/07 23:46:23.189, 1, 9 %, 8469 MiB
2026/09/07 23:46:23.718, 0, 6 %, 9334 MiB
2026/09/07 23:46:23.719, 1, 9 %, 8581 MiB
2026/09/07 23:46:24.237, 0, 11 %, 10050 MiB
2026/09/07 23:46:24.239, 1, 6 %, 9087 MiB
2026/09/07 23:46:24.750, 0, 11 %, 10176 MiB
2026/09/07 23:46:24.783, 1, 6 %, 9583 MiB
2026/09/07 23:46:25.300, 0, 4 %, 10589 MiB
2026/09/07 23:46:25.301, 1, 15 %, 10481 MiB
2026/09/07 23:46:25.817, 0, 4 %, 11089 MiB
2026/09/07 23:46:25.823, 1, 15 %, 11504 MiB
2026/09/07 23:46:26.332, 0, 23 %, 13553 MiB
2026/09/07 23:46:26.334, 1, 15 %, 12056 MiB
2026/09/07 23:46:26.839, 0, 23 %, 13553 MiB
2026/09/07 23:46:26.840, 1, 25 %, 12056 MiB
2026/09/07 23:46:27.346, 0, 22 %, 13553 MiB
2026/09/07 23:46:27.349, 1, 25 %, 12056 MiB
2026/09/07 23:46:27.856, 0, 22 %, 13553 MiB
2026/09/07 23:46:27.859, 1, 25 %, 12056 MiB
2026/09/07 23:46:28.366, 0, 26 %, 13553 MiB
2026/09/07 23:46:28.370, 1, 25 %, 12056 MiB
2026/09/07 23:46:28.879, 0, 26 %, 13553 MiB
2026/09/07 23:46:28.881, 1, 23 %, 12056 MiB
2026/09/07 23:46:29.386, 0, 25 %, 13553 MiB
2026/09/07 23:46:29.389, 1, 23 %, 12056 MiB
2026/09/07 23:46:29.896, 0, 25 %, 13553 MiB
2026/09/07 23:46:29.901, 1, 24 %, 12056 MiB
2026/09/07 23:46:30.409, 0, 24 %, 13553 MiB
2026/09/07 23:46:30.412, 1, 24 %, 12056 MiB
2026/09/07 23:46:30.920, 0, 25 %, 13553 MiB
2026/09/07 23:46:30.922, 1, 27 %, 12056 MiB
2026/09/07 23:46:31.428, 0, 25 %, 13553 MiB
2026/09/07 23:46:31.433, 1, 27 %, 12056 MiB
2026/09/07 23:46:31.939, 0, 24 %, 13553 MiB
2026/09/07 23:46:31.943, 1, 25 %, 12056 MiB
2026/09/07 23:46:32.449, 0, 24 %, 13553 MiB
2026/09/07 23:46:32.450, 1, 25 %, 12056 MiB
2026/09/07 23:46:32.958, 0, 27 %, 13553 MiB
2026/09/07 23:46:32.960, 1, 24 %, 12056 MiB
2026/09/07 23:46:33.460, 0, 27 %, 13553 MiB
2026/09/07 23:46:33.462, 1, 24 %, 12056 MiB
2026/09/07 23:46:33.968, 0, 27 %, 13553 MiB
2026/09/07 23:46:33.970, 1, 22 %, 12056 MiB
2026/09/07 23:46:34.473, 0, 27 %, 13553 MiB
2026/09/07 23:46:34.476, 1, 22 %, 12056 MiB
2026/09/07 23:46:34.984, 0, 25 %, 13553 MiB
2026/09/07 23:46:34.985, 1, 24 %, 12056 MiB
2026/09/07 23:46:35.491, 0, 25 %, 13553 MiB
2026/09/07 23:46:35.492, 1, 24 %, 12056 MiB
2026/09/07 23:46:35.998, 0, 24 %, 13553 MiB
2026/09/07 23:46:36.001, 1, 24 %, 12056 MiB
2026/09/07 23:46:36.508, 0, 24 %, 13553 MiB
2026/09/07 23:46:36.513, 1, 24 %, 12056 MiB
2026/09/07 23:46:37.020, 0, 23 %, 13553 MiB
2026/09/07 23:46:37.022, 1, 24 %, 12056 MiB
2026/09/07 23:46:37.530, 0, 23 %, 13553 MiB
2026/09/07 23:46:37.533, 1, 24 %, 12056 MiB
2026/09/07 23:46:38.037, 0, 26 %, 13553 MiB
2026/09/07 23:46:38.042, 1, 24 %, 12056 MiB
2026/09/07 23:46:38.549, 0, 26 %, 13553 MiB
2026/09/07 23:46:38.557, 1, 24 %, 12056 MiB
2026/09/07 23:46:39.064, 0, 26 %, 13553 MiB
2026/09/07 23:46:39.066, 1, 24 %, 12056 MiB
2026/09/07 23:46:39.571, 0, 26 %, 13553 MiB
2026/09/07 23:46:39.574, 1, 24 %, 12056 MiB
2026/09/07 23:46:40.078, 0, 24 %, 13553 MiB
2026/09/07 23:46:40.083, 1, 26 %, 12056 MiB
2026/09/07 23:46:40.589, 0, 24 %, 13553 MiB
2026/09/07 23:46:40.590, 1, 26 %, 12056 MiB
2026/09/07 23:46:41.096, 0, 23 %, 13553 MiB
2026/09/07 23:46:41.099, 1, 27 %, 12056 MiB
2026/09/07 23:46:41.606, 0, 23 %, 13553 MiB
2026/09/07 23:46:41.614, 1, 27 %, 12056 MiB
2026/09/07 23:46:42.122, 0, 24 %, 13553 MiB
2026/09/07 23:46:42.129, 1, 28 %, 12056 MiB
2026/09/07 23:46:42.639, 0, 24 %, 13553 MiB
2026/09/07 23:46:42.640, 1, 28 %, 12056 MiB
2026/09/07 23:46:43.148, 0, 24 %, 13553 MiB
2026/09/07 23:46:43.150, 1, 27 %, 12056 MiB
2026/09/07 23:46:43.658, 0, 24 %, 13553 MiB
2026/09/07 23:46:43.660, 1, 27 %, 12056 MiB
2026/09/07 23:46:44.169, 0, 24 %, 13553 MiB
2026/09/07 23:46:44.177, 1, 27 %, 12056 MiB
2026/09/07 23:46:44.683, 0, 24 %, 13553 MiB
2026/09/07 23:46:44.685, 1, 27 %, 12056 MiB
2026/09/07 23:46:45.191, 0, 24 %, 13553 MiB
2026/09/07 23:46:45.196, 1, 25 %, 12056 MiB
2026/09/07 23:46:45.704, 0, 24 %, 13553 MiB
2026/09/07 23:46:45.707, 1, 25 %, 12056 MiB
2026/09/07 23:46:46.214, 0, 24 %, 13553 MiB
2026/09/07 23:46:46.220, 1, 24 %, 12056 MiB
2026/09/07 23:46:46.728, 0, 24 %, 13553 MiB
2026/09/07 23:46:46.734, 1, 24 %, 12056 MiB
2026/09/07 23:46:47.239, 0, 26 %, 13553 MiB
2026/09/07 23:46:47.241, 1, 27 %, 12056 MiB
2026/09/07 23:46:47.747, 0, 26 %, 13553 MiB
2026/09/07 23:46:47.751, 1, 27 %, 12056 MiB
2026/09/07 23:46:48.256, 0, 23 %, 13553 MiB
2026/09/07 23:46:48.257, 1, 26 %, 12056 MiB
2026/09/07 23:46:48.765, 0, 23 %, 13553 MiB
2026/09/07 23:46:48.765, 1, 26 %, 12056 MiB
2026/09/07 23:46:49.273, 0, 25 %, 13553 MiB
2026/09/07 23:46:49.276, 1, 23 %, 12056 MiB
2026/09/07 23:46:49.782, 0, 25 %, 13553 MiB
2026/09/07 23:46:49.783, 1, 23 %, 12056 MiB
2026/09/07 23:46:50.289, 0, 26 %, 13553 MiB
2026/09/07 23:46:50.290, 1, 23 %, 12056 MiB
2026/09/07 23:46:50.797, 0, 26 %, 13553 MiB
2026/09/07 23:46:50.798, 1, 23 %, 12056 MiB
2026/09/07 23:46:51.303, 0, 27 %, 13553 MiB
2026/09/07 23:46:51.307, 1, 22 %, 12056 MiB
2026/09/07 23:46:51.813, 0, 27 %, 13337 MiB
2026/09/07 23:46:51.815, 1, 22 %, 11834 MiB
2026/09/07 23:46:52.321, 0, 27 %, 13319 MiB
2026/09/07 23:46:52.328, 1, 21 %, 11816 MiB
2026/09/07 23:46:52.842, 0, 27 %, 12770 MiB
2026/09/07 23:46:52.844, 1, 16 %, 11081 MiB
2026/09/07 23:46:53.345, 0, 22 %, 12754 MiB
2026/09/07 23:46:53.416, 1, 16 %, 10550 MiB
2026/09/07 23:46:53.923, 0, 21 %, 12520 MiB
2026/09/07 23:46:53.923, 1, 22 %, 10333 MiB
2026/09/07 23:46:54.427, 0, 21 %, 12485 MiB
2026/09/07 23:46:54.435, 1, 22 %, 10297 MiB
2026/09/07 23:46:54.950, 0, 9 %, 11970 MiB
2026/09/07 23:46:54.950, 1, 19 %, 9797 MiB
2026/09/07 23:46:55.451, 0, 9 %, 11970 MiB
2026/09/07 23:46:55.452, 1, 19 %, 9797 MiB
2026/09/07 23:46:55.954, 0, 12 %, 11702 MiB
2026/09/07 23:46:55.955, 1, 14 %, 9797 MiB
2026/09/07 23:46:56.455, 0, 12 %, 11187 MiB
2026/09/07 23:46:56.476, 1, 14 %, 9544 MiB
2026/09/07 23:46:56.979, 0, 11 %, 11187 MiB
2026/09/07 23:46:56.980, 1, 14 %, 9045 MiB
2026/09/07 23:46:57.480, 0, 11 %, 11187 MiB
2026/09/07 23:46:57.480, 1, 14 %, 9045 MiB
2026/09/07 23:46:57.980, 0, 5 %, 11187 MiB
2026/09/07 23:46:57.980, 1, 8 %, 9045 MiB
2026/09/07 23:46:58.480, 0, 5 %, 10919 MiB
2026/09/07 23:46:58.480, 1, 8 %, 9045 MiB
2026/09/07 23:46:58.981, 0, 5 %, 10420 MiB
2026/09/07 23:46:58.981, 1, 4 %, 9045 MiB
2026/09/07 23:46:59.481, 0, 5 %, 10404 MiB
2026/09/07 23:46:59.482, 1, 4 %, 8791 MiB
2026/09/07 23:46:59.983, 0, 8 %, 10136 MiB
2026/09/07 23:46:59.983, 1, 3 %, 8791 MiB
2026/09/07 23:47:00.484, 0, 8 %, 10120 MiB
2026/09/07 23:47:00.484, 1, 3 %, 8039 MiB
2026/09/07 23:47:00.984, 0, 5 %, 9608 MiB
2026/09/07 23:47:00.993, 1, 3 %, 7286 MiB
2026/09/07 23:47:01.497, 0, 5 %, 9589 MiB
2026/09/07 23:47:01.499, 1, 3 %, 7032 MiB
2026/09/07 23:47:02.011, 0, 5 %, 9321 MiB
2026/09/07 23:47:02.011, 1, 2 %, 6533 MiB
2026/09/07 23:47:02.511, 0, 5 %, 8821 MiB
2026/09/07 23:47:02.511, 1, 2 %, 6034 MiB
2026/09/07 23:47:03.011, 0, 5 %, 8821 MiB
2026/09/07 23:47:03.077, 1, 1 %, 6034 MiB
2026/09/07 23:47:03.578, 0, 0 %, 8805 MiB
2026/09/07 23:47:03.580, 1, 1 %, 5780 MiB
2026/09/07 23:47:04.081, 0, 0 %, 8553 MiB
2026/09/07 23:47:04.095, 1, 5 %, 5527 MiB
2026/09/07 23:47:04.736, 0, 0 %, 8304 MiB
2026/09/07 23:47:04.738, 1, 5 %, 4528 MiB
2026/09/07 23:47:05.242, 0, 2 %, 6967 MiB
2026/09/07 23:47:05.308, 1, 5 %, 4394 MiB
2026/09/07 23:47:05.810, 0, 2 %, 6269 MiB
2026/09/07 23:47:05.944, 1, 1 %, 4306 MiB
2026/09/07 23:47:06.583, 0, 11 %, 5486 MiB
2026/09/07 23:47:06.666, 1, 0 %, 3775 MiB
2026/09/07 23:47:07.169, 0, 11 %, 5276 MiB
2026/09/07 23:47:07.213, 1, 0 %, 3775 MiB
2026/09/07 23:47:07.853, 0, 11 %, 3967 MiB
2026/09/07 23:47:07.987, 1, 0 %, 3546 MiB
2026/09/07 23:47:08.489, 0, 0 %, 3908 MiB
2026/09/07 23:47:08.493, 1, 0 %, 3522 MiB
2026/09/07 23:47:08.993, 0, 0 %, 3396 MiB
2026/09/07 23:47:09.000, 1, 6 %, 3023 MiB
2026/09/07 23:47:09.500, 0, 0 %, 3411 MiB
2026/09/07 23:47:09.590, 1, 6 %, 3023 MiB
2026/09/07 23:47:10.095, 0, 0 %, 3411 MiB
2026/09/07 23:47:10.206, 1, 0 %, 3023 MiB
2026/09/07 23:47:10.708, 0, 0 %, 3418 MiB
2026/09/07 23:47:10.768, 1, 0 %, 2801 MiB
2026/09/07 23:47:11.271, 0, 0 %, 3418 MiB
2026/09/07 23:47:11.275, 1, 0 %, 2769 MiB
2026/09/07 23:47:11.961, 0, 1 %, 3395 MiB
2026/09/07 23:47:11.962, 1, 4 %, 2048 MiB
2026/09/07 23:47:12.464, 0, 1 %, 3426 MiB
2026/09/07 23:47:12.465, 1, 4 %, 2030 MiB
2026/09/07 23:47:12.965, 0, 5 %, 3395 MiB
2026/09/07 23:47:12.966, 1, 4 %, 1551 MiB
2026/09/07 23:47:13.468, 0, 5 %, 3435 MiB
2026/09/07 23:47:13.469, 1, 2 %, 1332 MiB
2026/09/07 23:47:13.970, 0, 5 %, 3493 MiB
2026/09/07 23:47:14.077, 1, 2 %, 1398 MiB
2026/09/07 23:47:14.582, 0, 5 %, 3555 MiB
2026/09/07 23:47:14.597, 1, 2 %, 915 MiB
2026/09/07 23:47:15.099, 0, 0 %, 3556 MiB
2026/09/07 23:47:15.102, 1, 0 %, 1004 MiB
2026/09/07 23:47:15.604, 0, 0 %, 3590 MiB
2026/09/07 23:47:15.744, 1, 0 %, 1109 MiB
2026/09/07 23:47:16.254, 0, 0 %, 3777 MiB
2026/09/07 23:47:16.256, 1, 0 %, 1169 MiB
2026/09/07 23:47:16.760, 0, 0 %, 3807 MiB
2026/09/07 23:47:16.765, 1, 0 %, 1602 MiB
2026/09/07 23:47:17.266, 0, 0 %, 3842 MiB
2026/09/07 23:47:17.272, 1, 0 %, 1811 MiB
2026/09/07 23:47:17.778, 0, 0 %, 3844 MiB
2026/09/07 23:47:17.861, 1, 4 %, 1821 MiB
2026/09/07 23:47:18.363, 0, 3 %, 4387 MiB
2026/09/07 23:47:18.457, 1, 1 %, 1911 MiB
2026/09/07 23:47:18.964, 0, 3 %, 4401 MiB
2026/09/07 23:47:19.077, 1, 1 %, 1934 MiB
2026/09/07 23:47:19.584, 0, 0 %, 4539 MiB
2026/09/07 23:47:19.631, 1, 1 %, 2496 MiB
2026/09/07 23:47:20.136, 0, 2 %, 4539 MiB
2026/09/07 23:47:20.158, 1, 1 %, 2490 MiB
2026/09/07 23:47:20.661, 0, 2 %, 4636 MiB
2026/09/07 23:47:20.706, 1, 1 %, 2595 MiB
2026/09/07 23:47:21.366, 0, 3 %, 4772 MiB
2026/09/07 23:47:21.370, 1, 1 %, 2641 MiB
2026/09/07 23:47:21.873, 0, 3 %, 5319 MiB
2026/09/07 23:47:21.874, 1, 14 %, 3177 MiB
2026/09/07 23:47:22.376, 0, 3 %, 5714 MiB
2026/09/07 23:47:22.584, 1, 14 %, 3255 MiB
2026/09/07 23:47:23.090, 0, 9 %, 5817 MiB
2026/09/07 23:47:23.124, 1, 14 %, 3408 MiB
2026/09/07 23:47:23.763, 0, 0 %, 5827 MiB
2026/09/07 23:47:23.766, 1, 2 %, 3408 MiB
2026/09/07 23:47:24.273, 0, 0 %, 5842 MiB
2026/09/07 23:47:24.300, 1, 2 %, 3890 MiB
2026/09/07 23:47:24.802, 0, 6 %, 5880 MiB
2026/09/07 23:47:24.927, 1, 3 %, 4050 MiB
2026/09/07 23:47:25.435, 0, 6 %, 5925 MiB
2026/09/07 23:47:25.436, 1, 5 %, 4545 MiB
2026/09/07 23:47:25.939, 0, 1 %, 6012 MiB
2026/09/07 23:47:26.060, 1, 0 %, 4547 MiB
2026/09/07 23:47:26.705, 0, 1 %, 5866 MiB
2026/09/07 23:47:26.833, 1, 0 %, 4358 MiB
2026/09/07 23:47:27.341, 0, 1 %, 5850 MiB
2026/09/07 23:47:27.343, 1, 0 %, 4391 MiB
2026/09/07 23:47:27.843, 0, 4 %, 5575 MiB
2026/09/07 23:47:27.849, 1, 11 %, 3899 MiB
2026/09/07 23:47:28.352, 0, 4 %, 5670 MiB
2026/09/07 23:47:28.355, 1, 11 %, 3980 MiB
2026/09/07 23:47:28.875, 0, 16 %, 6717 MiB
2026/09/07 23:47:28.876, 1, 6 %, 4100 MiB
2026/09/07 23:47:29.377, 0, 16 %, 6765 MiB
2026/09/07 23:47:29.378, 1, 6 %, 4149 MiB
2026/09/07 23:47:29.881, 0, 0 %, 6857 MiB
2026/09/07 23:47:29.887, 1, 6 %, 4666 MiB
2026/09/07 23:47:30.403, 0, 0 %, 6889 MiB
2026/09/07 23:47:30.407, 1, 9 %, 4670 MiB
2026/09/07 23:47:30.909, 0, 3 %, 6889 MiB
2026/09/07 23:47:30.909, 1, 9 %, 4692 MiB
2026/09/07 23:47:31.409, 0, 3 %, 6975 MiB
2026/09/07 23:47:31.415, 1, 0 %, 4770 MiB
2026/09/07 23:47:31.918, 0, 3 %, 7227 MiB
2026/09/07 23:47:32.059, 1, 0 %, 4886 MiB
2026/09/07 23:47:32.559, 0, 1 %, 7316 MiB
2026/09/07 23:47:32.565, 1, 0 %, 4981 MiB
2026/09/07 23:47:33.071, 0, 1 %, 8405 MiB
2026/09/07 23:47:33.078, 1, 21 %, 5601 MiB
2026/09/07 23:47:33.578, 0, 6 %, 8528 MiB
2026/09/07 23:47:33.580, 1, 21 %, 5784 MiB
2026/09/07 23:47:34.080, 0, 6 %, 9048 MiB
2026/09/07 23:47:34.082, 1, 6 %, 6354 MiB
2026/09/07 23:47:34.588, 0, 16 %, 9216 MiB
2026/09/07 23:47:34.591, 1, 6 %, 6843 MiB
2026/09/07 23:47:35.091, 0, 16 %, 9241 MiB
2026/09/07 23:47:35.096, 1, 9 %, 7084 MiB
2026/09/07 23:47:35.603, 0, 12 %, 9758 MiB
2026/09/07 23:47:35.606, 1, 17 %, 7516 MiB
2026/09/07 23:47:36.108, 0, 12 %, 9884 MiB
2026/09/07 23:47:36.110, 1, 17 %, 7659 MiB
2026/09/07 23:47:36.611, 0, 14 %, 10019 MiB
2026/09/07 23:47:36.614, 1, 9 %, 7741 MiB
2026/09/07 23:47:37.119, 0, 14 %, 9914 MiB
2026/09/07 23:47:37.131, 1, 9 %, 7853 MiB
2026/09/07 23:47:37.638, 0, 9 %, 10500 MiB
2026/09/07 23:47:37.640, 1, 18 %, 8277 MiB
2026/09/07 23:47:38.141, 0, 9 %, 10041 MiB
2026/09/07 23:47:38.143, 1, 18 %, 8414 MiB
2026/09/07 23:47:38.645, 0, 19 %, 10592 MiB
2026/09/07 23:47:38.646, 1, 15 %, 8564 MiB
2026/09/07 23:47:39.153, 0, 19 %, 10757 MiB
2026/09/07 23:47:39.154, 1, 15 %, 8618 MiB
2026/09/07 23:47:39.659, 0, 12 %, 10802 MiB
2026/09/07 23:47:39.663, 1, 17 %, 9136 MiB
2026/09/07 23:47:40.166, 0, 15 %, 11320 MiB
2026/09/07 23:47:40.166, 1, 17 %, 8944 MiB
2026/09/07 23:47:40.667, 0, 15 %, 11352 MiB
2026/09/07 23:47:40.672, 1, 19 %, 9092 MiB
2026/09/07 23:47:41.190, 0, 13 %, 11406 MiB
2026/09/07 23:47:41.192, 1, 19 %, 8606 MiB
2026/09/07 23:47:41.701, 0, 13 %, 11269 MiB
2026/09/07 23:47:41.701, 1, 27 %, 9100 MiB
2026/09/07 23:47:42.206, 0, 21 %, 11461 MiB
2026/09/07 23:47:42.209, 1, 27 %, 9168 MiB
2026/09/07 23:47:42.713, 0, 21 %, 10977 MiB
2026/09/07 23:47:42.719, 1, 25 %, 9230 MiB
2026/09/07 23:47:43.227, 0, 16 %, 10435 MiB
2026/09/07 23:47:43.234, 1, 25 %, 9314 MiB
2026/09/07 23:47:43.741, 0, 16 %, 10435 MiB
2026/09/07 23:47:43.743, 1, 24 %, 9727 MiB
2026/09/07 23:47:44.248, 0, 24 %, 10435 MiB
2026/09/07 23:47:44.249, 1, 24 %, 9727 MiB
2026/09/07 23:47:44.754, 0, 24 %, 10435 MiB
2026/09/07 23:47:44.757, 1, 24 %, 9575 MiB
2026/09/07 23:47:45.262, 0, 24 %, 10435 MiB
2026/09/07 23:47:45.264, 1, 24 %, 9044 MiB
2026/09/07 23:47:45.837, 0, 7 %, 10419 MiB
2026/09/07 23:47:45.843, 1, 24 %, 9044 MiB
2026/09/07 23:47:46.348, 0, 7 %, 10419 MiB
2026/09/07 23:47:46.356, 1, 1 %, 9044 MiB
2026/09/07 23:47:46.859, 0, 19 %, 10203 MiB
2026/09/07 23:47:46.880, 1, 1 %, 9044 MiB
2026/09/07 23:47:47.385, 0, 19 %, 10196 MiB
2026/09/07 23:47:47.495, 1, 20 %, 9044 MiB
2026/09/07 23:47:48.009, 0, 2 %, 9652 MiB
2026/09/07 23:47:48.106, 1, 20 %, 9044 MiB
2026/09/07 23:47:48.751, 0, 2 %, 8117 MiB
2026/09/07 23:47:48.755, 1, 19 %, 9044 MiB
2026/09/07 23:47:49.259, 0, 20 %, 8117 MiB
2026/09/07 23:47:49.376, 1, 19 %, 8974 MiB
2026/09/07 23:47:50.023, 0, 20 %, 7983 MiB
2026/09/07 23:47:50.116, 1, 1 %, 8874 MiB
2026/09/07 23:47:50.759, 0, 0 %, 7334 MiB
2026/09/07 23:47:50.762, 1, 21 %, 8291 MiB
2026/09/07 23:47:51.269, 0, 0 %, 7334 MiB
2026/09/07 23:47:51.319, 1, 21 %, 8291 MiB
2026/09/07 23:47:51.959, 0, 22 %, 7334 MiB
2026/09/07 23:47:51.961, 1, 25 %, 8065 MiB
2026/09/07 23:47:52.467, 0, 22 %, 7359 MiB
2026/09/07 23:47:52.640, 1, 0 %, 8052 MiB
2026/09/07 23:47:53.284, 0, 8 %, 7350 MiB
2026/09/07 23:47:53.287, 1, 0 %, 7539 MiB
2026/09/07 23:47:53.791, 0, 8 %, 7350 MiB
2026/09/07 23:47:53.803, 1, 21 %, 7539 MiB
2026/09/07 23:47:54.306, 0, 8 %, 7350 MiB
2026/09/07 23:47:54.443, 1, 21 %, 7539 MiB
2026/09/07 23:47:54.950, 0, 0 %, 7350 MiB
2026/09/07 23:47:54.979, 1, 6 %, 7317 MiB
2026/09/07 23:47:55.622, 0, 13 %, 7118 MiB
2026/09/07 23:47:55.627, 1, 6 %, 6786 MiB
2026/09/07 23:47:56.133, 0, 10 %, 6521 MiB
2026/09/07 23:47:56.142, 1, 9 %, 6786 MiB
2026/09/07 23:47:56.648, 0, 10 %, 6376 MiB
2026/09/07 23:47:56.780, 1, 6 %, 6786 MiB
2026/09/07 23:47:57.424, 0, 12 %, 5832 MiB
2026/09/07 23:47:57.425, 1, 6 %, 6786 MiB
2026/09/07 23:47:57.929, 0, 12 %, 5832 MiB
2026/09/07 23:47:58.024, 1, 18 %, 6786 MiB
2026/09/07 23:47:58.668, 0, 1 %, 5816 MiB
2026/09/07 23:47:58.753, 1, 18 %, 6786 MiB
2026/09/07 23:47:59.395, 0, 1 %, 5798 MiB
2026/09/07 23:47:59.397, 1, 10 %, 6786 MiB
2026/09/07 23:47:59.902, 0, 10 %, 5823 MiB
2026/09/07 23:47:59.928, 1, 12 %, 6786 MiB
2026/09/07 23:48:00.567, 0, 10 %, 5836 MiB
2026/09/07 23:48:00.575, 1, 12 %, 6786 MiB
2026/09/07 23:48:01.081, 0, 14 %, 5848 MiB
2026/09/07 23:48:01.083, 1, 19 %, 6786 MiB
2026/09/07 23:48:01.586, 0, 14 %, 5852 MiB
2026/09/07 23:48:01.591, 1, 19 %, 6791 MiB
2026/09/07 23:48:02.100, 0, 0 %, 5845 MiB
2026/09/07 23:48:02.102, 1, 0 %, 6793 MiB
2026/09/07 23:48:02.604, 0, 1 %, 5837 MiB
2026/09/07 23:48:02.656, 1, 0 %, 6794 MiB
2026/09/07 23:48:03.163, 0, 1 %, 5856 MiB
2026/09/07 23:48:03.168, 1, 0 %, 6803 MiB
2026/09/07 23:48:03.672, 0, 10 %, 5921 MiB
2026/09/07 23:48:03.676, 1, 8 %, 6826 MiB
2026/09/07 23:48:04.180, 0, 10 %, 5965 MiB
2026/09/07 23:48:04.181, 1, 8 %, 6840 MiB
2026/09/07 23:48:04.686, 0, 24 %, 6042 MiB
2026/09/07 23:48:04.688, 1, 10 %, 6916 MiB
2026/09/07 23:48:05.191, 0, 24 %, 6118 MiB
2026/09/07 23:48:05.196, 1, 10 %, 6808 MiB
2026/09/07 23:48:05.702, 0, 9 %, 6328 MiB
2026/09/07 23:48:05.707, 1, 9 %, 6683 MiB
2026/09/07 23:48:06.241, 0, 9 %, 6133 MiB
2026/09/07 23:48:06.244, 1, 14 %, 6213 MiB
2026/09/07 23:48:06.752, 0, 1 %, 6149 MiB
2026/09/07 23:48:06.765, 1, 14 %, 5767 MiB
2026/09/07 23:48:07.276, 0, 1 %, 6282 MiB
2026/09/07 23:48:07.278, 1, 12 %, 6053 MiB
2026/09/07 23:48:07.784, 0, 7 %, 6408 MiB
2026/09/07 23:48:07.786, 1, 12 %, 6267 MiB
2026/09/07 23:48:08.305, 0, 7 %, 6493 MiB
2026/09/07 23:48:08.313, 1, 10 %, 5823 MiB
2026/09/07 23:48:08.817, 0, 11 %, 7016 MiB
2026/09/07 23:48:08.819, 1, 10 %, 5879 MiB
2026/09/07 23:48:09.324, 0, 11 %, 7346 MiB
2026/09/07 23:48:09.327, 1, 12 %, 6841 MiB
2026/09/07 23:48:09.831, 0, 15 %, 7447 MiB
2026/09/07 23:48:09.832, 1, 12 %, 6919 MiB
2026/09/07 23:48:10.336, 0, 15 %, 7067 MiB
2026/09/07 23:48:10.336, 1, 6 %, 6921 MiB
2026/09/07 23:48:10.840, 0, 13 %, 7254 MiB
2026/09/07 23:48:10.844, 1, 6 %, 6676 MiB
2026/09/07 23:48:11.352, 0, 13 %, 7305 MiB
2026/09/07 23:48:11.381, 1, 12 %, 6136 MiB
2026/09/07 23:48:11.891, 0, 12 %, 7783 MiB
2026/09/07 23:48:11.891, 1, 12 %, 5766 MiB
2026/09/07 23:48:12.395, 0, 12 %, 8424 MiB
2026/09/07 23:48:12.398, 1, 14 %, 6238 MiB
2026/09/07 23:48:12.902, 0, 14 %, 8464 MiB
2026/09/07 23:48:12.905, 1, 14 %, 6359 MiB
2026/09/07 23:48:13.416, 0, 14 %, 8882 MiB
2026/09/07 23:48:13.425, 1, 14 %, 6359 MiB
2026/09/07 23:48:13.927, 0, 14 %, 9018 MiB
2026/09/07 23:48:13.930, 1, 12 %, 6916 MiB
2026/09/07 23:48:14.437, 0, 0 %, 9023 MiB
2026/09/07 23:48:14.439, 1, 12 %, 6926 MiB
2026/09/07 23:48:14.947, 0, 0 %, 9159 MiB
2026/09/07 23:48:15.005, 1, 12 %, 7055 MiB
2026/09/07 23:48:15.511, 0, 0 %, 9180 MiB
2026/09/07 23:48:15.525, 1, 15 %, 7075 MiB
2026/09/07 23:48:16.031, 0, 0 %, 9010 MiB
2026/09/07 23:48:16.034, 1, 15 %, 7096 MiB
2026/09/07 23:48:16.541, 0, 12 %, 8971 MiB
2026/09/07 23:48:16.577, 1, 10 %, 7104 MiB
2026/09/07 23:48:17.083, 0, 12 %, 8978 MiB
2026/09/07 23:48:17.089, 1, 10 %, 7120 MiB
2026/09/07 23:48:17.603, 0, 8 %, 8836 MiB
2026/09/07 23:48:17.640, 1, 13 %, 7382 MiB
2026/09/07 23:48:18.143, 0, 8 %, 8929 MiB
2026/09/07 23:48:18.144, 1, 13 %, 7437 MiB
2026/09/07 23:48:18.650, 0, 23 %, 8919 MiB
2026/09/07 23:48:18.686, 1, 0 %, 6901 MiB
2026/09/07 23:48:19.328, 0, 23 %, 8986 MiB
2026/09/07 23:48:19.331, 1, 0 %, 7035 MiB
2026/09/07 23:48:19.836, 0, 30 %, 8996 MiB
2026/09/07 23:48:19.958, 1, 0 %, 6839 MiB
2026/09/07 23:48:20.595, 0, 14 %, 8919 MiB
2026/09/07 23:48:20.673, 1, 0 %, 6718 MiB
2026/09/07 23:48:21.180, 0, 14 %, 8713 MiB
2026/09/07 23:48:21.189, 1, 12 %, 6786 MiB
2026/09/07 23:48:21.696, 0, 20 %, 8646 MiB
2026/09/07 23:48:21.697, 1, 12 %, 6786 MiB
2026/09/07 23:48:22.203, 0, 20 %, 8111 MiB
2026/09/07 23:48:22.226, 1, 15 %, 6786 MiB
2026/09/07 23:48:22.735, 0, 16 %, 8117 MiB
2026/09/07 23:48:22.738, 1, 15 %, 6786 MiB
2026/09/07 23:48:23.241, 0, 16 %, 8117 MiB
2026/09/07 23:48:23.371, 1, 15 %, 6786 MiB
2026/09/07 23:48:23.876, 0, 0 %, 8126 MiB
2026/09/07 23:48:23.882, 1, 3 %, 6786 MiB
2026/09/07 23:48:24.388, 0, 0 %, 8102 MiB
2026/09/07 23:48:24.487, 1, 0 %, 6716 MiB
2026/09/07 23:48:24.995, 0, 0 %, 8097 MiB
2026/09/07 23:48:24.997, 1, 0 %, 6564 MiB
2026/09/07 23:48:25.503, 0, 9 %, 8085 MiB
2026/09/07 23:48:25.511, 1, 14 %, 6033 MiB
2026/09/07 23:48:26.016, 0, 9 %, 8081 MiB
2026/09/07 23:48:26.018, 1, 14 %, 6033 MiB
2026/09/07 23:48:26.523, 0, 20 %, 8085 MiB
2026/09/07 23:48:26.524, 1, 17 %, 6033 MiB
2026/09/07 23:48:27.029, 0, 20 %, 8094 MiB
2026/09/07 23:48:27.030, 1, 17 %, 6033 MiB
2026/09/07 23:48:27.532, 0, 16 %, 8164 MiB
2026/09/07 23:48:27.533, 1, 11 %, 6033 MiB
2026/09/07 23:48:28.037, 0, 16 %, 8191 MiB
2026/09/07 23:48:28.039, 1, 11 %, 6037 MiB
2026/09/07 23:48:28.545, 0, 23 %, 8255 MiB
2026/09/07 23:48:28.566, 1, 14 %, 6047 MiB
2026/09/07 23:48:29.070, 0, 23 %, 8279 MiB
2026/09/07 23:48:29.070, 1, 14 %, 6072 MiB
2026/09/07 23:48:29.577, 0, 16 %, 8375 MiB
2026/09/07 23:48:29.587, 1, 13 %, 6099 MiB
2026/09/07 23:48:30.093, 0, 16 %, 8439 MiB
2026/09/07 23:48:30.095, 1, 13 %, 6057 MiB
2026/09/07 23:48:30.597, 0, 16 %, 8271 MiB
2026/09/07 23:48:30.602, 1, 8 %, 5993 MiB
2026/09/07 23:48:31.103, 0, 13 %, 8309 MiB
2026/09/07 23:48:31.109, 1, 8 %, 6061 MiB
2026/09/07 23:48:31.611, 0, 13 %, 8249 MiB
2026/09/07 23:48:31.613, 1, 9 %, 5325 MiB
2026/09/07 23:48:32.117, 0, 19 %, 8249 MiB
2026/09/07 23:48:32.118, 1, 9 %, 5010 MiB
2026/09/07 23:48:32.619, 0, 2 %, 8413 MiB
2026/09/07 23:48:32.717, 1, 9 %, 5183 MiB
2026/09/07 23:48:33.232, 0, 2 %, 8484 MiB
2026/09/07 23:48:33.233, 1, 4 %, 5201 MiB
2026/09/07 23:48:33.733, 0, 0 %, 8488 MiB
2026/09/07 23:48:33.834, 1, 4 %, 5676 MiB
2026/09/07 23:48:34.475, 0, 0 %, 8401 MiB
2026/09/07 23:48:34.475, 1, 3 %, 6223 MiB
2026/09/07 23:48:34.981, 0, 1 %, 8791 MiB
2026/09/07 23:48:34.983, 1, 3 %, 6144 MiB
2026/09/07 23:48:35.485, 0, 1 %, 8241 MiB
2026/09/07 23:48:35.523, 1, 2 %, 6089 MiB
2026/09/07 23:48:36.029, 0, 9 %, 8416 MiB
2026/09/07 23:48:36.031, 1, 2 %, 5582 MiB
2026/09/07 23:48:36.536, 0, 13 %, 8432 MiB
2026/09/07 23:48:36.541, 1, 2 %, 6074 MiB
2026/09/07 23:48:37.046, 0, 13 %, 8864 MiB
2026/09/07 23:48:37.048, 1, 10 %, 6085 MiB
2026/09/07 23:48:37.551, 0, 12 %, 8964 MiB
2026/09/07 23:48:37.563, 1, 11 %, 5951 MiB
2026/09/07 23:48:38.067, 0, 12 %, 8832 MiB
2026/09/07 23:48:38.068, 1, 11 %, 5746 MiB
2026/09/07 23:48:38.573, 0, 16 %, 8554 MiB
2026/09/07 23:48:38.664, 1, 11 %, 5149 MiB
2026/09/07 23:48:39.309, 0, 0 %, 7899 MiB
2026/09/07 23:48:39.348, 1, 3 %, 4161 MiB
2026/09/07 23:48:39.892, 0, 12 %, 6811 MiB
2026/09/07 23:48:39.897, 1, 3 %, 4173 MiB
2026/09/07 23:48:40.401, 0, 12 %, 7156 MiB
2026/09/07 23:48:40.403, 1, 7 %, 4798 MiB
2026/09/07 23:48:40.908, 0, 11 %, 7077 MiB
2026/09/07 23:48:40.910, 1, 20 %, 5280 MiB
2026/09/07 23:48:41.413, 0, 11 %, 6585 MiB
2026/09/07 23:48:41.416, 1, 20 %, 5280 MiB
2026/09/07 23:48:41.920, 0, 11 %, 6594 MiB
2026/09/07 23:48:42.058, 1, 20 %, 5065 MiB
2026/09/07 23:48:42.565, 0, 2 %, 6677 MiB
2026/09/07 23:48:42.570, 1, 2 %, 5051 MiB
2026/09/07 23:48:43.078, 0, 2 %, 6668 MiB
2026/09/07 23:48:43.144, 1, 2 %, 4547 MiB
2026/09/07 23:48:43.646, 0, 2 %, 6689 MiB
2026/09/07 23:48:43.647, 1, 1 %, 4569 MiB
2026/09/07 23:48:44.149, 0, 7 %, 6871 MiB
2026/09/07 23:48:44.154, 1, 1 %, 4582 MiB
2026/09/07 23:48:44.663, 0, 7 %, 7147 MiB
2026/09/07 23:48:44.666, 1, 28 %, 4662 MiB
2026/09/07 23:48:45.168, 0, 11 %, 7174 MiB
2026/09/07 23:48:45.169, 1, 28 %, 4829 MiB
2026/09/07 23:48:45.678, 0, 11 %, 6728 MiB
2026/09/07 23:48:45.678, 1, 10 %, 5396 MiB
2026/09/07 23:48:46.180, 0, 15 %, 6936 MiB
2026/09/07 23:48:46.300, 1, 0 %, 5396 MiB
2026/09/07 23:48:46.805, 0, 10 %, 6963 MiB
2026/09/07 23:48:46.926, 1, 1 %, 5539 MiB
2026/09/07 23:48:47.569, 0, 10 %, 7113 MiB
2026/09/07 23:48:47.582, 1, 1 %, 5557 MiB
2026/09/07 23:48:48.087, 0, 10 %, 7532 MiB
2026/09/07 23:48:48.172, 1, 11 %, 5559 MiB
2026/09/07 23:48:48.678, 0, 10 %, 7394 MiB
2026/09/07 23:48:48.680, 1, 11 %, 5980 MiB
2026/09/07 23:48:49.190, 0, 6 %, 6856 MiB
2026/09/07 23:48:49.234, 1, 15 %, 6052 MiB
2026/09/07 23:48:49.740, 0, 6 %, 6864 MiB
2026/09/07 23:48:49.868, 1, 15 %, 6052 MiB
2026/09/07 23:48:50.509, 0, 6 %, 7325 MiB
2026/09/07 23:48:50.627, 1, 0 %, 6089 MiB
2026/09/07 23:48:51.138, 0, 0 %, 7318 MiB
2026/09/07 23:48:51.140, 1, 0 %, 6149 MiB
2026/09/07 23:48:51.644, 0, 0 %, 7311 MiB
2026/09/07 23:48:51.652, 1, 0 %, 6219 MiB
2026/09/07 23:48:52.160, 0, 20 %, 7327 MiB
2026/09/07 23:48:52.162, 1, 16 %, 6304 MiB
2026/09/07 23:48:52.665, 0, 20 %, 7334 MiB
2026/09/07 23:48:52.670, 1, 16 %, 6786 MiB
2026/09/07 23:48:53.170, 0, 20 %, 7350 MiB
2026/09/07 23:48:53.177, 1, 17 %, 6786 MiB
2026/09/07 23:48:53.681, 0, 20 %, 7356 MiB
2026/09/07 23:48:53.683, 1, 17 %, 6786 MiB
2026/09/07 23:48:54.187, 0, 19 %, 7385 MiB
2026/09/07 23:48:54.191, 1, 21 %, 6793 MiB
2026/09/07 23:48:54.699, 0, 19 %, 7441 MiB
2026/09/07 23:48:54.699, 1, 21 %, 6805 MiB
2026/09/07 23:48:55.208, 0, 18 %, 7509 MiB
2026/09/07 23:48:55.210, 1, 19 %, 6833 MiB
2026/09/07 23:48:55.714, 0, 18 %, 7500 MiB
2026/09/07 23:48:55.719, 1, 33 %, 6909 MiB
2026/09/07 23:48:56.241, 0, 17 %, 7639 MiB
2026/09/07 23:48:56.245, 1, 33 %, 6921 MiB
2026/09/07 23:48:56.750, 0, 17 %, 7654 MiB
2026/09/07 23:48:56.773, 1, 20 %, 7111 MiB
2026/09/07 23:48:57.279, 0, 15 %, 8148 MiB
2026/09/07 23:48:57.281, 1, 20 %, 7142 MiB
2026/09/07 23:48:57.788, 0, 15 %, 8183 MiB
2026/09/07 23:48:57.790, 1, 23 %, 7654 MiB
2026/09/07 23:48:58.296, 0, 20 %, 8276 MiB
2026/09/07 23:48:58.301, 1, 23 %, 7799 MiB
2026/09/07 23:48:58.807, 0, 18 %, 8283 MiB
2026/09/07 23:48:58.811, 1, 13 %, 7828 MiB
2026/09/07 23:48:59.316, 0, 18 %, 8438 MiB
2026/09/07 23:48:59.321, 1, 13 %, 8333 MiB
2026/09/07 23:48:59.825, 0, 16 %, 8452 MiB
2026/09/07 23:48:59.831, 1, 17 %, 8347 MiB
2026/09/07 23:49:00.332, 0, 16 %, 8960 MiB
2026/09/07 23:49:00.333, 1, 17 %, 8415 MiB
2026/09/07 23:49:00.837, 0, 24 %, 9016 MiB
2026/09/07 23:49:00.848, 1, 23 %, 8477 MiB
2026/09/07 23:49:01.355, 0, 24 %, 9088 MiB
2026/09/07 23:49:01.358, 1, 23 %, 8562 MiB
2026/09/07 23:49:01.867, 0, 23 %, 9152 MiB
2026/09/07 23:49:01.871, 1, 23 %, 9044 MiB
2026/09/07 23:49:02.376, 0, 23 %, 9420 MiB
2026/09/07 23:49:02.380, 1, 23 %, 9044 MiB
2026/09/07 23:49:02.881, 0, 11 %, 9454 MiB
2026/09/07 23:49:02.891, 1, 18 %, 9044 MiB
2026/09/07 23:49:03.410, 0, 11 %, 10419 MiB
2026/09/07 23:49:03.413, 1, 18 %, 9044 MiB
2026/09/07 23:49:03.916, 0, 21 %, 10419 MiB
2026/09/07 23:49:03.920, 1, 27 %, 9044 MiB
2026/09/07 23:49:04.423, 0, 21 %, 10419 MiB
2026/09/07 23:49:04.427, 1, 27 %, 9044 MiB
2026/09/07 23:49:04.932, 0, 25 %, 10419 MiB
2026/09/07 23:49:04.936, 1, 25 %, 9044 MiB
2026/09/07 23:49:05.444, 0, 25 %, 10419 MiB
2026/09/07 23:49:05.448, 1, 25 %, 9044 MiB
2026/09/07 23:49:05.949, 0, 25 %, 10419 MiB
2026/09/07 23:49:05.951, 1, 26 %, 9044 MiB
2026/09/07 23:49:06.458, 0, 25 %, 10419 MiB
2026/09/07 23:49:06.462, 1, 26 %, 9044 MiB
2026/09/07 23:49:06.970, 0, 27 %, 10419 MiB
2026/09/07 23:49:06.974, 1, 27 %, 9044 MiB
2026/09/07 23:49:07.479, 0, 27 %, 10419 MiB
2026/09/07 23:49:07.483, 1, 27 %, 9044 MiB
2026/09/07 23:49:07.989, 0, 27 %, 10419 MiB
2026/09/07 23:49:07.995, 1, 25 %, 9044 MiB
2026/09/07 23:49:08.503, 0, 27 %, 10419 MiB
2026/09/07 23:49:08.507, 1, 25 %, 9044 MiB
2026/09/07 23:49:09.014, 0, 26 %, 10419 MiB
2026/09/07 23:49:09.014, 1, 27 %, 9044 MiB
2026/09/07 23:49:09.521, 0, 26 %, 10419 MiB
2026/09/07 23:49:09.521, 1, 27 %, 9044 MiB
2026/09/07 23:49:10.022, 0, 27 %, 10419 MiB
2026/09/07 23:49:10.026, 1, 25 %, 9044 MiB
2026/09/07 23:49:10.527, 0, 27 %, 10419 MiB
2026/09/07 23:49:10.530, 1, 25 %, 9044 MiB
2026/09/07 23:49:11.036, 0, 25 %, 10419 MiB
2026/09/07 23:49:11.038, 1, 25 %, 9044 MiB
2026/09/07 23:49:11.544, 0, 25 %, 10419 MiB
2026/09/07 23:49:11.549, 1, 25 %, 9044 MiB
2026/09/07 23:49:12.055, 0, 24 %, 10419 MiB
2026/09/07 23:49:12.056, 1, 26 %, 9044 MiB
2026/09/07 23:49:12.556, 0, 24 %, 10419 MiB
2026/09/07 23:49:12.559, 1, 26 %, 9044 MiB
2026/09/07 23:49:13.064, 0, 27 %, 10419 MiB
2026/09/07 23:49:13.065, 1, 26 %, 9044 MiB
2026/09/07 23:49:13.572, 0, 27 %, 10419 MiB
2026/09/07 23:49:13.576, 1, 26 %, 9044 MiB
2026/09/07 23:49:14.083, 0, 26 %, 10419 MiB
2026/09/07 23:49:14.084, 1, 27 %, 9044 MiB
2026/09/07 23:49:14.591, 0, 26 %, 10419 MiB
2026/09/07 23:49:14.595, 1, 27 %, 9044 MiB
2026/09/07 23:49:15.101, 0, 27 %, 10419 MiB
2026/09/07 23:49:15.106, 1, 26 %, 9044 MiB
2026/09/07 23:49:15.613, 0, 27 %, 10285 MiB
2026/09/07 23:49:15.618, 1, 26 %, 9044 MiB
2026/09/07 23:49:16.124, 0, 25 %, 10200 MiB
2026/09/07 23:49:16.128, 1, 23 %, 9044 MiB
2026/09/07 23:49:16.636, 0, 25 %, 9651 MiB
2026/09/07 23:49:16.671, 1, 23 %, 9044 MiB
2026/09/07 23:49:17.179, 0, 26 %, 9651 MiB
2026/09/07 23:49:17.184, 1, 7 %, 9044 MiB
2026/09/07 23:49:17.691, 0, 26 %, 9651 MiB
2026/09/07 23:49:17.696, 1, 7 %, 9044 MiB
2026/09/07 23:49:18.203, 0, 26 %, 9651 MiB
2026/09/07 23:49:18.208, 1, 26 %, 9044 MiB
2026/09/07 23:49:18.715, 0, 26 %, 9651 MiB
2026/09/07 23:49:18.717, 1, 26 %, 9044 MiB
2026/09/07 23:49:19.223, 0, 27 %, 9651 MiB
2026/09/07 23:49:19.223, 1, 24 %, 9044 MiB
2026/09/07 23:49:19.730, 0, 27 %, 9651 MiB
2026/09/07 23:49:19.734, 1, 24 %, 9044 MiB
2026/09/07 23:49:20.238, 0, 27 %, 9651 MiB
2026/09/07 23:49:20.238, 1, 25 %, 9044 MiB
2026/09/07 23:49:20.744, 0, 27 %, 9651 MiB
2026/09/07 23:49:20.748, 1, 25 %, 9044 MiB
2026/09/07 23:49:21.249, 0, 29 %, 9651 MiB
2026/09/07 23:49:21.249, 1, 26 %, 9044 MiB
2026/09/07 23:49:21.753, 0, 29 %, 9651 MiB
2026/09/07 23:49:21.754, 1, 26 %, 9044 MiB
2026/09/07 23:49:22.257, 0, 30 %, 9651 MiB
2026/09/07 23:49:22.258, 1, 24 %, 9044 MiB
2026/09/07 23:49:22.762, 0, 30 %, 9651 MiB
2026/09/07 23:49:22.763, 1, 27 %, 8842 MiB
2026/09/07 23:49:23.267, 0, 24 %, 9651 MiB
2026/09/07 23:49:23.271, 1, 27 %, 8806 MiB
2026/09/07 23:49:23.774, 0, 24 %, 9635 MiB
2026/09/07 23:49:23.774, 1, 17 %, 8291 MiB
2026/09/07 23:49:24.280, 0, 8 %, 9417 MiB
2026/09/07 23:49:24.283, 1, 17 %, 8291 MiB
2026/09/07 23:49:24.789, 0, 8 %, 9375 MiB
2026/09/07 23:49:24.790, 1, 20 %, 8291 MiB
2026/09/07 23:49:25.293, 0, 28 %, 8868 MiB
2026/09/07 23:49:25.294, 1, 20 %, 8291 MiB
2026/09/07 23:49:25.800, 0, 28 %, 8868 MiB
2026/09/07 23:49:25.801, 1, 24 %, 8291 MiB
2026/09/07 23:49:26.302, 0, 32 %, 8868 MiB
2026/09/07 23:49:26.303, 1, 24 %, 8073 MiB
2026/09/07 23:49:26.809, 0, 32 %, 8868 MiB
2026/09/07 23:49:26.811, 1, 21 %, 8051 MiB
2026/09/07 23:49:27.317, 0, 28 %, 8852 MiB
2026/09/07 23:49:27.317, 1, 21 %, 7539 MiB
2026/09/07 23:49:27.818, 0, 27 %, 8852 MiB
2026/09/07 23:49:27.819, 1, 24 %, 7329 MiB
2026/09/07 23:49:28.325, 0, 27 %, 8852 MiB
2026/09/07 23:49:28.326, 1, 24 %, 7301 MiB
2026/09/07 23:49:28.832, 0, 18 %, 8836 MiB
2026/09/07 23:49:28.834, 1, 25 %, 6786 MiB
2026/09/07 23:49:29.340, 0, 18 %, 8836 MiB
2026/09/07 23:49:29.342, 1, 25 %, 6786 MiB
2026/09/07 23:49:29.848, 0, 25 %, 8836 MiB
2026/09/07 23:49:29.848, 1, 27 %, 6786 MiB
2026/09/07 23:49:30.350, 0, 25 %, 8836 MiB
2026/09/07 23:49:30.353, 1, 27 %, 6786 MiB
2026/09/07 23:49:30.857, 0, 24 %, 8836 MiB
2026/09/07 23:49:30.858, 1, 29 %, 6620 MiB
2026/09/07 23:49:31.359, 0, 24 %, 8820 MiB
2026/09/07 23:49:31.362, 1, 29 %, 6532 MiB
2026/09/07 23:49:31.880, 0, 24 %, 8820 MiB
2026/09/07 23:49:31.920, 1, 30 %, 6033 MiB
2026/09/07 23:49:32.424, 0, 24 %, 8820 MiB
2026/09/07 23:49:32.424, 1, 30 %, 6033 MiB
2026/09/07 23:49:32.925, 0, 22 %, 8820 MiB
2026/09/07 23:49:32.928, 1, 29 %, 6033 MiB
2026/09/07 23:49:33.433, 0, 22 %, 8820 MiB
2026/09/07 23:49:33.433, 1, 29 %, 6033 MiB
2026/09/07 23:49:33.934, 0, 23 %, 8820 MiB
2026/09/07 23:49:33.936, 1, 29 %, 6033 MiB
2026/09/07 23:49:34.437, 0, 23 %, 8820 MiB
2026/09/07 23:49:34.437, 1, 29 %, 6033 MiB
2026/09/07 23:49:34.938, 0, 18 %, 8820 MiB
2026/09/07 23:49:34.938, 1, 28 %, 6033 MiB
2026/09/07 23:49:35.438, 0, 18 %, 8820 MiB
2026/09/07 23:49:35.438, 1, 28 %, 6033 MiB
2026/09/07 23:49:35.939, 0, 13 %, 8552 MiB
2026/09/07 23:49:35.939, 1, 21 %, 6033 MiB
2026/09/07 23:49:36.440, 0, 13 %, 8053 MiB
2026/09/07 23:49:36.440, 1, 21 %, 6033 MiB
2026/09/07 23:49:36.940, 0, 18 %, 8053 MiB
2026/09/07 23:49:36.941, 1, 19 %, 6033 MiB
2026/09/07 23:49:37.442, 0, 18 %, 8053 MiB
2026/09/07 23:49:37.442, 1, 19 %, 6033 MiB
2026/09/07 23:49:37.943, 0, 17 %, 8053 MiB
2026/09/07 23:49:37.943, 1, 20 %, 6033 MiB
2026/09/07 23:49:38.443, 0, 17 %, 8053 MiB
2026/09/07 23:49:38.443, 1, 20 %, 6033 MiB
2026/09/07 23:49:38.943, 0, 3 %, 8053 MiB
2026/09/07 23:49:38.943, 1, 21 %, 6033 MiB
2026/09/07 23:49:39.444, 0, 3 %, 8053 MiB
2026/09/07 23:49:39.444, 1, 21 %, 6033 MiB
2026/09/07 23:49:39.944, 0, 4 %, 7785 MiB
2026/09/07 23:49:39.945, 1, 19 %, 6033 MiB
2026/09/07 23:49:40.445, 0, 4 %, 7018 MiB
2026/09/07 23:49:40.445, 1, 19 %, 6033 MiB
2026/09/07 23:49:40.945, 0, 12 %, 6518 MiB
2026/09/07 23:49:40.946, 1, 15 %, 6033 MiB
2026/09/07 23:49:41.446, 0, 12 %, 6251 MiB
2026/09/07 23:49:41.447, 1, 15 %, 6033 MiB
2026/09/07 23:49:41.949, 0, 4 %, 6251 MiB
2026/09/07 23:49:41.949, 1, 8 %, 6033 MiB
2026/09/07 23:49:42.450, 0, 4 %, 5751 MiB
2026/09/07 23:49:42.450, 1, 8 %, 6033 MiB
2026/09/07 23:49:42.950, 0, 4 %, 5483 MiB
2026/09/07 23:49:42.950, 1, 8 %, 6033 MiB
2026/09/07 23:49:43.450, 0, 4 %, 4968 MiB
2026/09/07 23:49:43.451, 1, 8 %, 5780 MiB
2026/09/07 23:49:43.951, 0, 5 %, 4684 MiB
2026/09/07 23:49:43.951, 1, 12 %, 5027 MiB
2026/09/07 23:49:44.451, 0, 5 %, 4185 MiB
2026/09/07 23:49:44.452, 1, 12 %, 4528 MiB
2026/09/07 23:49:44.952, 0, 0 %, 4185 MiB
2026/09/07 23:49:44.952, 1, 10 %, 4528 MiB
2026/09/07 23:49:45.452, 0, 0 %, 4185 MiB
2026/09/07 23:49:45.452, 1, 10 %, 4528 MiB
2026/09/07 23:49:45.952, 0, 0 %, 4185 MiB
2026/09/07 23:49:45.953, 1, 4 %, 4528 MiB
2026/09/07 23:49:46.453, 0, 0 %, 4169 MiB
2026/09/07 23:49:46.453, 1, 4 %, 4274 MiB
2026/09/07 23:49:46.953, 0, 0 %, 4169 MiB
2026/09/07 23:49:46.953, 1, 0 %, 3775 MiB
2026/09/07 23:49:47.453, 0, 0 %, 3885 MiB
2026/09/07 23:49:47.454, 1, 0 %, 3521 MiB
2026/09/07 23:49:47.954, 0, 10 %, 3385 MiB
2026/09/07 23:49:47.954, 1, 0 %, 3022 MiB
2026/09/07 23:49:48.454, 0, 10 %, 3385 MiB
2026/09/07 23:49:48.454, 1, 0 %, 3022 MiB
2026/09/07 23:49:48.954, 0, 0 %, 3385 MiB
2026/09/07 23:49:48.955, 1, 0 %, 3022 MiB
2026/09/07 23:49:49.455, 0, 0 %, 3385 MiB
2026/09/07 23:49:49.455, 1, 0 %, 3022 MiB
2026/09/07 23:49:49.955, 0, 0 %, 3385 MiB
2026/09/07 23:49:49.955, 1, 0 %, 3022 MiB
2026/09/07 23:49:50.455, 0, 0 %, 3385 MiB
2026/09/07 23:49:50.456, 1, 0 %, 3022 MiB
2026/09/07 23:49:50.956, 0, 0 %, 3385 MiB
2026/09/07 23:49:50.956, 1, 0 %, 3022 MiB
2026/09/07 23:49:51.456, 0, 0 %, 2850 MiB
2026/09/07 23:49:51.456, 1, 0 %, 3022 MiB
2026/09/07 23:49:51.956, 0, 0 %, 2850 MiB
2026/09/07 23:49:51.957, 1, 0 %, 3022 MiB
2026/09/07 23:49:52.457, 0, 0 %, 1851 MiB
2026/09/07 23:49:52.457, 1, 0 %, 3022 MiB
2026/09/07 23:49:52.957, 0, 0 %, 1851 MiB
2026/09/07 23:49:52.958, 1, 0 %, 3022 MiB
2026/09/07 23:49:53.458, 0, 0 %, 1851 MiB
2026/09/07 23:49:53.458, 1, 0 %, 3022 MiB
2026/09/07 23:49:53.958, 0, 0 %, 1851 MiB
2026/09/07 23:49:53.958, 1, 0 %, 3022 MiB
2026/09/07 23:49:54.458, 0, 0 %, 1835 MiB
2026/09/07 23:49:54.459, 1, 0 %, 2769 MiB
2026/09/07 23:49:54.959, 0, 0 %, 1819 MiB
2026/09/07 23:49:54.959, 1, 0 %, 2515 MiB
2026/09/07 23:49:55.459, 0, 0 %, 1819 MiB
2026/09/07 23:49:55.459, 1, 0 %, 1517 MiB
2026/09/07 23:49:55.959, 0, 0 %, 1819 MiB
2026/09/07 23:49:55.960, 1, 0 %, 1517 MiB
2026/09/07 23:49:56.460, 0, 0 %, 1819 MiB
2026/09/07 23:49:56.460, 1, 0 %, 1517 MiB
2026/09/07 23:49:56.960, 0, 0 %, 1819 MiB
2026/09/07 23:49:56.960, 1, 0 %, 1517 MiB
2026/09/07 23:49:57.461, 0, 0 %, 1819 MiB
2026/09/07 23:49:57.461, 1, 0 %, 1517 MiB
2026/09/07 23:49:57.961, 0, 0 %, 1819 MiB
2026/09/07 23:49:57.961, 1, 0 %, 1517 MiB
2026/09/07 23:49:58.461, 0, 0 %, 1819 MiB
2026/09/07 23:49:58.462, 1, 0 %, 1517 MiB
2026/09/07 23:49:58.962, 0, 0 %, 1550 MiB
2026/09/07 23:49:58.962, 1, 0 %, 1517 MiB
2026/09/07 23:49:59.462, 0, 0 %, 1550 MiB
2026/09/07 23:49:59.462, 1, 0 %, 1517 MiB
2026/09/07 23:49:59.962, 0, 0 %, 1051 MiB
2026/09/07 23:49:59.963, 1, 0 %, 1517 MiB
2026/09/07 23:50:00.463, 0, 0 %, 1035 MiB
2026/09/07 23:50:00.463, 1, 0 %, 1263 MiB
2026/09/07 23:50:00.963, 0, 0 %, 1035 MiB
2026/09/07 23:50:00.964, 1, 0 %, 1263 MiB
2026/09/07 23:50:01.464, 0, 0 %, 1035 MiB
2026/09/07 23:50:01.465, 1, 0 %, 764 MiB
2026/09/07 23:50:01.965, 0, 0 %, 1035 MiB
2026/09/07 23:50:01.965, 1, 0 %, 764 MiB
2026/09/07 23:50:02.465, 0, 0 %, 1035 MiB
2026/09/07 23:50:02.466, 1, 0 %, 510 MiB
2026/09/07 23:50:02.971, 0, 0 %, 1019 MiB
2026/09/07 23:50:02.971, 1, 0 %, 510 MiB
2026/09/07 23:50:03.471, 0, 0 %, 1017 MiB
2026/09/07 23:50:03.471, 1, 0 %, 9 MiB
2026/09/07 23:50:03.971, 0, 0 %, 1017 MiB
2026/09/07 23:50:03.972, 1, 0 %, 9 MiB
2026/09/07 23:50:04.472, 0, 0 %, 1017 MiB
2026/09/07 23:50:04.472, 1, 0 %, 9 MiB
2026/09/07 23:50:04.972, 0, 0 %, 1017 MiB
2026/09/07 23:50:04.972, 1, 0 %, 9 MiB
2026/09/07 23:50:05.473, 0, 0 %, 1017 MiB
2026/09/07 23:50:05.473, 1, 0 %, 9 MiB
2026/09/07 23:50:05.973, 0, 0 %, 1017 MiB
2026/09/07 23:50:05.973, 1, 0 %, 9 MiB
2026/09/07 23:50:06.473, 0, 0 %, 1017 MiB
2026/09/07 23:50:06.474, 1, 0 %, 9 MiB
2026/09/07 23:50:06.974, 0, 0 %, 1017 MiB
2026/09/07 23:50:06.974, 1, 0 %, 9 MiB
2026/09/07 23:50:07.474, 0, 0 %, 1017 MiB
2026/09/07 23:50:07.474, 1, 0 %, 9 MiB
2026/09/07 23:50:07.974, 0, 0 %, 1017 MiB
2026/09/07 23:50:07.975, 1, 0 %, 9 MiB
2026/09/07 23:50:08.475, 0, 0 %, 1017 MiB
2026/09/07 23:50:08.475, 1, 0 %, 9 MiB
2026/09/07 23:50:08.975, 0, 0 %, 1017 MiB
2026/09/07 23:50:08.975, 1, 0 %, 9 MiB
2026/09/07 23:50:09.476, 0, 0 %, 1017 MiB
2026/09/07 23:50:09.476, 1, 0 %, 9 MiB
2026/09/07 23:50:09.976, 0, 0 %, 1017 MiB
2026/09/07 23:50:09.976, 1, 0 %, 9 MiB
2026/09/07 23:50:10.476, 0, 0 %, 1017 MiB
2026/09/07 23:50:10.477, 1, 0 %, 9 MiB
2026/09/07 23:50:10.977, 0, 0 %, 1017 MiB
2026/09/07 23:50:10.977, 1, 0 %, 9 MiB
2026/09/07 23:50:11.477, 0, 0 %, 1017 MiB
2026/09/07 23:50:11.477, 1, 0 %, 9 MiB
2026/09/07 23:50:11.977, 0, 0 %, 1017 MiB
2026/09/07 23:50:11.977, 1, 0 %, 9 MiB
2026/09/07 23:50:12.478, 0, 0 %, 1017 MiB
2026/09/07 23:50:12.478, 1, 0 %, 9 MiB
2026/09/07 23:50:12.978, 0, 0 %, 1017 MiB
2026/09/07 23:50:12.978, 1, 0 %, 9 MiB
2026/09/07 23:50:13.478, 0, 0 %, 1017 MiB
2026/09/07 23:50:13.479, 1, 0 %, 9 MiB
2026/09/07 23:50:13.979, 0, 0 %, 1017 MiB
2026/09/07 23:50:13.979, 1, 0 %, 9 MiB
2026/09/07 23:50:14.479, 0, 0 %, 1017 MiB
2026/09/07 23:50:14.479, 1, 0 %, 9 MiB
2026/09/07 23:50:14.979, 0, 0 %, 1017 MiB
2026/09/07 23:50:14.980, 1, 0 %, 9 MiB
2026/09/07 23:50:15.480, 0, 0 %, 1017 MiB
2026/09/07 23:50:15.480, 1, 0 %, 9 MiB
2026/09/07 23:50:15.980, 0, 0 %, 1017 MiB
2026/09/07 23:50:15.980, 1, 0 %, 9 MiB
2026/09/07 23:50:16.481, 0, 0 %, 1017 MiB
2026/09/07 23:50:16.481, 1, 0 %, 9 MiB
2026/09/07 23:50:16.981, 0, 0 %, 1017 MiB
2026/09/07 23:50:16.981, 1, 0 %, 9 MiB
2026/09/07 23:50:17.481, 0, 0 %, 1017 MiB
2026/09/07 23:50:17.482, 1, 0 %, 9 MiB
2026/09/07 23:50:17.982, 0, 0 %, 1017 MiB
2026/09/07 23:50:17.982, 1, 0 %, 9 MiB
2026/09/07 23:50:18.482, 0, 0 %, 1017 MiB
2026/09/07 23:50:18.482, 1, 0 %, 9 MiB
2026/09/07 23:50:18.982, 0, 0 %, 1017 MiB
2026/09/07 23:50:18.983, 1, 0 %, 9 MiB
2026/09/07 23:50:19.483, 0, 0 %, 1017 MiB
2026/09/07 23:50:19.483, 1, 0 %, 9 MiB
2026/09/07 23:50:19.983, 0, 0 %, 1017 MiB
2026/09/07 23:50:19.983, 1, 0 %, 9 MiB
2026/09/07 23:50:20.484, 0, 0 %, 1017 MiB
2026/09/07 23:50:20.484, 1, 0 %, 9 MiB
2026/09/07 23:50:20.984, 0, 0 %, 1017 MiB
2026/09/07 23:50:20.984, 1, 0 %, 9 MiB
2026/09/07 23:50:21.484, 0, 0 %, 1017 MiB
2026/09/07 23:50:21.484, 1, 0 %, 9 MiB
2026/09/07 23:50:21.985, 0, 0 %, 1017 MiB
2026/09/07 23:50:21.985, 1, 0 %, 9 MiB
2026/09/07 23:50:22.485, 0, 0 %, 1017 MiB
2026/09/07 23:50:22.485, 1, 0 %, 9 MiB
2026/09/07 23:50:22.985, 0, 0 %, 1017 MiB
2026/09/07 23:50:22.986, 1, 0 %, 9 MiB
2026/09/07 23:50:23.486, 0, 0 %, 1017 MiB
2026/09/07 23:50:23.486, 1, 0 %, 9 MiB
2026/09/07 23:50:23.986, 0, 0 %, 1017 MiB
2026/09/07 23:50:23.986, 1, 0 %, 9 MiB
2026/09/07 23:50:24.487, 0, 0 %, 1017 MiB
2026/09/07 23:50:24.487, 1, 0 %, 9 MiB
2026/09/07 23:50:24.987, 0, 0 %, 1017 MiB
2026/09/07 23:50:24.987, 1, 0 %, 9 MiB
2026/09/07 23:50:25.487, 0, 0 %, 1017 MiB
2026/09/07 23:50:25.488, 1, 0 %, 9 MiB
2026/09/07 23:50:25.988, 0, 0 %, 1017 MiB
2026/09/07 23:50:25.988, 1, 0 %, 9 MiB
2026/09/07 23:50:26.488, 0, 0 %, 1017 MiB
2026/09/07 23:50:26.488, 1, 0 %, 9 MiB
2026/09/07 23:50:26.989, 0, 0 %, 1017 MiB
2026/09/07 23:50:26.989, 1, 0 %, 9 MiB
2026/09/07 23:50:27.489, 0, 0 %, 1017 MiB
2026/09/07 23:50:27.489, 1, 0 %, 9 MiB
2026/09/07 23:50:27.989, 0, 0 %, 1017 MiB
2026/09/07 23:50:27.990, 1, 0 %, 9 MiB
2026/09/07 23:50:28.490, 0, 0 %, 1017 MiB
2026/09/07 23:50:28.490, 1, 0 %, 9 MiB
2026/09/07 23:50:28.990, 0, 0 %, 1017 MiB
2026/09/07 23:50:28.991, 1, 0 %, 9 MiB
2026/09/07 23:50:29.491, 0, 0 %, 1017 MiB
2026/09/07 23:50:29.491, 1, 0 %, 9 MiB
2026/09/07 23:50:29.991, 0, 0 %, 1017 MiB
2026/09/07 23:50:29.991, 1, 0 %, 9 MiB
2026/09/07 23:50:30.491, 0, 0 %, 1017 MiB
2026/09/07 23:50:30.538, 1, 0 %, 9 MiB
2026/09/07 23:50:31.043, 0, 0 %, 1017 MiB
2026/09/07 23:50:31.143, 1, 0 %, 9 MiB
2026/09/07 23:50:31.647, 0, 0 %, 1017 MiB
2026/09/07 23:50:31.690, 1, 0 %, 9 MiB
2026/09/07 23:50:32.194, 0, 0 %, 1017 MiB
2026/09/07 23:50:32.309, 1, 0 %, 9 MiB
2026/09/07 23:50:32.810, 0, 0 %, 1017 MiB
2026/09/07 23:50:33.026, 1, 0 %, 9 MiB
2026/09/07 23:50:33.529, 0, 0 %, 1017 MiB
2026/09/07 23:50:33.635, 1, 0 %, 9 MiB
2026/09/07 23:50:34.138, 0, 0 %, 1017 MiB
2026/09/07 23:50:34.139, 1, 0 %, 9 MiB
2026/09/07 23:50:34.640, 0, 0 %, 1017 MiB
2026/09/07 23:50:34.687, 1, 0 %, 9 MiB
2026/09/07 23:50:35.188, 0, 0 %, 1017 MiB
2026/09/07 23:50:35.196, 1, 0 %, 9 MiB
2026/09/07 23:50:35.698, 0, 0 %, 1017 MiB
2026/09/07 23:50:35.709, 1, 0 %, 9 MiB
2026/09/07 23:50:36.212, 0, 0 %, 1017 MiB
2026/09/07 23:50:36.536, 1, 0 %, 9 MiB
2026/09/07 23:50:37.386, 0, 0 %, 1017 MiB
2026/09/07 23:50:37.495, 1, 0 %, 9 MiB
2026/09/07 23:50:37.997, 0, 0 %, 1017 MiB
2026/09/07 23:50:37.997, 1, 0 %, 9 MiB
2026/09/07 23:50:38.497, 0, 0 %, 1081 MiB
2026/09/07 23:50:38.497, 1, 0 %, 9 MiB
2026/09/07 23:50:38.998, 0, 1 %, 1060 MiB
2026/09/07 23:50:38.998, 1, 0 %, 9 MiB
2026/09/07 23:50:39.499, 0, 1 %, 1183 MiB
2026/09/07 23:50:39.501, 1, 0 %, 100 MiB
2026/09/07 23:50:40.002, 0, 11 %, 1334 MiB
2026/09/07 23:50:40.004, 1, 0 %, 172 MiB
2026/09/07 23:50:40.505, 0, 11 %, 1552 MiB
2026/09/07 23:50:40.506, 1, 0 %, 240 MiB
2026/09/07 23:50:41.008, 0, 4 %, 1766 MiB
2026/09/07 23:50:41.019, 1, 1 %, 533 MiB
2026/09/07 23:50:41.520, 0, 4 %, 1962 MiB
2026/09/07 23:50:41.526, 1, 1 %, 550 MiB
2026/09/07 23:50:42.028, 0, 4 %, 3379 MiB
2026/09/07 23:50:42.028, 1, 7 %, 1522 MiB
2026/09/07 23:50:42.529, 0, 4 %, 3428 MiB
2026/09/07 23:50:42.530, 1, 7 %, 1567 MiB
2026/09/07 23:50:43.032, 0, 6 %, 3541 MiB
2026/09/07 23:50:43.037, 1, 3 %, 1617 MiB
2026/09/07 23:50:43.538, 0, 6 %, 3629 MiB
2026/09/07 23:50:43.545, 1, 3 %, 1700 MiB
2026/09/07 23:50:44.046, 0, 4 %, 3777 MiB
2026/09/07 23:50:44.047, 1, 17 %, 1953 MiB
2026/09/07 23:50:44.552, 0, 4 %, 3996 MiB
2026/09/07 23:50:44.558, 1, 17 %, 2663 MiB
2026/09/07 23:50:45.063, 0, 15 %, 4750 MiB
2026/09/07 23:50:45.065, 1, 19 %, 3284 MiB
2026/09/07 23:50:45.569, 0, 15 %, 5254 MiB
2026/09/07 23:50:45.573, 1, 19 %, 3616 MiB
2026/09/07 23:50:46.078, 0, 8 %, 5354 MiB
2026/09/07 23:50:46.081, 1, 6 %, 3779 MiB
2026/09/07 23:50:46.587, 0, 8 %, 6749 MiB
2026/09/07 23:50:46.593, 1, 6 %, 4472 MiB
2026/09/07 23:50:47.099, 0, 15 %, 7285 MiB
2026/09/07 23:50:47.099, 1, 23 %, 6031 MiB
2026/09/07 23:50:47.601, 0, 15 %, 7285 MiB
2026/09/07 23:50:47.602, 1, 23 %, 6031 MiB
2026/09/07 23:50:48.103, 0, 28 %, 7285 MiB
2026/09/07 23:50:48.104, 1, 25 %, 6031 MiB
2026/09/07 23:50:48.605, 0, 28 %, 7285 MiB
2026/09/07 23:50:48.606, 1, 25 %, 6031 MiB
2026/09/07 23:50:49.110, 0, 26 %, 7285 MiB
2026/09/07 23:50:49.110, 1, 27 %, 6031 MiB
2026/09/07 23:50:49.612, 0, 26 %, 7285 MiB
2026/09/07 23:50:49.613, 1, 27 %, 6031 MiB
2026/09/07 23:50:50.114, 0, 28 %, 7285 MiB
2026/09/07 23:50:50.115, 1, 22 %, 6031 MiB
2026/09/07 23:50:50.615, 0, 28 %, 7285 MiB
2026/09/07 23:50:50.615, 1, 22 %, 6031 MiB
2026/09/07 23:50:51.115, 0, 20 %, 7285 MiB
2026/09/07 23:50:51.116, 1, 20 %, 6031 MiB
2026/09/07 23:50:51.618, 0, 20 %, 7285 MiB
2026/09/07 23:50:51.618, 1, 20 %, 6031 MiB
2026/09/07 23:50:52.118, 0, 19 %, 7285 MiB
2026/09/07 23:50:52.119, 1, 16 %, 6031 MiB
2026/09/07 23:50:52.620, 0, 19 %, 7285 MiB
2026/09/07 23:50:52.620, 1, 16 %, 6031 MiB
2026/09/07 23:50:53.120, 0, 15 %, 7285 MiB
2026/09/07 23:50:53.121, 1, 19 %, 6031 MiB
2026/09/07 23:50:53.622, 0, 15 %, 7285 MiB
2026/09/07 23:50:53.622, 1, 19 %, 6031 MiB
2026/09/07 23:50:54.123, 0, 22 %, 7285 MiB
2026/09/07 23:50:54.123, 1, 30 %, 6031 MiB
2026/09/07 23:50:54.624, 0, 22 %, 7285 MiB
2026/09/07 23:50:54.624, 1, 30 %, 6031 MiB
2026/09/07 23:50:55.127, 0, 26 %, 7285 MiB
2026/09/07 23:50:55.128, 1, 27 %, 6031 MiB
2026/09/07 23:50:55.628, 0, 26 %, 7285 MiB
2026/09/07 23:50:55.630, 1, 27 %, 6031 MiB
2026/09/07 23:50:56.133, 0, 28 %, 7285 MiB
2026/09/07 23:50:56.134, 1, 25 %, 6031 MiB
2026/09/07 23:50:56.636, 0, 28 %, 7285 MiB
2026/09/07 23:50:56.637, 1, 25 %, 6031 MiB
2026/09/07 23:50:57.138, 0, 31 %, 7285 MiB
2026/09/07 23:50:57.138, 1, 23 %, 6031 MiB
2026/09/07 23:50:57.639, 0, 31 %, 7285 MiB
2026/09/07 23:50:57.639, 1, 23 %, 6031 MiB
2026/09/07 23:50:58.140, 0, 25 %, 7285 MiB
2026/09/07 23:50:58.140, 1, 25 %, 6031 MiB
2026/09/07 23:50:58.642, 0, 25 %, 7285 MiB
2026/09/07 23:50:58.643, 1, 25 %, 6031 MiB
2026/09/07 23:50:59.143, 0, 19 %, 7285 MiB
2026/09/07 23:50:59.143, 1, 27 %, 6031 MiB
2026/09/07 23:50:59.644, 0, 19 %, 7285 MiB
2026/09/07 23:50:59.644, 1, 27 %, 6031 MiB
2026/09/07 23:51:00.144, 0, 21 %, 7285 MiB
2026/09/07 23:51:00.145, 1, 21 %, 6031 MiB
2026/09/07 23:51:00.645, 0, 21 %, 7285 MiB
2026/09/07 23:51:00.646, 1, 21 %, 6031 MiB
2026/09/07 23:51:01.146, 0, 16 %, 7285 MiB
2026/09/07 23:51:01.146, 1, 22 %, 6031 MiB
2026/09/07 23:51:01.646, 0, 16 %, 7285 MiB
2026/09/07 23:51:01.647, 1, 22 %, 6031 MiB
2026/09/07 23:51:02.147, 0, 8 %, 7285 MiB
2026/09/07 23:51:02.147, 1, 16 %, 6031 MiB
2026/09/07 23:51:02.648, 0, 8 %, 7285 MiB
2026/09/07 23:51:02.648, 1, 16 %, 6031 MiB
2026/09/07 23:51:03.148, 0, 10 %, 7285 MiB
2026/09/07 23:51:03.148, 1, 9 %, 6031 MiB
2026/09/07 23:51:03.649, 0, 10 %, 7269 MiB
2026/09/07 23:51:03.650, 1, 9 %, 5778 MiB
2026/09/07 23:51:04.152, 0, 9 %, 7046 MiB
2026/09/07 23:51:04.152, 1, 5 %, 5778 MiB
2026/09/07 23:51:04.652, 0, 9 %, 7001 MiB
2026/09/07 23:51:04.653, 1, 5 %, 5278 MiB
2026/09/07 23:51:05.153, 0, 6 %, 6502 MiB
2026/09/07 23:51:05.153, 1, 5 %, 5278 MiB
2026/09/07 23:51:05.653, 0, 6 %, 6502 MiB
2026/09/07 23:51:05.653, 1, 5 %, 5278 MiB
2026/09/07 23:51:06.154, 0, 6 %, 6502 MiB
2026/09/07 23:51:06.154, 1, 6 %, 5278 MiB
2026/09/07 23:51:06.654, 0, 6 %, 6234 MiB
2026/09/07 23:51:06.654, 1, 6 %, 5278 MiB
2026/09/07 23:51:07.154, 0, 6 %, 5734 MiB
2026/09/07 23:51:07.185, 1, 4 %, 5278 MiB
2026/09/07 23:51:07.687, 0, 6 %, 5734 MiB
2026/09/07 23:51:07.687, 1, 4 %, 5278 MiB
2026/09/07 23:51:08.187, 0, 6 %, 5734 MiB
2026/09/07 23:51:08.188, 1, 4 %, 5278 MiB
2026/09/07 23:51:08.688, 0, 6 %, 5734 MiB
2026/09/07 23:51:08.688, 1, 4 %, 5278 MiB
2026/09/07 23:51:09.188, 0, 6 %, 5734 MiB
2026/09/07 23:51:09.189, 1, 4 %, 5278 MiB
2026/09/07 23:51:09.689, 0, 7 %, 5718 MiB
2026/09/07 23:51:09.689, 1, 4 %, 5025 MiB
2026/09/07 23:51:10.190, 0, 7 %, 5718 MiB
2026/09/07 23:51:10.190, 1, 10 %, 4525 MiB
2026/09/07 23:51:10.690, 0, 6 %, 5434 MiB
2026/09/07 23:51:10.691, 1, 10 %, 4272 MiB
2026/09/07 23:51:11.191, 0, 6 %, 4935 MiB
2026/09/07 23:51:11.191, 1, 4 %, 3773 MiB
2026/09/07 23:51:11.691, 0, 5 %, 4667 MiB
2026/09/07 23:51:11.691, 1, 4 %, 3773 MiB
2026/09/07 23:51:12.191, 0, 5 %, 4168 MiB
2026/09/07 23:51:12.192, 1, 2 %, 3773 MiB
2026/09/07 23:51:12.692, 0, 4 %, 3900 MiB
2026/09/07 23:51:12.692, 1, 2 %, 3773 MiB
2026/09/07 23:51:13.192, 0, 4 %, 3401 MiB
2026/09/07 23:51:13.192, 1, 2 %, 3773 MiB
2026/09/07 23:51:13.692, 0, 4 %, 3385 MiB
2026/09/07 23:51:13.693, 1, 2 %, 3519 MiB
2026/09/07 23:51:14.193, 0, 4 %, 3369 MiB
2026/09/07 23:51:14.193, 1, 11 %, 2767 MiB
2026/09/07 23:51:14.693, 0, 5 %, 3369 MiB
2026/09/07 23:51:14.694, 1, 11 %, 2267 MiB
2026/09/07 23:51:15.194, 0, 5 %, 3369 MiB
2026/09/07 23:51:15.251, 1, 0 %, 2267 MiB
2026/09/07 23:51:15.890, 0, 5 %, 3353 MiB
2026/09/07 23:51:15.890, 1, 4 %, 2014 MiB
2026/09/07 23:51:16.391, 0, 5 %, 3353 MiB
2026/09/07 23:51:16.405, 1, 0 %, 1514 MiB
2026/09/07 23:51:16.905, 0, 1 %, 3353 MiB
2026/09/07 23:51:16.906, 1, 0 %, 1514 MiB
2026/09/07 23:51:17.406, 0, 1 %, 3353 MiB
2026/09/07 23:51:17.406, 1, 0 %, 1514 MiB
2026/09/07 23:51:17.906, 0, 2 %, 3362 MiB
2026/09/07 23:51:17.907, 1, 0 %, 1514 MiB
2026/09/07 23:51:18.408, 0, 2 %, 3369 MiB
2026/09/07 23:51:18.409, 1, 0 %, 1519 MiB
2026/09/07 23:51:18.910, 0, 2 %, 3384 MiB
2026/09/07 23:51:18.910, 1, 0 %, 1562 MiB
2026/09/07 23:51:19.411, 0, 2 %, 3385 MiB
2026/09/07 23:51:19.411, 1, 0 %, 1785 MiB
2026/09/07 23:51:19.911, 0, 3 %, 3435 MiB
2026/09/07 23:51:19.912, 1, 0 %, 2267 MiB
2026/09/07 23:51:20.412, 0, 3 %, 3573 MiB
2026/09/07 23:51:20.412, 1, 6 %, 2267 MiB
2026/09/07 23:51:20.912, 0, 0 %, 4136 MiB
2026/09/07 23:51:20.914, 1, 6 %, 2041 MiB
2026/09/07 23:51:21.416, 0, 0 %, 4120 MiB
2026/09/07 23:51:21.416, 1, 4 %, 2014 MiB
2026/09/07 23:51:21.916, 0, 6 %, 4120 MiB
2026/09/07 23:51:21.916, 1, 4 %, 1514 MiB
2026/09/07 23:51:22.416, 0, 3 %, 4120 MiB
2026/09/07 23:51:22.539, 1, 2 %, 1514 MiB
2026/09/07 23:51:23.187, 0, 3 %, 4120 MiB
2026/09/07 23:51:23.321, 1, 2 %, 1514 MiB
2026/09/07 23:51:23.823, 0, 0 %, 3918 MiB
2026/09/07 23:51:23.823, 1, 0 %, 1514 MiB
2026/09/07 23:51:24.324, 0, 0 %, 3852 MiB
2026/09/07 23:51:24.368, 1, 0 %, 1514 MiB
2026/09/07 23:51:24.868, 0, 0 %, 3852 MiB
2026/09/07 23:51:24.994, 1, 0 %, 1514 MiB
2026/09/07 23:51:25.501, 0, 1 %, 3353 MiB
2026/09/07 23:51:25.501, 1, 0 %, 1514 MiB
2026/09/07 23:51:26.001, 0, 1 %, 3362 MiB
2026/09/07 23:51:26.002, 1, 2 %, 1261 MiB
2026/09/07 23:51:26.502, 0, 1 %, 3353 MiB
2026/09/07 23:51:26.609, 1, 0 %, 1269 MiB
2026/09/07 23:51:27.249, 0, 0 %, 3362 MiB
2026/09/07 23:51:27.334, 1, 9 %, 781 MiB
2026/09/07 23:51:27.973, 0, 0 %, 3419 MiB
2026/09/07 23:51:27.974, 1, 2 %, 809 MiB
2026/09/07 23:51:28.474, 0, 5 %, 3523 MiB
2026/09/07 23:51:28.474, 1, 2 %, 895 MiB
2026/09/07 23:51:28.978, 0, 5 %, 4132 MiB
2026/09/07 23:51:28.978, 1, 14 %, 1570 MiB
2026/09/07 23:51:29.479, 0, 17 %, 4286 MiB
2026/09/07 23:51:29.483, 1, 14 %, 1700 MiB
2026/09/07 23:51:29.984, 0, 17 %, 4153 MiB
2026/09/07 23:51:29.985, 1, 10 %, 2267 MiB
2026/09/07 23:51:30.487, 0, 5 %, 4152 MiB
2026/09/07 23:51:30.520, 1, 10 %, 2267 MiB
2026/09/07 23:51:31.022, 0, 5 %, 4179 MiB
2026/09/07 23:51:31.157, 1, 16 %, 2323 MiB
2026/09/07 23:51:31.801, 0, 0 %, 4214 MiB
2026/09/07 23:51:31.927, 1, 16 %, 2391 MiB
2026/09/07 23:51:32.569, 0, 0 %, 4218 MiB
2026/09/07 23:51:32.569, 1, 16 %, 2453 MiB
2026/09/07 23:51:33.069, 0, 0 %, 4286 MiB
2026/09/07 23:51:33.070, 1, 8 %, 3020 MiB
2026/09/07 23:51:33.571, 0, 27 %, 4919 MiB
2026/09/07 23:51:33.571, 1, 8 %, 3020 MiB
2026/09/07 23:51:34.071, 0, 27 %, 4651 MiB
2026/09/07 23:51:34.072, 1, 21 %, 3020 MiB
2026/09/07 23:51:34.572, 0, 20 %, 4152 MiB
2026/09/07 23:51:34.583, 1, 21 %, 3020 MiB
2026/09/07 23:51:35.085, 0, 20 %, 4168 MiB
2026/09/07 23:51:35.085, 1, 8 %, 3027 MiB
2026/09/07 23:51:35.586, 0, 15 %, 4230 MiB
2026/09/07 23:51:35.586, 1, 8 %, 3076 MiB
2026/09/07 23:51:36.086, 0, 0 %, 4234 MiB
2026/09/07 23:51:36.160, 1, 1 %, 3143 MiB
2026/09/07 23:51:36.805, 0, 0 %, 4302 MiB
2026/09/07 23:51:36.805, 1, 10 %, 3773 MiB
2026/09/07 23:51:37.305, 0, 32 %, 4935 MiB
2026/09/07 23:51:37.306, 1, 10 %, 3773 MiB
2026/09/07 23:51:37.809, 0, 32 %, 4935 MiB
2026/09/07 23:51:37.809, 1, 12 %, 3773 MiB
2026/09/07 23:51:38.309, 0, 19 %, 4935 MiB
2026/09/07 23:51:38.310, 1, 12 %, 3773 MiB
2026/09/07 23:51:38.810, 0, 19 %, 4935 MiB
2026/09/07 23:51:38.810, 1, 15 %, 3773 MiB
2026/09/07 23:51:39.310, 0, 17 %, 4951 MiB
2026/09/07 23:51:39.311, 1, 15 %, 3820 MiB
2026/09/07 23:51:39.811, 0, 17 %, 4951 MiB
2026/09/07 23:51:39.812, 1, 13 %, 3864 MiB
2026/09/07 23:51:40.313, 0, 14 %, 4951 MiB
2026/09/07 23:51:40.314, 1, 13 %, 4526 MiB
2026/09/07 23:51:40.814, 0, 14 %, 4951 MiB
2026/09/07 23:51:40.815, 1, 16 %, 4526 MiB
2026/09/07 23:51:41.315, 0, 22 %, 4935 MiB
2026/09/07 23:51:41.315, 1, 16 %, 4272 MiB
2026/09/07 23:51:41.816, 0, 22 %, 4935 MiB
2026/09/07 23:51:41.816, 1, 15 %, 4272 MiB
2026/09/07 23:51:42.316, 0, 7 %, 4935 MiB
2026/09/07 23:51:42.317, 1, 15 %, 3773 MiB
2026/09/07 23:51:42.817, 0, 7 %, 4935 MiB
2026/09/07 23:51:42.892, 1, 14 %, 3773 MiB
2026/09/07 23:51:43.532, 0, 1 %, 4935 MiB
2026/09/07 23:51:43.667, 1, 0 %, 3773 MiB
2026/09/07 23:51:44.168, 0, 1 %, 4935 MiB
2026/09/07 23:51:44.169, 1, 0 %, 3773 MiB
2026/09/07 23:51:44.669, 0, 6 %, 4935 MiB
2026/09/07 23:51:44.669, 1, 16 %, 3773 MiB
2026/09/07 23:51:45.170, 0, 6 %, 4935 MiB
2026/09/07 23:51:45.170, 1, 16 %, 3773 MiB
2026/09/07 23:51:45.670, 0, 6 %, 4951 MiB
2026/09/07 23:51:45.670, 1, 1 %, 3773 MiB
2026/09/07 23:51:46.170, 0, 6 %, 4957 MiB
2026/09/07 23:51:46.171, 1, 1 %, 3519 MiB
2026/09/07 23:51:46.671, 0, 0 %, 5001 MiB
2026/09/07 23:51:46.672, 1, 4 %, 3076 MiB
2026/09/07 23:51:47.172, 0, 0 %, 5632 MiB
2026/09/07 23:51:47.172, 1, 4 %, 3143 MiB
2026/09/07 23:51:47.672, 0, 3 %, 5702 MiB
2026/09/07 23:51:47.672, 1, 1 %, 3773 MiB
2026/09/07 23:51:48.173, 0, 3 %, 5702 MiB
2026/09/07 23:51:48.173, 1, 1 %, 3773 MiB
2026/09/07 23:51:48.673, 0, 1 %, 5702 MiB
2026/09/07 23:51:48.673, 1, 1 %, 3773 MiB
2026/09/07 23:51:49.173, 0, 1 %, 5702 MiB
2026/09/07 23:51:49.253, 1, 1 %, 3773 MiB
2026/09/07 23:51:49.754, 0, 1 %, 5268 MiB
2026/09/07 23:51:49.794, 1, 1 %, 3773 MiB
2026/09/07 23:51:50.434, 0, 1 %, 4667 MiB
2026/09/07 23:51:50.448, 1, 1 %, 3773 MiB
2026/09/07 23:51:50.984, 0, 1 %, 3900 MiB
2026/09/07 23:51:50.984, 1, 1 %, 3773 MiB
2026/09/07 23:51:51.485, 0, 3 %, 3401 MiB
2026/09/07 23:51:51.485, 1, 4 %, 3773 MiB
2026/09/07 23:51:51.985, 0, 3 %, 3401 MiB
2026/09/07 23:51:51.985, 1, 4 %, 3773 MiB
2026/09/07 23:51:52.486, 0, 3 %, 3401 MiB
2026/09/07 23:51:52.486, 1, 4 %, 3773 MiB
2026/09/07 23:51:52.986, 0, 3 %, 3483 MiB
2026/09/07 23:51:52.986, 1, 4 %, 3773 MiB
2026/09/07 23:51:53.486, 0, 3 %, 3551 MiB
2026/09/07 23:51:53.486, 1, 6 %, 3828 MiB
2026/09/07 23:51:53.987, 0, 3 %, 4184 MiB
2026/09/07 23:51:53.987, 1, 6 %, 3958 MiB
2026/09/07 23:51:54.487, 0, 3 %, 4184 MiB
2026/09/07 23:51:54.487, 1, 3 %, 4526 MiB
2026/09/07 23:51:54.987, 0, 3 %, 4168 MiB
2026/09/07 23:51:54.988, 1, 3 %, 4272 MiB
2026/09/07 23:51:55.488, 0, 4 %, 4168 MiB
2026/09/07 23:51:55.506, 1, 4 %, 3773 MiB
2026/09/07 23:51:56.006, 0, 4 %, 4168 MiB
2026/09/07 23:51:56.006, 1, 4 %, 3773 MiB
2026/09/07 23:51:56.507, 0, 0 %, 4168 MiB
2026/09/07 23:51:56.620, 1, 0 %, 3773 MiB
2026/09/07 23:51:57.265, 0, 0 %, 3950 MiB
2026/09/07 23:51:57.301, 1, 0 %, 3551 MiB
2026/09/07 23:51:57.939, 0, 2 %, 3385 MiB
2026/09/07 23:51:57.939, 1, 4 %, 3519 MiB
2026/09/07 23:51:58.439, 0, 2 %, 3385 MiB
2026/09/07 23:51:58.439, 1, 4 %, 3020 MiB
2026/09/07 23:51:58.940, 0, 1 %, 3385 MiB
2026/09/07 23:51:58.940, 1, 1 %, 3020 MiB
2026/09/07 23:51:59.440, 0, 1 %, 3385 MiB
2026/09/07 23:51:59.440, 1, 1 %, 3020 MiB
2026/09/07 23:51:59.940, 0, 1 %, 3443 MiB
2026/09/07 23:51:59.941, 1, 2 %, 3020 MiB
2026/09/07 23:52:00.441, 0, 1 %, 3467 MiB
2026/09/07 23:52:00.541, 1, 2 %, 3076 MiB
2026/09/07 23:52:01.186, 0, 1 %, 3535 MiB
2026/09/07 23:52:01.225, 1, 1 %, 3111 MiB
2026/09/07 23:52:01.866, 0, 1 %, 3605 MiB
2026/09/07 23:52:01.867, 1, 1 %, 3213 MiB
2026/09/07 23:52:02.368, 0, 5 %, 3900 MiB
2026/09/07 23:52:02.368, 1, 7 %, 3773 MiB
2026/09/07 23:52:02.868, 0, 5 %, 3401 MiB
2026/09/07 23:52:02.868, 1, 7 %, 3773 MiB
2026/09/07 23:52:03.369, 0, 2 %, 3385 MiB
2026/09/07 23:52:03.369, 1, 9 %, 3519 MiB
2026/09/07 23:52:03.869, 0, 2 %, 3385 MiB
2026/09/07 23:52:03.869, 1, 9 %, 3020 MiB
2026/09/07 23:52:04.369, 0, 3 %, 3451 MiB
2026/09/07 23:52:04.484, 1, 7 %, 3020 MiB
2026/09/07 23:52:05.124, 0, 3 %, 3535 MiB
2026/09/07 23:52:05.126, 1, 7 %, 3024 MiB
2026/09/07 23:52:05.627, 0, 3 %, 4168 MiB
2026/09/07 23:52:05.627, 1, 6 %, 3076 MiB
2026/09/07 23:52:06.127, 0, 2 %, 4168 MiB
2026/09/07 23:52:06.129, 1, 6 %, 3290 MiB
2026/09/07 23:52:06.633, 0, 2 %, 4168 MiB
2026/09/07 23:52:06.633, 1, 11 %, 3773 MiB
2026/09/07 23:52:07.133, 0, 2 %, 4168 MiB
2026/09/07 23:52:07.133, 1, 11 %, 3773 MiB
2026/09/07 23:52:07.633, 0, 2 %, 4184 MiB
2026/09/07 23:52:07.634, 1, 8 %, 3773 MiB
2026/09/07 23:52:08.134, 0, 3 %, 4234 MiB
2026/09/07 23:52:08.134, 1, 8 %, 3773 MiB
2026/09/07 23:52:08.635, 0, 3 %, 4453 MiB
2026/09/07 23:52:08.635, 1, 7 %, 3773 MiB
2026/09/07 23:52:09.135, 0, 9 %, 4935 MiB
2026/09/07 23:52:09.135, 1, 7 %, 3773 MiB
2026/09/07 23:52:09.636, 0, 9 %, 4935 MiB
2026/09/07 23:52:09.649, 1, 7 %, 3773 MiB
2026/09/07 23:52:10.291, 0, 1 %, 4935 MiB
2026/09/07 23:52:10.292, 1, 0 %, 3773 MiB
2026/09/07 23:52:10.930, 0, 1 %, 4935 MiB
2026/09/07 23:52:10.930, 1, 0 %, 3773 MiB
2026/09/07 23:52:11.430, 0, 5 %, 4935 MiB
2026/09/07 23:52:11.431, 1, 0 %, 3773 MiB
2026/09/07 23:52:11.931, 0, 5 %, 4935 MiB
2026/09/07 23:52:11.988, 1, 3 %, 3773 MiB
2026/09/07 23:52:12.625, 0, 5 %, 4935 MiB
2026/09/07 23:52:12.626, 1, 3 %, 3773 MiB
2026/09/07 23:52:13.274, 0, 1 %, 4951 MiB
2026/09/07 23:52:13.275, 1, 3 %, 3773 MiB
2026/09/07 23:52:13.775, 0, 1 %, 4960 MiB
2026/09/07 23:52:13.775, 1, 2 %, 3781 MiB
2026/09/07 23:52:14.276, 0, 8 %, 4988 MiB
2026/09/07 23:52:14.276, 1, 2 %, 3092 MiB
2026/09/07 23:52:14.776, 0, 8 %, 5037 MiB
2026/09/07 23:52:14.778, 1, 3 %, 2783 MiB
2026/09/07 23:52:15.278, 0, 7 %, 5107 MiB
2026/09/07 23:52:15.332, 1, 3 %, 1785 MiB
2026/09/07 23:52:15.836, 0, 7 %, 5188 MiB
2026/09/07 23:52:15.935, 1, 3 %, 2199 MiB
2026/09/07 23:52:16.575, 0, 7 %, 5630 MiB
2026/09/07 23:52:16.576, 1, 3 %, 2267 MiB
2026/09/07 23:52:17.076, 0, 14 %, 5696 MiB
2026/09/07 23:52:17.077, 1, 4 %, 2267 MiB
2026/09/07 23:52:17.578, 0, 14 %, 5752 MiB
2026/09/07 23:52:17.578, 1, 4 %, 2323 MiB
2026/09/07 23:52:18.078, 0, 17 %, 5820 MiB
2026/09/07 23:52:18.078, 1, 4 %, 2391 MiB
2026/09/07 23:52:18.579, 0, 17 %, 5971 MiB
2026/09/07 23:52:18.710, 1, 1 %, 2538 MiB
2026/09/07 23:52:19.356, 0, 1 %, 6470 MiB
2026/09/07 23:52:19.356, 1, 1 %, 3020 MiB
2026/09/07 23:52:19.857, 0, 1 %, 6470 MiB
2026/09/07 23:52:19.857, 1, 1 %, 3020 MiB
2026/09/07 23:52:20.357, 0, 13 %, 6536 MiB
2026/09/07 23:52:20.357, 1, 6 %, 3076 MiB
2026/09/07 23:52:20.858, 0, 13 %, 6604 MiB
2026/09/07 23:52:20.858, 1, 6 %, 3143 MiB
2026/09/07 23:52:21.358, 0, 10 %, 7237 MiB
2026/09/07 23:52:21.358, 1, 7 %, 3773 MiB
2026/09/07 23:52:21.858, 0, 10 %, 7237 MiB
2026/09/07 23:52:21.859, 1, 7 %, 3773 MiB
2026/09/07 23:52:22.359, 0, 12 %, 7253 MiB
2026/09/07 23:52:22.359, 1, 9 %, 3828 MiB
2026/09/07 23:52:22.859, 0, 12 %, 7253 MiB
2026/09/07 23:52:22.860, 1, 9 %, 3896 MiB
2026/09/07 23:52:23.360, 0, 11 %, 6985 MiB
2026/09/07 23:52:23.361, 1, 16 %, 4525 MiB
2026/09/07 23:52:23.861, 0, 11 %, 6985 MiB
2026/09/07 23:52:23.977, 1, 16 %, 4525 MiB
2026/09/07 23:52:24.625, 0, 0 %, 6486 MiB
2026/09/07 23:52:24.626, 1, 16 %, 4525 MiB
2026/09/07 23:52:25.126, 0, 7 %, 6486 MiB
2026/09/07 23:52:25.126, 1, 3 %, 4525 MiB
2026/09/07 23:52:25.626, 0, 7 %, 6486 MiB
2026/09/07 23:52:25.626, 1, 3 %, 4525 MiB
2026/09/07 23:52:26.126, 0, 4 %, 6218 MiB
2026/09/07 23:52:26.127, 1, 3 %, 4525 MiB
2026/09/07 23:52:26.627, 0, 4 %, 5450 MiB
2026/09/07 23:52:26.627, 1, 3 %, 4525 MiB
2026/09/07 23:52:27.127, 0, 4 %, 4967 MiB
2026/09/07 23:52:27.127, 1, 3 %, 4525 MiB
2026/09/07 23:52:27.628, 0, 4 %, 4967 MiB
2026/09/07 23:52:27.628, 1, 3 %, 4581 MiB
2026/09/07 23:52:28.128, 0, 3 %, 4683 MiB
2026/09/07 23:52:28.262, 1, 5 %, 4387 MiB
2026/09/07 23:52:28.767, 0, 1 %, 4184 MiB
2026/09/07 23:52:28.767, 1, 5 %, 3888 MiB
2026/09/07 23:52:29.268, 0, 1 %, 4184 MiB
2026/09/07 23:52:29.268, 1, 6 %, 4526 MiB
2026/09/07 23:52:29.768, 0, 5 %, 3916 MiB
2026/09/07 23:52:29.768, 1, 6 %, 4525 MiB
2026/09/07 23:52:30.268, 0, 5 %, 3149 MiB
2026/09/07 23:52:30.269, 1, 9 %, 4525 MiB
2026/09/07 23:52:30.769, 0, 6 %, 2881 MiB
2026/09/07 23:52:30.769, 1, 9 %, 4525 MiB
2026/09/07 23:52:31.270, 0, 6 %, 1866 MiB
2026/09/07 23:52:31.270, 1, 6 %, 4272 MiB
2026/09/07 23:52:31.770, 0, 0 %, 1875 MiB
2026/09/07 23:52:31.800, 1, 6 %, 3773 MiB
2026/09/07 23:52:32.301, 0, 0 %, 1882 MiB
2026/09/07 23:52:32.433, 1, 0 %, 3773 MiB
2026/09/07 23:52:32.933, 0, 0 %, 1887 MiB
2026/09/07 23:52:33.026, 1, 0 %, 3533 MiB
2026/09/07 23:52:33.662, 0, 0 %, 1889 MiB
2026/09/07 23:52:33.738, 1, 1 %, 3519 MiB
2026/09/07 23:52:34.381, 0, 0 %, 1916 MiB
2026/09/07 23:52:34.382, 1, 1 %, 3020 MiB
2026/09/07 23:52:34.882, 0, 5 %, 1916 MiB
2026/09/07 23:52:34.882, 1, 1 %, 3020 MiB
2026/09/07 23:52:35.383, 0, 5 %, 2009 MiB
2026/09/07 23:52:35.385, 1, 6 %, 3020 MiB
2026/09/07 23:52:35.886, 0, 7 %, 2617 MiB
2026/09/07 23:52:35.886, 1, 6 %, 3020 MiB
2026/09/07 23:52:36.387, 0, 7 %, 2715 MiB
2026/09/07 23:52:36.387, 1, 9 %, 3068 MiB
2026/09/07 23:52:36.887, 0, 5 %, 2767 MiB
2026/09/07 23:52:36.904, 1, 9 %, 3103 MiB
2026/09/07 23:52:37.405, 0, 5 %, 2993 MiB
2026/09/07 23:52:37.407, 1, 10 %, 3213 MiB
2026/09/07 23:52:37.908, 0, 0 %, 3003 MiB
2026/09/07 23:52:37.928, 1, 10 %, 3309 MiB
2026/09/07 23:52:38.432, 0, 0 %, 3551 MiB
2026/09/07 23:52:38.570, 1, 6 %, 3334 MiB
2026/09/07 23:52:39.218, 0, 1 %, 3567 MiB
2026/09/07 23:52:39.219, 1, 6 %, 3587 MiB
2026/09/07 23:52:39.721, 0, 1 %, 3686 MiB
2026/09/07 23:52:39.732, 1, 6 %, 3068 MiB
2026/09/07 23:52:40.372, 0, 0 %, 4177 MiB
2026/09/07 23:52:40.373, 1, 4 %, 3135 MiB
2026/09/07 23:52:40.873, 0, 0 %, 4206 MiB
2026/09/07 23:52:40.883, 1, 4 %, 3291 MiB
2026/09/07 23:52:41.529, 0, 0 %, 4250 MiB
2026/09/07 23:52:41.530, 1, 4 %, 3773 MiB
2026/09/07 23:52:42.031, 0, 0 %, 4318 MiB
2026/09/07 23:52:42.032, 1, 13 %, 3773 MiB
2026/09/07 23:52:42.532, 0, 6 %, 4531 MiB
2026/09/07 23:52:42.533, 1, 13 %, 3820 MiB
2026/09/07 23:52:43.033, 0, 6 %, 5010 MiB
2026/09/07 23:52:43.036, 1, 16 %, 3635 MiB
2026/09/07 23:52:43.537, 0, 23 %, 5201 MiB
2026/09/07 23:52:43.556, 1, 16 %, 3290 MiB
2026/09/07 23:52:44.078, 0, 23 %, 5768 MiB
2026/09/07 23:52:44.078, 1, 13 %, 3773 MiB
2026/09/07 23:52:44.578, 0, 23 %, 5836 MiB
2026/09/07 23:52:44.707, 1, 13 %, 3773 MiB
2026/09/07 23:52:45.352, 0, 0 %, 5846 MiB
2026/09/07 23:52:45.454, 1, 13 %, 3773 MiB
2026/09/07 23:52:46.091, 0, 0 %, 6016 MiB
2026/09/07 23:52:46.094, 1, 11 %, 3814 MiB
2026/09/07 23:52:46.596, 0, 26 %, 6486 MiB
2026/09/07 23:52:46.597, 1, 11 %, 3828 MiB
2026/09/07 23:52:47.098, 0, 26 %, 6477 MiB
2026/09/07 23:52:47.099, 1, 17 %, 3705 MiB
2026/09/07 23:52:47.600, 0, 20 %, 6202 MiB
2026/09/07 23:52:47.605, 1, 17 %, 4272 MiB
2026/09/07 23:52:48.108, 0, 20 %, 6218 MiB
2026/09/07 23:52:48.108, 1, 24 %, 3773 MiB
2026/09/07 23:52:48.609, 0, 24 %, 5734 MiB
2026/09/07 23:52:48.680, 1, 24 %, 3773 MiB
2026/09/07 23:52:49.186, 0, 24 %, 5718 MiB
2026/09/07 23:52:49.188, 1, 24 %, 3773 MiB
2026/09/07 23:52:49.689, 0, 8 %, 5714 MiB
2026/09/07 23:52:49.691, 1, 20 %, 3773 MiB
2026/09/07 23:52:50.194, 0, 8 %, 5734 MiB
2026/09/07 23:52:50.195, 1, 20 %, 3792 MiB
2026/09/07 23:52:50.698, 0, 17 %, 5784 MiB
2026/09/07 23:52:50.698, 1, 19 %, 3828 MiB
2026/09/07 23:52:51.198, 0, 17 %, 5852 MiB
2026/09/07 23:52:51.199, 1, 19 %, 3958 MiB
2026/09/07 23:52:51.699, 0, 14 %, 6089 MiB
2026/09/07 23:52:51.699, 1, 17 %, 4525 MiB
2026/09/07 23:52:52.200, 0, 14 %, 6261 MiB
2026/09/07 23:52:52.200, 1, 17 %, 4278 MiB
2026/09/07 23:52:52.701, 0, 18 %, 6218 MiB
2026/09/07 23:52:52.702, 1, 21 %, 4272 MiB
2026/09/07 23:52:53.202, 0, 18 %, 5718 MiB
2026/09/07 23:52:53.203, 1, 21 %, 3816 MiB
2026/09/07 23:52:53.703, 0, 20 %, 5718 MiB
2026/09/07 23:52:53.704, 1, 29 %, 3828 MiB
2026/09/07 23:52:54.205, 0, 20 %, 5450 MiB
2026/09/07 23:52:54.205, 1, 29 %, 4022 MiB
2026/09/07 23:52:54.706, 0, 8 %, 4951 MiB
2026/09/07 23:52:54.706, 1, 15 %, 4526 MiB
2026/09/07 23:52:55.207, 0, 8 %, 4951 MiB
2026/09/07 23:52:55.207, 1, 15 %, 4526 MiB
2026/09/07 23:52:55.707, 0, 8 %, 4951 MiB
2026/09/07 23:52:55.707, 1, 21 %, 4526 MiB
2026/09/07 23:52:56.207, 0, 0 %, 4951 MiB
2026/09/07 23:52:56.306, 1, 21 %, 4526 MiB
2026/09/07 23:52:56.807, 0, 0 %, 4733 MiB
2026/09/07 23:52:56.995, 1, 21 %, 4526 MiB
2026/09/07 23:52:57.497, 0, 1 %, 4663 MiB
2026/09/07 23:52:57.508, 1, 21 %, 4526 MiB
2026/09/07 23:52:58.148, 0, 1 %, 3932 MiB
2026/09/07 23:52:58.149, 1, 21 %, 4359 MiB
2026/09/07 23:52:58.650, 0, 1 %, 3401 MiB
2026/09/07 23:52:58.650, 1, 12 %, 4272 MiB
2026/09/07 23:52:59.150, 0, 8 %, 3385 MiB
2026/09/07 23:52:59.150, 1, 12 %, 3519 MiB
2026/09/07 23:52:59.651, 0, 8 %, 3385 MiB
2026/09/07 23:52:59.651, 1, 16 %, 3020 MiB
2026/09/07 23:53:00.152, 0, 6 %, 3459 MiB
2026/09/07 23:53:00.202, 1, 16 %, 3020 MiB
2026/09/07 23:53:00.847, 0, 6 %, 3453 MiB
2026/09/07 23:53:00.882, 1, 0 %, 3020 MiB
2026/09/07 23:53:01.524, 0, 1 %, 3326 MiB
2026/09/07 23:53:01.525, 1, 0 %, 2798 MiB
2026/09/07 23:53:02.026, 0, 1 %, 3392 MiB
2026/09/07 23:53:02.027, 1, 0 %, 2767 MiB
2026/09/07 23:53:02.527, 0, 0 %, 3407 MiB
2026/09/07 23:53:02.531, 1, 14 %, 2323 MiB
2026/09/07 23:53:03.031, 0, 0 %, 3435 MiB
2026/09/07 23:53:03.032, 1, 14 %, 2129 MiB
2026/09/07 23:53:03.532, 0, 5 %, 3573 MiB
2026/09/07 23:53:03.532, 1, 3 %, 2767 MiB
2026/09/07 23:53:04.046, 0, 5 %, 3900 MiB
2026/09/07 23:53:04.046, 1, 3 %, 2272 MiB
2026/09/07 23:53:04.547, 0, 13 %, 3900 MiB
2026/09/07 23:53:04.551, 1, 6 %, 2315 MiB
2026/09/07 23:53:05.088, 0, 13 %, 3451 MiB
2026/09/07 23:53:05.101, 1, 6 %, 2453 MiB
2026/09/07 23:53:05.602, 0, 12 %, 3519 MiB
2026/09/07 23:53:05.603, 1, 8 %, 3020 MiB
2026/09/07 23:53:06.103, 0, 12 %, 4152 MiB
2026/09/07 23:53:06.103, 1, 8 %, 3020 MiB
2026/09/07 23:53:06.604, 0, 0 %, 4152 MiB
2026/09/07 23:53:06.605, 1, 17 %, 3020 MiB
2026/09/07 23:53:07.108, 0, 0 %, 4152 MiB
2026/09/07 23:53:07.113, 1, 0 %, 3020 MiB
2026/09/07 23:53:07.752, 0, 1 %, 4152 MiB
2026/09/07 23:53:07.753, 1, 0 %, 3020 MiB
2026/09/07 23:53:08.253, 0, 1 %, 4152 MiB
2026/09/07 23:53:08.253, 1, 17 %, 3020 MiB
2026/09/07 23:53:08.754, 0, 18 %, 4152 MiB
2026/09/07 23:53:08.754, 1, 17 %, 3020 MiB
2026/09/07 23:53:09.254, 0, 18 %, 4152 MiB
2026/09/07 23:53:09.255, 1, 19 %, 3020 MiB
2026/09/07 23:53:09.755, 0, 8 %, 4152 MiB
2026/09/07 23:53:09.756, 1, 19 %, 3020 MiB
2026/09/07 23:53:10.257, 0, 8 %, 4168 MiB
2026/09/07 23:53:10.326, 1, 4 %, 3050 MiB
2026/09/07 23:53:10.974, 0, 0 %, 4168 MiB
2026/09/07 23:53:11.029, 1, 1 %, 2838 MiB
2026/09/07 23:53:11.532, 0, 0 %, 4168 MiB
2026/09/07 23:53:11.532, 1, 1 %, 2315 MiB
2026/09/07 23:53:12.032, 0, 0 %, 3950 MiB
2026/09/07 23:53:12.172, 1, 3 %, 2550 MiB
2026/09/07 23:53:12.808, 0, 0 %, 3503 MiB
2026/09/07 23:53:12.808, 1, 0 %, 2767 MiB
2026/09/07 23:53:13.308, 0, 6 %, 4152 MiB
2026/09/07 23:53:13.308, 1, 0 %, 2267 MiB
2026/09/07 23:53:13.808, 0, 6 %, 4152 MiB
2026/09/07 23:53:13.809, 1, 8 %, 2267 MiB
2026/09/07 23:53:14.310, 0, 6 %, 4152 MiB
2026/09/07 23:53:14.355, 1, 8 %, 2323 MiB
2026/09/07 23:53:14.855, 0, 0 %, 4172 MiB
2026/09/07 23:53:14.860, 1, 1 %, 2383 MiB
2026/09/07 23:53:15.360, 0, 0 %, 4218 MiB
2026/09/07 23:53:15.361, 1, 1 %, 3020 MiB
2026/09/07 23:53:15.861, 0, 5 %, 4302 MiB
2026/09/07 23:53:15.861, 1, 8 %, 3062 MiB
2026/09/07 23:53:16.362, 0, 5 %, 4399 MiB
2026/09/07 23:53:16.362, 1, 8 %, 3068 MiB
2026/09/07 23:53:16.862, 0, 18 %, 4399 MiB
2026/09/07 23:53:17.014, 1, 28 %, 3206 MiB
2026/09/07 23:53:17.514, 0, 18 %, 3401 MiB
2026/09/07 23:53:17.567, 1, 28 %, 3068 MiB
2026/09/07 23:53:18.070, 0, 6 %, 3401 MiB
2026/09/07 23:53:18.119, 1, 2 %, 3297 MiB
2026/09/07 23:53:18.757, 0, 6 %, 3376 MiB
2026/09/07 23:53:18.758, 1, 2 %, 2767 MiB
2026/09/07 23:53:19.259, 0, 6 %, 3385 MiB
2026/09/07 23:53:19.259, 1, 27 %, 2267 MiB
2026/09/07 23:53:19.761, 0, 14 %, 3167 MiB
2026/09/07 23:53:19.762, 1, 27 %, 2267 MiB
2026/09/07 23:53:20.262, 0, 14 %, 2735 MiB
2026/09/07 23:53:20.262, 1, 15 %, 2267 MiB
2026/09/07 23:53:20.763, 0, 21 %, 3385 MiB
2026/09/07 23:53:20.763, 1, 15 %, 2315 MiB
2026/09/07 23:53:21.264, 0, 21 %, 3385 MiB
2026/09/07 23:53:21.281, 1, 6 %, 2351 MiB
2026/09/07 23:53:21.781, 0, 16 %, 3423 MiB
2026/09/07 23:53:21.782, 1, 6 %, 2538 MiB
2026/09/07 23:53:22.283, 0, 16 %, 3451 MiB
2026/09/07 23:53:22.283, 1, 11 %, 3020 MiB
2026/09/07 23:53:22.783, 0, 9 %, 3670 MiB
2026/09/07 23:53:22.784, 1, 11 %, 3020 MiB
2026/09/07 23:53:23.284, 0, 9 %, 4152 MiB
2026/09/07 23:53:23.308, 1, 4 %, 3020 MiB
2026/09/07 23:53:23.953, 0, 21 %, 4152 MiB
2026/09/07 23:53:23.953, 1, 8 %, 3020 MiB
2026/09/07 23:53:24.453, 0, 21 %, 4136 MiB
2026/09/07 23:53:24.453, 1, 8 %, 2767 MiB
2026/09/07 23:53:24.954, 0, 10 %, 4136 MiB
2026/09/07 23:53:24.954, 1, 5 %, 2267 MiB
2026/09/07 23:53:25.454, 0, 10 %, 4136 MiB
2026/09/07 23:53:25.454, 1, 5 %, 2267 MiB
2026/09/07 23:53:25.954, 0, 0 %, 4136 MiB
2026/09/07 23:53:25.955, 1, 0 %, 2267 MiB
2026/09/07 23:53:26.455, 0, 0 %, 4136 MiB
2026/09/07 23:53:26.455, 1, 0 %, 2061 MiB
2026/09/07 23:53:26.955, 0, 0 %, 4136 MiB
2026/09/07 23:53:26.956, 1, 0 %, 2199 MiB
2026/09/07 23:53:27.457, 0, 0 %, 3918 MiB
2026/09/07 23:53:27.458, 1, 0 %, 2199 MiB
2026/09/07 23:53:27.959, 0, 0 %, 3852 MiB
2026/09/07 23:53:27.959, 1, 0 %, 2014 MiB
2026/09/07 23:53:28.459, 0, 0 %, 3353 MiB
2026/09/07 23:53:28.475, 1, 0 %, 2014 MiB
2026/09/07 23:53:28.976, 0, 0 %, 3353 MiB
2026/09/07 23:53:29.001, 1, 0 %, 1514 MiB
2026/09/07 23:53:29.640, 0, 0 %, 3135 MiB
2026/09/07 23:53:29.674, 1, 0 %, 1292 MiB
2026/09/07 23:53:30.176, 0, 0 %, 2945 MiB
2026/09/07 23:53:30.204, 1, 0 %, 762 MiB
2026/09/07 23:53:30.816, 0, 0 %, 2115 MiB
2026/09/07 23:53:30.847, 1, 2 %, 762 MiB
2026/09/07 23:53:31.482, 0, 0 %, 1033 MiB
2026/09/07 23:53:31.506, 1, 2 %, 762 MiB
2026/09/07 23:53:32.008, 0, 0 %, 1042 MiB
2026/09/07 23:53:32.135, 1, 0 %, 762 MiB
2026/09/07 23:53:32.635, 0, 0 %, 1042 MiB
2026/09/07 23:53:32.667, 1, 0 %, 762 MiB
2026/09/07 23:53:33.169, 0, 0 %, 1081 MiB
2026/09/07 23:53:33.169, 1, 0 %, 762 MiB
2026/09/07 23:53:33.670, 0, 0 %, 1049 MiB
2026/09/07 23:53:33.671, 1, 4 %, 762 MiB
2026/09/07 23:53:34.174, 0, 2 %, 1209 MiB
2026/09/07 23:53:34.174, 1, 4 %, 809 MiB
2026/09/07 23:53:34.674, 0, 2 %, 1331 MiB
2026/09/07 23:53:34.674, 1, 7 %, 865 MiB
2026/09/07 23:53:35.175, 0, 3 %, 2189 MiB
2026/09/07 23:53:35.182, 1, 7 %, 1063 MiB
2026/09/07 23:53:35.683, 0, 3 %, 2859 MiB
2026/09/07 23:53:35.700, 1, 8 %, 1698 MiB
2026/09/07 23:53:36.201, 0, 4 %, 3367 MiB
2026/09/07 23:53:36.201, 1, 8 %, 2267 MiB
2026/09/07 23:53:36.701, 0, 1 %, 3408 MiB
2026/09/07 23:53:36.839, 1, 5 %, 2267 MiB
2026/09/07 23:53:37.341, 0, 1 %, 3421 MiB
2026/09/07 23:53:37.341, 1, 5 %, 2274 MiB
2026/09/07 23:53:37.984, 0, 0 %, 3437 MiB
2026/09/07 23:53:38.095, 1, 5 %, 2289 MiB
2026/09/07 23:53:38.738, 0, 0 %, 3461 MiB
2026/09/07 23:53:38.843, 1, 0 %, 2316 MiB
2026/09/07 23:53:39.482, 0, 0 %, 3465 MiB
2026/09/07 23:53:39.530, 1, 6 %, 2344 MiB
2026/09/07 23:53:40.031, 0, 0 %, 3501 MiB
2026/09/07 23:53:40.062, 1, 1 %, 2362 MiB
2026/09/07 23:53:40.697, 0, 0 %, 3533 MiB
2026/09/07 23:53:40.799, 1, 1 %, 2208 MiB
2026/09/07 23:53:41.439, 0, 0 %, 3667 MiB
2026/09/07 23:53:41.440, 1, 11 %, 1879 MiB
2026/09/07 23:53:41.942, 0, 7 %, 4114 MiB
2026/09/07 23:53:41.943, 1, 11 %, 2467 MiB
2026/09/07 23:53:42.449, 0, 7 %, 4191 MiB
2026/09/07 23:53:42.452, 1, 11 %, 2614 MiB
2026/09/07 23:53:42.954, 0, 3 %, 4189 MiB
2026/09/07 23:53:42.955, 1, 5 %, 3020 MiB
2026/09/07 23:53:43.456, 0, 3 %, 4191 MiB
2026/09/07 23:53:43.457, 1, 11 %, 3020 MiB
2026/09/07 23:53:43.958, 0, 12 %, 4227 MiB
2026/09/07 23:53:43.959, 1, 11 %, 3020 MiB
2026/09/07 23:53:44.461, 0, 12 %, 4256 MiB
2026/09/07 23:53:44.462, 1, 10 %, 3040 MiB
2026/09/07 23:53:44.963, 0, 12 %, 4353 MiB
2026/09/07 23:53:44.963, 1, 10 %, 3115 MiB
2026/09/07 23:53:45.469, 0, 12 %, 4433 MiB
2026/09/07 23:53:45.470, 1, 13 %, 3258 MiB
2026/09/07 23:53:45.971, 0, 11 %, 4695 MiB
2026/09/07 23:53:45.974, 1, 13 %, 3270 MiB
2026/09/07 23:53:46.477, 0, 11 %, 5315 MiB
2026/09/07 23:53:46.481, 1, 13 %, 3608 MiB
2026/09/07 23:53:46.988, 0, 21 %, 5866 MiB
2026/09/07 23:53:46.989, 1, 13 %, 4641 MiB
2026/09/07 23:53:47.491, 0, 21 %, 6030 MiB
2026/09/07 23:53:47.492, 1, 13 %, 4795 MiB
2026/09/07 23:53:47.994, 0, 21 %, 6516 MiB
2026/09/07 23:53:48.105, 1, 26 %, 5278 MiB
2026/09/07 23:53:48.753, 0, 0 %, 6526 MiB
2026/09/07 23:53:48.754, 1, 26 %, 5278 MiB
2026/09/07 23:53:49.254, 0, 18 %, 6566 MiB
2026/09/07 23:53:49.255, 1, 26 %, 5278 MiB
2026/09/07 23:53:49.756, 0, 18 %, 6634 MiB
2026/09/07 23:53:49.757, 1, 32 %, 5278 MiB
2026/09/07 23:53:50.259, 0, 19 %, 7269 MiB
2026/09/07 23:53:50.261, 1, 32 %, 5278 MiB
2026/09/07 23:53:50.765, 0, 19 %, 7269 MiB
2026/09/07 23:53:50.766, 1, 26 %, 5278 MiB
2026/09/07 23:53:51.266, 0, 24 %, 7285 MiB
2026/09/07 23:53:51.268, 1, 26 %, 5278 MiB
2026/09/07 23:53:51.770, 0, 24 %, 7269 MiB
2026/09/07 23:53:51.770, 1, 23 %, 5278 MiB
2026/09/07 23:53:52.272, 0, 23 %, 7285 MiB
2026/09/07 23:53:52.272, 1, 23 %, 5278 MiB
2026/09/07 23:53:52.774, 0, 23 %, 7285 MiB
2026/09/07 23:53:52.774, 1, 26 %, 5334 MiB
2026/09/07 23:53:53.275, 0, 24 %, 7017 MiB
2026/09/07 23:53:53.276, 1, 26 %, 5370 MiB
2026/09/07 23:53:53.777, 0, 24 %, 7017 MiB
2026/09/07 23:53:53.778, 1, 16 %, 5548 MiB
2026/09/07 23:53:54.279, 0, 16 %, 6518 MiB
2026/09/07 23:53:54.279, 1, 16 %, 6031 MiB
2026/09/07 23:53:54.780, 0, 16 %, 6518 MiB
2026/09/07 23:53:54.780, 1, 24 %, 6031 MiB
2026/09/07 23:53:55.282, 0, 26 %, 6518 MiB
2026/09/07 23:53:55.282, 1, 24 %, 6031 MiB
2026/09/07 23:53:55.785, 0, 26 %, 6518 MiB
2026/09/07 23:53:55.786, 1, 27 %, 6031 MiB
2026/09/07 23:53:56.287, 0, 23 %, 6518 MiB
2026/09/07 23:53:56.289, 1, 27 %, 6031 MiB
2026/09/07 23:53:56.790, 0, 23 %, 6518 MiB
2026/09/07 23:53:56.791, 1, 27 %, 6031 MiB
2026/09/07 23:53:57.292, 0, 25 %, 6518 MiB
2026/09/07 23:53:57.293, 1, 27 %, 6031 MiB
2026/09/07 23:53:57.794, 0, 25 %, 6518 MiB
2026/09/07 23:53:57.794, 1, 26 %, 6031 MiB
2026/09/07 23:53:58.297, 0, 24 %, 6518 MiB
2026/09/07 23:53:58.298, 1, 26 %, 6031 MiB
2026/09/07 23:53:58.798, 0, 24 %, 6518 MiB
2026/09/07 23:53:58.799, 1, 27 %, 6031 MiB
2026/09/07 23:53:59.300, 0, 26 %, 6518 MiB
2026/09/07 23:53:59.301, 1, 27 %, 6031 MiB
2026/09/07 23:53:59.802, 0, 26 %, 6518 MiB
2026/09/07 23:53:59.802, 1, 26 %, 6031 MiB
2026/09/07 23:54:00.303, 0, 24 %, 6518 MiB
2026/09/07 23:54:00.304, 1, 26 %, 6031 MiB
2026/09/07 23:54:00.808, 0, 24 %, 6518 MiB
2026/09/07 23:54:00.808, 1, 27 %, 6031 MiB
2026/09/07 23:54:01.309, 0, 25 %, 6518 MiB
2026/09/07 23:54:01.309, 1, 27 %, 6031 MiB
2026/09/07 23:54:01.811, 0, 25 %, 6518 MiB
2026/09/07 23:54:01.811, 1, 27 %, 6031 MiB
2026/09/07 23:54:02.312, 0, 24 %, 6518 MiB
2026/09/07 23:54:02.314, 1, 27 %, 6031 MiB
2026/09/07 23:54:02.819, 0, 24 %, 6518 MiB
2026/09/07 23:54:02.876, 1, 0 %, 6031 MiB
2026/09/07 23:54:03.526, 0, 24 %, 6518 MiB
2026/09/07 23:54:03.526, 1, 26 %, 6031 MiB
2026/09/07 23:54:04.026, 0, 25 %, 6518 MiB
2026/09/07 23:54:04.028, 1, 26 %, 6031 MiB
2026/09/07 23:54:04.532, 0, 25 %, 6518 MiB
2026/09/07 23:54:04.533, 1, 29 %, 6031 MiB
2026/09/07 23:54:05.035, 0, 26 %, 6518 MiB
2026/09/07 23:54:05.035, 1, 29 %, 6031 MiB
2026/09/07 23:54:05.537, 0, 26 %, 6527 MiB
2026/09/07 23:54:05.537, 1, 27 %, 6031 MiB
2026/09/07 23:54:06.037, 0, 21 %, 6518 MiB
2026/09/07 23:54:06.038, 1, 27 %, 6031 MiB
2026/09/07 23:54:06.538, 0, 21 %, 6518 MiB
2026/09/07 23:54:06.540, 1, 26 %, 6031 MiB
2026/09/07 23:54:07.040, 0, 26 %, 6533 MiB
2026/09/07 23:54:07.044, 1, 26 %, 6031 MiB
2026/09/07 23:54:07.547, 0, 26 %, 6553 MiB
2026/09/07 23:54:07.548, 1, 20 %, 6031 MiB
2026/09/07 23:54:08.051, 0, 21 %, 6584 MiB
2026/09/07 23:54:08.052, 1, 20 %, 6031 MiB
2026/09/07 23:54:08.554, 0, 21 %, 6652 MiB
2026/09/07 23:54:08.554, 1, 18 %, 6031 MiB
2026/09/07 23:54:09.054, 0, 27 %, 6803 MiB
2026/09/07 23:54:09.059, 1, 18 %, 6031 MiB
2026/09/07 23:54:09.566, 0, 27 %, 7285 MiB
2026/09/07 23:54:09.567, 1, 25 %, 6031 MiB
2026/09/07 23:54:10.069, 0, 28 %, 7285 MiB
2026/09/07 23:54:10.070, 1, 25 %, 6031 MiB
2026/09/07 23:54:10.573, 0, 28 %, 7285 MiB
2026/09/07 23:54:10.574, 1, 24 %, 6031 MiB
2026/09/07 23:54:11.075, 0, 30 %, 7285 MiB
2026/09/07 23:54:11.076, 1, 24 %, 6031 MiB
2026/09/07 23:54:11.578, 0, 31 %, 7285 MiB
2026/09/07 23:54:11.579, 1, 22 %, 6031 MiB
2026/09/07 23:54:12.081, 0, 31 %, 7285 MiB
2026/09/07 23:54:12.082, 1, 22 %, 6031 MiB
2026/09/07 23:54:12.587, 0, 29 %, 7285 MiB
2026/09/07 23:54:12.587, 1, 22 %, 6031 MiB
2026/09/07 23:54:13.090, 0, 29 %, 7285 MiB
2026/09/07 23:54:13.090, 1, 22 %, 6031 MiB
2026/09/07 23:54:13.593, 0, 32 %, 7285 MiB
2026/09/07 23:54:13.593, 1, 22 %, 6031 MiB
2026/09/07 23:54:14.094, 0, 32 %, 7285 MiB
2026/09/07 23:54:14.094, 1, 22 %, 6031 MiB
2026/09/07 23:54:14.597, 0, 32 %, 7285 MiB
2026/09/07 23:54:14.597, 1, 21 %, 6031 MiB
2026/09/07 23:54:15.098, 0, 32 %, 7285 MiB
2026/09/07 23:54:15.098, 1, 21 %, 6031 MiB
2026/09/07 23:54:15.601, 0, 30 %, 7269 MiB
2026/09/07 23:54:15.602, 1, 17 %, 5778 MiB
2026/09/07 23:54:16.104, 0, 30 %, 7269 MiB
2026/09/07 23:54:16.104, 1, 17 %, 5778 MiB
2026/09/07 23:54:16.610, 0, 35 %, 7269 MiB
2026/09/07 23:54:16.611, 1, 17 %, 5278 MiB
2026/09/07 23:54:17.111, 0, 35 %, 7269 MiB
2026/09/07 23:54:17.112, 1, 17 %, 5278 MiB
2026/09/07 23:54:17.613, 0, 28 %, 7269 MiB
2026/09/07 23:54:17.614, 1, 20 %, 5278 MiB
2026/09/07 23:54:18.115, 0, 28 %, 7269 MiB
2026/09/07 23:54:18.116, 1, 20 %, 5056 MiB
2026/09/07 23:54:18.616, 0, 24 %, 7253 MiB
2026/09/07 23:54:18.617, 1, 21 %, 5025 MiB
2026/09/07 23:54:19.118, 0, 24 %, 7253 MiB
2026/09/07 23:54:19.118, 1, 21 %, 4525 MiB
2026/09/07 23:54:19.619, 0, 23 %, 7253 MiB
2026/09/07 23:54:19.619, 1, 22 %, 4525 MiB
2026/09/07 23:54:20.119, 0, 23 %, 7253 MiB
2026/09/07 23:54:20.119, 1, 22 %, 4525 MiB
2026/09/07 23:54:20.621, 0, 23 %, 7253 MiB
2026/09/07 23:54:20.621, 1, 22 %, 4525 MiB
2026/09/07 23:54:21.121, 0, 23 %, 7253 MiB
2026/09/07 23:54:21.122, 1, 22 %, 4525 MiB
2026/09/07 23:54:21.622, 0, 23 %, 7253 MiB
2026/09/07 23:54:21.622, 1, 23 %, 4525 MiB
2026/09/07 23:54:22.123, 0, 23 %, 7253 MiB
2026/09/07 23:54:22.123, 1, 23 %, 4525 MiB
2026/09/07 23:54:22.624, 0, 9 %, 7253 MiB
2026/09/07 23:54:22.624, 1, 21 %, 4525 MiB
2026/09/07 23:54:23.125, 0, 9 %, 7253 MiB
2026/09/07 23:54:23.125, 1, 21 %, 4525 MiB
2026/09/07 23:54:23.625, 0, 10 %, 7253 MiB
2026/09/07 23:54:23.626, 1, 20 %, 4525 MiB
2026/09/07 23:54:24.126, 0, 10 %, 7253 MiB
2026/09/07 23:54:24.127, 1, 20 %, 4525 MiB
2026/09/07 23:54:24.627, 0, 8 %, 7253 MiB
2026/09/07 23:54:24.627, 1, 14 %, 4525 MiB
2026/09/07 23:54:25.127, 0, 8 %, 7253 MiB
2026/09/07 23:54:25.128, 1, 14 %, 4525 MiB
2026/09/07 23:54:25.628, 0, 11 %, 7253 MiB
2026/09/07 23:54:25.628, 1, 14 %, 4525 MiB
2026/09/07 23:54:26.128, 0, 11 %, 7237 MiB
2026/09/07 23:54:26.129, 1, 14 %, 4272 MiB
2026/09/07 23:54:26.629, 0, 11 %, 7237 MiB
2026/09/07 23:54:26.629, 1, 13 %, 3773 MiB
2026/09/07 23:54:27.130, 0, 2 %, 7012 MiB
2026/09/07 23:54:27.222, 1, 13 %, 3773 MiB
2026/09/07 23:54:27.858, 0, 2 %, 6240 MiB
2026/09/07 23:54:27.860, 1, 13 %, 3773 MiB
2026/09/07 23:54:28.361, 0, 10 %, 6202 MiB
2026/09/07 23:54:28.361, 1, 11 %, 3773 MiB
2026/09/07 23:54:28.861, 0, 10 %, 5702 MiB
2026/09/07 23:54:28.861, 1, 11 %, 3773 MiB
2026/09/07 23:54:29.362, 0, 5 %, 5450 MiB
2026/09/07 23:54:29.362, 1, 8 %, 3773 MiB
2026/09/07 23:54:29.862, 0, 5 %, 5434 MiB
2026/09/07 23:54:29.862, 1, 8 %, 3773 MiB
2026/09/07 23:54:30.362, 0, 10 %, 4951 MiB
2026/09/07 23:54:30.362, 1, 9 %, 3828 MiB
2026/09/07 23:54:30.863, 0, 10 %, 4951 MiB
2026/09/07 23:54:30.863, 1, 9 %, 3896 MiB
2026/09/07 23:54:31.363, 0, 2 %, 4683 MiB
2026/09/07 23:54:31.364, 1, 17 %, 4526 MiB
2026/09/07 23:54:31.864, 0, 2 %, 4184 MiB
2026/09/07 23:54:31.864, 1, 17 %, 4526 MiB
2026/09/07 23:54:32.364, 0, 0 %, 4184 MiB
2026/09/07 23:54:32.364, 1, 4 %, 4526 MiB
2026/09/07 23:54:32.864, 0, 0 %, 4184 MiB
2026/09/07 23:54:32.865, 1, 4 %, 4526 MiB
2026/09/07 23:54:33.365, 0, 0 %, 4168 MiB
2026/09/07 23:54:33.365, 1, 3 %, 4272 MiB
2026/09/07 23:54:33.865, 0, 0 %, 4168 MiB
2026/09/07 23:54:33.865, 1, 3 %, 3773 MiB
2026/09/07 23:54:34.366, 0, 0 %, 4168 MiB
2026/09/07 23:54:34.366, 1, 3 %, 3773 MiB
2026/09/07 23:54:34.866, 0, 0 %, 4168 MiB
2026/09/07 23:54:34.866, 1, 3 %, 3773 MiB
2026/09/07 23:54:35.367, 0, 12 %, 3632 MiB
2026/09/07 23:54:35.367, 1, 6 %, 3773 MiB
2026/09/07 23:54:35.867, 0, 12 %, 2633 MiB
2026/09/07 23:54:35.867, 1, 6 %, 3773 MiB
2026/09/07 23:54:36.367, 0, 0 %, 2633 MiB
2026/09/07 23:54:36.368, 1, 3 %, 3773 MiB
2026/09/07 23:54:36.868, 0, 0 %, 2633 MiB
2026/09/07 23:54:36.868, 1, 3 %, 3773 MiB
2026/09/07 23:54:37.368, 0, 0 %, 2633 MiB
2026/09/07 23:54:37.368, 1, 5 %, 3773 MiB
2026/09/07 23:54:37.869, 0, 0 %, 2617 MiB
2026/09/07 23:54:37.869, 1, 5 %, 3519 MiB
2026/09/07 23:54:38.369, 0, 0 %, 2617 MiB
2026/09/07 23:54:38.369, 1, 9 %, 3519 MiB
2026/09/07 23:54:38.869, 0, 0 %, 2617 MiB
2026/09/07 23:54:38.869, 1, 9 %, 3020 MiB
2026/09/07 23:54:39.369, 0, 0 %, 2617 MiB
2026/09/07 23:54:39.370, 1, 6 %, 3020 MiB
2026/09/07 23:54:39.870, 0, 0 %, 2349 MiB
2026/09/07 23:54:39.870, 1, 6 %, 3020 MiB
2026/09/07 23:54:40.370, 0, 0 %, 2349 MiB
2026/09/07 23:54:40.370, 1, 5 %, 3020 MiB
2026/09/07 23:54:40.870, 0, 0 %, 1850 MiB
2026/09/07 23:54:40.871, 1, 5 %, 3020 MiB
2026/09/07 23:54:41.371, 0, 0 %, 1850 MiB
2026/09/07 23:54:41.371, 1, 0 %, 3020 MiB
2026/09/07 23:54:41.871, 0, 0 %, 1850 MiB
2026/09/07 23:54:41.871, 1, 0 %, 3020 MiB
2026/09/07 23:54:42.371, 0, 0 %, 1850 MiB
2026/09/07 23:54:42.372, 1, 0 %, 3020 MiB
2026/09/07 23:54:42.872, 0, 0 %, 1850 MiB
2026/09/07 23:54:42.872, 1, 0 %, 3020 MiB
2026/09/07 23:54:43.372, 0, 0 %, 1835 MiB
2026/09/07 23:54:43.372, 1, 0 %, 2767 MiB
2026/09/07 23:54:43.872, 0, 0 %, 1834 MiB
2026/09/07 23:54:43.992, 1, 0 %, 2767 MiB
2026/09/07 23:54:44.492, 0, 0 %, 1566 MiB
2026/09/07 23:54:44.492, 1, 0 %, 2267 MiB
2026/09/07 23:54:44.993, 0, 0 %, 1566 MiB
2026/09/07 23:54:45.084, 1, 0 %, 2267 MiB
2026/09/07 23:54:45.585, 0, 0 %, 1067 MiB
2026/09/07 23:54:45.585, 1, 0 %, 2267 MiB
2026/09/07 23:54:46.085, 0, 0 %, 1051 MiB
2026/09/07 23:54:46.086, 1, 2 %, 2014 MiB
2026/09/07 23:54:46.586, 0, 0 %, 1076 MiB
2026/09/07 23:54:46.586, 1, 2 %, 1514 MiB
2026/09/07 23:54:47.086, 0, 0 %, 1067 MiB
2026/09/07 23:54:47.086, 1, 5 %, 1309 MiB
2026/09/07 23:54:47.586, 0, 3 %, 1117 MiB
2026/09/07 23:54:47.599, 1, 5 %, 1446 MiB
2026/09/07 23:54:48.099, 0, 3 %, 1335 MiB
2026/09/07 23:54:48.115, 1, 0 %, 1514 MiB
2026/09/07 23:54:48.615, 0, 2 %, 1856 MiB
2026/09/07 23:54:48.615, 1, 0 %, 1261 MiB
2026/09/07 23:54:49.116, 0, 1 %, 1884 MiB
2026/09/07 23:54:49.197, 1, 0 %, 1305 MiB
2026/09/07 23:54:49.698, 0, 1 %, 1952 MiB
2026/09/07 23:54:49.698, 1, 0 %, 817 MiB
2026/09/07 23:54:50.198, 0, 1 %, 2585 MiB
2026/09/07 23:54:50.198, 1, 3 %, 1033 MiB
2026/09/07 23:54:50.699, 0, 1 %, 2585 MiB
2026/09/07 23:54:50.716, 1, 0 %, 1515 MiB
2026/09/07 23:54:51.355, 0, 0 %, 2585 MiB
2026/09/07 23:54:51.474, 1, 0 %, 1515 MiB
2026/09/07 23:54:51.976, 0, 12 %, 2585 MiB
2026/09/07 23:54:51.976, 1, 8 %, 1514 MiB
2026/09/07 23:54:52.477, 0, 12 %, 2623 MiB
2026/09/07 23:54:52.477, 1, 8 %, 1514 MiB
2026/09/07 23:54:52.978, 0, 10 %, 2651 MiB
2026/09/07 23:54:52.978, 1, 15 %, 1514 MiB
2026/09/07 23:54:53.478, 0, 10 %, 2879 MiB
2026/09/07 23:54:53.479, 1, 15 %, 1514 MiB
2026/09/07 23:54:53.981, 0, 14 %, 3353 MiB
2026/09/07 23:54:53.982, 1, 11 %, 1514 MiB
2026/09/07 23:54:54.483, 0, 14 %, 3385 MiB
2026/09/07 23:54:54.483, 1, 11 %, 1562 MiB
2026/09/07 23:54:54.983, 0, 24 %, 3435 MiB
2026/09/07 23:54:54.992, 1, 10 %, 1606 MiB
2026/09/07 23:54:55.492, 0, 24 %, 3503 MiB
2026/09/07 23:54:55.493, 1, 10 %, 1795 MiB
2026/09/07 23:54:55.993, 0, 33 %, 4136 MiB
2026/09/07 23:54:55.993, 1, 7 %, 2267 MiB
2026/09/07 23:54:56.494, 0, 33 %, 4136 MiB
2026/09/07 23:54:56.494, 1, 7 %, 2267 MiB
2026/09/07 23:54:56.995, 0, 20 %, 4136 MiB
2026/09/07 23:54:56.995, 1, 20 %, 2267 MiB
2026/09/07 23:54:57.495, 0, 20 %, 4136 MiB
2026/09/07 23:54:57.496, 1, 20 %, 2267 MiB
2026/09/07 23:54:57.996, 0, 21 %, 4136 MiB
2026/09/07 23:54:57.996, 1, 12 %, 2267 MiB
2026/09/07 23:54:58.497, 0, 21 %, 4136 MiB
2026/09/07 23:54:58.497, 1, 12 %, 2267 MiB
2026/09/07 23:54:58.997, 0, 25 %, 4136 MiB
2026/09/07 23:54:58.997, 1, 12 %, 2267 MiB
2026/09/07 23:54:59.498, 0, 25 %, 4136 MiB
2026/09/07 23:54:59.498, 1, 12 %, 2267 MiB
2026/09/07 23:54:59.998, 0, 17 %, 3966 MiB
2026/09/07 23:54:59.999, 1, 16 %, 2267 MiB
2026/09/07 23:55:00.501, 0, 17 %, 3868 MiB
2026/09/07 23:55:00.501, 1, 16 %, 2267 MiB
2026/09/07 23:55:01.002, 0, 16 %, 3369 MiB
2026/09/07 23:55:01.002, 1, 9 %, 2267 MiB
2026/09/07 23:55:01.502, 0, 16 %, 3369 MiB
2026/09/07 23:55:01.502, 1, 9 %, 2267 MiB
2026/09/07 23:55:02.003, 0, 17 %, 3353 MiB
2026/09/07 23:55:02.003, 1, 15 %, 2014 MiB
2026/09/07 23:55:02.504, 0, 17 %, 3353 MiB
2026/09/07 23:55:02.504, 1, 15 %, 1514 MiB
2026/09/07 23:55:03.004, 0, 21 %, 3085 MiB
2026/09/07 23:55:03.005, 1, 14 %, 1514 MiB
2026/09/07 23:55:03.505, 0, 21 %, 2585 MiB
2026/09/07 23:55:03.506, 1, 14 %, 1514 MiB
2026/09/07 23:55:04.006, 0, 8 %, 2585 MiB
2026/09/07 23:55:04.006, 1, 18 %, 1514 MiB
2026/09/07 23:55:04.506, 0, 8 %, 2585 MiB
2026/09/07 23:55:04.507, 1, 18 %, 1514 MiB
2026/09/07 23:55:05.007, 0, 0 %, 2585 MiB
2026/09/07 23:55:05.007, 1, 9 %, 1514 MiB
2026/09/07 23:55:05.507, 0, 0 %, 2585 MiB
2026/09/07 23:55:05.508, 1, 9 %, 1514 MiB
2026/09/07 23:55:06.008, 0, 0 %, 2585 MiB
2026/09/07 23:55:06.008, 1, 7 %, 1514 MiB
2026/09/07 23:55:06.508, 0, 0 %, 2585 MiB
2026/09/07 23:55:06.508, 1, 7 %, 1514 MiB
2026/09/07 23:55:07.009, 0, 0 %, 2585 MiB
2026/09/07 23:55:07.009, 1, 9 %, 1514 MiB
2026/09/07 23:55:07.509, 0, 0 %, 2585 MiB
2026/09/07 23:55:07.509, 1, 9 %, 1514 MiB
2026/09/07 23:55:08.009, 0, 0 %, 2585 MiB
2026/09/07 23:55:08.009, 1, 0 %, 1514 MiB
2026/09/07 23:55:08.510, 0, 0 %, 2585 MiB
2026/09/07 23:55:08.510, 1, 0 %, 1514 MiB
2026/09/07 23:55:09.010, 0, 0 %, 2585 MiB
2026/09/07 23:55:09.010, 1, 0 %, 1514 MiB
2026/09/07 23:55:09.510, 0, 0 %, 2585 MiB
2026/09/07 23:55:09.510, 1, 0 %, 1514 MiB
2026/09/07 23:55:10.011, 0, 0 %, 2585 MiB
2026/09/07 23:55:10.011, 1, 0 %, 1514 MiB
2026/09/07 23:55:10.511, 0, 0 %, 2585 MiB
2026/09/07 23:55:10.511, 1, 0 %, 1514 MiB
2026/09/07 23:55:11.011, 0, 1 %, 2317 MiB
2026/09/07 23:55:11.012, 1, 0 %, 1514 MiB
2026/09/07 23:55:11.512, 0, 1 %, 1818 MiB
2026/09/07 23:55:11.512, 1, 0 %, 1514 MiB
2026/09/07 23:55:12.012, 0, 0 %, 1818 MiB
2026/09/07 23:55:12.012, 1, 0 %, 1514 MiB
2026/09/07 23:55:12.512, 0, 0 %, 1550 MiB
2026/09/07 23:55:12.513, 1, 0 %, 1514 MiB
2026/09/07 23:55:13.013, 0, 0 %, 1051 MiB
2026/09/07 23:55:13.034, 1, 0 %, 1514 MiB
2026/09/07 23:55:13.535, 0, 0 %, 1051 MiB
2026/09/07 23:55:13.535, 1, 0 %, 1514 MiB
2026/09/07 23:55:14.035, 0, 0 %, 1051 MiB
2026/09/07 23:55:14.035, 1, 0 %, 1514 MiB
2026/09/07 23:55:14.535, 0, 0 %, 1051 MiB
2026/09/07 23:55:14.535, 1, 0 %, 1514 MiB
2026/09/07 23:55:15.036, 0, 0 %, 1051 MiB
2026/09/07 23:55:15.036, 1, 0 %, 1514 MiB
2026/09/07 23:55:15.536, 0, 0 %, 1035 MiB
2026/09/07 23:55:15.536, 1, 0 %, 1261 MiB
2026/09/07 23:55:16.036, 0, 0 %, 1035 MiB
2026/09/07 23:55:16.036, 1, 0 %, 762 MiB
2026/09/07 23:55:16.537, 0, 0 %, 1019 MiB
2026/09/07 23:55:16.537, 1, 0 %, 508 MiB
2026/09/07 23:55:17.037, 0, 0 %, 1017 MiB
2026/09/07 23:55:17.037, 1, 0 %, 508 MiB
2026/09/07 23:55:17.538, 0, 0 %, 1017 MiB
2026/09/07 23:55:17.538, 1, 0 %, 9 MiB
2026/09/07 23:55:18.038, 0, 0 %, 1017 MiB
2026/09/07 23:55:18.039, 1, 0 %, 9 MiB
2026/09/07 23:55:18.539, 0, 0 %, 1017 MiB
2026/09/07 23:55:18.539, 1, 0 %, 9 MiB
2026/09/07 23:55:19.039, 0, 0 %, 1017 MiB
2026/09/07 23:55:19.039, 1, 0 %, 9 MiB
2026/09/07 23:55:19.539, 0, 0 %, 1017 MiB
2026/09/07 23:55:19.540, 1, 0 %, 9 MiB
2026/09/07 23:55:20.040, 0, 0 %, 1017 MiB
2026/09/07 23:55:20.040, 1, 0 %, 9 MiB
2026/09/07 23:55:20.540, 0, 0 %, 1017 MiB
2026/09/07 23:55:20.540, 1, 0 %, 9 MiB
2026/09/07 23:55:21.041, 0, 0 %, 1017 MiB
2026/09/07 23:55:21.041, 1, 0 %, 9 MiB
2026/09/07 23:55:21.541, 0, 0 %, 1017 MiB
2026/09/07 23:55:21.541, 1, 0 %, 9 MiB
2026/09/07 23:55:22.041, 0, 0 %, 1017 MiB
2026/09/07 23:55:22.042, 1, 0 %, 9 MiB
2026/09/07 23:55:22.542, 0, 0 %, 1017 MiB
2026/09/07 23:55:22.542, 1, 0 %, 9 MiB
2026/09/07 23:55:23.042, 0, 0 %, 1017 MiB
2026/09/07 23:55:23.042, 1, 0 %, 9 MiB
2026/09/07 23:55:23.543, 0, 0 %, 1017 MiB
2026/09/07 23:55:23.543, 1, 0 %, 9 MiB
2026/09/07 23:55:24.043, 0, 0 %, 1017 MiB
2026/09/07 23:55:24.043, 1, 0 %, 9 MiB
2026/09/07 23:55:24.543, 0, 0 %, 1017 MiB
2026/09/07 23:55:24.544, 1, 0 %, 9 MiB
2026/09/07 23:55:25.044, 0, 0 %, 1017 MiB
2026/09/07 23:55:25.044, 1, 0 %, 9 MiB
2026/09/07 23:55:25.544, 0, 0 %, 1017 MiB
2026/09/07 23:55:25.544, 1, 0 %, 9 MiB
2026/09/07 23:55:26.044, 0, 0 %, 1017 MiB
2026/09/07 23:55:26.045, 1, 0 %, 9 MiB
2026/09/07 23:55:26.545, 0, 0 %, 1017 MiB
2026/09/07 23:55:26.545, 1, 0 %, 9 MiB
2026/09/07 23:55:27.045, 0, 0 %, 1017 MiB
2026/09/07 23:55:27.045, 1, 0 %, 9 MiB
2026/09/07 23:55:27.546, 0, 0 %, 1017 MiB
2026/09/07 23:55:27.546, 1, 0 %, 9 MiB
2026/09/07 23:55:28.046, 0, 0 %, 1017 MiB
2026/09/07 23:55:28.046, 1, 0 %, 9 MiB
2026/09/07 23:55:28.546, 0, 0 %, 1017 MiB
2026/09/07 23:55:28.547, 1, 0 %, 9 MiB
2026/09/07 23:55:29.047, 0, 0 %, 1017 MiB
2026/09/07 23:55:29.047, 1, 0 %, 9 MiB
2026/09/07 23:55:29.547, 0, 0 %, 1017 MiB
2026/09/07 23:55:29.547, 1, 0 %, 9 MiB
2026/09/07 23:55:30.048, 0, 0 %, 1017 MiB
2026/09/07 23:55:30.048, 1, 0 %, 9 MiB
2026/09/07 23:55:30.548, 0, 0 %, 1017 MiB
2026/09/07 23:55:30.548, 1, 0 %, 9 MiB
2026/09/07 23:55:31.049, 0, 0 %, 1017 MiB
2026/09/07 23:55:31.049, 1, 0 %, 9 MiB
2026/09/07 23:55:31.549, 0, 0 %, 1017 MiB
2026/09/07 23:55:31.549, 1, 0 %, 9 MiB
2026/09/07 23:55:32.049, 0, 0 %, 1017 MiB
2026/09/07 23:55:32.050, 1, 0 %, 9 MiB
2026/09/07 23:55:32.550, 0, 0 %, 1017 MiB
2026/09/07 23:55:32.550, 1, 0 %, 9 MiB
2026/09/07 23:55:33.050, 0, 0 %, 1017 MiB
2026/09/07 23:55:33.050, 1, 0 %, 9 MiB
2026/09/07 23:55:33.551, 0, 0 %, 1017 MiB
2026/09/07 23:55:33.551, 1, 0 %, 9 MiB
2026/09/07 23:55:34.051, 0, 0 %, 1017 MiB
2026/09/07 23:55:34.051, 1, 0 %, 9 MiB
2026/09/07 23:55:34.551, 0, 0 %, 1017 MiB
2026/09/07 23:55:34.552, 1, 0 %, 9 MiB
2026/09/07 23:55:35.052, 0, 0 %, 1017 MiB
2026/09/07 23:55:35.052, 1, 0 %, 9 MiB
2026/09/07 23:55:35.552, 0, 0 %, 1017 MiB
2026/09/07 23:55:35.552, 1, 0 %, 9 MiB
2026/09/07 23:55:36.053, 0, 0 %, 1017 MiB
2026/09/07 23:55:36.053, 1, 0 %, 9 MiB
2026/09/07 23:55:36.553, 0, 0 %, 1017 MiB
2026/09/07 23:55:36.553, 1, 0 %, 9 MiB
2026/09/07 23:55:37.053, 0, 0 %, 1017 MiB
2026/09/07 23:55:37.054, 1, 0 %, 9 MiB
2026/09/07 23:55:37.554, 0, 0 %, 1017 MiB
2026/09/07 23:55:37.554, 1, 0 %, 9 MiB
2026/09/07 23:55:38.054, 0, 0 %, 1017 MiB
2026/09/07 23:55:38.054, 1, 0 %, 9 MiB
2026/09/07 23:55:38.555, 0, 0 %, 1017 MiB
2026/09/07 23:55:38.555, 1, 0 %, 9 MiB
2026/09/07 23:55:39.055, 0, 0 %, 1017 MiB
2026/09/07 23:55:39.055, 1, 0 %, 9 MiB
2026/09/07 23:55:39.555, 0, 0 %, 1017 MiB
2026/09/07 23:55:39.556, 1, 0 %, 9 MiB
2026/09/07 23:55:40.056, 0, 0 %, 1017 MiB
2026/09/07 23:55:40.056, 1, 0 %, 9 MiB
2026/09/07 23:55:40.556, 0, 0 %, 1017 MiB
2026/09/07 23:55:40.556, 1, 0 %, 9 MiB
2026/09/07 23:55:41.056, 0, 0 %, 1017 MiB
2026/09/07 23:55:41.057, 1, 0 %, 9 MiB
2026/09/07 23:55:41.557, 0, 0 %, 1017 MiB
2026/09/07 23:55:41.557, 1, 0 %, 9 MiB
2026/09/07 23:55:42.057, 0, 0 %, 1017 MiB
2026/09/07 23:55:42.057, 1, 0 %, 9 MiB
2026/09/07 23:55:42.558, 0, 0 %, 1017 MiB
2026/09/07 23:55:42.558, 1, 0 %, 9 MiB
2026/09/07 23:55:43.058, 0, 0 %, 1017 MiB
2026/09/07 23:55:43.058, 1, 0 %, 9 MiB
2026/09/07 23:55:43.558, 0, 0 %, 1017 MiB
2026/09/07 23:55:43.558, 1, 0 %, 9 MiB
2026/09/07 23:55:44.059, 0, 0 %, 1017 MiB
2026/09/07 23:55:44.059, 1, 0 %, 9 MiB
2026/09/07 23:55:44.559, 0, 0 %, 1017 MiB
2026/09/07 23:55:44.559, 1, 0 %, 9 MiB
2026/09/07 23:55:45.059, 0, 0 %, 1017 MiB
2026/09/07 23:55:45.060, 1, 0 %, 9 MiB
2026/09/07 23:55:45.560, 0, 0 %, 1017 MiB
2026/09/07 23:55:45.560, 1, 0 %, 9 MiB
2026/09/07 23:55:46.060, 0, 0 %, 1017 MiB
2026/09/07 23:55:46.060, 1, 0 %, 9 MiB
2026/09/07 23:55:46.560, 0, 0 %, 1017 MiB
2026/09/07 23:55:46.561, 1, 0 %, 9 MiB
2026/09/07 23:55:47.061, 0, 0 %, 1017 MiB
2026/09/07 23:55:47.061, 1, 0 %, 9 MiB
2026/09/07 23:55:47.561, 0, 0 %, 1017 MiB
2026/09/07 23:55:47.561, 1, 0 %, 9 MiB
2026/09/07 23:55:48.062, 0, 0 %, 1017 MiB
2026/09/07 23:55:48.062, 1, 0 %, 9 MiB
2026/09/07 23:55:48.562, 0, 0 %, 1017 MiB
2026/09/07 23:55:48.562, 1, 0 %, 9 MiB
2026/09/07 23:55:49.062, 0, 0 %, 1017 MiB
2026/09/07 23:55:49.062, 1, 0 %, 9 MiB
2026/09/07 23:55:49.563, 0, 0 %, 1017 MiB
2026/09/07 23:55:49.563, 1, 0 %, 9 MiB
2026/09/07 23:55:50.063, 0, 0 %, 1017 MiB
2026/09/07 23:55:50.063, 1, 0 %, 9 MiB
2026/09/07 23:55:50.563, 0, 0 %, 1017 MiB
2026/09/07 23:55:50.564, 1, 0 %, 9 MiB
2026/09/07 23:55:51.064, 0, 0 %, 1017 MiB
2026/09/07 23:55:51.064, 1, 0 %, 9 MiB
2026/09/07 23:55:51.564, 0, 0 %, 1017 MiB
2026/09/07 23:55:51.564, 1, 0 %, 9 MiB
2026/09/07 23:55:52.064, 0, 0 %, 1017 MiB
2026/09/07 23:55:52.065, 1, 0 %, 9 MiB
2026/09/07 23:55:52.565, 0, 0 %, 1017 MiB
2026/09/07 23:55:52.565, 1, 0 %, 9 MiB
2026/09/07 23:55:53.065, 0, 0 %, 1017 MiB
2026/09/07 23:55:53.065, 1, 0 %, 9 MiB
2026/09/07 23:55:53.566, 0, 0 %, 1017 MiB
2026/09/07 23:55:53.566, 1, 0 %, 9 MiB
2026/09/07 23:55:54.066, 0, 0 %, 1017 MiB
2026/09/07 23:55:54.066, 1, 0 %, 9 MiB
2026/09/07 23:55:54.566, 0, 0 %, 1017 MiB
2026/09/07 23:55:54.567, 1, 0 %, 9 MiB
2026/09/07 23:55:55.067, 0, 0 %, 1017 MiB
2026/09/07 23:55:55.067, 1, 0 %, 9 MiB
2026/09/07 23:55:55.567, 0, 0 %, 1017 MiB
2026/09/07 23:55:55.567, 1, 0 %, 9 MiB
2026/09/07 23:55:56.067, 0, 0 %, 1017 MiB
2026/09/07 23:55:56.068, 1, 0 %, 9 MiB
2026/09/07 23:55:56.568, 0, 0 %, 1017 MiB
2026/09/07 23:55:56.568, 1, 0 %, 9 MiB
2026/09/07 23:55:57.068, 0, 0 %, 1017 MiB
2026/09/07 23:55:57.068, 1, 0 %, 9 MiB
2026/09/07 23:55:57.569, 0, 0 %, 1017 MiB
2026/09/07 23:55:57.569, 1, 0 %, 9 MiB
2026/09/07 23:55:58.069, 0, 0 %, 1017 MiB
2026/09/07 23:55:58.069, 1, 0 %, 9 MiB
2026/09/07 23:55:58.569, 0, 0 %, 1017 MiB
2026/09/07 23:55:58.570, 1, 0 %, 9 MiB
2026/09/07 23:55:59.070, 0, 0 %, 1017 MiB
2026/09/07 23:55:59.070, 1, 0 %, 9 MiB
2026/09/07 23:55:59.570, 0, 0 %, 1017 MiB
2026/09/07 23:55:59.570, 1, 0 %, 9 MiB
2026/09/07 23:56:00.071, 0, 0 %, 1017 MiB
2026/09/07 23:56:00.071, 1, 0 %, 9 MiB
2026/09/07 23:56:00.571, 0, 0 %, 1017 MiB
2026/09/07 23:56:00.571, 1, 0 %, 9 MiB
2026/09/07 23:56:01.071, 0, 0 %, 1017 MiB
2026/09/07 23:56:01.072, 1, 0 %, 9 MiB
2026/09/07 23:56:01.572, 0, 0 %, 1017 MiB
2026/09/07 23:56:01.572, 1, 0 %, 9 MiB
2026/09/07 23:56:02.072, 0, 0 %, 1017 MiB
2026/09/07 23:56:02.072, 1, 0 %, 9 MiB
2026/09/07 23:56:02.573, 0, 0 %, 1017 MiB
2026/09/07 23:56:02.573, 1, 0 %, 9 MiB
2026/09/07 23:56:03.073, 0, 0 %, 1017 MiB
2026/09/07 23:56:03.073, 1, 0 %, 9 MiB
2026/09/07 23:56:03.573, 0, 0 %, 1017 MiB
2026/09/07 23:56:03.574, 1, 0 %, 9 MiB
2026/09/07 23:56:04.074, 0, 0 %, 1017 MiB
2026/09/07 23:56:04.074, 1, 0 %, 9 MiB
2026/09/07 23:56:04.574, 0, 0 %, 1017 MiB
2026/09/07 23:56:04.574, 1, 0 %, 9 MiB
2026/09/07 23:56:05.075, 0, 0 %, 1017 MiB
2026/09/07 23:56:05.075, 1, 0 %, 9 MiB
2026/09/07 23:56:05.575, 0, 0 %, 1017 MiB
2026/09/07 23:56:05.575, 1, 0 %, 9 MiB
2026/09/07 23:56:06.075, 0, 0 %, 1017 MiB
2026/09/07 23:56:06.075, 1, 0 %, 9 MiB
2026/09/07 23:56:06.576, 0, 0 %, 1017 MiB
2026/09/07 23:56:06.576, 1, 0 %, 9 MiB
2026/09/07 23:56:07.076, 0, 0 %, 1017 MiB
2026/09/07 23:56:07.076, 1, 0 %, 9 MiB
2026/09/07 23:56:07.576, 0, 0 %, 1017 MiB
2026/09/07 23:56:07.577, 1, 0 %, 9 MiB
2026/09/07 23:56:08.077, 0, 0 %, 1017 MiB
2026/09/07 23:56:08.077, 1, 0 %, 9 MiB
2026/09/07 23:56:08.577, 0, 0 %, 1017 MiB
2026/09/07 23:56:08.577, 1, 0 %, 9 MiB
2026/09/07 23:56:09.078, 0, 0 %, 1017 MiB
2026/09/07 23:56:09.078, 1, 0 %, 9 MiB
2026/09/07 23:56:09.578, 0, 0 %, 1017 MiB
2026/09/07 23:56:09.578, 1, 0 %, 9 MiB
2026/09/07 23:56:10.078, 0, 0 %, 1017 MiB
2026/09/07 23:56:10.079, 1, 0 %, 9 MiB
2026/09/07 23:56:10.579, 0, 0 %, 1017 MiB
2026/09/07 23:56:10.579, 1, 0 %, 9 MiB
2026/09/07 23:56:11.079, 0, 0 %, 1017 MiB
2026/09/07 23:56:11.079, 1, 0 %, 9 MiB
2026/09/07 23:56:11.580, 0, 0 %, 1017 MiB
2026/09/07 23:56:11.580, 1, 0 %, 9 MiB
2026/09/07 23:56:12.080, 0, 0 %, 1017 MiB
2026/09/07 23:56:12.080, 1, 0 %, 9 MiB
2026/09/07 23:56:12.580, 0, 0 %, 1017 MiB
2026/09/07 23:56:12.581, 1, 0 %, 9 MiB
2026/09/07 23:56:13.081, 0, 0 %, 1017 MiB
2026/09/07 23:56:13.081, 1, 0 %, 9 MiB
2026/09/07 23:56:13.581, 0, 0 %, 1017 MiB
2026/09/07 23:56:13.581, 1, 0 %, 9 MiB
2026/09/07 23:56:14.082, 0, 0 %, 1017 MiB
2026/09/07 23:56:14.082, 1, 0 %, 9 MiB
2026/09/07 23:56:14.582, 0, 0 %, 1017 MiB
2026/09/07 23:56:14.582, 1, 0 %, 9 MiB
2026/09/07 23:56:15.082, 0, 0 %, 1017 MiB
2026/09/07 23:56:15.082, 1, 0 %, 9 MiB
2026/09/07 23:56:15.583, 0, 0 %, 1017 MiB
2026/09/07 23:56:15.583, 1, 0 %, 9 MiB
2026/09/07 23:56:16.083, 0, 0 %, 1017 MiB
2026/09/07 23:56:16.083, 1, 0 %, 9 MiB
2026/09/07 23:56:16.583, 0, 0 %, 1017 MiB
2026/09/07 23:56:16.584, 1, 0 %, 9 MiB
2026/09/07 23:56:17.084, 0, 0 %, 1017 MiB
2026/09/07 23:56:17.084, 1, 0 %, 9 MiB
2026/09/07 23:56:17.584, 0, 0 %, 1017 MiB
2026/09/07 23:56:17.584, 1, 0 %, 9 MiB
2026/09/07 23:56:18.085, 0, 0 %, 1017 MiB
2026/09/07 23:56:18.085, 1, 0 %, 9 MiB
2026/09/07 23:56:18.585, 0, 0 %, 1017 MiB
2026/09/07 23:56:18.585, 1, 0 %, 9 MiB
2026/09/07 23:56:19.085, 0, 0 %, 1017 MiB
2026/09/07 23:56:19.086, 1, 0 %, 9 MiB
2026/09/07 23:56:19.586, 0, 0 %, 1017 MiB
2026/09/07 23:56:19.586, 1, 0 %, 9 MiB
2026/09/07 23:56:20.086, 0, 0 %, 1017 MiB
2026/09/07 23:56:20.086, 1, 0 %, 9 MiB
2026/09/07 23:56:20.587, 0, 0 %, 1017 MiB
2026/09/07 23:56:20.587, 1, 0 %, 9 MiB
2026/09/07 23:56:21.087, 0, 0 %, 1017 MiB
2026/09/07 23:56:21.087, 1, 0 %, 9 MiB
2026/09/07 23:56:21.587, 0, 0 %, 1017 MiB
2026/09/07 23:56:21.588, 1, 0 %, 9 MiB
2026/09/07 23:56:22.088, 0, 0 %, 1017 MiB
2026/09/07 23:56:22.088, 1, 0 %, 9 MiB
2026/09/07 23:56:22.588, 0, 0 %, 1017 MiB
2026/09/07 23:56:22.588, 1, 0 %, 9 MiB
2026/09/07 23:56:23.089, 0, 0 %, 1017 MiB
2026/09/07 23:56:23.089, 1, 0 %, 9 MiB
2026/09/07 23:56:23.589, 0, 0 %, 1017 MiB
2026/09/07 23:56:23.589, 1, 0 %, 9 MiB
2026/09/07 23:56:24.089, 0, 0 %, 1017 MiB
2026/09/07 23:56:24.090, 1, 0 %, 9 MiB
2026/09/07 23:56:24.590, 0, 0 %, 1017 MiB
2026/09/07 23:56:24.590, 1, 0 %, 9 MiB
2026/09/07 23:56:25.090, 0, 0 %, 1017 MiB
2026/09/07 23:56:25.090, 1, 0 %, 9 MiB
2026/09/07 23:56:25.591, 0, 0 %, 1017 MiB
2026/09/07 23:56:25.591, 1, 0 %, 9 MiB
2026/09/07 23:56:26.091, 0, 0 %, 1017 MiB
2026/09/07 23:56:26.091, 1, 0 %, 9 MiB
2026/09/07 23:56:26.591, 0, 0 %, 1017 MiB
2026/09/07 23:56:26.591, 1, 0 %, 9 MiB
2026/09/07 23:56:27.092, 0, 0 %, 1017 MiB
2026/09/07 23:56:27.092, 1, 0 %, 9 MiB
2026/09/07 23:56:27.592, 0, 0 %, 1017 MiB
2026/09/07 23:56:27.592, 1, 0 %, 9 MiB
2026/09/07 23:56:28.092, 0, 0 %, 1017 MiB
2026/09/07 23:56:28.093, 1, 0 %, 9 MiB
2026/09/07 23:56:28.593, 0, 0 %, 1017 MiB
2026/09/07 23:56:28.593, 1, 0 %, 9 MiB
2026/09/07 23:56:29.093, 0, 0 %, 1017 MiB
2026/09/07 23:56:29.093, 1, 0 %, 9 MiB
2026/09/07 23:56:29.594, 0, 0 %, 1017 MiB
2026/09/07 23:56:29.594, 1, 0 %, 9 MiB
2026/09/07 23:56:30.094, 0, 0 %, 1017 MiB
2026/09/07 23:56:30.094, 1, 0 %, 9 MiB
2026/09/07 23:56:30.594, 0, 0 %, 1017 MiB
2026/09/07 23:56:30.595, 1, 0 %, 9 MiB
2026/09/07 23:56:31.095, 0, 0 %, 1017 MiB
2026/09/07 23:56:31.095, 1, 0 %, 9 MiB
2026/09/07 23:56:31.595, 0, 0 %, 1017 MiB
2026/09/07 23:56:31.595, 1, 0 %, 9 MiB
2026/09/07 23:56:32.095, 0, 0 %, 1017 MiB
2026/09/07 23:56:32.096, 1, 0 %, 9 MiB
2026/09/07 23:56:32.596, 0, 0 %, 1017 MiB
2026/09/07 23:56:32.596, 1, 0 %, 9 MiB
2026/09/07 23:56:33.096, 0, 0 %, 1017 MiB
2026/09/07 23:56:33.096, 1, 0 %, 9 MiB
2026/09/07 23:56:33.597, 0, 0 %, 1017 MiB
2026/09/07 23:56:33.597, 1, 0 %, 9 MiB
2026/09/07 23:56:34.097, 0, 0 %, 1017 MiB
2026/09/07 23:56:34.097, 1, 0 %, 9 MiB
2026/09/07 23:56:34.597, 0, 0 %, 1017 MiB
2026/09/07 23:56:34.598, 1, 0 %, 9 MiB
2026/09/07 23:56:35.098, 0, 0 %, 1017 MiB
2026/09/07 23:56:35.098, 1, 0 %, 9 MiB
2026/09/07 23:56:35.598, 0, 0 %, 1017 MiB
2026/09/07 23:56:35.598, 1, 0 %, 9 MiB
2026/09/07 23:56:36.099, 0, 0 %, 1017 MiB
2026/09/07 23:56:36.099, 1, 0 %, 9 MiB
2026/09/07 23:56:36.599, 0, 0 %, 1017 MiB
2026/09/07 23:56:36.599, 1, 0 %, 9 MiB
2026/09/07 23:56:37.099, 0, 0 %, 1017 MiB
2026/09/07 23:56:37.100, 1, 0 %, 9 MiB
2026/09/07 23:56:37.600, 0, 0 %, 1017 MiB
2026/09/07 23:56:37.600, 1, 0 %, 9 MiB
2026/09/07 23:56:38.100, 0, 0 %, 1017 MiB
2026/09/07 23:56:38.100, 1, 0 %, 9 MiB
2026/09/07 23:56:38.601, 0, 0 %, 1017 MiB
2026/09/07 23:56:38.601, 1, 0 %, 9 MiB
2026/09/07 23:56:39.101, 0, 0 %, 1017 MiB
2026/09/07 23:56:39.101, 1, 0 %, 9 MiB
2026/09/07 23:56:39.601, 0, 0 %, 1017 MiB
2026/09/07 23:56:39.602, 1, 0 %, 9 MiB
2026/09/07 23:56:40.102, 0, 0 %, 1017 MiB
2026/09/07 23:56:40.102, 1, 0 %, 9 MiB
2026/09/07 23:56:40.602, 0, 0 %, 1017 MiB
2026/09/07 23:56:40.602, 1, 0 %, 9 MiB
2026/09/07 23:56:41.103, 0, 0 %, 1017 MiB
2026/09/07 23:56:41.103, 1, 0 %, 9 MiB
2026/09/07 23:56:41.603, 0, 0 %, 1017 MiB
2026/09/07 23:56:41.603, 1, 0 %, 9 MiB
2026/09/07 23:56:42.103, 0, 0 %, 1017 MiB
2026/09/07 23:56:42.104, 1, 0 %, 9 MiB
2026/09/07 23:56:42.604, 0, 0 %, 1017 MiB
2026/09/07 23:56:42.604, 1, 0 %, 9 MiB
2026/09/07 23:56:43.104, 0, 0 %, 1017 MiB
2026/09/07 23:56:43.104, 1, 0 %, 9 MiB
2026/09/07 23:56:43.605, 0, 0 %, 1017 MiB
2026/09/07 23:56:43.605, 1, 0 %, 9 MiB
2026/09/07 23:56:44.105, 0, 0 %, 1017 MiB
2026/09/07 23:56:44.105, 1, 0 %, 9 MiB
2026/09/07 23:56:44.605, 0, 0 %, 1017 MiB
2026/09/07 23:56:44.606, 1, 0 %, 9 MiB
2026/09/07 23:56:45.106, 0, 0 %, 1017 MiB
2026/09/07 23:56:45.106, 1, 0 %, 9 MiB
2026/09/07 23:56:45.606, 0, 0 %, 1017 MiB
2026/09/07 23:56:45.606, 1, 0 %, 9 MiB
2026/09/07 23:56:46.107, 0, 0 %, 1017 MiB
2026/09/07 23:56:46.107, 1, 0 %, 9 MiB
2026/09/07 23:56:46.607, 0, 0 %, 1017 MiB
2026/09/07 23:56:46.607, 1, 0 %, 9 MiB
2026/09/07 23:56:47.107, 0, 0 %, 1017 MiB
2026/09/07 23:56:47.108, 1, 0 %, 9 MiB
2026/09/07 23:56:47.608, 0, 0 %, 1017 MiB
2026/09/07 23:56:47.608, 1, 0 %, 9 MiB
2026/09/07 23:56:48.108, 0, 0 %, 1017 MiB
2026/09/07 23:56:48.108, 1, 0 %, 9 MiB
2026/09/07 23:56:48.609, 0, 0 %, 1017 MiB
2026/09/07 23:56:48.609, 1, 0 %, 9 MiB
2026/09/07 23:56:49.109, 0, 0 %, 1017 MiB
2026/09/07 23:56:49.109, 1, 0 %, 9 MiB
2026/09/07 23:56:49.609, 0, 0 %, 1017 MiB
2026/09/07 23:56:49.610, 1, 0 %, 9 MiB
2026/09/07 23:56:50.110, 0, 0 %, 1017 MiB
2026/09/07 23:56:50.110, 1, 0 %, 9 MiB
2026/09/07 23:56:50.610, 0, 0 %, 1017 MiB
2026/09/07 23:56:50.610, 1, 0 %, 9 MiB
2026/09/07 23:56:51.110, 0, 0 %, 1017 MiB
2026/09/07 23:56:51.111, 1, 0 %, 9 MiB
2026/09/07 23:56:51.611, 0, 0 %, 1017 MiB
2026/09/07 23:56:51.611, 1, 0 %, 9 MiB
2026/09/07 23:56:52.111, 0, 0 %, 1017 MiB
2026/09/07 23:56:52.111, 1, 0 %, 9 MiB
2026/09/07 23:56:52.612, 0, 0 %, 1017 MiB
2026/09/07 23:56:52.612, 1, 0 %, 9 MiB
2026/09/07 23:56:53.112, 0, 0 %, 1017 MiB
2026/09/07 23:56:53.112, 1, 0 %, 9 MiB
2026/09/07 23:56:53.612, 0, 0 %, 1017 MiB
2026/09/07 23:56:53.613, 1, 0 %, 9 MiB
2026/09/07 23:56:54.113, 0, 0 %, 1017 MiB
2026/09/07 23:56:54.113, 1, 0 %, 9 MiB
2026/09/07 23:56:54.613, 0, 0 %, 1017 MiB
2026/09/07 23:56:54.613, 1, 0 %, 9 MiB
2026/09/07 23:56:55.114, 0, 0 %, 1017 MiB
2026/09/07 23:56:55.114, 1, 0 %, 9 MiB
2026/09/07 23:56:55.614, 0, 0 %, 1017 MiB
2026/09/07 23:56:55.614, 1, 0 %, 9 MiB
2026/09/07 23:56:56.114, 0, 0 %, 1017 MiB
2026/09/07 23:56:56.114, 1, 0 %, 9 MiB
2026/09/07 23:56:56.615, 0, 0 %, 1017 MiB
2026/09/07 23:56:56.615, 1, 0 %, 9 MiB
2026/09/07 23:56:57.115, 0, 0 %, 1017 MiB
2026/09/07 23:56:57.115, 1, 0 %, 9 MiB
2026/09/07 23:56:57.615, 0, 0 %, 1017 MiB
2026/09/07 23:56:57.616, 1, 0 %, 9 MiB
2026/09/07 23:56:58.116, 0, 0 %, 1017 MiB
2026/09/07 23:56:58.116, 1, 0 %, 9 MiB
2026/09/07 23:56:58.616, 0, 0 %, 1017 MiB
2026/09/07 23:56:58.616, 1, 0 %, 9 MiB
2026/09/07 23:56:59.117, 0, 0 %, 1017 MiB
2026/09/07 23:56:59.117, 1, 0 %, 9 MiB
2026/09/07 23:56:59.617, 0, 0 %, 1017 MiB
2026/09/07 23:56:59.617, 1, 0 %, 9 MiB
2026/09/07 23:57:00.117, 0, 0 %, 1017 MiB
2026/09/07 23:57:00.118, 1, 0 %, 9 MiB
2026/09/07 23:57:00.618, 0, 0 %, 1017 MiB
2026/09/07 23:57:00.618, 1, 0 %, 9 MiB
2026/09/07 23:57:01.118, 0, 0 %, 1017 MiB
2026/09/07 23:57:01.118, 1, 0 %, 9 MiB
2026/09/07 23:57:01.618, 0, 0 %, 1017 MiB
2026/09/07 23:57:01.619, 1, 0 %, 9 MiB
2026/09/07 23:57:02.119, 0, 0 %, 1017 MiB
2026/09/07 23:57:02.119, 1, 0 %, 9 MiB
2026/09/07 23:57:02.619, 0, 0 %, 1017 MiB
2026/09/07 23:57:02.619, 1, 0 %, 9 MiB
2026/09/07 23:57:03.119, 0, 0 %, 1017 MiB
2026/09/07 23:57:03.120, 1, 0 %, 9 MiB
2026/09/07 23:57:03.620, 0, 0 %, 1017 MiB
2026/09/07 23:57:03.620, 1, 0 %, 9 MiB
2026/09/07 23:57:04.120, 0, 0 %, 1017 MiB
2026/09/07 23:57:04.120, 1, 0 %, 9 MiB
2026/09/07 23:57:04.621, 0, 0 %, 1017 MiB
2026/09/07 23:57:04.621, 1, 0 %, 9 MiB
2026/09/07 23:57:05.121, 0, 0 %, 1017 MiB
2026/09/07 23:57:05.121, 1, 0 %, 9 MiB
2026/09/07 23:57:05.621, 0, 0 %, 1017 MiB
2026/09/07 23:57:05.622, 1, 0 %, 9 MiB
2026/09/07 23:57:06.122, 0, 0 %, 1017 MiB
2026/09/07 23:57:06.122, 1, 0 %, 9 MiB
2026/09/07 23:57:06.622, 0, 0 %, 1017 MiB
2026/09/07 23:57:06.622, 1, 0 %, 9 MiB
2026/09/07 23:57:07.122, 0, 0 %, 1017 MiB
2026/09/07 23:57:07.123, 1, 0 %, 9 MiB
2026/09/07 23:57:07.623, 0, 0 %, 1017 MiB
2026/09/07 23:57:07.623, 1, 0 %, 9 MiB
2026/09/07 23:57:08.123, 0, 0 %, 1017 MiB
2026/09/07 23:57:08.123, 1, 0 %, 9 MiB
2026/09/07 23:57:08.624, 0, 0 %, 1017 MiB
2026/09/07 23:57:08.624, 1, 0 %, 9 MiB
2026/09/07 23:57:09.124, 0, 0 %, 1017 MiB
2026/09/07 23:57:09.124, 1, 0 %, 9 MiB
2026/09/07 23:57:09.624, 0, 0 %, 1017 MiB
2026/09/07 23:57:09.625, 1, 0 %, 9 MiB
2026/09/07 23:57:10.125, 0, 0 %, 1017 MiB
2026/09/07 23:57:10.125, 1, 0 %, 9 MiB
2026/09/07 23:57:10.625, 0, 0 %, 1017 MiB
2026/09/07 23:57:10.625, 1, 0 %, 9 MiB
2026/09/07 23:57:11.126, 0, 0 %, 1017 MiB
2026/09/07 23:57:11.126, 1, 0 %, 9 MiB
2026/09/07 23:57:11.626, 0, 0 %, 1017 MiB
2026/09/07 23:57:11.626, 1, 0 %, 9 MiB
2026/09/07 23:57:12.126, 0, 0 %, 1017 MiB
2026/09/07 23:57:12.127, 1, 0 %, 9 MiB
2026/09/07 23:57:12.627, 0, 0 %, 1017 MiB
2026/09/07 23:57:12.627, 1, 0 %, 9 MiB
2026/09/07 23:57:13.127, 0, 0 %, 1017 MiB
2026/09/07 23:57:13.127, 1, 0 %, 9 MiB
2026/09/07 23:57:13.628, 0, 0 %, 1017 MiB
2026/09/07 23:57:13.628, 1, 0 %, 9 MiB
2026/09/07 23:57:14.128, 0, 0 %, 1017 MiB
2026/09/07 23:57:14.128, 1, 0 %, 9 MiB
2026/09/07 23:57:14.628, 0, 0 %, 1017 MiB
2026/09/07 23:57:14.629, 1, 0 %, 9 MiB
2026/09/07 23:57:15.129, 0, 0 %, 1017 MiB
2026/09/07 23:57:15.129, 1, 0 %, 9 MiB
2026/09/07 23:57:15.629, 0, 0 %, 1017 MiB
2026/09/07 23:57:15.629, 1, 0 %, 9 MiB
2026/09/07 23:57:16.129, 0, 0 %, 1017 MiB
2026/09/07 23:57:16.130, 1, 0 %, 9 MiB
2026/09/07 23:57:16.630, 0, 0 %, 1017 MiB
2026/09/07 23:57:16.630, 1, 0 %, 9 MiB
2026/09/07 23:57:17.130, 0, 0 %, 1017 MiB
2026/09/07 23:57:17.130, 1, 0 %, 9 MiB
2026/09/07 23:57:17.631, 0, 0 %, 1017 MiB
2026/09/07 23:57:17.631, 1, 0 %, 9 MiB
2026/09/07 23:57:18.131, 0, 0 %, 1017 MiB
2026/09/07 23:57:18.131, 1, 0 %, 9 MiB
2026/09/07 23:57:18.631, 0, 0 %, 1017 MiB
2026/09/07 23:57:18.632, 1, 0 %, 9 MiB
2026/09/07 23:57:19.132, 0, 0 %, 1017 MiB
2026/09/07 23:57:19.132, 1, 0 %, 9 MiB
2026/09/07 23:57:19.632, 0, 0 %, 1017 MiB
2026/09/07 23:57:19.632, 1, 0 %, 9 MiB
2026/09/07 23:57:20.133, 0, 0 %, 1017 MiB
2026/09/07 23:57:20.133, 1, 0 %, 9 MiB
2026/09/07 23:57:20.633, 0, 0 %, 1017 MiB
2026/09/07 23:57:20.633, 1, 0 %, 9 MiB
2026/09/07 23:57:21.133, 0, 0 %, 1017 MiB
2026/09/07 23:57:21.133, 1, 0 %, 9 MiB
2026/09/07 23:57:21.634, 0, 0 %, 1017 MiB
2026/09/07 23:57:21.634, 1, 0 %, 9 MiB
2026/09/07 23:57:22.134, 0, 0 %, 1017 MiB
2026/09/07 23:57:22.134, 1, 0 %, 9 MiB
2026/09/07 23:57:22.634, 0, 0 %, 1017 MiB
2026/09/07 23:57:22.635, 1, 0 %, 9 MiB
2026/09/07 23:57:23.135, 0, 0 %, 1017 MiB
2026/09/07 23:57:23.135, 1, 0 %, 9 MiB
2026/09/07 23:57:23.635, 0, 0 %, 1017 MiB
2026/09/07 23:57:23.635, 1, 0 %, 9 MiB
2026/09/07 23:57:24.136, 0, 0 %, 1017 MiB
2026/09/07 23:57:24.136, 1, 0 %, 9 MiB
2026/09/07 23:57:24.636, 0, 0 %, 1017 MiB
2026/09/07 23:57:24.636, 1, 0 %, 9 MiB
2026/09/07 23:57:25.136, 0, 0 %, 1017 MiB
2026/09/07 23:57:25.137, 1, 0 %, 9 MiB
2026/09/07 23:57:25.637, 0, 0 %, 1017 MiB
2026/09/07 23:57:25.637, 1, 0 %, 9 MiB
2026/09/07 23:57:26.137, 0, 0 %, 1017 MiB
2026/09/07 23:57:26.137, 1, 0 %, 9 MiB
2026/09/07 23:57:26.637, 0, 0 %, 1017 MiB
2026/09/07 23:57:26.638, 1, 0 %, 9 MiB
2026/09/07 23:57:27.138, 0, 0 %, 1017 MiB
2026/09/07 23:57:27.138, 1, 0 %, 9 MiB
2026/09/07 23:57:27.638, 0, 0 %, 1017 MiB
2026/09/07 23:57:27.638, 1, 0 %, 9 MiB
2026/09/07 23:57:28.139, 0, 0 %, 1017 MiB
2026/09/07 23:57:28.139, 1, 0 %, 9 MiB
2026/09/07 23:57:28.639, 0, 0 %, 1017 MiB
2026/09/07 23:57:28.639, 1, 0 %, 9 MiB
2026/09/07 23:57:29.139, 0, 0 %, 1017 MiB
2026/09/07 23:57:29.140, 1, 0 %, 9 MiB
2026/09/07 23:57:29.640, 0, 0 %, 1017 MiB
2026/09/07 23:57:29.640, 1, 0 %, 9 MiB
2026/09/07 23:57:30.140, 0, 0 %, 1017 MiB
2026/09/07 23:57:30.140, 1, 0 %, 9 MiB
2026/09/07 23:57:30.640, 0, 0 %, 1017 MiB
2026/09/07 23:57:30.641, 1, 0 %, 9 MiB
2026/09/07 23:57:31.141, 0, 0 %, 1017 MiB
2026/09/07 23:57:31.141, 1, 0 %, 9 MiB
2026/09/07 23:57:31.641, 0, 0 %, 1017 MiB
2026/09/07 23:57:31.641, 1, 0 %, 9 MiB
2026/09/07 23:57:32.142, 0, 0 %, 1017 MiB
2026/09/07 23:57:32.142, 1, 0 %, 9 MiB
2026/09/07 23:57:32.642, 0, 0 %, 1017 MiB
2026/09/07 23:57:32.642, 1, 0 %, 9 MiB
2026/09/07 23:57:33.142, 0, 0 %, 1017 MiB
2026/09/07 23:57:33.143, 1, 0 %, 9 MiB
2026/09/07 23:57:33.643, 0, 0 %, 1017 MiB
2026/09/07 23:57:33.643, 1, 0 %, 9 MiB
2026/09/07 23:57:34.143, 0, 0 %, 1017 MiB
2026/09/07 23:57:34.143, 1, 0 %, 9 MiB
2026/09/07 23:57:34.644, 0, 0 %, 1017 MiB
2026/09/07 23:57:34.644, 1, 0 %, 9 MiB
2026/09/07 23:57:35.144, 0, 0 %, 1017 MiB
2026/09/07 23:57:35.144, 1, 0 %, 9 MiB
2026/09/07 23:57:35.644, 0, 0 %, 1017 MiB
2026/09/07 23:57:35.644, 1, 0 %, 9 MiB
2026/09/07 23:57:36.145, 0, 0 %, 1017 MiB
2026/09/07 23:57:36.145, 1, 0 %, 9 MiB
2026/09/07 23:57:36.645, 0, 0 %, 1017 MiB
2026/09/07 23:57:36.645, 1, 0 %, 9 MiB
2026/09/07 23:57:37.146, 0, 0 %, 1017 MiB
2026/09/07 23:57:37.146, 1, 0 %, 9 MiB
2026/09/07 23:57:37.646, 0, 0 %, 1017 MiB
2026/09/07 23:57:37.646, 1, 0 %, 9 MiB
2026/09/07 23:57:38.146, 0, 0 %, 1017 MiB
2026/09/07 23:57:38.147, 1, 0 %, 9 MiB
2026/09/07 23:57:38.647, 0, 0 %, 1017 MiB
2026/09/07 23:57:38.647, 1, 0 %, 9 MiB
2026/09/07 23:57:39.147, 0, 0 %, 1017 MiB
2026/09/07 23:57:39.147, 1, 0 %, 9 MiB
2026/09/07 23:57:39.648, 0, 0 %, 1017 MiB
2026/09/07 23:57:39.648, 1, 0 %, 9 MiB
2026/09/07 23:57:40.148, 0, 0 %, 1017 MiB
2026/09/07 23:57:40.148, 1, 0 %, 9 MiB
2026/09/07 23:57:40.648, 0, 0 %, 1017 MiB
2026/09/07 23:57:40.649, 1, 0 %, 9 MiB
2026/09/07 23:57:41.149, 0, 0 %, 1017 MiB
2026/09/07 23:57:41.149, 1, 0 %, 9 MiB
2026/09/07 23:57:41.649, 0, 0 %, 1017 MiB
2026/09/07 23:57:41.649, 1, 0 %, 9 MiB
2026/09/07 23:57:42.150, 0, 0 %, 1017 MiB
2026/09/07 23:57:42.150, 1, 0 %, 9 MiB
2026/09/07 23:57:42.650, 0, 0 %, 1017 MiB
2026/09/07 23:57:42.650, 1, 0 %, 9 MiB
2026/09/07 23:57:43.150, 0, 0 %, 1017 MiB
2026/09/07 23:57:43.150, 1, 0 %, 9 MiB
2026/09/07 23:57:43.651, 0, 0 %, 1017 MiB
2026/09/07 23:57:43.651, 1, 0 %, 9 MiB
2026/09/07 23:57:44.151, 0, 0 %, 1017 MiB
2026/09/07 23:57:44.151, 1, 0 %, 9 MiB
2026/09/07 23:57:44.651, 0, 0 %, 1017 MiB
2026/09/07 23:57:44.652, 1, 0 %, 9 MiB
2026/09/07 23:57:45.152, 0, 0 %, 1017 MiB
2026/09/07 23:57:45.152, 1, 0 %, 9 MiB
2026/09/07 23:57:45.652, 0, 0 %, 1017 MiB
2026/09/07 23:57:45.652, 1, 0 %, 9 MiB
2026/09/07 23:57:46.153, 0, 0 %, 1017 MiB
2026/09/07 23:57:46.153, 1, 0 %, 9 MiB
2026/09/07 23:57:46.653, 0, 0 %, 1017 MiB
2026/09/07 23:57:46.653, 1, 0 %, 9 MiB
2026/09/07 23:57:47.153, 0, 0 %, 1017 MiB
2026/09/07 23:57:47.154, 1, 0 %, 9 MiB
2026/09/07 23:57:47.654, 0, 0 %, 1017 MiB
2026/09/07 23:57:47.654, 1, 0 %, 9 MiB
2026/09/07 23:57:48.154, 0, 0 %, 1017 MiB
2026/09/07 23:57:48.154, 1, 0 %, 9 MiB
2026/09/07 23:57:48.654, 0, 0 %, 1017 MiB
2026/09/07 23:57:48.655, 1, 0 %, 9 MiB
2026/09/07 23:57:49.155, 0, 0 %, 1017 MiB
2026/09/07 23:57:49.155, 1, 0 %, 9 MiB
2026/09/07 23:57:49.655, 0, 0 %, 1017 MiB
2026/09/07 23:57:49.655, 1, 0 %, 9 MiB
2026/09/07 23:57:50.156, 0, 0 %, 1017 MiB
2026/09/07 23:57:50.156, 1, 0 %, 9 MiB
2026/09/07 23:57:50.656, 0, 0 %, 1017 MiB
2026/09/07 23:57:50.656, 1, 0 %, 9 MiB
2026/09/07 23:57:51.156, 0, 0 %, 1017 MiB
2026/09/07 23:57:51.157, 1, 0 %, 9 MiB
2026/09/07 23:57:51.657, 0, 0 %, 1017 MiB
2026/09/07 23:57:51.657, 1, 0 %, 9 MiB
2026/09/07 23:57:52.157, 0, 0 %, 1017 MiB
2026/09/07 23:57:52.157, 1, 0 %, 9 MiB
2026/09/07 23:57:52.658, 0, 0 %, 1017 MiB
2026/09/07 23:57:52.658, 1, 0 %, 9 MiB
2026/09/07 23:57:53.158, 0, 0 %, 1017 MiB
2026/09/07 23:57:53.158, 1, 0 %, 9 MiB
2026/09/07 23:57:53.658, 0, 0 %, 1017 MiB
2026/09/07 23:57:53.659, 1, 0 %, 9 MiB
2026/09/07 23:57:54.159, 0, 0 %, 1017 MiB
2026/09/07 23:57:54.159, 1, 0 %, 9 MiB
2026/09/07 23:57:54.659, 0, 0 %, 1017 MiB
2026/09/07 23:57:54.659, 1, 0 %, 9 MiB
2026/09/07 23:57:55.160, 0, 0 %, 1017 MiB
2026/09/07 23:57:55.160, 1, 0 %, 9 MiB
2026/09/07 23:57:55.660, 0, 0 %, 1017 MiB
2026/09/07 23:57:55.660, 1, 0 %, 9 MiB
2026/09/07 23:57:56.160, 0, 0 %, 1017 MiB
2026/09/07 23:57:56.161, 1, 0 %, 9 MiB
2026/09/07 23:57:56.661, 0, 0 %, 1017 MiB
2026/09/07 23:57:56.661, 1, 0 %, 9 MiB
2026/09/07 23:57:57.161, 0, 0 %, 1017 MiB
2026/09/07 23:57:57.161, 1, 0 %, 9 MiB
2026/09/07 23:57:57.662, 0, 0 %, 1017 MiB
2026/09/07 23:57:57.662, 1, 0 %, 9 MiB
2026/09/07 23:57:58.162, 0, 0 %, 1017 MiB
2026/09/07 23:57:58.162, 1, 0 %, 9 MiB
2026/09/07 23:57:58.662, 0, 0 %, 1017 MiB
2026/09/07 23:57:58.662, 1, 0 %, 9 MiB
2026/09/07 23:57:59.163, 0, 0 %, 1017 MiB
2026/09/07 23:57:59.163, 1, 0 %, 9 MiB
2026/09/07 23:57:59.663, 0, 0 %, 1017 MiB
2026/09/07 23:57:59.663, 1, 0 %, 9 MiB
2026/09/07 23:58:00.163, 0, 0 %, 1017 MiB
2026/09/07 23:58:00.164, 1, 0 %, 9 MiB
2026/09/07 23:58:00.664, 0, 0 %, 1017 MiB
2026/09/07 23:58:00.664, 1, 0 %, 9 MiB
2026/09/07 23:58:01.164, 0, 0 %, 1017 MiB
2026/09/07 23:58:01.164, 1, 0 %, 9 MiB
2026/09/07 23:58:01.665, 0, 0 %, 1017 MiB
2026/09/07 23:58:01.665, 1, 0 %, 9 MiB
2026/09/07 23:58:02.165, 0, 0 %, 1017 MiB
2026/09/07 23:58:02.165, 1, 0 %, 9 MiB
2026/09/07 23:58:02.665, 0, 0 %, 1017 MiB
2026/09/07 23:58:02.666, 1, 0 %, 9 MiB
2026/09/07 23:58:03.166, 0, 0 %, 1017 MiB
2026/09/07 23:58:03.166, 1, 0 %, 9 MiB
2026/09/07 23:58:03.666, 0, 0 %, 1017 MiB
2026/09/07 23:58:03.666, 1, 0 %, 9 MiB
2026/09/07 23:58:04.167, 0, 0 %, 1017 MiB
2026/09/07 23:58:04.167, 1, 0 %, 9 MiB
2026/09/07 23:58:04.667, 0, 0 %, 1017 MiB
2026/09/07 23:58:04.667, 1, 0 %, 9 MiB
2026/09/07 23:58:05.167, 0, 0 %, 1017 MiB
2026/09/07 23:58:05.167, 1, 0 %, 9 MiB
2026/09/07 23:58:05.668, 0, 0 %, 1017 MiB
2026/09/07 23:58:05.668, 1, 0 %, 9 MiB
2026/09/07 23:58:06.168, 0, 0 %, 1017 MiB
2026/09/07 23:58:06.168, 1, 0 %, 9 MiB
2026/09/07 23:58:06.668, 0, 0 %, 1017 MiB
2026/09/07 23:58:06.669, 1, 0 %, 9 MiB
2026/09/07 23:58:07.169, 0, 0 %, 1017 MiB
2026/09/07 23:58:07.169, 1, 0 %, 9 MiB
2026/09/07 23:58:07.669, 0, 0 %, 1017 MiB
2026/09/07 23:58:07.669, 1, 0 %, 9 MiB
2026/09/07 23:58:08.170, 0, 0 %, 1017 MiB
2026/09/07 23:58:08.170, 1, 0 %, 9 MiB
2026/09/07 23:58:08.670, 0, 0 %, 1017 MiB
2026/09/07 23:58:08.670, 1, 0 %, 9 MiB
2026/09/07 23:58:09.170, 0, 0 %, 1017 MiB
2026/09/07 23:58:09.171, 1, 0 %, 9 MiB
2026/09/07 23:58:09.671, 0, 0 %, 1017 MiB
2026/09/07 23:58:09.671, 1, 0 %, 9 MiB
2026/09/07 23:58:10.171, 0, 0 %, 1017 MiB
2026/09/07 23:58:10.171, 1, 0 %, 9 MiB
2026/09/07 23:58:10.672, 0, 0 %, 1017 MiB
2026/09/07 23:58:10.672, 1, 0 %, 9 MiB
2026/09/07 23:58:11.172, 0, 0 %, 1017 MiB
2026/09/07 23:58:11.172, 1, 0 %, 9 MiB
2026/09/07 23:58:11.672, 0, 0 %, 1017 MiB
2026/09/07 23:58:11.672, 1, 0 %, 9 MiB
2026/09/07 23:58:12.173, 0, 0 %, 1017 MiB
2026/09/07 23:58:12.173, 1, 0 %, 9 MiB
2026/09/07 23:58:12.673, 0, 0 %, 1017 MiB
2026/09/07 23:58:12.673, 1, 0 %, 9 MiB
2026/09/07 23:58:13.173, 0, 0 %, 1017 MiB
2026/09/07 23:58:13.174, 1, 0 %, 9 MiB
2026/09/07 23:58:13.674, 0, 0 %, 1017 MiB
2026/09/07 23:58:13.674, 1, 0 %, 9 MiB
2026/09/07 23:58:14.174, 0, 0 %, 1017 MiB
2026/09/07 23:58:14.174, 1, 0 %, 9 MiB
2026/09/07 23:58:14.674, 0, 0 %, 1017 MiB
2026/09/07 23:58:14.675, 1, 0 %, 9 MiB
2026/09/07 23:58:15.175, 0, 0 %, 1017 MiB
2026/09/07 23:58:15.175, 1, 0 %, 9 MiB
2026/09/07 23:58:15.675, 0, 0 %, 1017 MiB
2026/09/07 23:58:15.675, 1, 0 %, 9 MiB
2026/09/07 23:58:16.176, 0, 0 %, 1017 MiB
2026/09/07 23:58:16.176, 1, 0 %, 9 MiB
2026/09/07 23:58:16.676, 0, 0 %, 1017 MiB
2026/09/07 23:58:16.676, 1, 0 %, 9 MiB
2026/09/07 23:58:17.176, 0, 0 %, 1017 MiB
2026/09/07 23:58:17.176, 1, 0 %, 9 MiB
2026/09/07 23:58:17.677, 0, 0 %, 1017 MiB
2026/09/07 23:58:17.677, 1, 0 %, 9 MiB
2026/09/07 23:58:18.177, 0, 0 %, 1017 MiB
2026/09/07 23:58:18.177, 1, 0 %, 9 MiB
2026/09/07 23:58:18.677, 0, 0 %, 1017 MiB
2026/09/07 23:58:18.678, 1, 0 %, 9 MiB
2026/09/07 23:58:19.178, 0, 0 %, 1017 MiB
2026/09/07 23:58:19.178, 1, 0 %, 9 MiB
2026/09/07 23:58:19.678, 0, 0 %, 1017 MiB
2026/09/07 23:58:19.678, 1, 0 %, 9 MiB
2026/09/07 23:58:20.179, 0, 0 %, 1017 MiB
2026/09/07 23:58:20.179, 1, 0 %, 9 MiB
2026/09/07 23:58:20.679, 0, 0 %, 1017 MiB
2026/09/07 23:58:20.679, 1, 0 %, 9 MiB
2026/09/07 23:58:21.179, 0, 0 %, 1017 MiB
2026/09/07 23:58:21.180, 1, 0 %, 9 MiB
2026/09/07 23:58:21.680, 0, 0 %, 1017 MiB
2026/09/07 23:58:21.680, 1, 0 %, 9 MiB
2026/09/07 23:58:22.180, 0, 0 %, 1017 MiB
2026/09/07 23:58:22.180, 1, 0 %, 9 MiB
2026/09/07 23:58:22.680, 0, 0 %, 1017 MiB
2026/09/07 23:58:22.681, 1, 0 %, 9 MiB
2026/09/07 23:58:23.181, 0, 0 %, 1017 MiB
2026/09/07 23:58:23.181, 1, 0 %, 9 MiB
2026/09/07 23:58:23.681, 0, 0 %, 1017 MiB
2026/09/07 23:58:23.681, 1, 0 %, 9 MiB
2026/09/07 23:58:24.182, 0, 0 %, 1017 MiB
2026/09/07 23:58:24.182, 1, 0 %, 9 MiB
2026/09/07 23:58:24.682, 0, 0 %, 1017 MiB
2026/09/07 23:58:24.682, 1, 0 %, 9 MiB
2026/09/07 23:58:25.182, 0, 0 %, 1017 MiB
2026/09/07 23:58:25.183, 1, 0 %, 9 MiB
2026/09/07 23:58:25.683, 0, 0 %, 1017 MiB
2026/09/07 23:58:25.683, 1, 0 %, 9 MiB
2026/09/07 23:58:26.183, 0, 0 %, 1017 MiB
2026/09/07 23:58:26.183, 1, 0 %, 9 MiB
2026/09/07 23:58:26.683, 0, 0 %, 1017 MiB
2026/09/07 23:58:26.684, 1, 0 %, 9 MiB
2026/09/07 23:58:27.184, 0, 0 %, 1017 MiB
2026/09/07 23:58:27.184, 1, 0 %, 9 MiB
2026/09/07 23:58:27.684, 0, 0 %, 1017 MiB
2026/09/07 23:58:27.684, 1, 0 %, 9 MiB
2026/09/07 23:58:28.185, 0, 0 %, 1017 MiB
2026/09/07 23:58:28.185, 1, 0 %, 9 MiB
2026/09/07 23:58:28.685, 0, 0 %, 1017 MiB
2026/09/07 23:58:28.685, 1, 0 %, 9 MiB
2026/09/07 23:58:29.185, 0, 0 %, 1017 MiB
2026/09/07 23:58:29.185, 1, 0 %, 9 MiB
2026/09/07 23:58:29.686, 0, 0 %, 1017 MiB
2026/09/07 23:58:29.686, 1, 0 %, 9 MiB
2026/09/07 23:58:30.186, 0, 0 %, 1017 MiB
2026/09/07 23:58:30.186, 1, 0 %, 9 MiB
2026/09/07 23:58:30.686, 0, 0 %, 1017 MiB
2026/09/07 23:58:30.687, 1, 0 %, 9 MiB
2026/09/07 23:58:31.187, 0, 0 %, 1017 MiB
2026/09/07 23:58:31.187, 1, 0 %, 9 MiB
2026/09/07 23:58:31.687, 0, 0 %, 1017 MiB
2026/09/07 23:58:31.687, 1, 0 %, 9 MiB
2026/09/07 23:58:32.188, 0, 0 %, 1017 MiB
2026/09/07 23:58:32.188, 1, 0 %, 9 MiB
2026/09/07 23:58:32.688, 0, 0 %, 1017 MiB
2026/09/07 23:58:32.688, 1, 0 %, 9 MiB
2026/09/07 23:58:33.188, 0, 0 %, 1017 MiB
2026/09/07 23:58:33.189, 1, 0 %, 9 MiB
2026/09/07 23:58:33.689, 0, 0 %, 1017 MiB
2026/09/07 23:58:33.689, 1, 0 %, 9 MiB
2026/09/07 23:58:34.189, 0, 0 %, 1017 MiB
2026/09/07 23:58:34.189, 1, 0 %, 9 MiB
2026/09/07 23:58:34.690, 0, 0 %, 1017 MiB
2026/09/07 23:58:34.690, 1, 0 %, 9 MiB
2026/09/07 23:58:35.190, 0, 0 %, 1017 MiB
2026/09/07 23:58:35.190, 1, 0 %, 9 MiB
2026/09/07 23:58:35.690, 0, 0 %, 1017 MiB
2026/09/07 23:58:35.691, 1, 0 %, 9 MiB
2026/09/07 23:58:36.191, 0, 0 %, 1017 MiB
2026/09/07 23:58:36.191, 1, 0 %, 9 MiB
2026/09/07 23:58:36.691, 0, 0 %, 1017 MiB
2026/09/07 23:58:36.691, 1, 0 %, 9 MiB
2026/09/07 23:58:37.191, 0, 0 %, 1017 MiB
2026/09/07 23:58:37.192, 1, 0 %, 9 MiB
2026/09/07 23:58:37.692, 0, 0 %, 1017 MiB
2026/09/07 23:58:37.692, 1, 0 %, 9 MiB
2026/09/07 23:58:38.192, 0, 0 %, 1017 MiB
2026/09/07 23:58:38.192, 1, 0 %, 9 MiB
2026/09/07 23:58:38.693, 0, 0 %, 1017 MiB
2026/09/07 23:58:38.693, 1, 0 %, 9 MiB
2026/09/07 23:58:39.193, 0, 0 %, 1017 MiB
2026/09/07 23:58:39.193, 1, 0 %, 9 MiB
2026/09/07 23:58:39.693, 0, 0 %, 1017 MiB
2026/09/07 23:58:39.694, 1, 0 %, 9 MiB
2026/09/07 23:58:40.194, 0, 0 %, 1017 MiB
2026/09/07 23:58:40.194, 1, 0 %, 9 MiB
2026/09/07 23:58:40.694, 0, 0 %, 1017 MiB
2026/09/07 23:58:40.694, 1, 0 %, 9 MiB
2026/09/07 23:58:41.194, 0, 0 %, 1017 MiB
2026/09/07 23:58:41.195, 1, 0 %, 9 MiB
2026/09/07 23:58:41.695, 0, 0 %, 1017 MiB
2026/09/07 23:58:41.695, 1, 0 %, 9 MiB
2026/09/07 23:58:42.195, 0, 0 %, 1017 MiB
2026/09/07 23:58:42.196, 1, 0 %, 9 MiB
2026/09/07 23:58:42.696, 0, 0 %, 1017 MiB
2026/09/07 23:58:42.696, 1, 0 %, 9 MiB
2026/09/07 23:58:43.196, 0, 0 %, 1017 MiB
2026/09/07 23:58:43.196, 1, 0 %, 9 MiB
2026/09/07 23:58:43.697, 0, 0 %, 1017 MiB
2026/09/07 23:58:43.697, 1, 0 %, 9 MiB
2026/09/07 23:58:44.197, 0, 0 %, 1017 MiB
2026/09/07 23:58:44.197, 1, 0 %, 9 MiB
2026/09/07 23:58:44.697, 0, 0 %, 1017 MiB
2026/09/07 23:58:44.698, 1, 0 %, 9 MiB
2026/09/07 23:58:45.198, 0, 0 %, 1017 MiB
2026/09/07 23:58:45.198, 1, 0 %, 9 MiB
2026/09/07 23:58:45.698, 0, 0 %, 1017 MiB
2026/09/07 23:58:45.698, 1, 0 %, 9 MiB
2026/09/07 23:58:46.198, 0, 0 %, 1017 MiB
2026/09/07 23:58:46.199, 1, 0 %, 9 MiB
2026/09/07 23:58:46.699, 0, 0 %, 1017 MiB
2026/09/07 23:58:46.699, 1, 0 %, 9 MiB
2026/09/07 23:58:47.199, 0, 0 %, 1017 MiB
2026/09/07 23:58:47.199, 1, 0 %, 9 MiB
2026/09/07 23:58:47.700, 0, 0 %, 1017 MiB
2026/09/07 23:58:47.700, 1, 0 %, 9 MiB
2026/09/07 23:58:48.200, 0, 0 %, 1017 MiB
2026/09/07 23:58:48.200, 1, 0 %, 9 MiB
2026/09/07 23:58:48.700, 0, 0 %, 1017 MiB
2026/09/07 23:58:48.701, 1, 0 %, 9 MiB
2026/09/07 23:58:49.201, 0, 0 %, 1017 MiB
2026/09/07 23:58:49.201, 1, 0 %, 9 MiB
2026/09/07 23:58:49.701, 0, 0 %, 1017 MiB
2026/09/07 23:58:49.701, 1, 0 %, 9 MiB
2026/09/07 23:58:50.201, 0, 0 %, 1017 MiB
2026/09/07 23:58:50.202, 1, 0 %, 9 MiB
2026/09/07 23:58:50.702, 0, 0 %, 1017 MiB
2026/09/07 23:58:50.702, 1, 0 %, 9 MiB
2026/09/07 23:58:51.202, 0, 0 %, 1017 MiB
2026/09/07 23:58:51.202, 1, 0 %, 9 MiB
2026/09/07 23:58:51.703, 0, 0 %, 1017 MiB
2026/09/07 23:58:51.703, 1, 0 %, 9 MiB
2026/09/07 23:58:52.203, 0, 0 %, 1017 MiB
2026/09/07 23:58:52.203, 1, 0 %, 9 MiB
2026/09/07 23:58:52.703, 0, 0 %, 1017 MiB
2026/09/07 23:58:52.704, 1, 0 %, 9 MiB
2026/09/07 23:58:53.204, 0, 0 %, 1017 MiB
2026/09/07 23:58:53.204, 1, 0 %, 9 MiB
2026/09/07 23:58:53.704, 0, 0 %, 1017 MiB
2026/09/07 23:58:53.705, 1, 0 %, 9 MiB
2026/09/07 23:58:54.205, 0, 0 %, 1017 MiB
2026/09/07 23:58:54.205, 1, 0 %, 9 MiB
2026/09/07 23:58:54.705, 0, 0 %, 1017 MiB
2026/09/07 23:58:54.705, 1, 0 %, 9 MiB
2026/09/07 23:58:55.206, 0, 0 %, 1017 MiB
2026/09/07 23:58:55.206, 1, 0 %, 9 MiB
2026/09/07 23:58:55.706, 0, 0 %, 1017 MiB
2026/09/07 23:58:55.706, 1, 0 %, 9 MiB
2026/09/07 23:58:56.206, 0, 0 %, 1017 MiB
2026/09/07 23:58:56.207, 1, 0 %, 9 MiB
2026/09/07 23:58:56.707, 0, 0 %, 1017 MiB
2026/09/07 23:58:56.707, 1, 0 %, 9 MiB
2026/09/07 23:58:57.207, 0, 0 %, 1017 MiB
2026/09/07 23:58:57.207, 1, 0 %, 9 MiB
2026/09/07 23:58:57.707, 0, 0 %, 1017 MiB
2026/09/07 23:58:57.708, 1, 0 %, 9 MiB
2026/09/07 23:58:58.208, 0, 0 %, 1017 MiB
2026/09/07 23:58:58.208, 1, 0 %, 9 MiB
2026/09/07 23:58:58.708, 0, 0 %, 1017 MiB
2026/09/07 23:58:58.708, 1, 0 %, 9 MiB
2026/09/07 23:58:59.209, 0, 0 %, 1017 MiB
2026/09/07 23:58:59.209, 1, 0 %, 9 MiB
2026/09/07 23:58:59.709, 0, 0 %, 1017 MiB
2026/09/07 23:58:59.709, 1, 0 %, 9 MiB
2026/09/07 23:59:00.209, 0, 0 %, 1017 MiB
2026/09/07 23:59:00.210, 1, 0 %, 9 MiB
2026/09/07 23:59:00.710, 0, 0 %, 1017 MiB
2026/09/07 23:59:00.710, 1, 0 %, 9 MiB
2026/09/07 23:59:01.210, 0, 0 %, 1017 MiB
2026/09/07 23:59:01.210, 1, 0 %, 9 MiB
2026/09/07 23:59:01.710, 0, 0 %, 1017 MiB
2026/09/07 23:59:01.711, 1, 0 %, 9 MiB
2026/09/07 23:59:02.211, 0, 0 %, 1017 MiB
2026/09/07 23:59:02.211, 1, 0 %, 9 MiB
2026/09/07 23:59:02.711, 0, 0 %, 1017 MiB
2026/09/07 23:59:02.711, 1, 0 %, 9 MiB
2026/09/07 23:59:03.212, 0, 0 %, 1017 MiB
2026/09/07 23:59:03.212, 1, 0 %, 9 MiB
2026/09/07 23:59:03.712, 0, 0 %, 1017 MiB
2026/09/07 23:59:03.712, 1, 0 %, 9 MiB
2026/09/07 23:59:04.212, 0, 0 %, 1017 MiB
2026/09/07 23:59:04.212, 1, 0 %, 9 MiB
2026/09/07 23:59:04.713, 0, 0 %, 1017 MiB
2026/09/07 23:59:04.713, 1, 0 %, 9 MiB
2026/09/07 23:59:05.213, 0, 0 %, 1017 MiB
2026/09/07 23:59:05.213, 1, 0 %, 9 MiB
2026/09/07 23:59:05.713, 0, 0 %, 1017 MiB
2026/09/07 23:59:05.714, 1, 0 %, 9 MiB
2026/09/07 23:59:06.214, 0, 0 %, 1017 MiB
2026/09/07 23:59:06.214, 1, 0 %, 9 MiB
2026/09/07 23:59:06.714, 0, 0 %, 1017 MiB
2026/09/07 23:59:06.714, 1, 0 %, 9 MiB
2026/09/07 23:59:07.215, 0, 0 %, 1017 MiB
2026/09/07 23:59:07.215, 1, 0 %, 9 MiB
2026/09/07 23:59:07.715, 0, 0 %, 1017 MiB
2026/09/07 23:59:07.715, 1, 0 %, 9 MiB
2026/09/07 23:59:08.215, 0, 0 %, 1017 MiB
2026/09/07 23:59:08.216, 1, 0 %, 9 MiB
2026/09/07 23:59:08.716, 0, 0 %, 1017 MiB
2026/09/07 23:59:08.716, 1, 0 %, 9 MiB
2026/09/07 23:59:09.216, 0, 0 %, 1017 MiB
2026/09/07 23:59:09.216, 1, 0 %, 9 MiB
2026/09/07 23:59:09.717, 0, 0 %, 1017 MiB
2026/09/07 23:59:09.717, 1, 0 %, 9 MiB
2026/09/07 23:59:10.217, 0, 0 %, 1017 MiB
2026/09/07 23:59:10.217, 1, 0 %, 9 MiB
2026/09/07 23:59:10.717, 0, 0 %, 1017 MiB
2026/09/07 23:59:10.718, 1, 0 %, 9 MiB
2026/09/07 23:59:11.218, 0, 0 %, 1017 MiB
2026/09/07 23:59:11.218, 1, 0 %, 9 MiB
2026/09/07 23:59:11.718, 0, 0 %, 1017 MiB
2026/09/07 23:59:11.718, 1, 0 %, 9 MiB
2026/09/07 23:59:12.218, 0, 0 %, 1017 MiB
2026/09/07 23:59:12.219, 1, 0 %, 9 MiB
2026/09/07 23:59:12.719, 0, 0 %, 1017 MiB
2026/09/07 23:59:12.719, 1, 0 %, 9 MiB
2026/09/07 23:59:13.219, 0, 0 %, 1017 MiB
2026/09/07 23:59:13.219, 1, 0 %, 9 MiB
2026/09/07 23:59:13.720, 0, 0 %, 1017 MiB
2026/09/07 23:59:13.720, 1, 0 %, 9 MiB
2026/09/07 23:59:14.220, 0, 0 %, 1017 MiB
2026/09/07 23:59:14.220, 1, 0 %, 9 MiB
2026/09/07 23:59:14.720, 0, 0 %, 1017 MiB
2026/09/07 23:59:14.721, 1, 0 %, 9 MiB
2026/09/07 23:59:15.221, 0, 0 %, 1017 MiB
2026/09/07 23:59:15.221, 1, 0 %, 9 MiB
2026/09/07 23:59:15.721, 0, 0 %, 1017 MiB
2026/09/07 23:59:15.721, 1, 0 %, 9 MiB
2026/09/07 23:59:16.222, 0, 0 %, 1017 MiB
2026/09/07 23:59:16.222, 1, 0 %, 9 MiB
2026/09/07 23:59:16.722, 0, 0 %, 1017 MiB
2026/09/07 23:59:16.722, 1, 0 %, 9 MiB
2026/09/07 23:59:17.222, 0, 0 %, 1017 MiB
2026/09/07 23:59:17.222, 1, 0 %, 9 MiB
2026/09/07 23:59:17.723, 0, 0 %, 1017 MiB
2026/09/07 23:59:17.723, 1, 0 %, 9 MiB
2026/09/07 23:59:18.223, 0, 0 %, 1017 MiB
2026/09/07 23:59:18.223, 1, 0 %, 9 MiB
2026/09/07 23:59:18.723, 0, 0 %, 1017 MiB
2026/09/07 23:59:18.724, 1, 0 %, 9 MiB
2026/09/07 23:59:19.224, 0, 0 %, 1017 MiB
2026/09/07 23:59:19.224, 1, 0 %, 9 MiB
2026/09/07 23:59:19.724, 0, 0 %, 1017 MiB
2026/09/07 23:59:19.724, 1, 0 %, 9 MiB
2026/09/07 23:59:20.225, 0, 0 %, 1017 MiB
2026/09/07 23:59:20.225, 1, 0 %, 9 MiB
2026/09/07 23:59:20.725, 0, 0 %, 1017 MiB
2026/09/07 23:59:20.725, 1, 0 %, 9 MiB
2026/09/07 23:59:21.225, 0, 0 %, 1017 MiB
2026/09/07 23:59:21.226, 1, 0 %, 9 MiB
2026/09/07 23:59:21.726, 0, 0 %, 1017 MiB
2026/09/07 23:59:21.726, 1, 0 %, 9 MiB
2026/09/07 23:59:22.226, 0, 0 %, 1017 MiB
2026/09/07 23:59:22.226, 1, 0 %, 9 MiB
2026/09/07 23:59:22.727, 0, 0 %, 1017 MiB
2026/09/07 23:59:22.727, 1, 0 %, 9 MiB
2026/09/07 23:59:23.227, 0, 0 %, 1017 MiB
2026/09/07 23:59:23.227, 1, 0 %, 9 MiB
2026/09/07 23:59:23.727, 0, 0 %, 1017 MiB
2026/09/07 23:59:23.728, 1, 0 %, 9 MiB
2026/09/07 23:59:24.228, 0, 0 %, 1017 MiB
2026/09/07 23:59:24.228, 1, 0 %, 9 MiB
2026/09/07 23:59:24.728, 0, 0 %, 1017 MiB
2026/09/07 23:59:24.728, 1, 0 %, 9 MiB
2026/09/07 23:59:25.228, 0, 0 %, 1017 MiB
2026/09/07 23:59:25.229, 1, 0 %, 9 MiB
2026/09/07 23:59:25.729, 0, 0 %, 1017 MiB
2026/09/07 23:59:25.729, 1, 0 %, 9 MiB
2026/09/07 23:59:26.229, 0, 0 %, 1017 MiB
2026/09/07 23:59:26.229, 1, 0 %, 9 MiB
2026/09/07 23:59:26.730, 0, 0 %, 1017 MiB
2026/09/07 23:59:26.730, 1, 0 %, 9 MiB
2026/09/07 23:59:27.230, 0, 0 %, 1017 MiB
2026/09/07 23:59:27.230, 1, 0 %, 9 MiB
2026/09/07 23:59:27.731, 0, 0 %, 1017 MiB
2026/09/07 23:59:27.731, 1, 0 %, 9 MiB
2026/09/07 23:59:28.231, 0, 0 %, 1017 MiB
2026/09/07 23:59:28.231, 1, 0 %, 9 MiB
2026/09/07 23:59:28.731, 0, 0 %, 1017 MiB
2026/09/07 23:59:28.731, 1, 0 %, 9 MiB
2026/09/07 23:59:29.232, 0, 0 %, 1017 MiB
2026/09/07 23:59:29.232, 1, 0 %, 9 MiB
2026/09/07 23:59:29.732, 0, 0 %, 1017 MiB
2026/09/07 23:59:29.732, 1, 0 %, 9 MiB
2026/09/07 23:59:30.232, 0, 0 %, 1017 MiB
2026/09/07 23:59:30.233, 1, 0 %, 9 MiB
2026/09/07 23:59:30.733, 0, 0 %, 1017 MiB
2026/09/07 23:59:30.733, 1, 0 %, 9 MiB
2026/09/07 23:59:31.233, 0, 0 %, 1017 MiB
2026/09/07 23:59:31.233, 1, 0 %, 9 MiB
2026/09/07 23:59:31.734, 0, 0 %, 1017 MiB
2026/09/07 23:59:31.734, 1, 0 %, 9 MiB
2026/09/07 23:59:32.234, 0, 0 %, 1017 MiB
2026/09/07 23:59:32.234, 1, 0 %, 9 MiB
2026/09/07 23:59:32.735, 0, 0 %, 1017 MiB
2026/09/07 23:59:32.735, 1, 0 %, 9 MiB
2026/09/07 23:59:33.235, 0, 0 %, 1017 MiB
2026/09/07 23:59:33.235, 1, 0 %, 9 MiB
2026/09/07 23:59:33.735, 0, 0 %, 1017 MiB
2026/09/07 23:59:33.736, 1, 0 %, 9 MiB
2026/09/07 23:59:34.236, 0, 0 %, 1017 MiB
2026/09/07 23:59:34.236, 1, 0 %, 9 MiB
2026/09/07 23:59:34.736, 0, 0 %, 1017 MiB
2026/09/07 23:59:34.736, 1, 0 %, 9 MiB
2026/09/07 23:59:35.237, 0, 0 %, 1017 MiB
2026/09/07 23:59:35.237, 1, 0 %, 9 MiB
2026/09/07 23:59:35.737, 0, 0 %, 1017 MiB
2026/09/07 23:59:35.737, 1, 0 %, 9 MiB
2026/09/07 23:59:36.237, 0, 0 %, 1017 MiB
2026/09/07 23:59:36.238, 1, 0 %, 9 MiB
2026/09/07 23:59:36.738, 0, 0 %, 1017 MiB
2026/09/07 23:59:36.738, 1, 0 %, 9 MiB
2026/09/07 23:59:37.238, 0, 0 %, 1017 MiB
2026/09/07 23:59:37.238, 1, 0 %, 9 MiB
2026/09/07 23:59:37.739, 0, 0 %, 1017 MiB
2026/09/07 23:59:37.739, 1, 0 %, 9 MiB
2026/09/07 23:59:38.239, 0, 0 %, 1017 MiB
2026/09/07 23:59:38.239, 1, 0 %, 9 MiB
2026/09/07 23:59:38.739, 0, 0 %, 1017 MiB
2026/09/07 23:59:38.740, 1, 0 %, 9 MiB
2026/09/07 23:59:39.240, 0, 0 %, 1017 MiB
2026/09/07 23:59:39.240, 1, 0 %, 9 MiB
2026/09/07 23:59:39.740, 0, 0 %, 1017 MiB
2026/09/07 23:59:39.740, 1, 0 %, 9 MiB
2026/09/07 23:59:40.240, 0, 0 %, 1017 MiB
2026/09/07 23:59:40.241, 1, 0 %, 9 MiB
2026/09/07 23:59:40.741, 0, 0 %, 1017 MiB
2026/09/07 23:59:40.741, 1, 0 %, 9 MiB
2026/09/07 23:59:41.241, 0, 0 %, 1017 MiB
2026/09/07 23:59:41.241, 1, 0 %, 9 MiB
2026/09/07 23:59:41.741, 0, 0 %, 1017 MiB
2026/09/07 23:59:41.742, 1, 0 %, 9 MiB
2026/09/07 23:59:42.242, 0, 0 %, 1017 MiB
2026/09/07 23:59:42.242, 1, 0 %, 9 MiB
2026/09/07 23:59:42.742, 0, 0 %, 1017 MiB
2026/09/07 23:59:42.742, 1, 0 %, 9 MiB
2026/09/07 23:59:43.243, 0, 0 %, 1017 MiB
2026/09/07 23:59:43.243, 1, 0 %, 9 MiB
2026/09/07 23:59:43.743, 0, 0 %, 1017 MiB
2026/09/07 23:59:43.743, 1, 0 %, 9 MiB
2026/09/07 23:59:44.243, 0, 0 %, 1017 MiB
2026/09/07 23:59:44.244, 1, 0 %, 9 MiB
2026/09/07 23:59:44.744, 0, 0 %, 1017 MiB
2026/09/07 23:59:44.744, 1, 0 %, 9 MiB
2026/09/07 23:59:45.244, 0, 0 %, 1017 MiB
2026/09/07 23:59:45.244, 1, 0 %, 9 MiB
2026/09/07 23:59:45.744, 0, 0 %, 1017 MiB
2026/09/07 23:59:45.745, 1, 0 %, 9 MiB
2026/09/07 23:59:46.245, 0, 0 %, 1017 MiB
2026/09/07 23:59:46.245, 1, 0 %, 9 MiB
2026/09/07 23:59:46.745, 0, 0 %, 1017 MiB
2026/09/07 23:59:46.745, 1, 0 %, 9 MiB
2026/09/07 23:59:47.246, 0, 0 %, 1017 MiB
2026/09/07 23:59:47.246, 1, 0 %, 9 MiB
2026/09/07 23:59:47.746, 0, 0 %, 1017 MiB
2026/09/07 23:59:47.746, 1, 0 %, 9 MiB
2026/09/07 23:59:48.246, 0, 0 %, 1017 MiB
2026/09/07 23:59:48.247, 1, 0 %, 9 MiB
2026/09/07 23:59:48.747, 0, 0 %, 1017 MiB
2026/09/07 23:59:48.747, 1, 0 %, 9 MiB
2026/09/07 23:59:49.247, 0, 0 %, 1017 MiB
2026/09/07 23:59:49.247, 1, 0 %, 9 MiB
2026/09/07 23:59:49.748, 0, 0 %, 1017 MiB
2026/09/07 23:59:49.748, 1, 0 %, 9 MiB
2026/09/07 23:59:50.248, 0, 0 %, 1017 MiB
2026/09/07 23:59:50.248, 1, 0 %, 9 MiB
2026/09/07 23:59:50.748, 0, 0 %, 1017 MiB
2026/09/07 23:59:50.749, 1, 0 %, 9 MiB
2026/09/07 23:59:51.249, 0, 0 %, 1017 MiB
2026/09/07 23:59:51.249, 1, 0 %, 9 MiB
2026/09/07 23:59:51.749, 0, 0 %, 1017 MiB
2026/09/07 23:59:51.749, 1, 0 %, 9 MiB
2026/09/07 23:59:52.249, 0, 0 %, 1017 MiB
2026/09/07 23:59:52.250, 1, 0 %, 9 MiB
2026/09/07 23:59:52.750, 0, 0 %, 1017 MiB
2026/09/07 23:59:52.750, 1, 0 %, 9 MiB
2026/09/07 23:59:53.250, 0, 0 %, 1017 MiB
2026/09/07 23:59:53.250, 1, 0 %, 9 MiB
2026/09/07 23:59:53.751, 0, 0 %, 1017 MiB
2026/09/07 23:59:53.751, 1, 0 %, 9 MiB
2026/09/07 23:59:54.251, 0, 0 %, 1017 MiB
2026/09/07 23:59:54.251, 1, 0 %, 9 MiB
2026/09/07 23:59:54.751, 0, 0 %, 1017 MiB
2026/09/07 23:59:54.752, 1, 0 %, 9 MiB
2026/09/07 23:59:55.252, 0, 0 %, 1017 MiB
2026/09/07 23:59:55.252, 1, 0 %, 9 MiB
2026/09/07 23:59:55.752, 0, 0 %, 1017 MiB
2026/09/07 23:59:55.752, 1, 0 %, 9 MiB
2026/09/07 23:59:56.253, 0, 0 %, 1017 MiB
2026/09/07 23:59:56.253, 1, 0 %, 9 MiB
2026/09/07 23:59:56.753, 0, 0 %, 1017 MiB
2026/09/07 23:59:56.753, 1, 0 %, 9 MiB
2026/09/07 23:59:57.253, 0, 0 %, 1017 MiB
2026/09/07 23:59:57.253, 1, 0 %, 9 MiB
2026/09/07 23:59:57.754, 0, 0 %, 1017 MiB
2026/09/07 23:59:57.754, 1, 0 %, 9 MiB
2026/09/07 23:59:58.254, 0, 0 %, 1017 MiB
2026/09/07 23:59:58.254, 1, 0 %, 9 MiB
2026/09/07 23:59:58.754, 0, 0 %, 1017 MiB
2026/09/07 23:59:58.755, 1, 0 %, 9 MiB
2026/09/07 23:59:59.255, 0, 0 %, 1017 MiB
2026/09/07 23:59:59.255, 1, 0 %, 9 MiB
2026/09/07 23:59:59.755, 0, 0 %, 1017 MiB
2026/09/07 23:59:59.755, 1, 0 %, 9 MiB
2026/09/08 00:00:00.256, 0, 0 %, 1017 MiB
2026/09/08 00:00:00.256, 1, 0 %, 9 MiB
2026/09/08 00:00:00.756, 0, 0 %, 1017 MiB
2026/09/08 00:00:00.756, 1, 0 %, 9 MiB
2026/09/08 00:00:01.256, 0, 0 %, 1017 MiB
2026/09/08 00:00:01.257, 1, 0 %, 9 MiB
2026/09/08 00:00:01.757, 0, 0 %, 1017 MiB
2026/09/08 00:00:01.757, 1, 0 %, 9 MiB
2026/09/08 00:00:02.257, 0, 0 %, 1017 MiB
2026/09/08 00:00:02.257, 1, 0 %, 9 MiB
2026/09/08 00:00:02.757, 0, 0 %, 1017 MiB
2026/09/08 00:00:02.758, 1, 0 %, 9 MiB
2026/09/08 00:00:03.258, 0, 0 %, 1017 MiB
2026/09/08 00:00:03.258, 1, 0 %, 9 MiB
2026/09/08 00:00:03.758, 0, 0 %, 1017 MiB
2026/09/08 00:00:03.758, 1, 0 %, 9 MiB
2026/09/08 00:00:04.259, 0, 0 %, 1017 MiB
2026/09/08 00:00:04.259, 1, 0 %, 9 MiB
2026/09/08 00:00:04.759, 0, 0 %, 1017 MiB
2026/09/08 00:00:04.759, 1, 0 %, 9 MiB
2026/09/08 00:00:05.259, 0, 0 %, 1017 MiB
2026/09/08 00:00:05.260, 1, 0 %, 9 MiB
2026/09/08 00:00:05.760, 0, 0 %, 1017 MiB
2026/09/08 00:00:05.760, 1, 0 %, 9 MiB
2026/09/08 00:00:06.260, 0, 0 %, 1017 MiB
2026/09/08 00:00:06.260, 1, 0 %, 9 MiB
2026/09/08 00:00:06.761, 0, 0 %, 1017 MiB
2026/09/08 00:00:06.761, 1, 0 %, 9 MiB
2026/09/08 00:00:07.261, 0, 0 %, 1017 MiB
2026/09/08 00:00:07.261, 1, 0 %, 9 MiB
2026/09/08 00:00:07.761, 0, 0 %, 1017 MiB
2026/09/08 00:00:07.762, 1, 0 %, 9 MiB
2026/09/08 00:00:08.262, 0, 0 %, 1017 MiB
2026/09/08 00:00:08.262, 1, 0 %, 9 MiB
2026/09/08 00:00:08.762, 0, 0 %, 1017 MiB
2026/09/08 00:00:08.762, 1, 0 %, 9 MiB
2026/09/08 00:00:09.263, 0, 0 %, 1017 MiB
2026/09/08 00:00:09.263, 1, 0 %, 9 MiB
2026/09/08 00:00:09.763, 0, 0 %, 1017 MiB
2026/09/08 00:00:09.763, 1, 0 %, 9 MiB
2026/09/08 00:00:10.263, 0, 0 %, 1017 MiB
2026/09/08 00:00:10.264, 1, 0 %, 9 MiB
2026/09/08 00:00:10.764, 0, 0 %, 1017 MiB
2026/09/08 00:00:10.764, 1, 0 %, 9 MiB
2026/09/08 00:00:11.264, 0, 0 %, 1017 MiB
2026/09/08 00:00:11.264, 1, 0 %, 9 MiB
2026/09/08 00:00:11.765, 0, 0 %, 1017 MiB
2026/09/08 00:00:11.765, 1, 0 %, 9 MiB
2026/09/08 00:00:12.265, 0, 0 %, 1017 MiB
2026/09/08 00:00:12.265, 1, 0 %, 9 MiB
2026/09/08 00:00:12.765, 0, 0 %, 1017 MiB
2026/09/08 00:00:12.766, 1, 0 %, 9 MiB
2026/09/08 00:00:13.266, 0, 0 %, 1017 MiB
2026/09/08 00:00:13.266, 1, 0 %, 9 MiB
2026/09/08 00:00:13.766, 0, 0 %, 1017 MiB
2026/09/08 00:00:13.766, 1, 0 %, 9 MiB
2026/09/08 00:00:14.267, 0, 0 %, 1017 MiB
2026/09/08 00:00:14.267, 1, 0 %, 9 MiB
2026/09/08 00:00:14.767, 0, 0 %, 1017 MiB
2026/09/08 00:00:14.767, 1, 0 %, 9 MiB
2026/09/08 00:00:15.267, 0, 0 %, 1017 MiB
2026/09/08 00:00:15.268, 1, 0 %, 9 MiB
2026/09/08 00:00:15.768, 0, 0 %, 1017 MiB
2026/09/08 00:00:15.769, 1, 0 %, 9 MiB
2026/09/08 00:00:16.269, 0, 0 %, 1017 MiB
2026/09/08 00:00:16.269, 1, 0 %, 9 MiB
2026/09/08 00:00:16.769, 0, 0 %, 1017 MiB
2026/09/08 00:00:16.769, 1, 0 %, 9 MiB
2026/09/08 00:00:17.269, 0, 0 %, 1017 MiB
2026/09/08 00:00:17.269, 1, 0 %, 9 MiB
2026/09/08 00:00:17.770, 0, 0 %, 1017 MiB
2026/09/08 00:00:17.770, 1, 0 %, 9 MiB
2026/09/08 00:00:18.271, 0, 0 %, 1017 MiB
2026/09/08 00:00:18.271, 1, 0 %, 9 MiB
2026/09/08 00:00:18.771, 0, 0 %, 1017 MiB
2026/09/08 00:00:18.771, 1, 0 %, 9 MiB
2026/09/08 00:00:19.271, 0, 0 %, 1017 MiB
2026/09/08 00:00:19.271, 1, 0 %, 9 MiB
2026/09/08 00:00:19.772, 0, 0 %, 1017 MiB
2026/09/08 00:00:19.772, 1, 0 %, 9 MiB
2026/09/08 00:00:20.272, 0, 0 %, 1017 MiB
2026/09/08 00:00:20.272, 1, 0 %, 9 MiB
2026/09/08 00:00:20.774, 0, 0 %, 1017 MiB
2026/09/08 00:00:20.905, 1, 0 %, 9 MiB
2026/09/08 00:00:21.406, 0, 0 %, 1017 MiB
2026/09/08 00:00:21.515, 1, 0 %, 9 MiB
2026/09/08 00:00:22.015, 0, 0 %, 1017 MiB
2026/09/08 00:00:22.125, 1, 0 %, 9 MiB
2026/09/08 00:00:22.629, 0, 0 %, 1017 MiB
2026/09/08 00:00:22.722, 1, 0 %, 9 MiB
2026/09/08 00:00:23.222, 0, 0 %, 1017 MiB
2026/09/08 00:00:23.245, 1, 0 %, 9 MiB
2026/09/08 00:00:23.746, 0, 0 %, 1017 MiB
2026/09/08 00:00:23.750, 1, 0 %, 9 MiB
2026/09/08 00:00:24.251, 0, 0 %, 1017 MiB
2026/09/08 00:00:24.258, 1, 0 %, 9 MiB
2026/09/08 00:00:24.760, 0, 0 %, 1017 MiB
2026/09/08 00:00:24.828, 1, 0 %, 9 MiB
2026/09/08 00:00:25.329, 0, 0 %, 1017 MiB
2026/09/08 00:00:25.330, 1, 0 %, 9 MiB
2026/09/08 00:00:25.830, 0, 0 %, 1017 MiB
2026/09/08 00:00:25.904, 1, 0 %, 9 MiB
2026/09/08 00:00:26.405, 0, 0 %, 1035 MiB
2026/09/08 00:00:26.417, 1, 0 %, 9 MiB
2026/09/08 00:00:26.919, 0, 0 %, 1036 MiB
2026/09/08 00:00:26.946, 1, 0 %, 9 MiB
2026/09/08 00:00:27.447, 0, 0 %, 1049 MiB
2026/09/08 00:00:27.615, 1, 0 %, 9 MiB
2026/09/08 00:00:28.117, 0, 0 %, 1058 MiB
2026/09/08 00:00:28.233, 1, 0 %, 9 MiB
2026/09/08 00:00:28.735, 0, 0 %, 1101 MiB
2026/09/08 00:00:28.936, 1, 0 %, 9 MiB
2026/09/08 00:00:29.437, 0, 0 %, 1072 MiB
2026/09/08 00:00:29.438, 1, 0 %, 9 MiB
2026/09/08 00:00:29.938, 0, 1 %, 1081 MiB
2026/09/08 00:00:30.089, 1, 0 %, 9 MiB
2026/09/08 00:00:30.590, 0, 0 %, 1065 MiB
2026/09/08 00:00:30.730, 1, 0 %, 9 MiB
2026/09/08 00:00:31.346, 0, 0 %, 1076 MiB
2026/09/08 00:00:31.351, 1, 0 %, 9 MiB
2026/09/08 00:00:31.852, 0, 0 %, 1120 MiB
2026/09/08 00:00:31.855, 1, 0 %, 9 MiB
2026/09/08 00:00:32.358, 0, 0 %, 1160 MiB
2026/09/08 00:00:32.496, 1, 0 %, 9 MiB
2026/09/08 00:00:32.999, 0, 0 %, 1161 MiB
2026/09/08 00:00:33.072, 1, 0 %, 9 MiB
2026/09/08 00:00:33.696, 0, 0 %, 1192 MiB
2026/09/08 00:00:33.708, 1, 0 %, 9 MiB
2026/09/08 00:00:34.349, 0, 0 %, 1208 MiB
2026/09/08 00:00:34.454, 1, 0 %, 19 MiB
2026/09/08 00:00:34.957, 0, 1 %, 1264 MiB
2026/09/08 00:00:35.052, 1, 0 %, 37 MiB
2026/09/08 00:00:35.558, 0, 0 %, 1272 MiB
2026/09/08 00:00:35.566, 1, 0 %, 39 MiB
2026/09/08 00:00:36.069, 0, 0 %, 1283 MiB
2026/09/08 00:00:36.076, 1, 0 %, 78 MiB
2026/09/08 00:00:36.579, 0, 0 %, 1337 MiB
2026/09/08 00:00:36.582, 1, 0 %, 86 MiB
2026/09/08 00:00:37.087, 0, 0 %, 1397 MiB
2026/09/08 00:00:37.088, 1, 0 %, 131 MiB
2026/09/08 00:00:37.590, 0, 0 %, 1467 MiB
2026/09/08 00:00:37.675, 1, 0 %, 159 MiB
2026/09/08 00:00:38.311, 0, 0 %, 1565 MiB
2026/09/08 00:00:38.328, 1, 0 %, 199 MiB
2026/09/08 00:00:38.830, 0, 0 %, 1600 MiB
2026/09/08 00:00:38.938, 1, 0 %, 307 MiB
2026/09/08 00:00:39.576, 0, 3 %, 1826 MiB
2026/09/08 00:00:39.666, 1, 1 %, 478 MiB
2026/09/08 00:00:40.338, 0, 3 %, 1971 MiB
2026/09/08 00:00:40.343, 1, 1 %, 479 MiB
2026/09/08 00:00:40.850, 0, 5 %, 2149 MiB
2026/09/08 00:00:40.852, 1, 1 %, 768 MiB
2026/09/08 00:00:41.356, 0, 5 %, 2266 MiB
2026/09/08 00:00:41.360, 1, 4 %, 1038 MiB
2026/09/08 00:00:41.867, 0, 2 %, 2316 MiB
2026/09/08 00:00:41.873, 1, 0 %, 1109 MiB
2026/09/08 00:00:42.381, 0, 2 %, 2358 MiB
2026/09/08 00:00:42.387, 1, 0 %, 1120 MiB
2026/09/08 00:00:42.896, 0, 0 %, 2551 MiB
2026/09/08 00:00:42.899, 1, 0 %, 1141 MiB
2026/09/08 00:00:43.406, 0, 0 %, 3936 MiB
2026/09/08 00:00:43.483, 1, 0 %, 2458 MiB
2026/09/08 00:00:44.125, 0, 0 %, 3997 MiB
2026/09/08 00:00:44.128, 1, 0 %, 2971 MiB
2026/09/08 00:00:44.631, 0, 0 %, 4244 MiB
2026/09/08 00:00:44.870, 1, 0 %, 3142 MiB
2026/09/08 00:00:45.378, 0, 0 %, 4241 MiB
2026/09/08 00:00:45.378, 1, 0 %, 3148 MiB
2026/09/08 00:00:45.880, 0, 0 %, 4932 MiB
2026/09/08 00:00:45.884, 1, 0 %, 3321 MiB
2026/09/08 00:00:46.387, 0, 3 %, 5450 MiB
2026/09/08 00:00:46.390, 1, 1 %, 3387 MiB
2026/09/08 00:00:46.893, 0, 3 %, 5970 MiB
2026/09/08 00:00:46.897, 1, 1 %, 3948 MiB
2026/09/08 00:00:47.401, 0, 9 %, 6061 MiB
2026/09/08 00:00:47.402, 1, 1 %, 4039 MiB
2026/09/08 00:00:47.908, 0, 9 %, 6251 MiB
2026/09/08 00:00:47.912, 1, 1 %, 4233 MiB
2026/09/08 00:00:48.417, 0, 8 %, 6342 MiB
2026/09/08 00:00:48.420, 1, 11 %, 4398 MiB
2026/09/08 00:00:48.928, 0, 8 %, 6440 MiB
2026/09/08 00:00:48.932, 1, 11 %, 4696 MiB
2026/09/08 00:00:49.438, 0, 14 %, 7063 MiB
2026/09/08 00:00:49.450, 1, 13 %, 5145 MiB
2026/09/08 00:00:49.958, 0, 14 %, 7257 MiB
2026/09/08 00:00:49.959, 1, 13 %, 5376 MiB
2026/09/08 00:00:50.464, 0, 7 %, 7318 MiB
2026/09/08 00:00:50.467, 1, 8 %, 6315 MiB
2026/09/08 00:00:50.971, 0, 7 %, 7599 MiB
2026/09/08 00:00:50.982, 1, 8 %, 6424 MiB
2026/09/08 00:00:51.489, 0, 8 %, 8222 MiB
2026/09/08 00:00:51.499, 1, 7 %, 6920 MiB
2026/09/08 00:00:52.006, 0, 8 %, 8240 MiB
2026/09/08 00:00:52.011, 1, 7 %, 7037 MiB
2026/09/08 00:00:52.515, 0, 10 %, 8347 MiB
2026/09/08 00:00:52.517, 1, 9 %, 7239 MiB
2026/09/08 00:00:53.018, 0, 10 %, 9398 MiB
2026/09/08 00:00:53.023, 1, 9 %, 7304 MiB
2026/09/08 00:00:53.536, 0, 10 %, 9501 MiB
2026/09/08 00:00:53.539, 1, 8 %, 7456 MiB
2026/09/08 00:00:54.044, 0, 14 %, 10002 MiB
2026/09/08 00:00:54.045, 1, 8 %, 8120 MiB
2026/09/08 00:00:54.549, 0, 14 %, 10276 MiB
2026/09/08 00:00:54.564, 1, 9 %, 8148 MiB
2026/09/08 00:00:55.082, 0, 8 %, 10537 MiB
2026/09/08 00:00:55.083, 1, 11 %, 9109 MiB
2026/09/08 00:00:55.584, 0, 8 %, 10611 MiB
2026/09/08 00:00:55.585, 1, 11 %, 9222 MiB
2026/09/08 00:00:56.097, 0, 10 %, 11743 MiB
2026/09/08 00:00:56.098, 1, 7 %, 9321 MiB
2026/09/08 00:00:56.601, 0, 10 %, 11836 MiB
2026/09/08 00:00:56.611, 1, 7 %, 9449 MiB
2026/09/08 00:00:57.124, 0, 10 %, 12324 MiB
2026/09/08 00:00:57.130, 1, 12 %, 9450 MiB
2026/09/08 00:00:57.636, 0, 10 %, 12808 MiB
2026/09/08 00:00:57.638, 1, 12 %, 10119 MiB
2026/09/08 00:00:58.143, 0, 12 %, 12823 MiB
2026/09/08 00:00:58.145, 1, 24 %, 10197 MiB
2026/09/08 00:00:58.652, 0, 12 %, 12851 MiB
2026/09/08 00:00:58.656, 1, 24 %, 10685 MiB
2026/09/08 00:00:59.161, 0, 19 %, 12919 MiB
2026/09/08 00:00:59.165, 1, 16 %, 10868 MiB
2026/09/08 00:00:59.672, 0, 19 %, 12919 MiB
2026/09/08 00:00:59.676, 1, 16 %, 11348 MiB
2026/09/08 00:01:00.184, 0, 19 %, 13053 MiB
2026/09/08 00:01:00.184, 1, 18 %, 11418 MiB
2026/09/08 00:01:00.690, 0, 19 %, 13071 MiB
2026/09/08 00:01:00.712, 1, 18 %, 11560 MiB
2026/09/08 00:01:01.218, 0, 23 %, 13553 MiB
2026/09/08 00:01:01.219, 1, 10 %, 11574 MiB
2026/09/08 00:01:01.727, 0, 23 %, 13553 MiB
2026/09/08 00:01:01.727, 1, 10 %, 12056 MiB
2026/09/08 00:01:02.231, 0, 31 %, 13553 MiB
2026/09/08 00:01:02.235, 1, 15 %, 12056 MiB
2026/09/08 00:01:02.739, 0, 31 %, 13553 MiB
2026/09/08 00:01:02.740, 1, 15 %, 12056 MiB
2026/09/08 00:01:03.244, 0, 29 %, 13553 MiB
2026/09/08 00:01:03.244, 1, 17 %, 12056 MiB
2026/09/08 00:01:03.747, 0, 29 %, 13553 MiB
2026/09/08 00:01:03.748, 1, 17 %, 12056 MiB
2026/09/08 00:01:04.253, 0, 24 %, 13553 MiB
2026/09/08 00:01:04.254, 1, 23 %, 12056 MiB
2026/09/08 00:01:04.759, 0, 24 %, 13553 MiB
2026/09/08 00:01:04.759, 1, 23 %, 12056 MiB
2026/09/08 00:01:05.260, 0, 19 %, 13553 MiB
2026/09/08 00:01:05.261, 1, 24 %, 11834 MiB
2026/09/08 00:01:05.763, 0, 19 %, 13367 MiB
2026/09/08 00:01:05.766, 1, 24 %, 11580 MiB
2026/09/08 00:01:06.266, 0, 16 %, 13299 MiB
2026/09/08 00:01:06.267, 1, 23 %, 10827 MiB
2026/09/08 00:01:06.771, 0, 16 %, 13260 MiB
2026/09/08 00:01:06.777, 1, 23 %, 10302 MiB
2026/09/08 00:01:07.282, 0, 9 %, 12737 MiB
2026/09/08 00:01:07.282, 1, 22 %, 9797 MiB
2026/09/08 00:01:07.782, 0, 9 %, 12519 MiB
2026/09/08 00:01:07.783, 1, 22 %, 9797 MiB
2026/09/08 00:01:08.283, 0, 21 %, 12470 MiB
2026/09/08 00:01:08.284, 1, 18 %, 9797 MiB
2026/09/08 00:01:08.788, 0, 21 %, 11970 MiB
2026/09/08 00:01:08.789, 1, 18 %, 9797 MiB
2026/09/08 00:01:09.290, 0, 24 %, 11970 MiB
2026/09/08 00:01:09.293, 1, 21 %, 9797 MiB
2026/09/08 00:01:09.796, 0, 24 %, 11752 MiB
2026/09/08 00:01:09.800, 1, 21 %, 9797 MiB
2026/09/08 00:01:10.303, 0, 22 %, 11268 MiB
2026/09/08 00:01:10.304, 1, 20 %, 9628 MiB
2026/09/08 00:01:10.809, 0, 22 %, 10535 MiB
2026/09/08 00:01:10.811, 1, 20 %, 9570 MiB
2026/09/08 00:01:11.318, 0, 22 %, 9433 MiB
2026/09/08 00:01:11.345, 1, 20 %, 9558 MiB
2026/09/08 00:01:11.857, 0, 22 %, 8885 MiB
2026/09/08 00:01:11.860, 1, 20 %, 9045 MiB
2026/09/08 00:01:12.365, 0, 24 %, 8885 MiB
2026/09/08 00:01:12.369, 1, 25 %, 9045 MiB
2026/09/08 00:01:12.873, 0, 24 %, 8885 MiB
2026/09/08 00:01:12.874, 1, 25 %, 8911 MiB
2026/09/08 00:01:13.378, 0, 19 %, 8885 MiB
2026/09/08 00:01:13.381, 1, 24 %, 8811 MiB
2026/09/08 00:01:13.890, 0, 19 %, 8869 MiB
2026/09/08 00:01:13.901, 1, 24 %, 8292 MiB
2026/09/08 00:01:14.443, 0, 9 %, 8869 MiB
2026/09/08 00:01:14.444, 1, 25 %, 8292 MiB
2026/09/08 00:01:14.948, 0, 9 %, 8869 MiB
2026/09/08 00:01:14.949, 1, 25 %, 8292 MiB
2026/09/08 00:01:15.455, 0, 24 %, 8869 MiB
2026/09/08 00:01:15.455, 1, 25 %, 8292 MiB
2026/09/08 00:01:15.959, 0, 24 %, 8869 MiB
2026/09/08 00:01:15.962, 1, 25 %, 8292 MiB
2026/09/08 00:01:16.462, 0, 25 %, 8869 MiB
2026/09/08 00:01:16.463, 1, 25 %, 8292 MiB
2026/09/08 00:01:16.969, 0, 25 %, 8869 MiB
2026/09/08 00:01:16.974, 1, 25 %, 8292 MiB
2026/09/08 00:01:17.479, 0, 25 %, 8869 MiB
2026/09/08 00:01:17.482, 1, 25 %, 8292 MiB
2026/09/08 00:01:17.986, 0, 25 %, 8869 MiB
2026/09/08 00:01:17.988, 1, 25 %, 8292 MiB
2026/09/08 00:01:18.495, 0, 25 %, 8869 MiB
2026/09/08 00:01:18.498, 1, 27 %, 8292 MiB
2026/09/08 00:01:19.001, 0, 25 %, 8869 MiB
2026/09/08 00:01:19.001, 1, 27 %, 8292 MiB
2026/09/08 00:01:19.503, 0, 23 %, 8869 MiB
2026/09/08 00:01:19.503, 1, 24 %, 8292 MiB
2026/09/08 00:01:20.009, 0, 23 %, 8869 MiB
2026/09/08 00:01:20.012, 1, 24 %, 8292 MiB
2026/09/08 00:01:20.518, 0, 22 %, 8869 MiB
2026/09/08 00:01:20.518, 1, 27 %, 8292 MiB
2026/09/08 00:01:21.020, 0, 22 %, 8869 MiB
2026/09/08 00:01:21.024, 1, 27 %, 8292 MiB
2026/09/08 00:01:21.530, 0, 24 %, 8869 MiB
2026/09/08 00:01:21.532, 1, 24 %, 8292 MiB
2026/09/08 00:01:22.033, 0, 24 %, 8869 MiB
2026/09/08 00:01:22.034, 1, 24 %, 8292 MiB
2026/09/08 00:01:22.536, 0, 26 %, 8869 MiB
2026/09/08 00:01:22.539, 1, 24 %, 8292 MiB
2026/09/08 00:01:23.043, 0, 26 %, 8869 MiB
2026/09/08 00:01:23.047, 1, 24 %, 8292 MiB
2026/09/08 00:01:23.552, 0, 4 %, 8869 MiB
2026/09/08 00:01:23.552, 1, 20 %, 8292 MiB
2026/09/08 00:01:24.054, 0, 4 %, 8869 MiB
2026/09/08 00:01:24.141, 1, 1 %, 8292 MiB
2026/09/08 00:01:24.647, 0, 4 %, 8869 MiB
2026/09/08 00:01:24.650, 1, 1 %, 8292 MiB
2026/09/08 00:01:25.156, 0, 0 %, 8869 MiB
2026/09/08 00:01:25.300, 1, 19 %, 8292 MiB
2026/09/08 00:01:25.937, 0, 0 %, 8869 MiB
2026/09/08 00:01:25.967, 1, 21 %, 8292 MiB
2026/09/08 00:01:26.472, 0, 0 %, 8869 MiB
2026/09/08 00:01:26.476, 1, 21 %, 8292 MiB
2026/09/08 00:01:26.983, 0, 4 %, 8667 MiB
2026/09/08 00:01:26.986, 1, 21 %, 8292 MiB
2026/09/08 00:01:27.488, 0, 4 %, 8651 MiB
2026/09/08 00:01:27.491, 1, 21 %, 8292 MiB
2026/09/08 00:01:27.995, 0, 4 %, 8102 MiB
2026/09/08 00:01:27.998, 1, 21 %, 8292 MiB
2026/09/08 00:01:28.500, 0, 0 %, 8102 MiB
2026/09/08 00:01:28.501, 1, 0 %, 8076 MiB
2026/09/08 00:01:29.003, 0, 20 %, 8127 MiB
2026/09/08 00:01:29.011, 1, 0 %, 8063 MiB
2026/09/08 00:01:29.516, 0, 20 %, 8127 MiB
2026/09/08 00:01:29.521, 1, 1 %, 8052 MiB
2026/09/08 00:01:30.034, 0, 20 %, 8127 MiB
2026/09/08 00:01:30.153, 1, 1 %, 7539 MiB
2026/09/08 00:01:30.795, 0, 8 %, 8127 MiB
2026/09/08 00:01:30.798, 1, 20 %, 7539 MiB
2026/09/08 00:01:31.306, 0, 6 %, 8134 MiB
2026/09/08 00:01:31.308, 1, 20 %, 7539 MiB
2026/09/08 00:01:31.809, 0, 6 %, 8118 MiB
2026/09/08 00:01:31.916, 1, 21 %, 7539 MiB
2026/09/08 00:01:32.423, 0, 7 %, 8118 MiB
2026/09/08 00:01:32.425, 1, 8 %, 7539 MiB
2026/09/08 00:01:32.931, 0, 7 %, 8112 MiB
2026/09/08 00:01:33.041, 1, 8 %, 7539 MiB
2026/09/08 00:01:33.547, 0, 19 %, 8104 MiB
2026/09/08 00:01:33.552, 1, 8 %, 7539 MiB
2026/09/08 00:01:34.057, 0, 19 %, 8127 MiB
2026/09/08 00:01:34.057, 1, 21 %, 7539 MiB
2026/09/08 00:01:34.569, 0, 19 %, 8143 MiB
2026/09/08 00:01:34.573, 1, 21 %, 7539 MiB
2026/09/08 00:01:35.075, 0, 16 %, 8134 MiB
2026/09/08 00:01:35.205, 1, 18 %, 7546 MiB
2026/09/08 00:01:35.848, 0, 1 %, 8143 MiB
2026/09/08 00:01:35.918, 1, 18 %, 7556 MiB
2026/09/08 00:01:36.423, 0, 1 %, 8134 MiB
2026/09/08 00:01:36.429, 1, 6 %, 7566 MiB
2026/09/08 00:01:36.938, 0, 1 %, 8152 MiB
2026/09/08 00:01:37.076, 1, 6 %, 7582 MiB
2026/09/08 00:01:37.726, 0, 1 %, 8170 MiB
2026/09/08 00:01:37.859, 1, 2 %, 7604 MiB
2026/09/08 00:01:38.365, 0, 2 %, 8182 MiB
2026/09/08 00:01:38.369, 1, 2 %, 7674 MiB
2026/09/08 00:01:38.877, 0, 2 %, 8224 MiB
2026/09/08 00:01:38.881, 1, 16 %, 7702 MiB
2026/09/08 00:01:39.387, 0, 15 %, 8235 MiB
2026/09/08 00:01:39.391, 1, 16 %, 7893 MiB
2026/09/08 00:01:39.897, 0, 15 %, 8293 MiB
2026/09/08 00:01:39.898, 1, 14 %, 7925 MiB
2026/09/08 00:01:40.404, 0, 14 %, 8375 MiB
2026/09/08 00:01:40.407, 1, 14 %, 8409 MiB
2026/09/08 00:01:40.912, 0, 14 %, 8454 MiB
2026/09/08 00:01:40.913, 1, 17 %, 8392 MiB
2026/09/08 00:01:41.419, 0, 14 %, 8594 MiB
2026/09/08 00:01:41.430, 1, 17 %, 8348 MiB
2026/09/08 00:01:41.941, 0, 14 %, 8689 MiB
2026/09/08 00:01:41.951, 1, 14 %, 8233 MiB
2026/09/08 00:01:42.463, 0, 14 %, 8893 MiB
2026/09/08 00:01:42.474, 1, 14 %, 8311 MiB
2026/09/08 00:01:42.981, 0, 14 %, 9764 MiB
2026/09/08 00:01:42.987, 1, 12 %, 8334 MiB
2026/09/08 00:01:43.493, 0, 19 %, 9966 MiB
2026/09/08 00:01:43.495, 1, 12 %, 8340 MiB
2026/09/08 00:01:43.999, 0, 19 %, 9992 MiB
2026/09/08 00:01:44.000, 1, 15 %, 8407 MiB
2026/09/08 00:01:44.506, 0, 15 %, 10481 MiB
2026/09/08 00:01:44.507, 1, 15 %, 8482 MiB
2026/09/08 00:01:45.014, 0, 15 %, 10510 MiB
2026/09/08 00:01:45.016, 1, 13 %, 8570 MiB
2026/09/08 00:01:45.519, 0, 15 %, 10556 MiB
2026/09/08 00:01:45.524, 1, 13 %, 9085 MiB
2026/09/08 00:01:46.032, 0, 15 %, 10633 MiB
2026/09/08 00:01:46.037, 1, 17 %, 9100 MiB
2026/09/08 00:01:46.539, 0, 20 %, 10818 MiB
2026/09/08 00:01:46.539, 1, 17 %, 9168 MiB
2026/09/08 00:01:47.041, 0, 20 %, 10907 MiB
2026/09/08 00:01:47.046, 1, 17 %, 9243 MiB
2026/09/08 00:01:47.552, 0, 23 %, 11413 MiB
2026/09/08 00:01:47.553, 1, 17 %, 9323 MiB
2026/09/08 00:01:48.055, 0, 23 %, 11569 MiB
2026/09/08 00:01:48.059, 1, 18 %, 9181 MiB
2026/09/08 00:01:48.564, 0, 14 %, 11644 MiB
2026/09/08 00:01:48.570, 1, 18 %, 9623 MiB
2026/09/08 00:01:49.075, 0, 13 %, 12174 MiB
2026/09/08 00:01:49.145, 1, 16 %, 9092 MiB
2026/09/08 00:01:49.650, 0, 13 %, 12255 MiB
2026/09/08 00:01:49.662, 1, 14 %, 9160 MiB
2026/09/08 00:01:50.168, 0, 22 %, 12738 MiB
2026/09/08 00:01:50.171, 1, 14 %, 9294 MiB
2026/09/08 00:01:50.675, 0, 22 %, 12738 MiB
2026/09/08 00:01:50.677, 1, 20 %, 9315 MiB
2026/09/08 00:01:51.185, 0, 22 %, 12738 MiB
2026/09/08 00:01:51.290, 1, 20 %, 9798 MiB
2026/09/08 00:01:51.932, 0, 0 %, 12738 MiB
2026/09/08 00:01:51.936, 1, 20 %, 9798 MiB
2026/09/08 00:01:52.444, 0, 0 %, 12738 MiB
2026/09/08 00:01:52.449, 1, 0 %, 9798 MiB
2026/09/08 00:01:52.958, 0, 25 %, 12738 MiB
2026/09/08 00:01:52.958, 1, 0 %, 9576 MiB
2026/09/08 00:01:53.463, 0, 25 %, 12738 MiB
2026/09/08 00:01:53.479, 1, 0 %, 9575 MiB
2026/09/08 00:01:53.986, 0, 25 %, 12721 MiB
2026/09/08 00:01:53.991, 1, 13 %, 9045 MiB
2026/09/08 00:01:54.497, 0, 2 %, 12721 MiB
2026/09/08 00:01:54.501, 1, 13 %, 9045 MiB
2026/09/08 00:01:55.003, 0, 2 %, 12503 MiB
2026/09/08 00:01:55.008, 1, 24 %, 9045 MiB
2026/09/08 00:01:55.513, 0, 23 %, 12496 MiB
2026/09/08 00:01:55.519, 1, 24 %, 9045 MiB
2026/09/08 00:01:56.025, 0, 23 %, 11963 MiB
2026/09/08 00:01:56.026, 1, 22 %, 9045 MiB
2026/09/08 00:01:56.534, 0, 24 %, 11970 MiB
2026/09/08 00:01:56.536, 1, 22 %, 9045 MiB
2026/09/08 00:01:57.038, 0, 24 %, 11970 MiB
2026/09/08 00:01:57.045, 1, 23 %, 9045 MiB
2026/09/08 00:01:57.552, 0, 24 %, 11961 MiB
2026/09/08 00:01:57.557, 1, 23 %, 9045 MiB
2026/09/08 00:01:58.065, 0, 24 %, 11963 MiB
2026/09/08 00:01:58.073, 1, 21 %, 9045 MiB
2026/09/08 00:01:58.582, 0, 23 %, 11970 MiB
2026/09/08 00:01:58.583, 1, 21 %, 9045 MiB
2026/09/08 00:01:59.089, 0, 23 %, 11970 MiB
2026/09/08 00:01:59.094, 1, 22 %, 9045 MiB
2026/09/08 00:01:59.601, 0, 25 %, 11961 MiB
2026/09/08 00:01:59.603, 1, 22 %, 9045 MiB
2026/09/08 00:02:00.110, 0, 25 %, 11963 MiB
2026/09/08 00:02:00.114, 1, 23 %, 9045 MiB
2026/09/08 00:02:00.620, 0, 25 %, 11970 MiB
2026/09/08 00:02:00.622, 1, 23 %, 9045 MiB
2026/09/08 00:02:01.129, 0, 25 %, 11970 MiB
2026/09/08 00:02:01.134, 1, 24 %, 9045 MiB
2026/09/08 00:02:01.636, 0, 22 %, 11970 MiB
2026/09/08 00:02:01.642, 1, 24 %, 9052 MiB
2026/09/08 00:02:02.149, 0, 22 %, 11970 MiB
2026/09/08 00:02:02.154, 1, 21 %, 9064 MiB
2026/09/08 00:02:02.662, 0, 22 %, 11986 MiB
2026/09/08 00:02:02.663, 1, 21 %, 9100 MiB
2026/09/08 00:02:03.169, 0, 22 %, 11784 MiB
2026/09/08 00:02:03.176, 1, 24 %, 9136 MiB
2026/09/08 00:02:03.683, 0, 22 %, 11770 MiB
2026/09/08 00:02:03.685, 1, 24 %, 9168 MiB
2026/09/08 00:02:04.192, 0, 22 %, 11238 MiB
2026/09/08 00:02:04.206, 1, 19 %, 9230 MiB
2026/09/08 00:02:04.711, 0, 21 %, 11241 MiB
2026/09/08 00:02:04.714, 1, 19 %, 9315 MiB
2026/09/08 00:02:05.219, 0, 21 %, 11269 MiB
2026/09/08 00:02:05.222, 1, 12 %, 9798 MiB
2026/09/08 00:02:05.725, 0, 26 %, 11337 MiB
2026/09/08 00:02:05.726, 1, 12 %, 9798 MiB
2026/09/08 00:02:06.227, 0, 27 %, 11337 MiB
2026/09/08 00:02:06.418, 1, 20 %, 9798 MiB
2026/09/08 00:02:06.924, 0, 20 %, 11270 MiB
2026/09/08 00:02:06.933, 1, 13 %, 9798 MiB
2026/09/08 00:02:07.438, 0, 20 %, 11270 MiB
2026/09/08 00:02:07.443, 1, 13 %, 9798 MiB
2026/09/08 00:02:07.948, 0, 20 %, 11203 MiB
2026/09/08 00:02:07.949, 1, 14 %, 9797 MiB
2026/09/08 00:02:08.454, 0, 26 %, 11203 MiB
2026/09/08 00:02:08.458, 1, 14 %, 9797 MiB
2026/09/08 00:02:08.961, 0, 26 %, 11203 MiB
2026/09/08 00:02:08.962, 1, 19 %, 9581 MiB
2026/09/08 00:02:09.463, 0, 27 %, 11203 MiB
2026/09/08 00:02:09.467, 1, 19 %, 9558 MiB
2026/09/08 00:02:09.972, 0, 27 %, 11187 MiB
2026/09/08 00:02:09.976, 1, 23 %, 9045 MiB
2026/09/08 00:02:10.478, 0, 10 %, 11198 MiB
2026/09/08 00:02:10.480, 1, 23 %, 8827 MiB
2026/09/08 00:02:10.985, 0, 10 %, 11203 MiB
2026/09/08 00:02:10.986, 1, 21 %, 8805 MiB
2026/09/08 00:02:11.487, 0, 22 %, 10969 MiB
2026/09/08 00:02:11.489, 1, 21 %, 8222 MiB
2026/09/08 00:02:11.993, 0, 22 %, 10935 MiB
2026/09/08 00:02:11.994, 1, 20 %, 8054 MiB
2026/09/08 00:02:12.497, 0, 23 %, 10169 MiB
2026/09/08 00:02:12.511, 1, 20 %, 7539 MiB
2026/09/08 00:02:13.015, 0, 18 %, 10136 MiB
2026/09/08 00:02:13.015, 1, 16 %, 7539 MiB
2026/09/08 00:02:13.520, 0, 18 %, 9636 MiB
2026/09/08 00:02:13.523, 1, 16 %, 7559 MiB
2026/09/08 00:02:14.026, 0, 26 %, 9636 MiB
2026/09/08 00:02:14.028, 1, 18 %, 7595 MiB
2026/09/08 00:02:14.530, 0, 26 %, 9636 MiB
2026/09/08 00:02:14.531, 1, 18 %, 7663 MiB
2026/09/08 00:02:15.035, 0, 16 %, 9411 MiB
2026/09/08 00:02:15.037, 1, 22 %, 7810 MiB
2026/09/08 00:02:15.544, 0, 16 %, 9368 MiB
2026/09/08 00:02:15.545, 1, 22 %, 8070 MiB
2026/09/08 00:02:16.046, 0, 20 %, 8853 MiB
2026/09/08 00:02:16.046, 1, 22 %, 8039 MiB
2026/09/08 00:02:16.547, 0, 20 %, 8853 MiB
2026/09/08 00:02:16.547, 1, 22 %, 7539 MiB
2026/09/08 00:02:17.047, 0, 22 %, 8651 MiB
2026/09/08 00:02:17.048, 1, 22 %, 7539 MiB
2026/09/08 00:02:17.549, 0, 22 %, 8585 MiB
2026/09/08 00:02:17.549, 1, 22 %, 7539 MiB
2026/09/08 00:02:18.051, 0, 8 %, 8086 MiB
2026/09/08 00:02:18.052, 1, 34 %, 7539 MiB
2026/09/08 00:02:18.554, 0, 8 %, 8086 MiB
2026/09/08 00:02:18.554, 1, 34 %, 7539 MiB
2026/09/08 00:02:19.055, 0, 6 %, 8070 MiB
2026/09/08 00:02:19.057, 1, 24 %, 7286 MiB
2026/09/08 00:02:19.557, 0, 6 %, 7868 MiB
2026/09/08 00:02:19.572, 1, 24 %, 7053 MiB
2026/09/08 00:02:20.215, 0, 2 %, 7802 MiB
2026/09/08 00:02:20.248, 1, 2 %, 6533 MiB
2026/09/08 00:02:20.749, 0, 2 %, 7271 MiB
2026/09/08 00:02:20.806, 1, 12 %, 5780 MiB
2026/09/08 00:02:21.448, 0, 0 %, 7271 MiB
2026/09/08 00:02:21.448, 1, 2 %, 5281 MiB
2026/09/08 00:02:21.948, 0, 12 %, 7271 MiB
2026/09/08 00:02:21.948, 1, 2 %, 5281 MiB
2026/09/08 00:02:22.448, 0, 12 %, 7271 MiB
2026/09/08 00:02:22.450, 1, 16 %, 5281 MiB
2026/09/08 00:02:22.951, 0, 3 %, 7271 MiB
2026/09/08 00:02:22.951, 1, 16 %, 5281 MiB
2026/09/08 00:02:23.451, 0, 3 %, 7287 MiB
2026/09/08 00:02:23.593, 1, 19 %, 5281 MiB
2026/09/08 00:02:24.094, 0, 3 %, 7287 MiB
2026/09/08 00:02:24.178, 1, 19 %, 5289 MiB
2026/09/08 00:02:24.681, 0, 0 %, 7019 MiB
2026/09/08 00:02:24.682, 1, 14 %, 5329 MiB
2026/09/08 00:02:25.182, 0, 0 %, 6542 MiB
2026/09/08 00:02:25.183, 1, 14 %, 5396 MiB
2026/09/08 00:02:25.684, 0, 3 %, 6581 MiB
2026/09/08 00:02:25.684, 1, 15 %, 5302 MiB
2026/09/08 00:02:26.185, 0, 3 %, 6637 MiB
2026/09/08 00:02:26.186, 1, 15 %, 5780 MiB
2026/09/08 00:02:26.686, 0, 2 %, 7201 MiB
2026/09/08 00:02:26.686, 1, 11 %, 5281 MiB
2026/09/08 00:02:27.186, 0, 8 %, 7003 MiB
2026/09/08 00:02:27.274, 1, 4 %, 5281 MiB
2026/09/08 00:02:27.778, 0, 8 %, 7003 MiB
2026/09/08 00:02:27.780, 1, 4 %, 5281 MiB
2026/09/08 00:02:28.283, 0, 8 %, 6503 MiB
2026/09/08 00:02:28.331, 1, 4 %, 5211 MiB
2026/09/08 00:02:28.978, 0, 0 %, 6060 MiB
2026/09/08 00:02:29.118, 1, 4 %, 5059 MiB
2026/09/08 00:02:29.620, 0, 0 %, 4953 MiB
2026/09/08 00:02:29.620, 1, 0 %, 4528 MiB
2026/09/08 00:02:30.125, 0, 0 %, 4751 MiB
2026/09/08 00:02:30.357, 1, 0 %, 4528 MiB
2026/09/08 00:02:30.857, 0, 0 %, 4505 MiB
2026/09/08 00:02:30.859, 1, 0 %, 4528 MiB
2026/09/08 00:02:31.361, 0, 0 %, 3999 MiB
2026/09/08 00:02:31.361, 1, 0 %, 4528 MiB
2026/09/08 00:02:31.862, 0, 8 %, 3257 MiB
2026/09/08 00:02:31.863, 1, 4 %, 4528 MiB
2026/09/08 00:02:32.364, 0, 8 %, 3293 MiB
2026/09/08 00:02:32.365, 1, 4 %, 4528 MiB
2026/09/08 00:02:32.868, 0, 13 %, 2951 MiB
2026/09/08 00:02:32.871, 1, 15 %, 4536 MiB
2026/09/08 00:02:33.380, 0, 13 %, 3482 MiB
2026/09/08 00:02:33.381, 1, 15 %, 4584 MiB
2026/09/08 00:02:33.882, 0, 8 %, 3488 MiB
2026/09/08 00:02:33.883, 1, 14 %, 4613 MiB
2026/09/08 00:02:34.386, 0, 8 %, 3486 MiB
2026/09/08 00:02:34.411, 1, 14 %, 4652 MiB
2026/09/08 00:02:34.918, 0, 5 %, 3516 MiB
2026/09/08 00:02:34.931, 1, 3 %, 4663 MiB
2026/09/08 00:02:35.437, 0, 5 %, 3516 MiB
2026/09/08 00:02:35.449, 1, 3 %, 4753 MiB
2026/09/08 00:02:35.954, 0, 3 %, 3561 MiB
2026/09/08 00:02:35.980, 1, 1 %, 4825 MiB
2026/09/08 00:02:36.623, 0, 7 %, 3600 MiB
2026/09/08 00:02:36.707, 1, 11 %, 4692 MiB
2026/09/08 00:02:37.209, 0, 0 %, 3609 MiB
2026/09/08 00:02:37.268, 1, 11 %, 5099 MiB
2026/09/08 00:02:37.776, 0, 0 %, 3663 MiB
2026/09/08 00:02:37.813, 1, 11 %, 4714 MiB
2026/09/08 00:02:38.318, 0, 5 %, 3750 MiB
2026/09/08 00:02:38.363, 1, 14 %, 4798 MiB
2026/09/08 00:02:38.867, 0, 5 %, 3735 MiB
2026/09/08 00:02:38.872, 1, 0 %, 4799 MiB
2026/09/08 00:02:39.375, 0, 3 %, 3754 MiB
2026/09/08 00:02:39.509, 1, 0 %, 4877 MiB
2026/09/08 00:02:40.012, 0, 8 %, 4244 MiB
2026/09/08 00:02:40.018, 1, 18 %, 5281 MiB
2026/09/08 00:02:40.660, 0, 8 %, 4271 MiB
2026/09/08 00:02:40.662, 1, 18 %, 5281 MiB
2026/09/08 00:02:41.163, 0, 5 %, 4291 MiB
2026/09/08 00:02:41.164, 1, 1 %, 5281 MiB
2026/09/08 00:02:41.666, 0, 5 %, 4308 MiB
2026/09/08 00:02:41.671, 1, 1 %, 5286 MiB
2026/09/08 00:02:42.174, 0, 2 %, 4370 MiB
2026/09/08 00:02:42.175, 1, 10 %, 5289 MiB
2026/09/08 00:02:42.676, 0, 2 %, 4376 MiB
2026/09/08 00:02:42.677, 1, 10 %, 5300 MiB
2026/09/08 00:02:43.178, 0, 11 %, 4570 MiB
2026/09/08 00:02:43.181, 1, 10 %, 5329 MiB
2026/09/08 00:02:43.685, 0, 9 %, 5077 MiB
2026/09/08 00:02:43.688, 1, 10 %, 5401 MiB
2026/09/08 00:02:44.189, 0, 9 %, 5110 MiB
2026/09/08 00:02:44.191, 1, 8 %, 5403 MiB
2026/09/08 00:02:44.693, 0, 9 %, 5126 MiB
2026/09/08 00:02:44.695, 1, 8 %, 5479 MiB
2026/09/08 00:02:45.196, 0, 8 %, 5195 MiB
2026/09/08 00:02:45.198, 1, 8 %, 5595 MiB
2026/09/08 00:02:45.698, 0, 8 %, 5286 MiB
2026/09/08 00:02:45.699, 1, 8 %, 6089 MiB
2026/09/08 00:02:46.199, 0, 12 %, 5533 MiB
2026/09/08 00:02:46.209, 1, 8 %, 6197 MiB
2026/09/08 00:02:46.715, 0, 12 %, 6219 MiB
2026/09/08 00:02:46.720, 1, 8 %, 6367 MiB
2026/09/08 00:02:47.221, 0, 8 %, 6324 MiB
2026/09/08 00:02:47.222, 1, 6 %, 6424 MiB
2026/09/08 00:02:47.729, 0, 8 %, 6943 MiB
2026/09/08 00:02:47.734, 1, 6 %, 7048 MiB
2026/09/08 00:02:48.239, 0, 9 %, 7516 MiB
2026/09/08 00:02:48.246, 1, 17 %, 7525 MiB
2026/09/08 00:02:48.754, 0, 9 %, 7634 MiB
2026/09/08 00:02:48.756, 1, 17 %, 7675 MiB
2026/09/08 00:02:49.258, 0, 6 %, 8149 MiB
2026/09/08 00:02:49.261, 1, 29 %, 7888 MiB
2026/09/08 00:02:49.761, 0, 6 %, 8171 MiB
2026/09/08 00:02:49.762, 1, 29 %, 8610 MiB
2026/09/08 00:02:50.262, 0, 5 %, 8190 MiB
2026/09/08 00:02:50.263, 1, 23 %, 9062 MiB
2026/09/08 00:02:50.765, 0, 5 %, 8251 MiB
2026/09/08 00:02:50.765, 1, 23 %, 9544 MiB
2026/09/08 00:02:51.265, 0, 8 %, 8632 MiB
2026/09/08 00:02:51.266, 1, 6 %, 9045 MiB
2026/09/08 00:02:51.768, 0, 8 %, 8616 MiB
2026/09/08 00:02:51.768, 1, 6 %, 9045 MiB
2026/09/08 00:02:52.268, 0, 0 %, 8117 MiB
2026/09/08 00:02:52.268, 1, 6 %, 9045 MiB
2026/09/08 00:02:52.768, 0, 0 %, 8117 MiB
2026/09/08 00:02:52.874, 1, 6 %, 9045 MiB
2026/09/08 00:02:53.377, 0, 3 %, 8117 MiB
2026/09/08 00:02:53.378, 1, 0 %, 9045 MiB
2026/09/08 00:02:53.878, 0, 3 %, 8117 MiB
2026/09/08 00:02:54.065, 1, 7 %, 8843 MiB
2026/09/08 00:02:54.569, 0, 3 %, 8117 MiB
2026/09/08 00:02:54.654, 1, 7 %, 8822 MiB
2026/09/08 00:02:55.293, 0, 10 %, 8101 MiB
2026/09/08 00:02:55.294, 1, 7 %, 8292 MiB
2026/09/08 00:02:55.794, 0, 10 %, 8085 MiB
2026/09/08 00:02:55.795, 1, 7 %, 8292 MiB
2026/09/08 00:02:56.296, 0, 7 %, 7883 MiB
2026/09/08 00:02:56.297, 1, 7 %, 8039 MiB
2026/09/08 00:02:56.797, 0, 7 %, 8037 MiB
2026/09/08 00:02:56.802, 1, 9 %, 8094 MiB
2026/09/08 00:02:57.308, 0, 10 %, 8047 MiB
2026/09/08 00:02:57.308, 1, 9 %, 7655 MiB
2026/09/08 00:02:57.808, 0, 10 %, 8118 MiB
2026/09/08 00:02:57.812, 1, 0 %, 7655 MiB
2026/09/08 00:02:58.319, 0, 7 %, 8117 MiB
2026/09/08 00:02:58.321, 1, 0 %, 7725 MiB
2026/09/08 00:02:58.822, 0, 7 %, 8101 MiB
2026/09/08 00:02:58.822, 1, 10 %, 8039 MiB
2026/09/08 00:02:59.323, 0, 11 %, 8139 MiB
2026/09/08 00:02:59.323, 1, 10 %, 8094 MiB
2026/09/08 00:02:59.825, 0, 11 %, 8167 MiB
2026/09/08 00:02:59.923, 1, 5 %, 7595 MiB
2026/09/08 00:03:00.429, 0, 11 %, 8235 MiB
2026/09/08 00:03:00.430, 1, 5 %, 7663 MiB
2026/09/08 00:03:00.931, 0, 10 %, 8184 MiB
2026/09/08 00:03:00.933, 1, 5 %, 7810 MiB
2026/09/08 00:03:01.437, 0, 10 %, 8600 MiB
2026/09/08 00:03:01.437, 1, 5 %, 8292 MiB
2026/09/08 00:03:01.937, 0, 16 %, 7871 MiB
2026/09/08 00:03:01.938, 1, 8 %, 8292 MiB
2026/09/08 00:03:02.438, 0, 16 %, 7400 MiB
2026/09/08 00:03:02.438, 1, 8 %, 8292 MiB
2026/09/08 00:03:02.938, 0, 8 %, 7618 MiB
2026/09/08 00:03:02.939, 1, 9 %, 8292 MiB
2026/09/08 00:03:03.439, 0, 8 %, 8101 MiB
2026/09/08 00:03:03.439, 1, 9 %, 8063 MiB
2026/09/08 00:03:03.939, 0, 11 %, 8151 MiB
2026/09/08 00:03:03.940, 1, 14 %, 8038 MiB
2026/09/08 00:03:04.440, 0, 11 %, 7899 MiB
2026/09/08 00:03:04.443, 1, 14 %, 7286 MiB
2026/09/08 00:03:04.944, 0, 11 %, 7861 MiB
2026/09/08 00:03:04.945, 1, 7 %, 6786 MiB
2026/09/08 00:03:05.445, 0, 11 %, 7533 MiB
2026/09/08 00:03:05.445, 1, 7 %, 6786 MiB
2026/09/08 00:03:05.945, 0, 13 %, 7034 MiB
2026/09/08 00:03:05.948, 1, 8 %, 6786 MiB
2026/09/08 00:03:06.450, 0, 13 %, 6535 MiB
2026/09/08 00:03:06.546, 1, 2 %, 6786 MiB
2026/09/08 00:03:07.189, 0, 13 %, 6274 MiB
2026/09/08 00:03:07.317, 1, 2 %, 6564 MiB
2026/09/08 00:03:07.966, 0, 0 %, 5751 MiB
2026/09/08 00:03:08.017, 1, 2 %, 6034 MiB
2026/09/08 00:03:08.519, 0, 0 %, 5735 MiB
2026/09/08 00:03:08.520, 1, 2 %, 5780 MiB
2026/09/08 00:03:09.020, 0, 7 %, 5745 MiB
2026/09/08 00:03:09.020, 1, 8 %, 5780 MiB
2026/09/08 00:03:09.521, 0, 7 %, 5745 MiB
2026/09/08 00:03:09.521, 1, 8 %, 5281 MiB
2026/09/08 00:03:10.022, 0, 9 %, 5817 MiB
2026/09/08 00:03:10.022, 1, 9 %, 5281 MiB
2026/09/08 00:03:10.522, 0, 9 %, 5869 MiB
2026/09/08 00:03:10.527, 1, 9 %, 5027 MiB
2026/09/08 00:03:11.029, 0, 11 %, 6097 MiB
2026/09/08 00:03:11.032, 1, 8 %, 5071 MiB
2026/09/08 00:03:11.532, 0, 11 %, 6503 MiB
2026/09/08 00:03:11.533, 1, 8 %, 4575 MiB
2026/09/08 00:03:12.033, 0, 8 %, 6519 MiB
2026/09/08 00:03:12.034, 1, 21 %, 4841 MiB
2026/09/08 00:03:12.535, 0, 8 %, 6519 MiB
2026/09/08 00:03:12.535, 1, 21 %, 5336 MiB
2026/09/08 00:03:13.035, 0, 4 %, 6519 MiB
2026/09/08 00:03:13.036, 1, 14 %, 5553 MiB
2026/09/08 00:03:13.536, 0, 4 %, 6519 MiB
2026/09/08 00:03:13.536, 1, 14 %, 6033 MiB
2026/09/08 00:03:14.047, 0, 2 %, 6519 MiB
2026/09/08 00:03:14.047, 1, 1 %, 6033 MiB
2026/09/08 00:03:14.547, 0, 2 %, 6503 MiB
2026/09/08 00:03:14.548, 1, 1 %, 5780 MiB
2026/09/08 00:03:15.051, 0, 2 %, 6503 MiB
2026/09/08 00:03:15.051, 1, 1 %, 5281 MiB
2026/09/08 00:03:15.551, 0, 2 %, 6503 MiB
2026/09/08 00:03:15.703, 1, 1 %, 5281 MiB
2026/09/08 00:03:16.207, 0, 7 %, 6219 MiB
2026/09/08 00:03:16.207, 1, 1 %, 5027 MiB
2026/09/08 00:03:16.707, 0, 7 %, 6203 MiB
2026/09/08 00:03:16.707, 1, 1 %, 4274 MiB
2026/09/08 00:03:17.210, 0, 6 %, 5703 MiB
2026/09/08 00:03:17.210, 1, 1 %, 3775 MiB
2026/09/08 00:03:17.711, 0, 6 %, 5687 MiB
2026/09/08 00:03:17.711, 1, 1 %, 3522 MiB
2026/09/08 00:03:18.211, 0, 8 %, 5429 MiB
2026/09/08 00:03:18.212, 1, 1 %, 3022 MiB
2026/09/08 00:03:18.712, 0, 8 %, 4920 MiB
2026/09/08 00:03:18.825, 1, 2 %, 3022 MiB
2026/09/08 00:03:19.329, 0, 3 %, 4943 MiB
2026/09/08 00:03:19.330, 1, 2 %, 3022 MiB
2026/09/08 00:03:19.831, 0, 3 %, 4986 MiB
2026/09/08 00:03:19.831, 1, 2 %, 3022 MiB
2026/09/08 00:03:20.332, 0, 10 %, 5194 MiB
2026/09/08 00:03:20.332, 1, 2 %, 3022 MiB
2026/09/08 00:03:20.833, 0, 10 %, 5687 MiB
2026/09/08 00:03:20.868, 1, 4 %, 3022 MiB
2026/09/08 00:03:21.372, 0, 10 %, 5687 MiB
2026/09/08 00:03:21.372, 1, 4 %, 3022 MiB
2026/09/08 00:03:21.873, 0, 10 %, 5687 MiB
2026/09/08 00:03:21.873, 1, 3 %, 3022 MiB
2026/09/08 00:03:22.373, 0, 10 %, 5703 MiB
2026/09/08 00:03:22.373, 1, 3 %, 3022 MiB
2026/09/08 00:03:22.873, 0, 7 %, 5687 MiB
2026/09/08 00:03:22.880, 1, 4 %, 3022 MiB
2026/09/08 00:03:23.518, 0, 7 %, 5703 MiB
2026/09/08 00:03:23.519, 1, 4 %, 3027 MiB
2026/09/08 00:03:24.020, 0, 7 %, 5719 MiB
2026/09/08 00:03:24.075, 1, 2 %, 3078 MiB
2026/09/08 00:03:24.578, 0, 0 %, 5703 MiB
2026/09/08 00:03:24.579, 1, 2 %, 3138 MiB
2026/09/08 00:03:25.079, 0, 0 %, 5719 MiB
2026/09/08 00:03:25.207, 1, 13 %, 3286 MiB
2026/09/08 00:03:25.708, 0, 3 %, 5722 MiB
2026/09/08 00:03:25.731, 1, 13 %, 3295 MiB
2026/09/08 00:03:26.234, 0, 3 %, 5801 MiB
2026/09/08 00:03:26.235, 1, 3 %, 3775 MiB
2026/09/08 00:03:26.735, 0, 9 %, 5863 MiB
2026/09/08 00:03:26.736, 1, 3 %, 3823 MiB
2026/09/08 00:03:27.238, 0, 9 %, 5869 MiB
2026/09/08 00:03:27.239, 1, 1 %, 3891 MiB
2026/09/08 00:03:27.741, 0, 9 %, 5955 MiB
2026/09/08 00:03:27.742, 1, 1 %, 3898 MiB
2026/09/08 00:03:28.243, 0, 0 %, 6036 MiB
2026/09/08 00:03:28.244, 1, 1 %, 3910 MiB
2026/09/08 00:03:28.750, 0, 0 %, 6036 MiB
2026/09/08 00:03:28.778, 1, 5 %, 3980 MiB
2026/09/08 00:03:29.416, 0, 1 %, 6032 MiB
2026/09/08 00:03:29.474, 1, 5 %, 4093 MiB
2026/09/08 00:03:29.978, 0, 1 %, 6512 MiB
2026/09/08 00:03:29.978, 1, 4 %, 4643 MiB
2026/09/08 00:03:30.479, 0, 9 %, 6564 MiB
2026/09/08 00:03:30.483, 1, 4 %, 4799 MiB
2026/09/08 00:03:30.983, 0, 9 %, 6577 MiB
2026/09/08 00:03:30.983, 1, 0 %, 5281 MiB
2026/09/08 00:03:31.483, 0, 5 %, 6604 MiB
2026/09/08 00:03:31.487, 1, 0 %, 5281 MiB
2026/09/08 00:03:31.991, 0, 5 %, 6853 MiB
2026/09/08 00:03:31.992, 1, 6 %, 5281 MiB
2026/09/08 00:03:32.493, 0, 9 %, 7479 MiB
2026/09/08 00:03:32.611, 1, 5 %, 5281 MiB
2026/09/08 00:03:33.254, 0, 9 %, 7540 MiB
2026/09/08 00:03:33.263, 1, 5 %, 5281 MiB
2026/09/08 00:03:33.766, 0, 9 %, 8130 MiB
2026/09/08 00:03:33.896, 1, 5 %, 5281 MiB
2026/09/08 00:03:34.540, 0, 0 %, 8288 MiB
2026/09/08 00:03:34.595, 1, 5 %, 5281 MiB
2026/09/08 00:03:35.097, 0, 1 %, 8180 MiB
2026/09/08 00:03:35.100, 1, 5 %, 5281 MiB
2026/09/08 00:03:35.601, 0, 1 %, 8193 MiB
2026/09/08 00:03:35.695, 1, 2 %, 5281 MiB
2026/09/08 00:03:36.202, 0, 1 %, 7665 MiB
2026/09/08 00:03:36.204, 1, 2 %, 5286 MiB
2026/09/08 00:03:36.709, 0, 1 %, 8203 MiB
2026/09/08 00:03:36.711, 1, 10 %, 5298 MiB
2026/09/08 00:03:37.214, 0, 28 %, 8187 MiB
2026/09/08 00:03:37.216, 1, 10 %, 5324 MiB
2026/09/08 00:03:37.717, 0, 28 %, 8268 MiB
2026/09/08 00:03:37.727, 1, 10 %, 5336 MiB
2026/09/08 00:03:38.232, 0, 8 %, 8373 MiB
2026/09/08 00:03:38.235, 1, 6 %, 5396 MiB
2026/09/08 00:03:38.735, 0, 8 %, 8866 MiB
2026/09/08 00:03:38.736, 1, 6 %, 5551 MiB
2026/09/08 00:03:39.237, 0, 16 %, 8656 MiB
2026/09/08 00:03:39.240, 1, 10 %, 6033 MiB
2026/09/08 00:03:39.742, 0, 16 %, 8644 MiB
2026/09/08 00:03:39.759, 1, 10 %, 6033 MiB
2026/09/08 00:03:40.261, 0, 11 %, 8686 MiB
2026/09/08 00:03:40.272, 1, 0 %, 6033 MiB
2026/09/08 00:03:40.779, 0, 5 %, 8212 MiB
2026/09/08 00:03:40.798, 1, 0 %, 6038 MiB
2026/09/08 00:03:41.447, 0, 5 %, 8386 MiB
2026/09/08 00:03:41.450, 1, 0 %, 6053 MiB
2026/09/08 00:03:41.951, 0, 5 %, 8402 MiB
2026/09/08 00:03:42.037, 1, 10 %, 6082 MiB
2026/09/08 00:03:42.543, 0, 0 %, 8412 MiB
2026/09/08 00:03:42.547, 1, 10 %, 5876 MiB
2026/09/08 00:03:43.050, 0, 0 %, 8884 MiB
2026/09/08 00:03:43.167, 1, 10 %, 5874 MiB
2026/09/08 00:03:43.811, 0, 0 %, 8871 MiB
2026/09/08 00:03:43.814, 1, 15 %, 5459 MiB
2026/09/08 00:03:44.316, 0, 0 %, 8873 MiB
2026/09/08 00:03:44.351, 1, 15 %, 5625 MiB
2026/09/08 00:03:44.855, 0, 0 %, 8886 MiB
2026/09/08 00:03:44.859, 1, 15 %, 5782 MiB
2026/09/08 00:03:45.367, 0, 0 %, 8895 MiB
2026/09/08 00:03:45.500, 1, 15 %, 5782 MiB
2026/09/08 00:03:46.146, 0, 8 %, 8906 MiB
2026/09/08 00:03:46.277, 1, 7 %, 6404 MiB
2026/09/08 00:03:46.807, 0, 13 %, 8725 MiB
2026/09/08 00:03:46.811, 1, 10 %, 6574 MiB
2026/09/08 00:03:47.319, 0, 13 %, 8256 MiB
2026/09/08 00:03:47.374, 1, 10 %, 7539 MiB
2026/09/08 00:03:47.879, 0, 24 %, 8337 MiB
2026/09/08 00:03:47.883, 1, 7 %, 7547 MiB
2026/09/08 00:03:48.387, 0, 24 %, 8394 MiB
2026/09/08 00:03:48.391, 1, 7 %, 7579 MiB
2026/09/08 00:03:48.893, 0, 0 %, 8807 MiB
2026/09/08 00:03:48.948, 1, 10 %, 7586 MiB
2026/09/08 00:03:49.451, 0, 0 %, 8900 MiB
2026/09/08 00:03:49.545, 1, 0 %, 7654 MiB
2026/09/08 00:03:50.188, 0, 18 %, 8916 MiB
2026/09/08 00:03:50.189, 1, 0 %, 7803 MiB
2026/09/08 00:03:50.691, 0, 18 %, 8926 MiB
2026/09/08 00:03:50.694, 1, 10 %, 7831 MiB
2026/09/08 00:03:51.198, 0, 19 %, 8917 MiB
2026/09/08 00:03:51.199, 1, 10 %, 8356 MiB
2026/09/08 00:03:51.701, 0, 19 %, 8916 MiB
2026/09/08 00:03:51.706, 1, 15 %, 8446 MiB
2026/09/08 00:03:52.211, 0, 17 %, 8916 MiB
2026/09/08 00:03:52.214, 1, 15 %, 8572 MiB
2026/09/08 00:03:52.719, 0, 17 %, 8941 MiB
2026/09/08 00:03:52.720, 1, 17 %, 8761 MiB
2026/09/08 00:03:53.225, 0, 16 %, 8971 MiB
2026/09/08 00:03:53.227, 1, 17 %, 9275 MiB
2026/09/08 00:03:53.730, 0, 16 %, 8991 MiB
2026/09/08 00:03:53.732, 1, 16 %, 9362 MiB
2026/09/08 00:03:54.233, 0, 9 %, 9034 MiB
2026/09/08 00:03:54.233, 1, 16 %, 9352 MiB
2026/09/08 00:03:54.739, 0, 9 %, 9032 MiB
2026/09/08 00:03:54.739, 1, 29 %, 9797 MiB
2026/09/08 00:03:55.242, 0, 21 %, 9132 MiB
2026/09/08 00:03:55.244, 1, 29 %, 9797 MiB
2026/09/08 00:03:55.745, 0, 21 %, 9319 MiB
2026/09/08 00:03:55.751, 1, 19 %, 9797 MiB
2026/09/08 00:03:56.256, 0, 18 %, 9187 MiB
2026/09/08 00:03:56.270, 1, 19 %, 9797 MiB
2026/09/08 00:03:56.777, 0, 26 %, 9745 MiB
2026/09/08 00:03:56.915, 1, 19 %, 9797 MiB
2026/09/08 00:03:57.419, 0, 26 %, 9205 MiB
2026/09/08 00:03:57.422, 1, 1 %, 9797 MiB
2026/09/08 00:03:57.922, 0, 19 %, 9703 MiB
2026/09/08 00:03:57.926, 1, 1 %, 9797 MiB
2026/09/08 00:03:58.431, 0, 19 %, 9516 MiB
2026/09/08 00:03:58.431, 1, 21 %, 9797 MiB
2026/09/08 00:03:58.934, 0, 21 %, 9534 MiB
2026/09/08 00:03:58.934, 1, 21 %, 9568 MiB
2026/09/08 00:03:59.435, 0, 21 %, 9088 MiB
2026/09/08 00:03:59.435, 1, 17 %, 9544 MiB
2026/09/08 00:03:59.942, 0, 11 %, 9169 MiB
2026/09/08 00:03:59.944, 1, 17 %, 9044 MiB
2026/09/08 00:04:00.447, 0, 11 %, 9667 MiB
2026/09/08 00:04:00.448, 1, 20 %, 9044 MiB
2026/09/08 00:04:00.951, 0, 23 %, 9667 MiB
2026/09/08 00:04:00.952, 1, 20 %, 9044 MiB
2026/09/08 00:04:01.453, 0, 23 %, 9651 MiB
2026/09/08 00:04:01.454, 1, 21 %, 9044 MiB
2026/09/08 00:04:01.955, 0, 29 %, 9663 MiB
2026/09/08 00:04:01.958, 1, 21 %, 9044 MiB
2026/09/08 00:04:02.462, 0, 29 %, 9667 MiB
2026/09/08 00:04:02.463, 1, 17 %, 9052 MiB
2026/09/08 00:04:02.967, 0, 26 %, 9667 MiB
2026/09/08 00:04:02.969, 1, 17 %, 9100 MiB
2026/09/08 00:04:03.473, 0, 26 %, 9667 MiB
2026/09/08 00:04:03.475, 1, 22 %, 9136 MiB
2026/09/08 00:04:03.977, 0, 22 %, 9667 MiB
2026/09/08 00:04:03.977, 1, 22 %, 9230 MiB
2026/09/08 00:04:04.478, 0, 22 %, 9667 MiB
2026/09/08 00:04:04.479, 1, 21 %, 9797 MiB
2026/09/08 00:04:04.979, 0, 23 %, 9667 MiB
2026/09/08 00:04:04.980, 1, 21 %, 9797 MiB
2026/09/08 00:04:05.481, 0, 23 %, 9667 MiB
2026/09/08 00:04:05.481, 1, 25 %, 9575 MiB
2026/09/08 00:04:05.984, 0, 17 %, 9651 MiB
2026/09/08 00:04:05.985, 1, 25 %, 9544 MiB
2026/09/08 00:04:06.486, 0, 17 %, 9651 MiB
2026/09/08 00:04:06.486, 1, 25 %, 9044 MiB
2026/09/08 00:04:06.987, 0, 19 %, 9651 MiB
2026/09/08 00:04:06.988, 1, 25 %, 9044 MiB
2026/09/08 00:04:07.490, 0, 19 %, 9635 MiB
2026/09/08 00:04:07.490, 1, 26 %, 8791 MiB
2026/09/08 00:04:07.991, 0, 18 %, 9635 MiB
2026/09/08 00:04:07.992, 1, 26 %, 8791 MiB
2026/09/08 00:04:08.493, 0, 18 %, 9635 MiB
2026/09/08 00:04:08.494, 1, 24 %, 8292 MiB
2026/09/08 00:04:08.994, 0, 18 %, 9635 MiB
2026/09/08 00:04:08.994, 1, 24 %, 8292 MiB
2026/09/08 00:04:09.495, 0, 18 %, 9619 MiB
2026/09/08 00:04:09.495, 1, 24 %, 8038 MiB
2026/09/08 00:04:09.995, 0, 14 %, 9619 MiB
2026/09/08 00:04:09.996, 1, 24 %, 8038 MiB
2026/09/08 00:04:10.502, 0, 14 %, 9619 MiB
2026/09/08 00:04:10.502, 1, 20 %, 7539 MiB
2026/09/08 00:04:11.002, 0, 8 %, 9619 MiB
2026/09/08 00:04:11.003, 1, 20 %, 7539 MiB
2026/09/08 00:04:11.503, 0, 8 %, 9619 MiB
2026/09/08 00:04:11.503, 1, 18 %, 7539 MiB
2026/09/08 00:04:12.004, 0, 7 %, 9619 MiB
2026/09/08 00:04:12.004, 1, 18 %, 7539 MiB
2026/09/08 00:04:12.504, 0, 7 %, 9619 MiB
2026/09/08 00:04:12.504, 1, 16 %, 7539 MiB
2026/09/08 00:04:13.004, 0, 9 %, 9352 MiB
2026/09/08 00:04:13.004, 1, 16 %, 7539 MiB
2026/09/08 00:04:13.505, 0, 9 %, 9084 MiB
2026/09/08 00:04:13.505, 1, 19 %, 7539 MiB
2026/09/08 00:04:14.005, 0, 16 %, 8069 MiB
2026/09/08 00:04:14.015, 1, 19 %, 7285 MiB
2026/09/08 00:04:14.517, 0, 16 %, 7801 MiB
2026/09/08 00:04:14.517, 1, 14 %, 7285 MiB
2026/09/08 00:04:15.017, 0, 7 %, 7302 MiB
2026/09/08 00:04:15.019, 1, 14 %, 6786 MiB
2026/09/08 00:04:15.520, 0, 7 %, 7034 MiB
2026/09/08 00:04:15.520, 1, 20 %, 6786 MiB
2026/09/08 00:04:16.021, 0, 7 %, 7034 MiB
2026/09/08 00:04:16.022, 1, 20 %, 6559 MiB
2026/09/08 00:04:16.523, 0, 7 %, 6518 MiB
2026/09/08 00:04:16.523, 1, 18 %, 6533 MiB
2026/09/08 00:04:17.023, 0, 3 %, 6518 MiB
2026/09/08 00:04:17.024, 1, 18 %, 6033 MiB
2026/09/08 00:04:17.524, 0, 3 %, 6518 MiB
2026/09/08 00:04:17.524, 1, 14 %, 6033 MiB
2026/09/08 00:04:18.024, 0, 5 %, 6518 MiB
2026/09/08 00:04:18.025, 1, 14 %, 6033 MiB
2026/09/08 00:04:18.525, 0, 5 %, 6518 MiB
2026/09/08 00:04:18.525, 1, 12 %, 6033 MiB
2026/09/08 00:04:19.026, 0, 3 %, 6518 MiB
2026/09/08 00:04:19.026, 1, 12 %, 6033 MiB
2026/09/08 00:04:19.526, 0, 3 %, 6250 MiB
2026/09/08 00:04:19.526, 1, 6 %, 6033 MiB
2026/09/08 00:04:20.026, 0, 6 %, 5983 MiB
2026/09/08 00:04:20.027, 1, 6 %, 6033 MiB
2026/09/08 00:04:20.527, 0, 6 %, 4984 MiB
2026/09/08 00:04:20.527, 1, 4 %, 6033 MiB
2026/09/08 00:04:21.027, 0, 6 %, 4984 MiB
2026/09/08 00:04:21.028, 1, 4 %, 6033 MiB
2026/09/08 00:04:21.528, 0, 6 %, 4968 MiB
2026/09/08 00:04:21.528, 1, 4 %, 5780 MiB
2026/09/08 00:04:22.028, 0, 6 %, 4968 MiB
2026/09/08 00:04:22.028, 1, 4 %, 5280 MiB
2026/09/08 00:04:22.529, 0, 6 %, 4684 MiB
2026/09/08 00:04:22.529, 1, 2 %, 5027 MiB
2026/09/08 00:04:23.029, 0, 6 %, 4684 MiB
2026/09/08 00:04:23.030, 1, 2 %, 5027 MiB
2026/09/08 00:04:23.530, 0, 6 %, 4185 MiB
2026/09/08 00:04:23.531, 1, 2 %, 4528 MiB
2026/09/08 00:04:24.031, 0, 7 %, 4185 MiB
2026/09/08 00:04:24.031, 1, 2 %, 4528 MiB
2026/09/08 00:04:24.531, 0, 7 %, 4185 MiB
2026/09/08 00:04:24.532, 1, 4 %, 4528 MiB
2026/09/08 00:04:25.032, 0, 6 %, 4169 MiB
2026/09/08 00:04:25.032, 1, 4 %, 4274 MiB
2026/09/08 00:04:25.532, 0, 6 %, 4169 MiB
2026/09/08 00:04:25.532, 1, 4 %, 3775 MiB
2026/09/08 00:04:26.033, 0, 6 %, 3901 MiB
2026/09/08 00:04:26.033, 1, 4 %, 3775 MiB
2026/09/08 00:04:26.534, 0, 6 %, 3401 MiB
2026/09/08 00:04:26.543, 1, 4 %, 3775 MiB
2026/09/08 00:04:27.043, 0, 7 %, 3401 MiB
2026/09/08 00:04:27.045, 1, 4 %, 3775 MiB
2026/09/08 00:04:27.545, 0, 7 %, 3401 MiB
2026/09/08 00:04:27.546, 1, 4 %, 3775 MiB
2026/09/08 00:04:28.046, 0, 6 %, 3401 MiB
2026/09/08 00:04:28.046, 1, 4 %, 3775 MiB
2026/09/08 00:04:28.546, 0, 6 %, 3369 MiB
2026/09/08 00:04:28.546, 1, 2 %, 3268 MiB
2026/09/08 00:04:29.046, 0, 6 %, 3369 MiB
2026/09/08 00:04:29.046, 1, 2 %, 3268 MiB
2026/09/08 00:04:29.547, 0, 6 %, 3369 MiB
2026/09/08 00:04:29.547, 1, 2 %, 2269 MiB
2026/09/08 00:04:30.047, 0, 6 %, 3369 MiB
2026/09/08 00:04:30.047, 1, 2 %, 2269 MiB
2026/09/08 00:04:30.548, 0, 6 %, 3369 MiB
2026/09/08 00:04:30.548, 1, 2 %, 2269 MiB
2026/09/08 00:04:31.048, 0, 6 %, 3369 MiB
2026/09/08 00:04:31.049, 1, 2 %, 2269 MiB
2026/09/08 00:04:31.550, 0, 6 %, 3369 MiB
2026/09/08 00:04:31.550, 1, 2 %, 2269 MiB
2026/09/08 00:04:32.050, 0, 6 %, 3353 MiB
2026/09/08 00:04:32.050, 1, 2 %, 2016 MiB
2026/09/08 00:04:32.550, 0, 6 %, 3353 MiB
2026/09/08 00:04:32.551, 1, 2 %, 2016 MiB
2026/09/08 00:04:33.055, 0, 7 %, 3353 MiB
2026/09/08 00:04:33.056, 1, 2 %, 1517 MiB
2026/09/08 00:04:33.556, 0, 7 %, 3353 MiB
2026/09/08 00:04:33.556, 1, 2 %, 1517 MiB
2026/09/08 00:04:34.056, 0, 6 %, 3353 MiB
2026/09/08 00:04:34.056, 1, 2 %, 1517 MiB
2026/09/08 00:04:34.556, 0, 6 %, 3353 MiB
2026/09/08 00:04:34.557, 1, 2 %, 1517 MiB
2026/09/08 00:04:35.057, 0, 4 %, 3353 MiB
2026/09/08 00:04:35.057, 1, 2 %, 1517 MiB
2026/09/08 00:04:35.557, 0, 4 %, 3353 MiB
2026/09/08 00:04:35.557, 1, 2 %, 1517 MiB
2026/09/08 00:04:36.057, 0, 4 %, 3353 MiB
2026/09/08 00:04:36.058, 1, 2 %, 1517 MiB
2026/09/08 00:04:36.558, 0, 4 %, 3353 MiB
2026/09/08 00:04:36.558, 1, 2 %, 1517 MiB
2026/09/08 00:04:37.058, 0, 5 %, 3353 MiB
2026/09/08 00:04:37.058, 1, 2 %, 1517 MiB
2026/09/08 00:04:37.559, 0, 5 %, 3337 MiB
2026/09/08 00:04:37.559, 1, 1 %, 1263 MiB
2026/09/08 00:04:38.059, 0, 4 %, 3337 MiB
2026/09/08 00:04:38.060, 1, 1 %, 764 MiB
2026/09/08 00:04:38.560, 0, 4 %, 3337 MiB
2026/09/08 00:04:38.560, 1, 2 %, 764 MiB
2026/09/08 00:04:39.060, 0, 2 %, 3337 MiB
2026/09/08 00:04:39.060, 1, 2 %, 764 MiB
2026/09/08 00:04:39.561, 0, 2 %, 3337 MiB
2026/09/08 00:04:39.561, 1, 2 %, 764 MiB
2026/09/08 00:04:40.061, 0, 2 %, 3337 MiB
2026/09/08 00:04:40.061, 1, 2 %, 764 MiB
2026/09/08 00:04:40.561, 0, 2 %, 3337 MiB
2026/09/08 00:04:40.561, 1, 2 %, 764 MiB
2026/09/08 00:04:41.062, 0, 2 %, 3337 MiB
2026/09/08 00:04:41.062, 1, 2 %, 764 MiB
2026/09/08 00:04:41.562, 0, 2 %, 3337 MiB
2026/09/08 00:04:41.562, 1, 2 %, 764 MiB
2026/09/08 00:04:42.062, 0, 1 %, 3337 MiB
2026/09/08 00:04:42.063, 1, 2 %, 764 MiB
2026/09/08 00:04:42.563, 0, 1 %, 3337 MiB
2026/09/08 00:04:42.563, 1, 0 %, 764 MiB
2026/09/08 00:04:43.063, 0, 0 %, 3337 MiB
2026/09/08 00:04:43.063, 1, 0 %, 764 MiB
2026/09/08 00:04:43.564, 0, 0 %, 3337 MiB
2026/09/08 00:04:43.564, 1, 0 %, 764 MiB
2026/09/08 00:04:44.064, 0, 0 %, 3337 MiB
2026/09/08 00:04:44.064, 1, 0 %, 764 MiB
2026/09/08 00:04:44.564, 0, 0 %, 3337 MiB
2026/09/08 00:04:44.565, 1, 0 %, 764 MiB
2026/09/08 00:04:45.065, 0, 0 %, 3337 MiB
2026/09/08 00:04:45.065, 1, 0 %, 764 MiB
2026/09/08 00:04:45.565, 0, 0 %, 3337 MiB
2026/09/08 00:04:45.565, 1, 0 %, 764 MiB
2026/09/08 00:04:46.066, 0, 0 %, 3069 MiB
2026/09/08 00:04:46.066, 1, 0 %, 764 MiB
2026/09/08 00:04:46.566, 0, 0 %, 2570 MiB
2026/09/08 00:04:46.599, 1, 0 %, 764 MiB
2026/09/08 00:04:47.099, 0, 0 %, 2570 MiB
2026/09/08 00:04:47.100, 1, 0 %, 764 MiB
2026/09/08 00:04:47.600, 0, 0 %, 2570 MiB
2026/09/08 00:04:47.600, 1, 0 %, 764 MiB
2026/09/08 00:04:48.100, 0, 0 %, 2570 MiB
2026/09/08 00:04:48.100, 1, 0 %, 764 MiB
2026/09/08 00:04:48.601, 0, 0 %, 2570 MiB
2026/09/08 00:04:48.601, 1, 0 %, 764 MiB
2026/09/08 00:04:49.101, 0, 0 %, 2570 MiB
2026/09/08 00:04:49.101, 1, 0 %, 764 MiB
2026/09/08 00:04:49.601, 0, 0 %, 2570 MiB
2026/09/08 00:04:49.601, 1, 0 %, 764 MiB
2026/09/08 00:04:50.102, 0, 0 %, 2302 MiB
2026/09/08 00:04:50.102, 1, 0 %, 764 MiB
2026/09/08 00:04:50.602, 0, 0 %, 2302 MiB
2026/09/08 00:04:50.602, 1, 0 %, 764 MiB
2026/09/08 00:04:51.102, 0, 0 %, 1802 MiB
2026/09/08 00:04:51.103, 1, 0 %, 764 MiB
2026/09/08 00:04:51.603, 0, 0 %, 1802 MiB
2026/09/08 00:04:51.603, 1, 0 %, 764 MiB
2026/09/08 00:04:52.103, 0, 0 %, 1802 MiB
2026/09/08 00:04:52.103, 1, 0 %, 764 MiB
2026/09/08 00:04:52.604, 0, 0 %, 1802 MiB
2026/09/08 00:04:52.604, 1, 0 %, 764 MiB
2026/09/08 00:04:53.104, 0, 0 %, 1802 MiB
2026/09/08 00:04:53.104, 1, 0 %, 764 MiB
2026/09/08 00:04:53.604, 0, 0 %, 1802 MiB
2026/09/08 00:04:53.605, 1, 0 %, 764 MiB
2026/09/08 00:04:54.105, 0, 0 %, 1802 MiB
2026/09/08 00:04:54.105, 1, 0 %, 764 MiB
2026/09/08 00:04:54.605, 0, 0 %, 1786 MiB
2026/09/08 00:04:54.605, 1, 0 %, 510 MiB
2026/09/08 00:04:55.105, 0, 0 %, 1786 MiB
2026/09/08 00:04:55.106, 1, 0 %, 11 MiB
2026/09/08 00:04:55.606, 0, 0 %, 1786 MiB
2026/09/08 00:04:55.606, 1, 3 %, 11 MiB
2026/09/08 00:04:56.106, 0, 0 %, 1518 MiB
2026/09/08 00:04:56.106, 1, 3 %, 11 MiB
2026/09/08 00:04:56.607, 0, 0 %, 1017 MiB
2026/09/08 00:04:56.607, 1, 0 %, 9 MiB
2026/09/08 00:04:57.107, 0, 0 %, 1017 MiB
2026/09/08 00:04:57.107, 1, 0 %, 9 MiB
2026/09/08 00:04:57.607, 0, 0 %, 1017 MiB
2026/09/08 00:04:57.608, 1, 0 %, 9 MiB
2026/09/08 00:04:58.108, 0, 0 %, 1017 MiB
2026/09/08 00:04:58.108, 1, 0 %, 9 MiB
2026/09/08 00:04:58.608, 0, 0 %, 1017 MiB
2026/09/08 00:04:58.608, 1, 0 %, 9 MiB
2026/09/08 00:04:59.108, 0, 0 %, 1017 MiB
2026/09/08 00:04:59.109, 1, 0 %, 9 MiB
2026/09/08 00:04:59.609, 0, 0 %, 1017 MiB
2026/09/08 00:04:59.609, 1, 0 %, 9 MiB
2026/09/08 00:05:00.109, 0, 0 %, 1017 MiB
2026/09/08 00:05:00.109, 1, 0 %, 9 MiB
2026/09/08 00:05:00.609, 0, 0 %, 1017 MiB
2026/09/08 00:05:00.610, 1, 0 %, 9 MiB
2026/09/08 00:05:01.110, 0, 0 %, 1017 MiB
2026/09/08 00:05:01.110, 1, 0 %, 9 MiB
2026/09/08 00:05:01.610, 0, 0 %, 1017 MiB
2026/09/08 00:05:01.610, 1, 0 %, 9 MiB
2026/09/08 00:05:02.110, 0, 0 %, 1017 MiB
2026/09/08 00:05:02.111, 1, 0 %, 9 MiB
2026/09/08 00:05:02.611, 0, 0 %, 1017 MiB
2026/09/08 00:05:02.611, 1, 0 %, 9 MiB
2026/09/08 00:05:03.111, 0, 0 %, 1017 MiB
2026/09/08 00:05:03.111, 1, 0 %, 9 MiB
2026/09/08 00:05:03.612, 0, 0 %, 1017 MiB
2026/09/08 00:05:03.612, 1, 0 %, 9 MiB
2026/09/08 00:05:04.112, 0, 0 %, 1017 MiB
2026/09/08 00:05:04.112, 1, 0 %, 9 MiB
2026/09/08 00:05:04.612, 0, 0 %, 1017 MiB
2026/09/08 00:05:04.613, 1, 0 %, 9 MiB
2026/09/08 00:05:05.113, 0, 0 %, 1017 MiB
2026/09/08 00:05:05.113, 1, 0 %, 9 MiB
2026/09/08 00:05:05.613, 0, 0 %, 1017 MiB
2026/09/08 00:05:05.613, 1, 0 %, 9 MiB
2026/09/08 00:05:06.113, 0, 0 %, 1017 MiB
2026/09/08 00:05:06.114, 1, 0 %, 9 MiB
2026/09/08 00:05:06.614, 0, 0 %, 1017 MiB
2026/09/08 00:05:06.614, 1, 0 %, 9 MiB
2026/09/08 00:05:07.114, 0, 0 %, 1017 MiB
2026/09/08 00:05:07.114, 1, 0 %, 9 MiB
2026/09/08 00:05:07.615, 0, 0 %, 1017 MiB
2026/09/08 00:05:07.615, 1, 0 %, 9 MiB
2026/09/08 00:05:08.115, 0, 0 %, 1017 MiB
2026/09/08 00:05:08.115, 1, 0 %, 9 MiB
2026/09/08 00:05:08.615, 0, 0 %, 1017 MiB
2026/09/08 00:05:08.615, 1, 0 %, 9 MiB
2026/09/08 00:05:09.116, 0, 0 %, 1017 MiB
2026/09/08 00:05:09.116, 1, 0 %, 9 MiB
2026/09/08 00:05:09.616, 0, 0 %, 1017 MiB
2026/09/08 00:05:09.616, 1, 0 %, 9 MiB
2026/09/08 00:05:10.116, 0, 0 %, 1017 MiB
2026/09/08 00:05:10.117, 1, 0 %, 9 MiB
2026/09/08 00:05:10.617, 0, 0 %, 1017 MiB
2026/09/08 00:05:10.617, 1, 0 %, 9 MiB
2026/09/08 00:05:11.117, 0, 0 %, 1017 MiB
2026/09/08 00:05:11.117, 1, 0 %, 9 MiB
2026/09/08 00:05:11.617, 0, 0 %, 1017 MiB
2026/09/08 00:05:11.618, 1, 0 %, 9 MiB
2026/09/08 00:05:12.118, 0, 0 %, 1017 MiB
2026/09/08 00:05:12.118, 1, 0 %, 9 MiB
2026/09/08 00:05:12.618, 0, 0 %, 1017 MiB
2026/09/08 00:05:12.618, 1, 0 %, 9 MiB
2026/09/08 00:05:13.119, 0, 0 %, 1017 MiB
2026/09/08 00:05:13.119, 1, 0 %, 9 MiB
2026/09/08 00:05:13.619, 0, 0 %, 1017 MiB
2026/09/08 00:05:13.619, 1, 0 %, 9 MiB
2026/09/08 00:05:14.119, 0, 0 %, 1017 MiB
2026/09/08 00:05:14.120, 1, 0 %, 9 MiB
2026/09/08 00:05:14.620, 0, 0 %, 1017 MiB
2026/09/08 00:05:14.620, 1, 0 %, 9 MiB
2026/09/08 00:05:15.120, 0, 0 %, 1017 MiB
2026/09/08 00:05:15.120, 1, 0 %, 9 MiB
2026/09/08 00:05:15.620, 0, 0 %, 1017 MiB
2026/09/08 00:05:15.621, 1, 0 %, 9 MiB
2026/09/08 00:05:16.121, 0, 0 %, 1017 MiB
2026/09/08 00:05:16.121, 1, 0 %, 9 MiB
2026/09/08 00:05:16.621, 0, 0 %, 1017 MiB
2026/09/08 00:05:16.621, 1, 0 %, 9 MiB
2026/09/08 00:05:17.122, 0, 0 %, 1017 MiB
2026/09/08 00:05:17.122, 1, 0 %, 9 MiB
2026/09/08 00:05:17.622, 0, 0 %, 1017 MiB
2026/09/08 00:05:17.622, 1, 0 %, 9 MiB
2026/09/08 00:05:18.122, 0, 0 %, 1017 MiB
2026/09/08 00:05:18.123, 1, 0 %, 9 MiB
2026/09/08 00:05:18.623, 0, 0 %, 1017 MiB
2026/09/08 00:05:18.623, 1, 0 %, 9 MiB
2026/09/08 00:05:19.124, 0, 0 %, 1017 MiB
2026/09/08 00:05:19.124, 1, 0 %, 9 MiB
2026/09/08 00:05:19.624, 0, 0 %, 1017 MiB
2026/09/08 00:05:19.625, 1, 0 %, 9 MiB
2026/09/08 00:05:20.127, 0, 0 %, 1017 MiB
2026/09/08 00:05:20.133, 1, 0 %, 9 MiB
2026/09/08 00:05:20.638, 0, 0 %, 1017 MiB
2026/09/08 00:05:20.810, 1, 0 %, 9 MiB
2026/09/08 00:05:21.448, 0, 0 %, 1017 MiB
2026/09/08 00:05:21.452, 1, 0 %, 9 MiB
2026/09/08 00:05:22.078, 0, 0 %, 1017 MiB
2026/09/08 00:05:22.184, 1, 0 %, 9 MiB
2026/09/08 00:05:22.804, 0, 0 %, 1017 MiB
2026/09/08 00:05:23.137, 1, 0 %, 9 MiB
2026/09/08 00:05:23.644, 0, 0 %, 1017 MiB
2026/09/08 00:05:23.750, 1, 0 %, 9 MiB
2026/09/08 00:05:24.487, 0, 0 %, 1017 MiB
2026/09/08 00:05:24.594, 1, 0 %, 9 MiB
2026/09/08 00:05:25.567, 0, 0 %, 1017 MiB
2026/09/08 00:05:25.782, 1, 0 %, 9 MiB
2026/09/08 00:05:26.285, 0, 0 %, 1017 MiB
2026/09/08 00:05:26.332, 1, 0 %, 9 MiB
2026/09/08 00:05:26.953, 0, 0 %, 1017 MiB
2026/09/08 00:05:27.041, 1, 0 %, 9 MiB
2026/09/08 00:05:27.662, 0, 0 %, 1017 MiB
2026/09/08 00:05:27.710, 1, 0 %, 9 MiB
2026/09/08 00:05:28.331, 0, 0 %, 1017 MiB
2026/09/08 00:05:28.420, 1, 0 %, 9 MiB
2026/09/08 00:05:29.159, 0, 0 %, 1017 MiB
2026/09/08 00:05:29.260, 1, 0 %, 9 MiB
2026/09/08 00:05:29.883, 0, 0 %, 1017 MiB
2026/09/08 00:05:30.109, 1, 0 %, 9 MiB
2026/09/08 00:05:31.081, 0, 0 %, 1017 MiB
2026/09/08 00:05:31.189, 1, 0 %, 9 MiB
2026/09/08 00:05:31.690, 0, 0 %, 1017 MiB
2026/09/08 00:05:31.793, 1, 0 %, 9 MiB
2026/09/08 00:05:32.413, 0, 0 %, 1017 MiB
2026/09/08 00:05:32.623, 1, 0 %, 9 MiB
2026/09/08 00:05:33.360, 0, 0 %, 1017 MiB
2026/09/08 00:05:33.360, 1, 0 %, 9 MiB
2026/09/08 00:05:33.862, 0, 0 %, 1017 MiB
2026/09/08 00:05:33.862, 1, 0 %, 9 MiB
2026/09/08 00:05:34.362, 0, 0 %, 1017 MiB
2026/09/08 00:05:34.362, 1, 0 %, 9 MiB
2026/09/08 00:05:34.862, 0, 0 %, 1017 MiB
2026/09/08 00:05:34.862, 1, 0 %, 9 MiB
2026/09/08 00:05:35.362, 0, 0 %, 1017 MiB
2026/09/08 00:05:35.363, 1, 0 %, 9 MiB
2026/09/08 00:05:35.863, 0, 0 %, 1017 MiB
2026/09/08 00:05:35.863, 1, 0 %, 9 MiB
2026/09/08 00:05:36.363, 0, 0 %, 1017 MiB
2026/09/08 00:05:36.363, 1, 0 %, 9 MiB
2026/09/08 00:05:36.863, 0, 0 %, 1017 MiB
2026/09/08 00:05:36.863, 1, 0 %, 9 MiB
2026/09/08 00:05:37.363, 0, 0 %, 1033 MiB
2026/09/08 00:05:37.364, 1, 0 %, 9 MiB
2026/09/08 00:05:37.864, 0, 1 %, 1079 MiB
2026/09/08 00:05:37.864, 1, 0 %, 9 MiB
2026/09/08 00:05:38.364, 0, 1 %, 1083 MiB
2026/09/08 00:05:38.365, 1, 0 %, 9 MiB
2026/09/08 00:05:38.865, 0, 0 %, 1302 MiB
2026/09/08 00:05:38.870, 1, 0 %, 9 MiB
2026/09/08 00:05:39.371, 0, 0 %, 1809 MiB
2026/09/08 00:05:39.371, 1, 0 %, 9 MiB
2026/09/08 00:05:39.871, 0, 2 %, 1886 MiB
2026/09/08 00:05:39.873, 1, 0 %, 9 MiB
2026/09/08 00:05:40.378, 0, 2 %, 1914 MiB
2026/09/08 00:05:40.382, 1, 0 %, 9 MiB
2026/09/08 00:05:40.888, 0, 0 %, 1911 MiB
2026/09/08 00:05:40.889, 1, 0 %, 16 MiB
2026/09/08 00:05:41.390, 0, 0 %, 2044 MiB
2026/09/08 00:05:41.392, 1, 0 %, 49 MiB
2026/09/08 00:05:41.895, 0, 6 %, 2126 MiB
2026/09/08 00:05:41.897, 1, 0 %, 69 MiB
2026/09/08 00:05:42.398, 0, 6 %, 2230 MiB
2026/09/08 00:05:42.400, 1, 0 %, 153 MiB
2026/09/08 00:05:42.905, 0, 4 %, 2553 MiB
2026/09/08 00:05:42.908, 1, 0 %, 279 MiB
2026/09/08 00:05:43.432, 0, 1 %, 2639 MiB
2026/09/08 00:05:43.435, 1, 3 %, 393 MiB
2026/09/08 00:05:43.942, 0, 1 %, 3113 MiB
2026/09/08 00:05:43.946, 1, 3 %, 511 MiB
2026/09/08 00:05:44.451, 0, 14 %, 3802 MiB
2026/09/08 00:05:44.457, 1, 3 %, 1049 MiB
2026/09/08 00:05:44.966, 0, 14 %, 3910 MiB
2026/09/08 00:05:44.968, 1, 3 %, 1372 MiB
2026/09/08 00:05:45.476, 0, 5 %, 4080 MiB
2026/09/08 00:05:45.478, 1, 3 %, 1484 MiB
2026/09/08 00:05:45.991, 0, 5 %, 4189 MiB
2026/09/08 00:05:45.995, 1, 3 %, 1608 MiB
2026/09/08 00:05:46.504, 0, 6 %, 4436 MiB
2026/09/08 00:05:46.513, 1, 3 %, 2577 MiB
2026/09/08 00:05:47.025, 0, 6 %, 4942 MiB
2026/09/08 00:05:47.026, 1, 3 %, 2882 MiB
2026/09/08 00:05:47.533, 0, 5 %, 5032 MiB
2026/09/08 00:05:47.535, 1, 2 %, 3157 MiB
2026/09/08 00:05:48.040, 0, 5 %, 5019 MiB
2026/09/08 00:05:48.048, 1, 2 %, 3238 MiB
2026/09/08 00:05:48.551, 0, 6 %, 6060 MiB
2026/09/08 00:05:48.557, 1, 18 %, 4234 MiB
2026/09/08 00:05:49.062, 0, 6 %, 6180 MiB
2026/09/08 00:05:49.065, 1, 18 %, 4929 MiB
2026/09/08 00:05:49.569, 0, 8 %, 6317 MiB
2026/09/08 00:05:49.571, 1, 6 %, 5200 MiB
2026/09/08 00:05:50.090, 0, 8 %, 6359 MiB
2026/09/08 00:05:50.091, 1, 6 %, 5333 MiB
2026/09/08 00:05:50.597, 0, 6 %, 7011 MiB
2026/09/08 00:05:50.601, 1, 17 %, 5973 MiB
2026/09/08 00:05:51.104, 0, 6 %, 7146 MiB
2026/09/08 00:05:51.109, 1, 17 %, 6583 MiB
2026/09/08 00:05:51.617, 0, 7 %, 7193 MiB
2026/09/08 00:05:51.621, 1, 18 %, 6709 MiB
2026/09/08 00:05:52.125, 0, 7 %, 7805 MiB
2026/09/08 00:05:52.126, 1, 18 %, 7228 MiB
2026/09/08 00:05:52.627, 0, 13 %, 7974 MiB
2026/09/08 00:05:52.635, 1, 12 %, 7871 MiB
2026/09/08 00:05:53.144, 0, 13 %, 8049 MiB
2026/09/08 00:05:53.157, 1, 12 %, 7962 MiB
2026/09/08 00:05:53.670, 0, 11 %, 8685 MiB
2026/09/08 00:05:53.685, 1, 7 %, 8402 MiB
2026/09/08 00:05:54.185, 0, 11 %, 8876 MiB
2026/09/08 00:05:54.221, 1, 15 %, 8671 MiB
2026/09/08 00:05:54.732, 0, 11 %, 9037 MiB
2026/09/08 00:05:54.734, 1, 15 %, 8739 MiB
2026/09/08 00:05:55.241, 0, 11 %, 9681 MiB
2026/09/08 00:05:55.249, 1, 13 %, 8850 MiB
2026/09/08 00:05:55.758, 0, 22 %, 9871 MiB
2026/09/08 00:05:55.774, 1, 13 %, 9448 MiB
2026/09/08 00:05:56.277, 0, 22 %, 10476 MiB
2026/09/08 00:05:56.280, 1, 40 %, 9729 MiB
2026/09/08 00:05:56.780, 0, 11 %, 11121 MiB
2026/09/08 00:05:56.788, 1, 40 %, 9816 MiB
2026/09/08 00:05:57.298, 0, 11 %, 11374 MiB
2026/09/08 00:05:57.306, 1, 9 %, 9967 MiB
2026/09/08 00:05:57.818, 0, 8 %, 11457 MiB
2026/09/08 00:05:57.824, 1, 9 %, 10591 MiB
2026/09/08 00:05:58.331, 0, 8 %, 12024 MiB
2026/09/08 00:05:58.346, 1, 8 %, 11091 MiB
2026/09/08 00:05:58.869, 0, 13 %, 12182 MiB
2026/09/08 00:05:58.871, 1, 8 %, 11108 MiB
2026/09/08 00:05:59.375, 0, 13 %, 13071 MiB
2026/09/08 00:05:59.383, 1, 20 %, 12056 MiB
2026/09/08 00:05:59.891, 0, 22 %, 13553 MiB
2026/09/08 00:05:59.894, 1, 20 %, 12056 MiB
2026/09/08 00:06:00.403, 0, 22 %, 13553 MiB
2026/09/08 00:06:00.406, 1, 24 %, 12056 MiB
2026/09/08 00:06:00.913, 0, 26 %, 13553 MiB
2026/09/08 00:06:00.916, 1, 24 %, 12056 MiB
2026/09/08 00:06:01.424, 0, 26 %, 13553 MiB
2026/09/08 00:06:01.429, 1, 23 %, 12056 MiB
2026/09/08 00:06:01.936, 0, 23 %, 13553 MiB
2026/09/08 00:06:01.941, 1, 23 %, 12056 MiB
2026/09/08 00:06:02.447, 0, 26 %, 13553 MiB
2026/09/08 00:06:02.451, 1, 24 %, 12056 MiB
2026/09/08 00:06:02.960, 0, 26 %, 13553 MiB
2026/09/08 00:06:02.966, 1, 24 %, 12056 MiB
2026/09/08 00:06:03.475, 0, 25 %, 13553 MiB
2026/09/08 00:06:03.476, 1, 23 %, 12056 MiB
2026/09/08 00:06:03.984, 0, 25 %, 13553 MiB
2026/09/08 00:06:03.988, 1, 23 %, 12056 MiB
2026/09/08 00:06:04.494, 0, 26 %, 13553 MiB
2026/09/08 00:06:04.496, 1, 23 %, 12056 MiB
2026/09/08 00:06:05.001, 0, 26 %, 13553 MiB
2026/09/08 00:06:05.005, 1, 23 %, 12056 MiB
2026/09/08 00:06:05.513, 0, 24 %, 13553 MiB
2026/09/08 00:06:05.514, 1, 25 %, 12056 MiB
2026/09/08 00:06:06.019, 0, 24 %, 13553 MiB
2026/09/08 00:06:06.024, 1, 25 %, 12056 MiB
2026/09/08 00:06:06.531, 0, 25 %, 13553 MiB
2026/09/08 00:06:06.538, 1, 27 %, 12056 MiB
2026/09/08 00:06:07.047, 0, 25 %, 13553 MiB
2026/09/08 00:06:07.047, 1, 27 %, 12056 MiB
2026/09/08 00:06:07.553, 0, 24 %, 13553 MiB
2026/09/08 00:06:07.556, 1, 24 %, 12056 MiB
2026/09/08 00:06:08.064, 0, 24 %, 13553 MiB
2026/09/08 00:06:08.070, 1, 24 %, 12056 MiB
2026/09/08 00:06:08.576, 0, 27 %, 13553 MiB
2026/09/08 00:06:08.581, 1, 24 %, 12056 MiB
2026/09/08 00:06:09.088, 0, 27 %, 13553 MiB
2026/09/08 00:06:09.089, 1, 24 %, 12056 MiB
2026/09/08 00:06:09.595, 0, 26 %, 13553 MiB
2026/09/08 00:06:09.600, 1, 22 %, 12056 MiB
2026/09/08 00:06:10.107, 0, 26 %, 13553 MiB
2026/09/08 00:06:10.108, 1, 22 %, 12056 MiB
2026/09/08 00:06:10.615, 0, 25 %, 13553 MiB
2026/09/08 00:06:10.617, 1, 24 %, 12056 MiB
2026/09/08 00:06:11.127, 0, 25 %, 13553 MiB
2026/09/08 00:06:11.131, 1, 24 %, 12056 MiB
2026/09/08 00:06:11.639, 0, 26 %, 13553 MiB
2026/09/08 00:06:11.647, 1, 25 %, 12056 MiB
2026/09/08 00:06:12.156, 0, 26 %, 13553 MiB
2026/09/08 00:06:12.160, 1, 25 %, 12056 MiB
2026/09/08 00:06:12.666, 0, 23 %, 13553 MiB
2026/09/08 00:06:12.674, 1, 26 %, 12056 MiB
2026/09/08 00:06:13.181, 0, 23 %, 13553 MiB
2026/09/08 00:06:13.190, 1, 26 %, 12056 MiB
2026/09/08 00:06:13.696, 0, 26 %, 13553 MiB
2026/09/08 00:06:13.701, 1, 24 %, 12056 MiB
2026/09/08 00:06:14.209, 0, 26 %, 13553 MiB
2026/09/08 00:06:14.212, 1, 27 %, 12056 MiB
2026/09/08 00:06:14.719, 0, 23 %, 13553 MiB
2026/09/08 00:06:14.725, 1, 27 %, 12056 MiB
2026/09/08 00:06:15.233, 0, 23 %, 13553 MiB
2026/09/08 00:06:15.240, 1, 25 %, 12056 MiB
2026/09/08 00:06:15.748, 0, 24 %, 13553 MiB
2026/09/08 00:06:15.750, 1, 25 %, 12056 MiB
2026/09/08 00:06:16.256, 0, 24 %, 13553 MiB
2026/09/08 00:06:16.258, 1, 25 %, 12056 MiB
2026/09/08 00:06:16.766, 0, 25 %, 13553 MiB
2026/09/08 00:06:16.769, 1, 25 %, 12056 MiB
2026/09/08 00:06:17.277, 0, 25 %, 13553 MiB
2026/09/08 00:06:17.286, 1, 26 %, 12056 MiB
2026/09/08 00:06:17.795, 0, 23 %, 13553 MiB
2026/09/08 00:06:17.802, 1, 26 %, 12056 MiB
2026/09/08 00:06:18.312, 0, 23 %, 13553 MiB
2026/09/08 00:06:18.319, 1, 25 %, 12056 MiB
2026/09/08 00:06:18.827, 0, 25 %, 13553 MiB
2026/09/08 00:06:18.833, 1, 25 %, 12056 MiB
2026/09/08 00:06:19.342, 0, 25 %, 13553 MiB
2026/09/08 00:06:19.343, 1, 24 %, 12056 MiB
2026/09/08 00:06:19.851, 0, 24 %, 13553 MiB
2026/09/08 00:06:19.855, 1, 24 %, 12056 MiB
2026/09/08 00:06:20.363, 0, 24 %, 13553 MiB
2026/09/08 00:06:20.364, 1, 24 %, 12056 MiB
2026/09/08 00:06:20.871, 0, 25 %, 13553 MiB
2026/09/08 00:06:20.871, 1, 24 %, 12056 MiB
2026/09/08 00:06:21.380, 0, 25 %, 13553 MiB
2026/09/08 00:06:21.384, 1, 25 %, 12056 MiB
2026/09/08 00:06:21.891, 0, 23 %, 13553 MiB
2026/09/08 00:06:21.894, 1, 25 %, 12056 MiB
2026/09/08 00:06:22.400, 0, 23 %, 13553 MiB
2026/09/08 00:06:22.403, 1, 24 %, 12056 MiB
2026/09/08 00:06:22.911, 0, 25 %, 13553 MiB
2026/09/08 00:06:22.915, 1, 24 %, 12056 MiB
2026/09/08 00:06:23.423, 0, 25 %, 13553 MiB
2026/09/08 00:06:23.426, 1, 26 %, 12056 MiB
2026/09/08 00:06:23.932, 0, 23 %, 13553 MiB
2026/09/08 00:06:23.932, 1, 26 %, 12056 MiB
2026/09/08 00:06:24.432, 0, 23 %, 13553 MiB
2026/09/08 00:06:24.437, 1, 25 %, 12056 MiB
2026/09/08 00:06:24.946, 0, 26 %, 13553 MiB
2026/09/08 00:06:24.951, 1, 25 %, 12056 MiB
2026/09/08 00:06:25.458, 0, 24 %, 13553 MiB
2026/09/08 00:06:25.462, 1, 25 %, 12056 MiB
2026/09/08 00:06:25.968, 0, 24 %, 13553 MiB
2026/09/08 00:06:25.968, 1, 25 %, 12056 MiB
2026/09/08 00:06:26.472, 0, 25 %, 13553 MiB
2026/09/08 00:06:26.482, 1, 23 %, 12056 MiB
2026/09/08 00:06:26.991, 0, 25 %, 13553 MiB
2026/09/08 00:06:26.993, 1, 23 %, 12056 MiB
2026/09/08 00:06:27.501, 0, 25 %, 13553 MiB
2026/09/08 00:06:27.509, 1, 24 %, 12056 MiB
2026/09/08 00:06:28.017, 0, 25 %, 13553 MiB
2026/09/08 00:06:28.020, 1, 24 %, 12056 MiB
2026/09/08 00:06:28.525, 0, 25 %, 13553 MiB
2026/09/08 00:06:28.532, 1, 23 %, 12056 MiB
2026/09/08 00:06:29.039, 0, 25 %, 13553 MiB
2026/09/08 00:06:29.041, 1, 23 %, 12056 MiB
2026/09/08 00:06:29.547, 0, 25 %, 13553 MiB
2026/09/08 00:06:29.549, 1, 23 %, 12056 MiB
2026/09/08 00:06:30.056, 0, 25 %, 13553 MiB
2026/09/08 00:06:30.058, 1, 23 %, 12056 MiB
2026/09/08 00:06:30.564, 0, 26 %, 13553 MiB
2026/09/08 00:06:30.565, 1, 23 %, 12056 MiB
2026/09/08 00:06:31.073, 0, 26 %, 13553 MiB
2026/09/08 00:06:31.076, 1, 23 %, 12056 MiB
2026/09/08 00:06:31.582, 0, 26 %, 13553 MiB
2026/09/08 00:06:31.583, 1, 25 %, 12056 MiB
2026/09/08 00:06:32.091, 0, 26 %, 13553 MiB
2026/09/08 00:06:32.096, 1, 25 %, 12056 MiB
2026/09/08 00:06:32.601, 0, 27 %, 13553 MiB
2026/09/08 00:06:32.604, 1, 24 %, 12056 MiB
2026/09/08 00:06:33.112, 0, 27 %, 13553 MiB
2026/09/08 00:06:33.118, 1, 24 %, 12056 MiB
2026/09/08 00:06:33.626, 0, 24 %, 13553 MiB
2026/09/08 00:06:33.634, 1, 22 %, 12056 MiB
2026/09/08 00:06:34.142, 0, 24 %, 13553 MiB
2026/09/08 00:06:34.145, 1, 22 %, 12056 MiB
2026/09/08 00:06:34.652, 0, 24 %, 13553 MiB
2026/09/08 00:06:34.658, 1, 27 %, 12056 MiB
2026/09/08 00:06:35.166, 0, 24 %, 13553 MiB
2026/09/08 00:06:35.168, 1, 27 %, 12056 MiB
2026/09/08 00:06:35.674, 0, 26 %, 13553 MiB
2026/09/08 00:06:35.678, 1, 22 %, 12056 MiB
2026/09/08 00:06:36.178, 0, 26 %, 13553 MiB
2026/09/08 00:06:36.185, 1, 22 %, 12056 MiB
2026/09/08 00:06:36.693, 0, 25 %, 13553 MiB
2026/09/08 00:06:36.696, 1, 24 %, 12056 MiB
2026/09/08 00:06:37.204, 0, 25 %, 13553 MiB
2026/09/08 00:06:37.209, 1, 23 %, 12056 MiB
2026/09/08 00:06:37.715, 0, 23 %, 13335 MiB
2026/09/08 00:06:37.722, 1, 23 %, 11886 MiB
2026/09/08 00:06:38.229, 0, 23 %, 13108 MiB
2026/09/08 00:06:38.233, 1, 20 %, 11827 MiB
2026/09/08 00:06:38.740, 0, 20 %, 13062 MiB
2026/09/08 00:06:38.742, 1, 20 %, 11802 MiB
2026/09/08 00:06:39.249, 0, 20 %, 12806 MiB
2026/09/08 00:06:39.264, 1, 22 %, 11600 MiB
2026/09/08 00:06:39.772, 0, 20 %, 12283 MiB
2026/09/08 00:06:39.785, 1, 22 %, 11575 MiB
2026/09/08 00:06:40.294, 0, 20 %, 12266 MiB
2026/09/08 00:06:40.295, 1, 21 %, 11063 MiB
2026/09/08 00:06:40.803, 0, 13 %, 11728 MiB
2026/09/08 00:06:40.842, 1, 21 %, 11050 MiB
2026/09/08 00:06:41.497, 0, 13 %, 11719 MiB
2026/09/08 00:06:41.498, 1, 20 %, 11050 MiB
2026/09/08 00:06:41.999, 0, 3 %, 11718 MiB
2026/09/08 00:06:42.136, 1, 20 %, 11050 MiB
2026/09/08 00:06:42.648, 0, 3 %, 11219 MiB
2026/09/08 00:06:42.764, 1, 1 %, 10550 MiB
2026/09/08 00:06:43.406, 0, 0 %, 11219 MiB
2026/09/08 00:06:43.430, 1, 1 %, 10550 MiB
2026/09/08 00:06:43.935, 0, 0 %, 11219 MiB
2026/09/08 00:06:43.936, 1, 1 %, 10550 MiB
2026/09/08 00:06:44.436, 0, 2 %, 11219 MiB
2026/09/08 00:06:44.482, 1, 28 %, 10550 MiB
2026/09/08 00:06:44.991, 0, 2 %, 11219 MiB
2026/09/08 00:06:44.994, 1, 28 %, 10550 MiB
2026/09/08 00:06:45.501, 0, 25 %, 11219 MiB
2026/09/08 00:06:45.505, 1, 28 %, 10550 MiB
2026/09/08 00:06:46.010, 0, 25 %, 11219 MiB
2026/09/08 00:06:46.015, 1, 24 %, 10550 MiB
2026/09/08 00:06:46.521, 0, 25 %, 11219 MiB
2026/09/08 00:06:46.528, 1, 19 %, 10328 MiB
2026/09/08 00:06:47.034, 0, 2 %, 11219 MiB
2026/09/08 00:06:47.035, 1, 19 %, 10317 MiB
2026/09/08 00:06:47.543, 0, 2 %, 11219 MiB
2026/09/08 00:06:47.543, 1, 18 %, 10310 MiB
2026/09/08 00:06:48.043, 0, 14 %, 11219 MiB
2026/09/08 00:06:48.048, 1, 18 %, 10297 MiB
2026/09/08 00:06:48.551, 0, 14 %, 11235 MiB
2026/09/08 00:06:48.553, 1, 23 %, 10297 MiB
2026/09/08 00:06:49.056, 0, 18 %, 11020 MiB
2026/09/08 00:06:49.061, 1, 23 %, 9797 MiB
2026/09/08 00:06:49.565, 0, 18 %, 10883 MiB
2026/09/08 00:06:49.672, 1, 0 %, 9797 MiB
2026/09/08 00:06:50.175, 0, 11 %, 10754 MiB
2026/09/08 00:06:50.179, 1, 0 %, 9797 MiB
2026/09/08 00:06:50.688, 0, 11 %, 10731 MiB
2026/09/08 00:06:50.691, 1, 0 %, 9797 MiB
2026/09/08 00:06:51.195, 0, 18 %, 10684 MiB
2026/09/08 00:06:51.195, 1, 18 %, 9581 MiB
2026/09/08 00:06:51.697, 0, 18 %, 10193 MiB
2026/09/08 00:06:51.698, 1, 18 %, 9569 MiB
2026/09/08 00:06:52.203, 0, 18 %, 9685 MiB
2026/09/08 00:06:52.211, 1, 19 %, 9544 MiB
2026/09/08 00:06:52.720, 0, 15 %, 9678 MiB
2026/09/08 00:06:52.727, 1, 19 %, 9383 MiB
2026/09/08 00:06:53.230, 0, 15 %, 9684 MiB
2026/09/08 00:06:53.311, 1, 19 %, 9329 MiB
2026/09/08 00:06:53.957, 0, 11 %, 9693 MiB
2026/09/08 00:06:54.010, 1, 12 %, 8826 MiB
2026/09/08 00:06:54.517, 0, 11 %, 9710 MiB
2026/09/08 00:06:54.635, 1, 17 %, 8824 MiB
2026/09/08 00:06:55.278, 0, 0 %, 9721 MiB
2026/09/08 00:06:55.279, 1, 17 %, 8819 MiB
2026/09/08 00:06:55.785, 0, 0 %, 9711 MiB
2026/09/08 00:06:55.794, 1, 21 %, 8839 MiB
2026/09/08 00:06:56.299, 0, 0 %, 9729 MiB
2026/09/08 00:06:56.307, 1, 21 %, 8912 MiB
2026/09/08 00:06:56.809, 0, 16 %, 9748 MiB
2026/09/08 00:06:56.827, 1, 27 %, 8415 MiB
2026/09/08 00:06:57.342, 0, 16 %, 9767 MiB
2026/09/08 00:06:57.347, 1, 27 %, 8565 MiB
2026/09/08 00:06:57.851, 0, 9 %, 9803 MiB
2026/09/08 00:06:57.912, 1, 19 %, 8590 MiB
2026/09/08 00:06:58.418, 0, 9 %, 9845 MiB
2026/09/08 00:06:58.420, 1, 17 %, 8628 MiB
2026/09/08 00:06:58.921, 0, 15 %, 9854 MiB
2026/09/08 00:06:58.947, 1, 17 %, 9128 MiB
2026/09/08 00:06:59.458, 0, 15 %, 9773 MiB
2026/09/08 00:06:59.491, 1, 18 %, 9160 MiB
2026/09/08 00:06:59.995, 0, 20 %, 9795 MiB
2026/09/08 00:07:00.003, 1, 18 %, 9294 MiB
2026/09/08 00:07:00.505, 0, 20 %, 10346 MiB
2026/09/08 00:07:00.508, 1, 12 %, 9101 MiB
2026/09/08 00:07:01.017, 0, 30 %, 10350 MiB
2026/09/08 00:07:01.022, 1, 12 %, 9501 MiB
2026/09/08 00:07:01.527, 0, 20 %, 10500 MiB
2026/09/08 00:07:01.531, 1, 17 %, 9340 MiB
2026/09/08 00:07:02.037, 0, 20 %, 9995 MiB
2026/09/08 00:07:02.041, 1, 17 %, 9322 MiB
2026/09/08 00:07:02.561, 0, 17 %, 10452 MiB
2026/09/08 00:07:02.562, 1, 17 %, 9308 MiB
2026/09/08 00:07:03.064, 0, 17 %, 10436 MiB
2026/09/08 00:07:03.090, 1, 17 %, 9310 MiB
2026/09/08 00:07:03.593, 0, 10 %, 10223 MiB
2026/09/08 00:07:03.599, 1, 17 %, 8617 MiB
2026/09/08 00:07:04.101, 0, 10 %, 10064 MiB
2026/09/08 00:07:04.106, 1, 0 %, 8644 MiB
2026/09/08 00:07:04.619, 0, 10 %, 10020 MiB
2026/09/08 00:07:04.626, 1, 0 %, 8146 MiB
2026/09/08 00:07:05.128, 0, 7 %, 10013 MiB
2026/09/08 00:07:05.131, 1, 0 %, 8154 MiB
2026/09/08 00:07:05.633, 0, 1 %, 10008 MiB
2026/09/08 00:07:05.636, 1, 5 %, 8154 MiB
2026/09/08 00:07:06.145, 0, 1 %, 9976 MiB
2026/09/08 00:07:06.159, 1, 13 %, 8308 MiB
2026/09/08 00:07:06.665, 0, 1 %, 10018 MiB
2026/09/08 00:07:06.669, 1, 13 %, 8309 MiB
2026/09/08 00:07:07.172, 0, 25 %, 10043 MiB
2026/09/08 00:07:07.173, 1, 17 %, 7888 MiB
2026/09/08 00:07:07.676, 0, 25 %, 9625 MiB
2026/09/08 00:07:07.880, 1, 17 %, 8081 MiB
2026/09/08 00:07:08.388, 0, 19 %, 9209 MiB
2026/09/08 00:07:08.392, 1, 17 %, 8072 MiB
2026/09/08 00:07:08.897, 0, 19 %, 9213 MiB
2026/09/08 00:07:08.899, 1, 0 %, 8071 MiB
2026/09/08 00:07:09.545, 0, 5 %, 9232 MiB
2026/09/08 00:07:09.553, 1, 0 %, 8069 MiB
2026/09/08 00:07:10.058, 0, 7 %, 9706 MiB
2026/09/08 00:07:10.112, 1, 0 %, 8058 MiB
2026/09/08 00:07:10.758, 0, 7 %, 9698 MiB
2026/09/08 00:07:10.826, 1, 1 %, 8078 MiB
2026/09/08 00:07:11.335, 0, 17 %, 9734 MiB
2026/09/08 00:07:11.340, 1, 1 %, 8086 MiB
2026/09/08 00:07:11.844, 0, 17 %, 9818 MiB
2026/09/08 00:07:11.844, 1, 16 %, 7659 MiB
2026/09/08 00:07:12.349, 0, 11 %, 9937 MiB
2026/09/08 00:07:12.351, 1, 16 %, 7797 MiB
2026/09/08 00:07:12.855, 0, 11 %, 9953 MiB
2026/09/08 00:07:12.856, 1, 16 %, 7826 MiB
2026/09/08 00:07:13.361, 0, 12 %, 9795 MiB
2026/09/08 00:07:13.364, 1, 16 %, 7627 MiB
2026/09/08 00:07:13.882, 0, 1 %, 10148 MiB
2026/09/08 00:07:13.890, 1, 1 %, 7707 MiB
2026/09/08 00:07:14.394, 0, 1 %, 10222 MiB
2026/09/08 00:07:14.399, 1, 1 %, 7952 MiB
2026/09/08 00:07:14.903, 0, 17 %, 10206 MiB
2026/09/08 00:07:14.909, 1, 13 %, 7932 MiB
2026/09/08 00:07:15.419, 0, 17 %, 10258 MiB
2026/09/08 00:07:15.424, 1, 13 %, 7972 MiB
2026/09/08 00:07:15.927, 0, 14 %, 9771 MiB
2026/09/08 00:07:15.928, 1, 7 %, 7556 MiB
2026/09/08 00:07:16.433, 0, 14 %, 9798 MiB
2026/09/08 00:07:16.515, 1, 7 %, 7573 MiB
2026/09/08 00:07:17.021, 0, 0 %, 9632 MiB
2026/09/08 00:07:17.091, 1, 7 %, 7546 MiB
2026/09/08 00:07:17.732, 0, 0 %, 9734 MiB
2026/09/08 00:07:17.807, 1, 1 %, 7547 MiB
2026/09/08 00:07:18.313, 0, 0 %, 9665 MiB
2026/09/08 00:07:18.381, 1, 1 %, 7548 MiB
2026/09/08 00:07:18.889, 0, 0 %, 9512 MiB
2026/09/08 00:07:18.896, 1, 1 %, 7558 MiB
2026/09/08 00:07:19.402, 0, 0 %, 9570 MiB
2026/09/08 00:07:19.475, 1, 7 %, 7581 MiB
2026/09/08 00:07:19.980, 0, 15 %, 9960 MiB
2026/09/08 00:07:19.984, 1, 7 %, 7587 MiB
2026/09/08 00:07:20.489, 0, 15 %, 10002 MiB
2026/09/08 00:07:20.493, 1, 12 %, 7660 MiB
2026/09/08 00:07:20.996, 0, 17 %, 9040 MiB
2026/09/08 00:07:20.999, 1, 12 %, 7672 MiB
2026/09/08 00:07:21.501, 0, 17 %, 9112 MiB
2026/09/08 00:07:21.556, 1, 0 %, 7808 MiB
2026/09/08 00:07:22.082, 0, 1 %, 9215 MiB
2026/09/08 00:07:22.093, 1, 0 %, 7849 MiB
2026/09/08 00:07:22.602, 0, 1 %, 9223 MiB
2026/09/08 00:07:22.612, 1, 11 %, 7857 MiB
2026/09/08 00:07:23.256, 0, 1 %, 9127 MiB
2026/09/08 00:07:23.358, 1, 11 %, 8407 MiB
2026/09/08 00:07:23.864, 0, 1 %, 9614 MiB
2026/09/08 00:07:23.885, 1, 11 %, 8478 MiB
2026/09/08 00:07:24.392, 0, 1 %, 9499 MiB
2026/09/08 00:07:24.396, 1, 16 %, 8562 MiB
2026/09/08 00:07:24.901, 0, 10 %, 9536 MiB
2026/09/08 00:07:24.903, 1, 16 %, 9053 MiB
2026/09/08 00:07:25.414, 0, 10 %, 10037 MiB
2026/09/08 00:07:25.416, 1, 16 %, 8858 MiB
2026/09/08 00:07:25.916, 0, 13 %, 9621 MiB
2026/09/08 00:07:25.917, 1, 13 %, 8852 MiB
2026/09/08 00:07:26.419, 0, 13 %, 9185 MiB
2026/09/08 00:07:26.431, 1, 13 %, 8888 MiB
2026/09/08 00:07:26.935, 0, 0 %, 9187 MiB
2026/09/08 00:07:27.081, 1, 13 %, 8907 MiB
2026/09/08 00:07:27.725, 0, 0 %, 9608 MiB
2026/09/08 00:07:27.749, 1, 13 %, 8407 MiB
2026/09/08 00:07:28.258, 0, 0 %, 9669 MiB
2026/09/08 00:07:28.329, 1, 12 %, 8562 MiB
2026/09/08 00:07:28.975, 0, 1 %, 9694 MiB
2026/09/08 00:07:28.978, 1, 12 %, 8985 MiB
2026/09/08 00:07:29.485, 0, 12 %, 9669 MiB
2026/09/08 00:07:29.490, 1, 15 %, 9092 MiB
2026/09/08 00:07:29.995, 0, 12 %, 9704 MiB
2026/09/08 00:07:29.996, 1, 15 %, 9128 MiB
2026/09/08 00:07:30.501, 0, 12 %, 9762 MiB
2026/09/08 00:07:30.505, 1, 17 %, 8938 MiB
2026/09/08 00:07:31.302, 0, 0 %, 9851 MiB
2026/09/08 00:07:31.444, 1, 17 %, 9069 MiB
2026/09/08 00:07:31.952, 0, 0 %, 9839 MiB
2026/09/08 00:07:31.953, 1, 11 %, 9078 MiB
2026/09/08 00:07:32.456, 0, 12 %, 9989 MiB
2026/09/08 00:07:32.466, 1, 11 %, 9561 MiB
2026/09/08 00:07:32.979, 0, 12 %, 10502 MiB
2026/09/08 00:07:32.982, 1, 15 %, 9092 MiB
2026/09/08 00:07:33.490, 0, 18 %, 10518 MiB
2026/09/08 00:07:33.728, 1, 20 %, 8890 MiB
2026/09/08 00:07:34.234, 0, 17 %, 10573 MiB
2026/09/08 00:07:34.304, 1, 20 %, 8931 MiB
2026/09/08 00:07:34.944, 0, 17 %, 10711 MiB
2026/09/08 00:07:34.944, 1, 14 %, 8871 MiB
2026/09/08 00:07:35.447, 0, 14 %, 10721 MiB
2026/09/08 00:07:35.452, 1, 14 %, 8769 MiB
2026/09/08 00:07:35.958, 0, 14 %, 11203 MiB
2026/09/08 00:07:35.964, 1, 15 %, 9071 MiB
2026/09/08 00:07:36.472, 0, 13 %, 11183 MiB
2026/09/08 00:07:36.476, 1, 15 %, 8585 MiB
2026/09/08 00:07:36.978, 0, 13 %, 11187 MiB
2026/09/08 00:07:37.046, 1, 15 %, 8593 MiB
2026/09/08 00:07:37.546, 0, 13 %, 11187 MiB
2026/09/08 00:07:37.550, 1, 15 %, 8154 MiB
2026/09/08 00:07:38.051, 0, 1 %, 11192 MiB
2026/09/08 00:07:38.057, 1, 15 %, 7655 MiB
2026/09/08 00:07:38.562, 0, 19 %, 11223 MiB
2026/09/08 00:07:38.566, 1, 15 %, 7801 MiB
2026/09/08 00:07:39.070, 0, 19 %, 11225 MiB
2026/09/08 00:07:39.071, 1, 3 %, 7809 MiB
2026/09/08 00:07:39.573, 0, 21 %, 11111 MiB
2026/09/08 00:07:39.586, 1, 3 %, 7814 MiB
2026/09/08 00:07:40.090, 0, 6 %, 11035 MiB
2026/09/08 00:07:40.355, 1, 3 %, 8292 MiB
2026/09/08 00:07:40.861, 0, 6 %, 11085 MiB
2026/09/08 00:07:40.865, 1, 7 %, 8292 MiB
2026/09/08 00:07:41.371, 0, 6 %, 11078 MiB
2026/09/08 00:07:41.375, 1, 7 %, 8292 MiB
2026/09/08 00:07:41.882, 0, 21 %, 11220 MiB
2026/09/08 00:07:41.884, 1, 15 %, 8292 MiB
2026/09/08 00:07:42.389, 0, 21 %, 11617 MiB
2026/09/08 00:07:42.390, 1, 15 %, 8292 MiB
2026/09/08 00:07:42.895, 0, 16 %, 11174 MiB
2026/09/08 00:07:42.897, 1, 21 %, 8292 MiB
2026/09/08 00:07:43.402, 0, 20 %, 10980 MiB
2026/09/08 00:07:43.404, 1, 21 %, 8292 MiB
2026/09/08 00:07:43.904, 0, 20 %, 10978 MiB
2026/09/08 00:07:43.905, 1, 16 %, 8292 MiB
2026/09/08 00:07:44.406, 0, 20 %, 10951 MiB
2026/09/08 00:07:44.435, 1, 17 %, 8297 MiB
2026/09/08 00:07:45.079, 0, 0 %, 10944 MiB
2026/09/08 00:07:45.083, 1, 17 %, 8300 MiB
2026/09/08 00:07:45.595, 0, 20 %, 10944 MiB
2026/09/08 00:07:45.600, 1, 18 %, 8322 MiB
2026/09/08 00:07:46.106, 0, 20 %, 10458 MiB
2026/09/08 00:07:46.108, 1, 18 %, 8348 MiB
2026/09/08 00:07:46.614, 0, 20 %, 10241 MiB
2026/09/08 00:07:46.723, 1, 1 %, 8376 MiB
2026/09/08 00:07:47.231, 0, 12 %, 10249 MiB
2026/09/08 00:07:47.232, 1, 1 %, 8415 MiB
2026/09/08 00:07:47.735, 0, 12 %, 10238 MiB
2026/09/08 00:07:47.738, 1, 14 %, 8427 MiB
2026/09/08 00:07:48.243, 0, 16 %, 10259 MiB
2026/09/08 00:07:48.253, 1, 14 %, 8533 MiB
2026/09/08 00:07:48.758, 0, 16 %, 10350 MiB
2026/09/08 00:07:48.760, 1, 16 %, 8388 MiB
2026/09/08 00:07:49.267, 0, 19 %, 9850 MiB
2026/09/08 00:07:49.302, 1, 16 %, 8931 MiB
2026/09/08 00:07:49.810, 0, 19 %, 9998 MiB
2026/09/08 00:07:49.813, 1, 15 %, 8907 MiB
2026/09/08 00:07:50.322, 0, 12 %, 9985 MiB
2026/09/08 00:07:50.423, 1, 13 %, 9045 MiB
2026/09/08 00:07:50.932, 0, 12 %, 10002 MiB
2026/09/08 00:07:50.932, 1, 13 %, 9062 MiB
2026/09/08 00:07:51.449, 0, 16 %, 10474 MiB
2026/09/08 00:07:51.487, 1, 20 %, 9068 MiB
2026/09/08 00:07:52.137, 0, 9 %, 10502 MiB
2026/09/08 00:07:52.142, 1, 20 %, 9045 MiB
2026/09/08 00:07:52.648, 0, 9 %, 10534 MiB
2026/09/08 00:07:52.650, 1, 20 %, 9045 MiB
2026/09/08 00:07:53.153, 0, 9 %, 10572 MiB
2026/09/08 00:07:53.155, 1, 13 %, 9045 MiB
2026/09/08 00:07:53.661, 0, 15 %, 10579 MiB
2026/09/08 00:07:53.666, 1, 13 %, 9045 MiB
2026/09/08 00:07:54.174, 0, 15 %, 10528 MiB
2026/09/08 00:07:54.179, 1, 20 %, 9045 MiB
2026/09/08 00:07:54.685, 0, 14 %, 10530 MiB
2026/09/08 00:07:54.690, 1, 20 %, 9052 MiB
2026/09/08 00:07:55.195, 0, 14 %, 10752 MiB
2026/09/08 00:07:55.197, 1, 18 %, 9071 MiB
2026/09/08 00:07:55.703, 0, 14 %, 10533 MiB
2026/09/08 00:07:55.704, 1, 18 %, 9103 MiB
2026/09/08 00:07:56.214, 0, 14 %, 10501 MiB
2026/09/08 00:07:56.218, 1, 18 %, 8942 MiB
2026/09/08 00:07:56.726, 0, 15 %, 9980 MiB
2026/09/08 00:07:56.732, 1, 18 %, 8986 MiB
2026/09/08 00:07:57.239, 0, 15 %, 9957 MiB
2026/09/08 00:07:57.246, 1, 17 %, 9015 MiB
2026/09/08 00:07:57.749, 0, 1 %, 9955 MiB
2026/09/08 00:07:57.753, 1, 17 %, 9106 MiB
2026/09/08 00:07:58.263, 0, 1 %, 9459 MiB
2026/09/08 00:07:58.266, 1, 17 %, 9177 MiB
2026/09/08 00:07:58.774, 0, 15 %, 9464 MiB
2026/09/08 00:07:58.820, 1, 18 %, 9311 MiB
2026/09/08 00:07:59.470, 0, 15 %, 8971 MiB
2026/09/08 00:07:59.514, 1, 9 %, 9315 MiB
2026/09/08 00:08:00.024, 0, 5 %, 8984 MiB
2026/09/08 00:08:00.030, 1, 9 %, 9746 MiB
2026/09/08 00:08:00.532, 0, 5 %, 8983 MiB
2026/09/08 00:08:00.677, 1, 1 %, 9106 MiB
2026/09/08 00:08:01.184, 0, 1 %, 9019 MiB
2026/09/08 00:08:01.190, 1, 1 %, 9172 MiB
2026/09/08 00:08:01.695, 0, 1 %, 9067 MiB
2026/09/08 00:08:01.794, 1, 3 %, 9568 MiB
2026/09/08 00:08:02.434, 0, 2 %, 9078 MiB
2026/09/08 00:08:02.437, 1, 3 %, 9560 MiB
2026/09/08 00:08:02.943, 0, 2 %, 9238 MiB
2026/09/08 00:08:02.954, 1, 3 %, 9544 MiB
2026/09/08 00:08:03.466, 0, 9 %, 9240 MiB
2026/09/08 00:08:03.469, 1, 11 %, 9544 MiB
2026/09/08 00:08:03.975, 0, 9 %, 9053 MiB
2026/09/08 00:08:03.980, 1, 11 %, 9544 MiB
2026/09/08 00:08:04.486, 0, 20 %, 9537 MiB
2026/09/08 00:08:04.494, 1, 24 %, 9544 MiB
2026/09/08 00:08:05.000, 0, 20 %, 9567 MiB
2026/09/08 00:08:05.009, 1, 24 %, 9045 MiB
2026/09/08 00:08:05.515, 0, 16 %, 9537 MiB
2026/09/08 00:08:05.574, 1, 23 %, 9045 MiB
2026/09/08 00:08:06.221, 0, 15 %, 9685 MiB
2026/09/08 00:08:06.229, 1, 20 %, 9050 MiB
2026/09/08 00:08:06.731, 0, 15 %, 9281 MiB
2026/09/08 00:08:06.789, 1, 20 %, 9052 MiB
2026/09/08 00:08:07.295, 0, 12 %, 8756 MiB
2026/09/08 00:08:07.299, 1, 20 %, 8928 MiB
2026/09/08 00:08:07.805, 0, 12 %, 9212 MiB
2026/09/08 00:08:07.807, 1, 22 %, 8842 MiB
2026/09/08 00:08:08.316, 0, 12 %, 9212 MiB
2026/09/08 00:08:08.319, 1, 22 %, 8720 MiB
2026/09/08 00:08:08.825, 0, 15 %, 9172 MiB
2026/09/08 00:08:08.828, 1, 19 %, 8630 MiB
2026/09/08 00:08:09.332, 0, 2 %, 9181 MiB
2026/09/08 00:08:09.367, 1, 19 %, 8666 MiB
2026/09/08 00:08:09.876, 0, 2 %, 9174 MiB
2026/09/08 00:08:09.879, 1, 19 %, 8669 MiB
2026/09/08 00:08:10.387, 0, 15 %, 8195 MiB
2026/09/08 00:08:10.397, 1, 19 %, 8723 MiB
2026/09/08 00:08:10.906, 0, 15 %, 8173 MiB
2026/09/08 00:08:10.911, 1, 19 %, 8815 MiB
2026/09/08 00:08:11.414, 0, 16 %, 8186 MiB
2026/09/08 00:08:11.497, 1, 17 %, 8316 MiB
2026/09/08 00:08:12.003, 0, 16 %, 8195 MiB
2026/09/08 00:08:12.078, 1, 17 %, 8317 MiB
2026/09/08 00:08:12.591, 0, 0 %, 8204 MiB
2026/09/08 00:08:12.593, 1, 15 %, 8239 MiB
2026/09/08 00:08:13.100, 0, 0 %, 8212 MiB
2026/09/08 00:08:13.107, 1, 15 %, 8311 MiB
2026/09/08 00:08:13.615, 0, 1 %, 8209 MiB
2026/09/08 00:08:13.683, 1, 15 %, 8311 MiB
2026/09/08 00:08:14.183, 0, 1 %, 8216 MiB
2026/09/08 00:08:14.184, 1, 2 %, 8327 MiB
2026/09/08 00:08:14.701, 0, 1 %, 8236 MiB
2026/09/08 00:08:14.705, 1, 2 %, 8339 MiB
2026/09/08 00:08:15.206, 0, 33 %, 8277 MiB
2026/09/08 00:08:15.209, 1, 22 %, 8375 MiB
2026/09/08 00:08:15.716, 0, 33 %, 8412 MiB
2026/09/08 00:08:15.719, 1, 22 %, 8407 MiB
2026/09/08 00:08:16.226, 0, 14 %, 8434 MiB
2026/09/08 00:08:16.231, 1, 19 %, 8477 MiB
2026/09/08 00:08:16.739, 0, 14 %, 8441 MiB
2026/09/08 00:08:16.743, 1, 19 %, 8562 MiB
2026/09/08 00:08:17.250, 0, 18 %, 8927 MiB
2026/09/08 00:08:17.252, 1, 16 %, 8573 MiB
2026/09/08 00:08:17.757, 0, 18 %, 8953 MiB
2026/09/08 00:08:17.759, 1, 16 %, 9045 MiB
2026/09/08 00:08:18.265, 0, 16 %, 8971 MiB
2026/09/08 00:08:18.265, 1, 20 %, 9045 MiB
2026/09/08 00:08:18.772, 0, 16 %, 9005 MiB
2026/09/08 00:08:18.779, 1, 20 %, 8827 MiB
2026/09/08 00:08:19.287, 0, 8 %, 9015 MiB
2026/09/08 00:08:19.290, 1, 20 %, 8829 MiB
2026/09/08 00:08:19.797, 0, 8 %, 9076 MiB
2026/09/08 00:08:19.805, 1, 7 %, 8813 MiB
2026/09/08 00:08:20.311, 0, 15 %, 9074 MiB
2026/09/08 00:08:20.351, 1, 16 %, 8820 MiB
2026/09/08 00:08:20.856, 0, 15 %, 9206 MiB
2026/09/08 00:08:20.857, 1, 16 %, 8648 MiB
2026/09/08 00:08:21.368, 0, 17 %, 9022 MiB
2026/09/08 00:08:21.375, 1, 14 %, 8416 MiB
2026/09/08 00:08:21.883, 0, 17 %, 9057 MiB
2026/09/08 00:08:21.884, 1, 14 %, 8439 MiB
2026/09/08 00:08:22.393, 0, 25 %, 9603 MiB
2026/09/08 00:08:22.397, 1, 15 %, 7978 MiB
2026/09/08 00:08:22.906, 0, 25 %, 9564 MiB
2026/09/08 00:08:22.909, 1, 15 %, 7948 MiB
2026/09/08 00:08:23.417, 0, 13 %, 9549 MiB
2026/09/08 00:08:23.437, 1, 1 %, 8054 MiB
2026/09/08 00:08:23.945, 0, 13 %, 9700 MiB
2026/09/08 00:08:23.950, 1, 1 %, 8170 MiB
2026/09/08 00:08:24.457, 0, 16 %, 9723 MiB
2026/09/08 00:08:24.462, 1, 1 %, 8171 MiB
2026/09/08 00:08:24.976, 0, 16 %, 9744 MiB
2026/09/08 00:08:24.977, 1, 12 %, 8241 MiB
2026/09/08 00:08:25.536, 0, 14 %, 9175 MiB
2026/09/08 00:08:25.536, 1, 12 %, 7739 MiB
2026/09/08 00:08:26.044, 0, 14 %, 9537 MiB
2026/09/08 00:08:26.044, 1, 14 %, 7810 MiB
2026/09/08 00:08:26.554, 0, 14 %, 9536 MiB
2026/09/08 00:08:26.623, 1, 5 %, 7815 MiB
2026/09/08 00:08:27.275, 0, 1 %, 9561 MiB
2026/09/08 00:08:27.281, 1, 5 %, 7895 MiB
2026/09/08 00:08:27.789, 0, 1 %, 9621 MiB
2026/09/08 00:08:27.916, 1, 0 %, 8299 MiB
2026/09/08 00:08:28.565, 0, 0 %, 9614 MiB
2026/09/08 00:08:28.686, 1, 0 %, 8300 MiB
2026/09/08 00:08:29.323, 0, 0 %, 9670 MiB
2026/09/08 00:08:29.326, 1, 16 %, 8311 MiB
2026/09/08 00:08:29.833, 0, 15 %, 9698 MiB
2026/09/08 00:08:29.835, 1, 16 %, 8339 MiB
2026/09/08 00:08:30.341, 0, 15 %, 9687 MiB
2026/09/08 00:08:30.366, 1, 21 %, 8170 MiB
2026/09/08 00:08:30.875, 0, 20 %, 9700 MiB
2026/09/08 00:08:30.883, 1, 21 %, 8185 MiB
2026/09/08 00:08:31.390, 0, 18 %, 9700 MiB
2026/09/08 00:08:31.397, 1, 0 %, 8008 MiB
2026/09/08 00:08:32.052, 0, 18 %, 9694 MiB
2026/09/08 00:08:32.058, 1, 0 %, 8100 MiB
2026/09/08 00:08:32.567, 0, 5 %, 9678 MiB
2026/09/08 00:08:32.615, 1, 0 %, 8080 MiB
2026/09/08 00:08:33.259, 0, 5 %, 9684 MiB
2026/09/08 00:08:33.260, 1, 10 %, 8081 MiB
2026/09/08 00:08:33.768, 0, 17 %, 9457 MiB
2026/09/08 00:08:33.770, 1, 10 %, 8538 MiB
2026/09/08 00:08:34.275, 0, 17 %, 9479 MiB
2026/09/08 00:08:34.277, 1, 18 %, 8038 MiB
2026/09/08 00:08:34.782, 0, 17 %, 9502 MiB
2026/09/08 00:08:34.796, 1, 18 %, 8038 MiB
2026/09/08 00:08:35.306, 0, 19 %, 9518 MiB
2026/09/08 00:08:35.313, 1, 1 %, 7539 MiB
2026/09/08 00:08:35.820, 0, 20 %, 9502 MiB
2026/09/08 00:08:35.823, 1, 14 %, 7539 MiB
2026/09/08 00:08:36.330, 0, 20 %, 9568 MiB
2026/09/08 00:08:36.334, 1, 14 %, 7539 MiB
2026/09/08 00:08:36.842, 0, 0 %, 9637 MiB
2026/09/08 00:08:36.852, 1, 14 %, 7539 MiB
2026/09/08 00:08:37.363, 0, 0 %, 8993 MiB
2026/09/08 00:08:37.370, 1, 13 %, 7539 MiB
2026/09/08 00:08:37.876, 0, 0 %, 8946 MiB
2026/09/08 00:08:37.879, 1, 13 %, 7539 MiB
2026/09/08 00:08:38.385, 0, 19 %, 9368 MiB
2026/09/08 00:08:38.456, 1, 0 %, 7539 MiB
2026/09/08 00:08:38.963, 0, 19 %, 9432 MiB
2026/09/08 00:08:38.969, 1, 0 %, 7539 MiB
2026/09/08 00:08:39.475, 0, 19 %, 9437 MiB
2026/09/08 00:08:39.501, 1, 19 %, 7539 MiB
2026/09/08 00:08:40.007, 0, 20 %, 9423 MiB
2026/09/08 00:08:40.011, 1, 19 %, 7546 MiB
2026/09/08 00:08:40.519, 0, 20 %, 9460 MiB
2026/09/08 00:08:40.525, 1, 19 %, 7556 MiB
2026/09/08 00:08:41.031, 0, 20 %, 9003 MiB
2026/09/08 00:08:41.069, 1, 19 %, 7558 MiB
2026/09/08 00:08:41.576, 0, 20 %, 9020 MiB
2026/09/08 00:08:41.583, 1, 13 %, 7595 MiB
2026/09/08 00:08:42.090, 0, 21 %, 9089 MiB
2026/09/08 00:08:42.251, 1, 16 %, 7630 MiB
2026/09/08 00:08:42.757, 0, 21 %, 9170 MiB
2026/09/08 00:08:42.761, 1, 16 %, 7672 MiB
2026/09/08 00:08:43.267, 0, 17 %, 9170 MiB
2026/09/08 00:08:43.416, 1, 13 %, 7472 MiB
2026/09/08 00:08:43.923, 0, 17 %, 9582 MiB
2026/09/08 00:08:43.926, 1, 13 %, 7608 MiB
2026/09/08 00:08:44.431, 0, 24 %, 9652 MiB
2026/09/08 00:08:44.434, 1, 17 %, 7628 MiB
2026/09/08 00:08:44.938, 0, 24 %, 9679 MiB
2026/09/08 00:08:44.945, 1, 17 %, 8089 MiB
2026/09/08 00:08:45.453, 0, 17 %, 9700 MiB
2026/09/08 00:08:45.456, 1, 12 %, 8154 MiB
2026/09/08 00:08:45.962, 0, 17 %, 9718 MiB
2026/09/08 00:08:45.965, 1, 12 %, 8288 MiB
2026/09/08 00:08:46.474, 0, 18 %, 9732 MiB
2026/09/08 00:08:46.480, 1, 13 %, 8309 MiB
2026/09/08 00:08:46.990, 0, 18 %, 9737 MiB
2026/09/08 00:08:46.996, 1, 13 %, 7816 MiB
2026/09/08 00:08:47.502, 0, 21 %, 9734 MiB
2026/09/08 00:08:47.511, 1, 21 %, 8292 MiB
2026/09/08 00:08:48.017, 0, 21 %, 9715 MiB
2026/09/08 00:08:48.019, 1, 21 %, 8292 MiB
2026/09/08 00:08:48.522, 0, 18 %, 9707 MiB
2026/09/08 00:08:48.528, 1, 16 %, 8292 MiB
2026/09/08 00:08:49.036, 0, 18 %, 9684 MiB
2026/09/08 00:08:49.154, 1, 18 %, 8292 MiB
2026/09/08 00:08:49.664, 0, 0 %, 9702 MiB
2026/09/08 00:08:49.669, 1, 18 %, 8292 MiB
2026/09/08 00:08:50.176, 0, 0 %, 9791 MiB
2026/09/08 00:08:50.187, 1, 20 %, 8292 MiB
2026/09/08 00:08:50.698, 0, 18 %, 9802 MiB
2026/09/08 00:08:50.699, 1, 20 %, 8292 MiB
2026/09/08 00:08:51.206, 0, 22 %, 9936 MiB
2026/09/08 00:08:51.208, 1, 20 %, 8292 MiB
2026/09/08 00:08:51.712, 0, 22 %, 9987 MiB
2026/09/08 00:08:51.716, 1, 20 %, 8074 MiB
2026/09/08 00:08:52.224, 0, 13 %, 9784 MiB
2026/09/08 00:08:52.232, 1, 12 %, 8070 MiB
2026/09/08 00:08:52.750, 0, 13 %, 10248 MiB
2026/09/08 00:08:52.753, 1, 12 %, 8052 MiB
2026/09/08 00:08:53.256, 0, 18 %, 10243 MiB
2026/09/08 00:08:53.268, 1, 12 %, 8043 MiB
2026/09/08 00:08:53.776, 0, 18 %, 10215 MiB
2026/09/08 00:08:53.777, 1, 12 %, 7824 MiB
2026/09/08 00:08:54.283, 0, 18 %, 10239 MiB
2026/09/08 00:08:54.287, 1, 15 %, 7635 MiB
2026/09/08 00:08:54.799, 0, 18 %, 10243 MiB
2026/09/08 00:08:54.800, 1, 15 %, 7111 MiB
2026/09/08 00:08:55.303, 0, 18 %, 9778 MiB
2026/09/08 00:08:55.304, 1, 14 %, 7121 MiB
2026/09/08 00:08:55.812, 0, 22 %, 9787 MiB
2026/09/08 00:08:55.821, 1, 1 %, 7130 MiB
2026/09/08 00:08:56.330, 0, 14 %, 9906 MiB
2026/09/08 00:08:56.477, 1, 1 %, 7197 MiB
2026/09/08 00:08:57.129, 0, 14 %, 9770 MiB
2026/09/08 00:08:57.218, 1, 1 %, 7239 MiB
2026/09/08 00:08:57.868, 0, 14 %, 9788 MiB
2026/09/08 00:08:57.874, 1, 1 %, 6881 MiB
2026/09/08 00:08:58.403, 0, 13 %, 9852 MiB
2026/09/08 00:08:58.413, 1, 15 %, 6978 MiB
2026/09/08 00:08:58.914, 0, 13 %, 9996 MiB
2026/09/08 00:08:58.917, 1, 14 %, 6535 MiB
2026/09/08 00:08:59.430, 0, 0 %, 10000 MiB
2026/09/08 00:08:59.437, 1, 14 %, 6540 MiB
2026/09/08 00:08:59.949, 0, 0 %, 10024 MiB
2026/09/08 00:08:59.964, 1, 14 %, 6678 MiB
2026/09/08 00:09:00.481, 0, 0 %, 10079 MiB
2026/09/08 00:09:00.485, 1, 12 %, 6779 MiB
2026/09/08 00:09:01.027, 0, 5 %, 10310 MiB
2026/09/08 00:09:01.078, 1, 12 %, 7313 MiB
2026/09/08 00:09:01.586, 0, 5 %, 10753 MiB
2026/09/08 00:09:01.588, 1, 9 %, 7348 MiB
2026/09/08 00:09:02.090, 0, 2 %, 10752 MiB
2026/09/08 00:09:02.097, 1, 9 %, 7759 MiB
2026/09/08 00:09:02.602, 0, 2 %, 10238 MiB
2026/09/08 00:09:02.607, 1, 11 %, 8251 MiB
2026/09/08 00:09:03.114, 0, 20 %, 10035 MiB
2026/09/08 00:09:03.263, 1, 16 %, 8117 MiB
2026/09/08 00:09:03.908, 0, 20 %, 10077 MiB
2026/09/08 00:09:03.914, 1, 16 %, 8178 MiB
2026/09/08 00:09:04.417, 0, 0 %, 10076 MiB
2026/09/08 00:09:04.470, 1, 12 %, 8167 MiB
2026/09/08 00:09:04.978, 0, 0 %, 9692 MiB
2026/09/08 00:09:04.978, 1, 12 %, 8224 MiB
2026/09/08 00:09:05.486, 0, 20 %, 9462 MiB
2026/09/08 00:09:05.511, 1, 1 %, 8309 MiB
2026/09/08 00:09:06.177, 0, 20 %, 9454 MiB
2026/09/08 00:09:06.180, 1, 1 %, 8319 MiB
2026/09/08 00:09:06.687, 0, 21 %, 9927 MiB
2026/09/08 00:09:06.702, 1, 1 %, 8090 MiB
2026/09/08 00:09:07.349, 0, 21 %, 9385 MiB
2026/09/08 00:09:07.353, 1, 7 %, 8070 MiB
2026/09/08 00:09:07.861, 0, 0 %, 9378 MiB
2026/09/08 00:09:07.867, 1, 7 %, 8063 MiB
2026/09/08 00:09:08.367, 0, 0 %, 9385 MiB
2026/09/08 00:09:08.371, 1, 17 %, 8052 MiB
2026/09/08 00:09:08.873, 0, 0 %, 9384 MiB
2026/09/08 00:09:08.951, 1, 10 %, 8038 MiB
2026/09/08 00:09:09.457, 0, 0 %, 8870 MiB
2026/09/08 00:09:09.484, 1, 10 %, 8038 MiB
2026/09/08 00:09:09.993, 0, 0 %, 8873 MiB
2026/09/08 00:09:10.251, 1, 10 %, 7816 MiB
2026/09/08 00:09:10.751, 0, 9 %, 8662 MiB
2026/09/08 00:09:10.755, 1, 13 %, 7299 MiB
2026/09/08 00:09:11.258, 0, 9 %, 8689 MiB
2026/09/08 00:09:11.262, 1, 13 %, 7091 MiB
2026/09/08 00:09:11.766, 0, 51 %, 8694 MiB
2026/09/08 00:09:11.816, 1, 13 %, 7064 MiB
2026/09/08 00:09:12.318, 0, 51 %, 8515 MiB
2026/09/08 00:09:12.319, 1, 7 %, 6855 MiB
2026/09/08 00:09:12.821, 0, 51 %, 8493 MiB
2026/09/08 00:09:12.828, 1, 7 %, 6654 MiB
2026/09/08 00:09:13.351, 0, 17 %, 8535 MiB
2026/09/08 00:09:13.357, 1, 11 %, 6080 MiB
2026/09/08 00:09:13.865, 0, 17 %, 8587 MiB
2026/09/08 00:09:13.979, 1, 11 %, 6056 MiB
2026/09/08 00:09:14.491, 0, 15 %, 7924 MiB
2026/09/08 00:09:14.510, 1, 11 %, 5546 MiB
2026/09/08 00:09:15.013, 0, 15 %, 7854 MiB
2026/09/08 00:09:15.040, 1, 6 %, 5560 MiB
2026/09/08 00:09:15.694, 0, 16 %, 7805 MiB
2026/09/08 00:09:15.696, 1, 6 %, 5075 MiB
2026/09/08 00:09:16.197, 0, 16 %, 7779 MiB
2026/09/08 00:09:16.201, 1, 16 %, 4612 MiB
2026/09/08 00:09:16.706, 0, 22 %, 7795 MiB
2026/09/08 00:09:16.708, 1, 16 %, 4644 MiB
2026/09/08 00:09:17.214, 0, 22 %, 7353 MiB
2026/09/08 00:09:17.216, 1, 12 %, 4792 MiB
2026/09/08 00:09:17.720, 0, 15 %, 7362 MiB
2026/09/08 00:09:17.726, 1, 12 %, 4808 MiB
2026/09/08 00:09:18.228, 0, 15 %, 7378 MiB
2026/09/08 00:09:18.229, 1, 14 %, 5296 MiB
2026/09/08 00:09:18.733, 0, 17 %, 7406 MiB
2026/09/08 00:09:18.736, 1, 14 %, 5320 MiB
2026/09/08 00:09:19.242, 0, 17 %, 7452 MiB
2026/09/08 00:09:19.245, 1, 11 %, 5372 MiB
2026/09/08 00:09:19.745, 0, 20 %, 7534 MiB
2026/09/08 00:09:19.752, 1, 11 %, 5412 MiB
2026/09/08 00:09:20.259, 0, 20 %, 7451 MiB
2026/09/08 00:09:20.261, 1, 12 %, 5512 MiB
2026/09/08 00:09:20.767, 0, 28 %, 7583 MiB
2026/09/08 00:09:20.777, 1, 12 %, 5721 MiB
2026/09/08 00:09:21.287, 0, 28 %, 7802 MiB
2026/09/08 00:09:21.291, 1, 7 %, 5829 MiB
2026/09/08 00:09:21.799, 0, 10 %, 7710 MiB
2026/09/08 00:09:21.801, 1, 7 %, 5839 MiB
2026/09/08 00:09:22.313, 0, 10 %, 8594 MiB
2026/09/08 00:09:22.316, 1, 10 %, 6806 MiB
2026/09/08 00:09:22.820, 0, 21 %, 9147 MiB
2026/09/08 00:09:22.826, 1, 10 %, 6834 MiB
2026/09/08 00:09:23.329, 0, 21 %, 8639 MiB
2026/09/08 00:09:23.330, 1, 15 %, 6902 MiB
2026/09/08 00:09:23.835, 0, 21 %, 8696 MiB
2026/09/08 00:09:23.838, 1, 15 %, 6907 MiB
2026/09/08 00:09:24.341, 0, 21 %, 8284 MiB
2026/09/08 00:09:24.344, 1, 16 %, 7064 MiB
2026/09/08 00:09:24.864, 0, 20 %, 8284 MiB
2026/09/08 00:09:24.869, 1, 16 %, 7077 MiB
2026/09/08 00:09:25.369, 0, 20 %, 8441 MiB
2026/09/08 00:09:25.376, 1, 15 %, 7595 MiB
2026/09/08 00:09:25.877, 0, 16 %, 8436 MiB
2026/09/08 00:09:25.878, 1, 15 %, 7631 MiB
2026/09/08 00:09:26.382, 0, 16 %, 8935 MiB
2026/09/08 00:09:26.389, 1, 15 %, 7655 MiB
2026/09/08 00:09:26.892, 0, 22 %, 9003 MiB
2026/09/08 00:09:26.894, 1, 22 %, 7809 MiB
2026/09/08 00:09:27.397, 0, 22 %, 9073 MiB
2026/09/08 00:09:27.399, 1, 22 %, 8222 MiB
2026/09/08 00:09:27.905, 0, 21 %, 9181 MiB
2026/09/08 00:09:27.908, 1, 19 %, 8292 MiB
2026/09/08 00:09:28.414, 0, 21 %, 9598 MiB
2026/09/08 00:09:28.417, 1, 19 %, 8292 MiB
2026/09/08 00:09:28.923, 0, 28 %, 9675 MiB
2026/09/08 00:09:28.926, 1, 22 %, 8297 MiB
2026/09/08 00:09:29.432, 0, 28 %, 9679 MiB
2026/09/08 00:09:29.433, 1, 22 %, 8300 MiB
2026/09/08 00:09:29.939, 0, 20 %, 9690 MiB
2026/09/08 00:09:29.940, 1, 24 %, 8312 MiB
2026/09/08 00:09:30.447, 0, 20 %, 9718 MiB
2026/09/08 00:09:30.451, 1, 24 %, 8347 MiB
2026/09/08 00:09:30.958, 0, 26 %, 9786 MiB
2026/09/08 00:09:30.963, 1, 20 %, 8415 MiB
2026/09/08 00:09:31.470, 0, 26 %, 9856 MiB
2026/09/08 00:09:31.470, 1, 20 %, 8485 MiB
2026/09/08 00:09:31.977, 0, 18 %, 9937 MiB
2026/09/08 00:09:31.978, 1, 22 %, 8562 MiB
2026/09/08 00:09:32.483, 0, 18 %, 9946 MiB
2026/09/08 00:09:32.484, 1, 22 %, 8571 MiB
2026/09/08 00:09:32.990, 0, 32 %, 10420 MiB
2026/09/08 00:09:32.995, 1, 31 %, 9045 MiB
2026/09/08 00:09:33.503, 0, 32 %, 10420 MiB
2026/09/08 00:09:33.508, 1, 31 %, 9045 MiB
2026/09/08 00:09:34.015, 0, 27 %, 10420 MiB
2026/09/08 00:09:34.018, 1, 28 %, 9045 MiB
2026/09/08 00:09:34.525, 0, 27 %, 10420 MiB
2026/09/08 00:09:34.527, 1, 28 %, 9045 MiB
2026/09/08 00:09:35.033, 0, 27 %, 10420 MiB
2026/09/08 00:09:35.034, 1, 27 %, 9045 MiB
2026/09/08 00:09:35.540, 0, 27 %, 10420 MiB
2026/09/08 00:09:35.543, 1, 27 %, 9045 MiB
2026/09/08 00:09:36.048, 0, 24 %, 10420 MiB
2026/09/08 00:09:36.050, 1, 25 %, 9045 MiB
2026/09/08 00:09:36.556, 0, 27 %, 10420 MiB
2026/09/08 00:09:36.557, 1, 25 %, 9045 MiB
2026/09/08 00:09:37.065, 0, 27 %, 10420 MiB
2026/09/08 00:09:37.065, 1, 27 %, 9045 MiB
2026/09/08 00:09:37.570, 0, 27 %, 10420 MiB
2026/09/08 00:09:37.571, 1, 27 %, 9045 MiB
2026/09/08 00:09:38.078, 0, 27 %, 10420 MiB
2026/09/08 00:09:38.083, 1, 26 %, 9045 MiB
2026/09/08 00:09:38.590, 0, 26 %, 10420 MiB
2026/09/08 00:09:38.597, 1, 26 %, 9045 MiB
2026/09/08 00:09:39.104, 0, 26 %, 10420 MiB
2026/09/08 00:09:39.111, 1, 27 %, 9045 MiB
2026/09/08 00:09:39.617, 0, 23 %, 10420 MiB
2026/09/08 00:09:39.620, 1, 27 %, 9045 MiB
2026/09/08 00:09:40.127, 0, 23 %, 10420 MiB
2026/09/08 00:09:40.131, 1, 25 %, 9045 MiB
2026/09/08 00:09:40.639, 0, 26 %, 10420 MiB
2026/09/08 00:09:40.645, 1, 25 %, 9045 MiB
2026/09/08 00:09:41.152, 0, 26 %, 10420 MiB
2026/09/08 00:09:41.156, 1, 26 %, 9045 MiB
2026/09/08 00:09:41.662, 0, 25 %, 10420 MiB
2026/09/08 00:09:41.666, 1, 26 %, 9045 MiB
2026/09/08 00:09:42.173, 0, 25 %, 10420 MiB
2026/09/08 00:09:42.175, 1, 26 %, 9045 MiB
2026/09/08 00:09:42.681, 0, 25 %, 10420 MiB
2026/09/08 00:09:42.683, 1, 26 %, 9045 MiB
2026/09/08 00:09:43.189, 0, 25 %, 10420 MiB
2026/09/08 00:09:43.194, 1, 26 %, 9045 MiB
2026/09/08 00:09:43.702, 0, 25 %, 10420 MiB
2026/09/08 00:09:43.709, 1, 26 %, 9045 MiB
2026/09/08 00:09:44.216, 0, 25 %, 10420 MiB
2026/09/08 00:09:44.219, 1, 26 %, 9045 MiB
2026/09/08 00:09:44.725, 0, 27 %, 10420 MiB
2026/09/08 00:09:44.725, 1, 26 %, 9045 MiB
2026/09/08 00:09:45.233, 0, 27 %, 10420 MiB
2026/09/08 00:09:45.233, 1, 24 %, 9045 MiB
2026/09/08 00:09:45.740, 0, 26 %, 10420 MiB
2026/09/08 00:09:45.740, 1, 24 %, 9045 MiB
2026/09/08 00:09:46.247, 0, 26 %, 10420 MiB
2026/09/08 00:09:46.253, 1, 26 %, 9045 MiB
2026/09/08 00:09:46.763, 0, 24 %, 10420 MiB
2026/09/08 00:09:46.767, 1, 26 %, 9045 MiB
2026/09/08 00:09:47.273, 0, 24 %, 10420 MiB
2026/09/08 00:09:47.277, 1, 27 %, 9045 MiB
2026/09/08 00:09:47.784, 0, 25 %, 10420 MiB
2026/09/08 00:09:47.786, 1, 27 %, 9045 MiB
2026/09/08 00:09:48.292, 0, 25 %, 10420 MiB
2026/09/08 00:09:48.293, 1, 27 %, 9045 MiB
2026/09/08 00:09:48.800, 0, 26 %, 10420 MiB
2026/09/08 00:09:48.805, 1, 27 %, 9045 MiB
2026/09/08 00:09:49.312, 0, 26 %, 10420 MiB
2026/09/08 00:09:49.320, 1, 27 %, 9045 MiB
2026/09/08 00:09:49.827, 0, 24 %, 10420 MiB
2026/09/08 00:09:49.830, 1, 27 %, 9045 MiB
2026/09/08 00:09:50.337, 0, 24 %, 10420 MiB
2026/09/08 00:09:50.338, 1, 26 %, 9045 MiB
2026/09/08 00:09:50.845, 0, 24 %, 10420 MiB
2026/09/08 00:09:50.851, 1, 26 %, 9045 MiB
2026/09/08 00:09:51.359, 0, 24 %, 10420 MiB
2026/09/08 00:09:51.361, 1, 25 %, 9045 MiB
2026/09/08 00:09:51.868, 0, 24 %, 10250 MiB
2026/09/08 00:09:51.872, 1, 25 %, 9045 MiB
2026/09/08 00:09:52.385, 0, 24 %, 10201 MiB
2026/09/08 00:09:52.387, 1, 23 %, 9045 MiB
2026/09/08 00:09:52.894, 0, 25 %, 10177 MiB
2026/09/08 00:09:52.899, 1, 27 %, 9045 MiB
2026/09/08 00:09:53.406, 0, 25 %, 10151 MiB
2026/09/08 00:09:53.412, 1, 27 %, 9045 MiB
2026/09/08 00:09:53.917, 0, 24 %, 10151 MiB
2026/09/08 00:09:53.923, 1, 28 %, 9045 MiB
2026/09/08 00:09:54.430, 0, 24 %, 9652 MiB
2026/09/08 00:09:54.436, 1, 28 %, 9045 MiB
2026/09/08 00:09:54.942, 0, 24 %, 9652 MiB
2026/09/08 00:09:54.943, 1, 26 %, 9045 MiB
2026/09/08 00:09:55.449, 0, 24 %, 9652 MiB
2026/09/08 00:09:55.450, 1, 26 %, 9045 MiB
2026/09/08 00:09:55.957, 0, 26 %, 9652 MiB
2026/09/08 00:09:55.963, 1, 27 %, 9045 MiB
2026/09/08 00:09:56.470, 0, 26 %, 9652 MiB
2026/09/08 00:09:56.471, 1, 27 %, 9045 MiB
2026/09/08 00:09:56.977, 0, 25 %, 9652 MiB
2026/09/08 00:09:56.980, 1, 25 %, 9045 MiB
2026/09/08 00:09:57.486, 0, 25 %, 9652 MiB
2026/09/08 00:09:57.491, 1, 25 %, 9045 MiB
2026/09/08 00:09:57.997, 0, 23 %, 9652 MiB
2026/09/08 00:09:58.000, 1, 25 %, 9045 MiB
2026/09/08 00:09:58.506, 0, 23 %, 9652 MiB
2026/09/08 00:09:58.511, 1, 25 %, 9045 MiB
2026/09/08 00:09:59.017, 0, 24 %, 9652 MiB
2026/09/08 00:09:59.022, 1, 27 %, 9045 MiB
2026/09/08 00:09:59.527, 0, 24 %, 9652 MiB
2026/09/08 00:09:59.531, 1, 27 %, 9045 MiB
2026/09/08 00:10:00.039, 0, 21 %, 9652 MiB
2026/09/08 00:10:00.040, 1, 26 %, 9045 MiB
2026/09/08 00:10:00.546, 0, 21 %, 9652 MiB
2026/09/08 00:10:00.552, 1, 26 %, 9045 MiB
2026/09/08 00:10:01.059, 0, 24 %, 9652 MiB
2026/09/08 00:10:01.063, 1, 26 %, 9045 MiB
2026/09/08 00:10:01.570, 0, 20 %, 9652 MiB
2026/09/08 00:10:01.573, 1, 26 %, 9045 MiB
2026/09/08 00:10:02.078, 0, 20 %, 9434 MiB
2026/09/08 00:10:02.081, 1, 28 %, 9045 MiB
2026/09/08 00:10:02.582, 0, 22 %, 9427 MiB
2026/09/08 00:10:02.585, 1, 28 %, 9045 MiB
2026/09/08 00:10:03.091, 0, 22 %, 9385 MiB
2026/09/08 00:10:03.094, 1, 28 %, 9045 MiB
2026/09/08 00:10:03.600, 0, 20 %, 9384 MiB
2026/09/08 00:10:03.606, 1, 28 %, 8827 MiB
2026/09/08 00:10:04.106, 0, 20 %, 8885 MiB
2026/09/08 00:10:04.107, 1, 24 %, 8816 MiB
2026/09/08 00:10:04.614, 0, 24 %, 8872 MiB
2026/09/08 00:10:04.619, 1, 24 %, 8791 MiB
2026/09/08 00:10:05.126, 0, 24 %, 8869 MiB
2026/09/08 00:10:05.126, 1, 26 %, 8791 MiB
2026/09/08 00:10:05.632, 0, 22 %, 8869 MiB
2026/09/08 00:10:05.635, 1, 26 %, 8791 MiB
2026/09/08 00:10:06.140, 0, 22 %, 8869 MiB
2026/09/08 00:10:06.140, 1, 28 %, 8292 MiB
2026/09/08 00:10:06.645, 0, 22 %, 8869 MiB
2026/09/08 00:10:06.646, 1, 28 %, 8292 MiB
2026/09/08 00:10:07.151, 0, 22 %, 8869 MiB
2026/09/08 00:10:07.154, 1, 31 %, 8292 MiB
2026/09/08 00:10:07.660, 0, 26 %, 8869 MiB
2026/09/08 00:10:07.662, 1, 31 %, 8292 MiB
2026/09/08 00:10:08.168, 0, 26 %, 8869 MiB
2026/09/08 00:10:08.169, 1, 27 %, 8292 MiB
2026/09/08 00:10:08.673, 0, 24 %, 8869 MiB
2026/09/08 00:10:08.677, 1, 27 %, 8292 MiB
2026/09/08 00:10:09.183, 0, 24 %, 8869 MiB
2026/09/08 00:10:09.184, 1, 29 %, 8292 MiB
2026/09/08 00:10:09.690, 0, 25 %, 8869 MiB
2026/09/08 00:10:09.693, 1, 29 %, 8292 MiB
2026/09/08 00:10:10.200, 0, 25 %, 8869 MiB
2026/09/08 00:10:10.203, 1, 27 %, 8292 MiB
2026/09/08 00:10:10.709, 0, 23 %, 8869 MiB
2026/09/08 00:10:10.715, 1, 27 %, 8292 MiB
2026/09/08 00:10:11.221, 0, 23 %, 8869 MiB
2026/09/08 00:10:11.223, 1, 26 %, 8292 MiB
2026/09/08 00:10:11.730, 0, 25 %, 8869 MiB
2026/09/08 00:10:11.734, 1, 26 %, 8292 MiB
2026/09/08 00:10:12.240, 0, 25 %, 8869 MiB
2026/09/08 00:10:12.242, 1, 29 %, 8292 MiB
2026/09/08 00:10:12.748, 0, 25 %, 8869 MiB
2026/09/08 00:10:12.749, 1, 29 %, 8292 MiB
2026/09/08 00:10:13.255, 0, 25 %, 8869 MiB
2026/09/08 00:10:13.259, 1, 28 %, 8292 MiB
2026/09/08 00:10:13.765, 0, 24 %, 8869 MiB
2026/09/08 00:10:13.769, 1, 28 %, 8292 MiB
2026/09/08 00:10:14.275, 0, 24 %, 8869 MiB
2026/09/08 00:10:14.279, 1, 26 %, 8292 MiB
2026/09/08 00:10:14.785, 0, 25 %, 8869 MiB
2026/09/08 00:10:14.787, 1, 26 %, 8292 MiB
2026/09/08 00:10:15.292, 0, 25 %, 8869 MiB
2026/09/08 00:10:15.296, 1, 28 %, 8292 MiB
2026/09/08 00:10:15.803, 0, 25 %, 8869 MiB
2026/09/08 00:10:15.808, 1, 28 %, 8292 MiB
2026/09/08 00:10:16.311, 0, 25 %, 8869 MiB
2026/09/08 00:10:16.315, 1, 28 %, 8292 MiB
2026/09/08 00:10:16.821, 0, 25 %, 8869 MiB
2026/09/08 00:10:16.825, 1, 28 %, 8292 MiB
2026/09/08 00:10:17.331, 0, 25 %, 8869 MiB
2026/09/08 00:10:17.336, 1, 27 %, 8292 MiB
2026/09/08 00:10:17.841, 0, 26 %, 8869 MiB
2026/09/08 00:10:17.842, 1, 27 %, 8292 MiB
2026/09/08 00:10:18.346, 0, 26 %, 8869 MiB
2026/09/08 00:10:18.352, 1, 25 %, 8122 MiB
2026/09/08 00:10:18.858, 0, 26 %, 8869 MiB
2026/09/08 00:10:18.859, 1, 25 %, 7841 MiB
2026/09/08 00:10:19.365, 0, 26 %, 8855 MiB
2026/09/08 00:10:19.367, 1, 23 %, 7785 MiB
2026/09/08 00:10:19.873, 0, 25 %, 8837 MiB
2026/09/08 00:10:19.877, 1, 23 %, 7785 MiB
2026/09/08 00:10:20.380, 0, 25 %, 8837 MiB
2026/09/08 00:10:20.380, 1, 27 %, 7286 MiB
2026/09/08 00:10:20.885, 0, 11 %, 8837 MiB
2026/09/08 00:10:20.887, 1, 27 %, 6786 MiB
2026/09/08 00:10:21.389, 0, 11 %, 8837 MiB
2026/09/08 00:10:21.391, 1, 26 %, 6786 MiB
2026/09/08 00:10:21.897, 0, 29 %, 8837 MiB
2026/09/08 00:10:21.901, 1, 26 %, 6786 MiB
2026/09/08 00:10:22.406, 0, 29 %, 8837 MiB
2026/09/08 00:10:22.407, 1, 25 %, 6786 MiB
2026/09/08 00:10:22.911, 0, 28 %, 8837 MiB
2026/09/08 00:10:22.917, 1, 26 %, 6786 MiB
2026/09/08 00:10:23.422, 0, 28 %, 8837 MiB
2026/09/08 00:10:23.423, 1, 26 %, 6786 MiB
2026/09/08 00:10:23.929, 0, 28 %, 8837 MiB
2026/09/08 00:10:23.930, 1, 27 %, 6786 MiB
2026/09/08 00:10:24.432, 0, 28 %, 8837 MiB
2026/09/08 00:10:24.433, 1, 27 %, 6786 MiB
2026/09/08 00:10:24.935, 0, 29 %, 8837 MiB
2026/09/08 00:10:24.935, 1, 28 %, 6786 MiB
2026/09/08 00:10:25.440, 0, 29 %, 8837 MiB
2026/09/08 00:10:25.443, 1, 28 %, 6786 MiB
2026/09/08 00:10:25.948, 0, 25 %, 8619 MiB
2026/09/08 00:10:25.948, 1, 26 %, 6786 MiB
2026/09/08 00:10:26.451, 0, 25 %, 8569 MiB
2026/09/08 00:10:26.453, 1, 26 %, 6786 MiB
2026/09/08 00:10:26.958, 0, 28 %, 8569 MiB
2026/09/08 00:10:26.962, 1, 28 %, 6786 MiB
2026/09/08 00:10:27.465, 0, 28 %, 8070 MiB
2026/09/08 00:10:27.466, 1, 28 %, 6546 MiB
2026/09/08 00:10:27.968, 0, 26 %, 8054 MiB
2026/09/08 00:10:27.969, 1, 26 %, 6533 MiB
2026/09/08 00:10:28.474, 0, 26 %, 8054 MiB
2026/09/08 00:10:28.474, 1, 26 %, 6533 MiB
2026/09/08 00:10:28.975, 0, 22 %, 8054 MiB
2026/09/08 00:10:28.977, 1, 24 %, 6034 MiB
2026/09/08 00:10:29.482, 0, 22 %, 8054 MiB
2026/09/08 00:10:29.482, 1, 24 %, 6034 MiB
2026/09/08 00:10:29.988, 0, 27 %, 8054 MiB
2026/09/08 00:10:29.988, 1, 24 %, 6034 MiB
2026/09/08 00:10:30.492, 0, 27 %, 8054 MiB
2026/09/08 00:10:30.493, 1, 24 %, 6034 MiB
2026/09/08 00:10:30.994, 0, 28 %, 8054 MiB
2026/09/08 00:10:30.997, 1, 25 %, 6034 MiB
2026/09/08 00:10:31.500, 0, 28 %, 8054 MiB
2026/09/08 00:10:31.502, 1, 25 %, 6034 MiB
2026/09/08 00:10:32.006, 0, 30 %, 8054 MiB
2026/09/08 00:10:32.009, 1, 24 %, 6034 MiB
2026/09/08 00:10:32.512, 0, 30 %, 8054 MiB
2026/09/08 00:10:32.513, 1, 24 %, 6034 MiB
2026/09/08 00:10:33.014, 0, 29 %, 8054 MiB
2026/09/08 00:10:33.016, 1, 24 %, 6034 MiB
2026/09/08 00:10:33.520, 0, 29 %, 8054 MiB
2026/09/08 00:10:33.521, 1, 24 %, 6034 MiB
2026/09/08 00:10:34.024, 0, 29 %, 8054 MiB
2026/09/08 00:10:34.027, 1, 24 %, 6034 MiB
2026/09/08 00:10:34.532, 0, 29 %, 8054 MiB
2026/09/08 00:10:34.534, 1, 24 %, 6034 MiB
2026/09/08 00:10:35.036, 0, 31 %, 8054 MiB
2026/09/08 00:10:35.038, 1, 24 %, 6034 MiB
2026/09/08 00:10:35.539, 0, 31 %, 8054 MiB
2026/09/08 00:10:35.540, 1, 24 %, 6034 MiB
2026/09/08 00:10:36.041, 0, 29 %, 8054 MiB
2026/09/08 00:10:36.042, 1, 24 %, 6034 MiB
2026/09/08 00:10:36.544, 0, 29 %, 8054 MiB
2026/09/08 00:10:36.544, 1, 24 %, 6034 MiB
2026/09/08 00:10:37.045, 0, 28 %, 8054 MiB
2026/09/08 00:10:37.046, 1, 26 %, 6034 MiB
2026/09/08 00:10:37.546, 0, 28 %, 8054 MiB
2026/09/08 00:10:37.547, 1, 26 %, 6034 MiB
2026/09/08 00:10:38.047, 0, 29 %, 8054 MiB
2026/09/08 00:10:38.048, 1, 26 %, 6034 MiB
2026/09/08 00:10:38.551, 0, 29 %, 8054 MiB
2026/09/08 00:10:38.552, 1, 26 %, 6034 MiB
2026/09/08 00:10:39.056, 0, 27 %, 7836 MiB
2026/09/08 00:10:39.057, 1, 26 %, 6034 MiB
2026/09/08 00:10:39.562, 0, 27 %, 7786 MiB
2026/09/08 00:10:39.562, 1, 26 %, 6034 MiB
2026/09/08 00:10:40.063, 0, 21 %, 7786 MiB
2026/09/08 00:10:40.064, 1, 24 %, 6034 MiB
2026/09/08 00:10:40.567, 0, 21 %, 7101 MiB
2026/09/08 00:10:40.567, 1, 24 %, 5780 MiB
2026/09/08 00:10:41.070, 0, 22 %, 7002 MiB
2026/09/08 00:10:41.071, 1, 25 %, 5780 MiB
2026/09/08 00:10:41.572, 0, 22 %, 6735 MiB
2026/09/08 00:10:41.573, 1, 25 %, 5281 MiB
2026/09/08 00:10:42.075, 0, 13 %, 6235 MiB
2026/09/08 00:10:42.076, 1, 23 %, 5281 MiB
2026/09/08 00:10:42.577, 0, 13 %, 5736 MiB
2026/09/08 00:10:42.578, 1, 23 %, 5281 MiB
2026/09/08 00:10:43.078, 0, 22 %, 5486 MiB
2026/09/08 00:10:43.079, 1, 17 %, 5027 MiB
2026/09/08 00:10:43.581, 0, 22 %, 5452 MiB
2026/09/08 00:10:43.581, 1, 17 %, 4528 MiB
2026/09/08 00:10:44.084, 0, 18 %, 4953 MiB
2026/09/08 00:10:44.085, 1, 12 %, 4528 MiB
2026/09/08 00:10:44.587, 0, 17 %, 4685 MiB
2026/09/08 00:10:44.587, 1, 12 %, 4528 MiB
2026/09/08 00:10:45.087, 0, 17 %, 4185 MiB
2026/09/08 00:10:45.087, 1, 29 %, 4528 MiB
2026/09/08 00:10:45.588, 0, 17 %, 4185 MiB
2026/09/08 00:10:45.588, 1, 29 %, 4528 MiB
2026/09/08 00:10:46.089, 0, 17 %, 4185 MiB
2026/09/08 00:10:46.089, 1, 30 %, 4528 MiB
2026/09/08 00:10:46.590, 0, 20 %, 4185 MiB
2026/09/08 00:10:46.590, 1, 30 %, 4528 MiB
2026/09/08 00:10:47.091, 0, 20 %, 4185 MiB
2026/09/08 00:10:47.091, 1, 22 %, 4528 MiB
2026/09/08 00:10:47.592, 0, 22 %, 4169 MiB
2026/09/08 00:10:47.592, 1, 22 %, 4275 MiB
2026/09/08 00:10:48.092, 0, 22 %, 4169 MiB
2026/09/08 00:10:48.093, 1, 16 %, 3775 MiB
2026/09/08 00:10:48.593, 0, 20 %, 4153 MiB
2026/09/08 00:10:48.594, 1, 16 %, 3522 MiB
2026/09/08 00:10:49.095, 0, 20 %, 4153 MiB
2026/09/08 00:10:49.095, 1, 17 %, 3023 MiB
2026/09/08 00:10:49.595, 0, 21 %, 4153 MiB
2026/09/08 00:10:49.596, 1, 17 %, 3023 MiB
2026/09/08 00:10:50.096, 0, 21 %, 4153 MiB
2026/09/08 00:10:50.097, 1, 17 %, 3023 MiB
2026/09/08 00:10:50.597, 0, 18 %, 4153 MiB
2026/09/08 00:10:50.597, 1, 17 %, 3023 MiB
2026/09/08 00:10:51.097, 0, 18 %, 4153 MiB
2026/09/08 00:10:51.098, 1, 17 %, 3023 MiB
2026/09/08 00:10:51.598, 0, 17 %, 3885 MiB
2026/09/08 00:10:51.599, 1, 17 %, 3023 MiB
2026/09/08 00:10:52.099, 0, 17 %, 3386 MiB
2026/09/08 00:10:52.099, 1, 17 %, 3023 MiB
2026/09/08 00:10:52.600, 0, 18 %, 3386 MiB
2026/09/08 00:10:52.600, 1, 17 %, 3023 MiB
2026/09/08 00:10:53.101, 0, 18 %, 3386 MiB
2026/09/08 00:10:53.102, 1, 18 %, 3023 MiB
2026/09/08 00:10:53.602, 0, 11 %, 3386 MiB
2026/09/08 00:10:53.602, 1, 18 %, 3023 MiB
2026/09/08 00:10:54.103, 0, 11 %, 3118 MiB
2026/09/08 00:10:54.103, 1, 16 %, 3023 MiB
2026/09/08 00:10:54.604, 0, 6 %, 2619 MiB
2026/09/08 00:10:54.604, 1, 16 %, 3023 MiB
2026/09/08 00:10:55.105, 0, 6 %, 2619 MiB
2026/09/08 00:10:55.106, 1, 19 %, 3023 MiB
2026/09/08 00:10:55.606, 0, 4 %, 2350 MiB
2026/09/08 00:10:55.606, 1, 19 %, 3023 MiB
2026/09/08 00:10:56.106, 0, 4 %, 2350 MiB
2026/09/08 00:10:56.107, 1, 18 %, 3023 MiB
2026/09/08 00:10:56.607, 0, 4 %, 1851 MiB
2026/09/08 00:10:56.607, 1, 18 %, 3023 MiB
2026/09/08 00:10:57.108, 0, 4 %, 1851 MiB
2026/09/08 00:10:57.108, 1, 20 %, 3023 MiB
2026/09/08 00:10:57.608, 0, 4 %, 1851 MiB
2026/09/08 00:10:57.609, 1, 20 %, 3023 MiB
2026/09/08 00:10:58.109, 0, 4 %, 1851 MiB
2026/09/08 00:10:58.109, 1, 20 %, 3023 MiB
2026/09/08 00:10:58.610, 0, 4 %, 1851 MiB
2026/09/08 00:10:58.610, 1, 20 %, 3023 MiB
2026/09/08 00:10:59.110, 0, 4 %, 1851 MiB
2026/09/08 00:10:59.110, 1, 12 %, 3023 MiB
2026/09/08 00:10:59.610, 0, 4 %, 1851 MiB
2026/09/08 00:10:59.611, 1, 12 %, 3023 MiB
2026/09/08 00:11:00.111, 0, 4 %, 1835 MiB
2026/09/08 00:11:00.111, 1, 13 %, 2769 MiB
2026/09/08 00:11:00.611, 0, 4 %, 1835 MiB
2026/09/08 00:11:00.611, 1, 13 %, 2769 MiB
2026/09/08 00:11:01.112, 0, 4 %, 1835 MiB
2026/09/08 00:11:01.112, 1, 20 %, 2270 MiB
2026/09/08 00:11:01.612, 0, 4 %, 1835 MiB
2026/09/08 00:11:01.612, 1, 20 %, 2270 MiB
2026/09/08 00:11:02.112, 0, 4 %, 1835 MiB
2026/09/08 00:11:02.113, 1, 15 %, 2270 MiB
2026/09/08 00:11:02.613, 0, 5 %, 1835 MiB
2026/09/08 00:11:02.613, 1, 15 %, 2270 MiB
2026/09/08 00:11:03.113, 0, 5 %, 1835 MiB
2026/09/08 00:11:03.113, 1, 13 %, 2270 MiB
2026/09/08 00:11:03.614, 0, 5 %, 1835 MiB
2026/09/08 00:11:03.614, 1, 13 %, 2270 MiB
2026/09/08 00:11:04.114, 0, 5 %, 1835 MiB
2026/09/08 00:11:04.114, 1, 8 %, 2270 MiB
2026/09/08 00:11:04.614, 0, 0 %, 1819 MiB
2026/09/08 00:11:04.615, 1, 8 %, 2016 MiB
2026/09/08 00:11:05.115, 0, 0 %, 1819 MiB
2026/09/08 00:11:05.126, 1, 7 %, 1517 MiB
2026/09/08 00:11:05.626, 0, 0 %, 1550 MiB
2026/09/08 00:11:05.626, 1, 7 %, 1517 MiB
2026/09/08 00:11:06.126, 0, 0 %, 1550 MiB
2026/09/08 00:11:06.126, 1, 9 %, 1517 MiB
2026/09/08 00:11:06.627, 0, 0 %, 1051 MiB
2026/09/08 00:11:06.627, 1, 9 %, 1517 MiB
2026/09/08 00:11:07.127, 0, 0 %, 1051 MiB
2026/09/08 00:11:07.127, 1, 10 %, 1517 MiB
2026/09/08 00:11:07.627, 0, 0 %, 1051 MiB
2026/09/08 00:11:07.628, 1, 10 %, 1517 MiB
2026/09/08 00:11:08.128, 0, 0 %, 1051 MiB
2026/09/08 00:11:08.128, 1, 4 %, 1517 MiB
2026/09/08 00:11:08.628, 0, 0 %, 1051 MiB
2026/09/08 00:11:08.629, 1, 4 %, 1517 MiB
2026/09/08 00:11:09.129, 0, 0 %, 1035 MiB
2026/09/08 00:11:09.129, 1, 4 %, 1263 MiB
2026/09/08 00:11:09.629, 0, 0 %, 1035 MiB
2026/09/08 00:11:09.629, 1, 4 %, 1263 MiB
2026/09/08 00:11:10.129, 0, 0 %, 1035 MiB
2026/09/08 00:11:10.130, 1, 4 %, 764 MiB
2026/09/08 00:11:10.630, 0, 0 %, 1035 MiB
2026/09/08 00:11:10.630, 1, 4 %, 764 MiB
2026/09/08 00:11:11.130, 0, 0 %, 1035 MiB
2026/09/08 00:11:11.130, 1, 0 %, 764 MiB
2026/09/08 00:11:11.631, 0, 0 %, 1035 MiB
2026/09/08 00:11:11.631, 1, 0 %, 764 MiB
2026/09/08 00:11:12.131, 0, 0 %, 1019 MiB
2026/09/08 00:11:12.131, 1, 5 %, 510 MiB
2026/09/08 00:11:12.631, 0, 0 %, 1017 MiB
2026/09/08 00:11:12.657, 1, 5 %, 9 MiB
2026/09/08 00:11:13.157, 0, 0 %, 1017 MiB
2026/09/08 00:11:13.158, 1, 0 %, 9 MiB
2026/09/08 00:11:13.658, 0, 0 %, 1017 MiB
2026/09/08 00:11:13.658, 1, 0 %, 9 MiB
2026/09/08 00:11:14.158, 0, 0 %, 1017 MiB
2026/09/08 00:11:14.159, 1, 0 %, 9 MiB
2026/09/08 00:11:14.659, 0, 0 %, 1017 MiB
2026/09/08 00:11:14.659, 1, 0 %, 9 MiB
